Canonical SMILES,Molecular Weight,LogP,Labute ASA,TPSA,Num H Donors,Num H Acceptors,Num Rotatable Bonds,Num Rings,Tanimoto_to_PFOS,Tanimoto_to_PFOA,Docking Score
O=C(Cl)c1ccc(OC(F)=C(F)C(F)(F)C(F)(F)C(F)(F)C(F)(F)C(F)(F)C(F)(F)C(F)(F)F)cc1,586.6250000000001,7.926600000000005,190.78365663745703,26.3,0.0,2.0,9.0,1.0,0.2325581395348837,0.3333333333333333,-8.0364952
C=CC(=O)OCCCCN(C)S(=O)(=O)C(F)(F)C(F)(F)C(F)(F)C(F)(F)C(F)(F)C(F)(F)C(F)(F)F,589.3170000000001,5.089000000000003,191.4375455332604,63.68,0.0,4.0,13.0,0.0,0.3111111111111111,0.2608695652173913,-8.4743843
C=CC(=O)OCCCCN(C)S(=O)(=O)C(F)(F)C(F)(F)C(F)(F)C(F)(F)C(F)(F)F,489.303,3.818400000000003,162.04551969276227,63.68,0.0,4.0,11.0,0.0,0.3111111111111111,0.2608695652173913,-7.9536119
O=S(=O)(F)C(F)(F)C(F)(F)C(F)(F)C(F)(F)C(F)(F)C(F)(F)C(F)(F)C(F)(F)C(F)(F)F,552.1240000000001,5.887900000000002,159.89039142592108,34.14,0.0,2.0,8.0,0.0,0.5909090909090909,0.36,-6.6511726
CNS(=O)(=O)C(F)(F)C(F)(F)C(F)(F)C(F)(F)C(F)(F)C(F)(F)F,413.1549999999999,3.2319000000000004,123.39150202827336,46.17,1.0,2.0,6.0,0.0,0.5,0.3103448275862069,-5.9915185
C[N+](C)(C)CCCN(CC(=O)[O-])S(=O)(=O)C(F)(F)C(F)(F)C(F)(F)C(F)(F)C(F)(F)C(F)(F)C(F)(F)C(F)(F)F,656.3550000000002,3.431300000000002,212.47365516518155,77.51,0.0,4.0,14.0,0.0,0.3333333333333333,0.25,-9.0118628
O=S(=O)(Cl)CCC(F)(F)C(F)(F)C(F)(F)C(F)(F)C(F)(F)C(F)(F)C(F)(F)C(F)(F)C(F)(F)C(F)(F)C(F)(F)C(F)(F)F,746.6540000000003,8.495700000000001,222.05435145000536,34.14,0.0,2.0,13.0,0.0,0.3666666666666666,0.2903225806451613,-8.5804758
FC(F)C(F)(F)Oc1ccc(Br)cc1,273.023,3.685800000000001,85.80452179514336,9.23,0.0,1.0,3.0,1.0,0.081081081081081,0.0833333333333333,-5.0807924
Nc1ccc(Oc2ccc(C(c3ccc(Oc4ccc(N)cc4)cc3)(C(F)(F)F)C(F)(F)F)cc2)cc1,518.4570000000001,7.846300000000004,207.59759635147543,70.5,2.0,4.0,6.0,4.0,0.1052631578947368,0.1081081081081081,-8.3514032
CC(C)(C)C(=O)C(C#N)=NNc1ccc2c(c1)OC(F)(F)C(F)(F)O2,359.279,3.550080000000002,139.56870553747154,83.71000000000001,1.0,6.0,3.0,2.0,0.0701754385964912,0.0909090909090909,-7.0236826
OCc1ccc(C(F)(F)C(F)(F)C(F)(F)C(F)(F)C(F)(F)C(F)(F)C(F)(F)C(F)(F)F)cc1,526.186,6.6448000000000045,170.3242177510084,20.23,1.0,1.0,8.0,1.0,0.2647058823529412,0.2727272727272727,-7.1556435
C=COC(=O)C(F)(F)C(F)(F)C(F)(F)C(F)(F)C(F)(F)C(F)F,372.105,4.114700000000001,118.2306770754836,26.3,0.0,2.0,7.0,0.0,0.2105263157894736,0.2857142857142857,-5.7367215
FCC(F)(F)C(F)F,134.047,1.8563,42.29681227125394,0.0,0.0,0.0,2.0,0.0,0.1071428571428571,0.1111111111111111,-3.8647432
FC1=CC(F)(F)C(F)(F)C1(F)F,194.049,2.7593,61.66233312018615,0.0,0.0,0.0,0.0,1.0,0.0303030303030303,0.03125,-4.3336186
O=C(Cl)C(F)(F)C(F)(Cl)C(F)(F)C(F)(Cl)Br,376.305,4.184,108.13110028930352,17.07,0.0,1.0,4.0,0.0,0.1818181818181818,0.2666666666666666,-5.2685285
Cc1ccc(C(F)(F)C(F)(F)C(F)(F)C(F)(F)C(F)(F)C(F)(F)C(F)(F)C(F)(F)C(F)(F)F)cc1,560.1940000000001,8.096220000000004,180.22599691906143,0.0,0.0,0.0,8.0,1.0,0.25,0.2580645161290322,-7.3797798
FC(F)(I)C(F)(F)Oc1ccccc1,320.023,3.6860000000000017,91.19881231054566,9.23,0.0,1.0,3.0,1.0,0.1142857142857142,0.1515151515151515,-5.4662662
NC(=CC(=S)c1ccccc1)C(F)(F)C(F)F,263.259,3.147600000000001,100.92732321521828,26.02,1.0,2.0,4.0,1.0,0.0909090909090909,0.119047619047619,-5.6556392
O=C(O)C(O)(F)C(F)(F)C(F)(F)C(F)(F)C(F)(F)C(F)(F)F,362.0659999999999,2.8326,110.6653181537598,57.53,2.0,2.0,5.0,0.0,0.3846153846153846,0.6666666666666666,-5.3877153
FC(F)(F)C(F)(F)OC(F)(F)C(F)(OC(F)(F)C(F)(F)F)C(F)(F)F,420.043,5.150700000000001,123.8045606200427,18.46,0.0,2.0,5.0,0.0,0.1785714285714285,0.1428571428571428,-5.9189272
Fc1c(F)c(F)c(C(F)(F)F)c(N2C(F)(F)C(F)(F)C(F)(F)C(F)(F)C2(F)F)c1F,481.105,6.173300000000003,151.18916017229674,3.24,0.0,1.0,1.0,2.0,0.075,0.0769230769230769,-6.1525826
FC(I)=C(F)C(F)(F)C(F)(F)C(F)(F)C(F)(F)C(F)(F)F,457.955,5.633000000000002,119.6530990411096,0.0,0.0,0.0,4.0,0.0,0.3214285714285714,0.44,-5.6326389
OC(O)(O)C(O)(F)C(F)(F)F,180.05299999999997,-1.1625000000000003,57.30821187711176,80.92,4.0,4.0,1.0,0.0,0.2083333333333333,0.217391304347826,-4.3787723
C=Cc1c(F)c(F)c(OCC(F)(F)C(F)(F)F)c(F)c1F,324.142,4.462400000000001,111.16987451513874,9.23,0.0,1.0,4.0,1.0,0.125,0.1,-5.7053466
FC(F)(F)N1OC1(C(F)(F)F)C(F)(F)F,249.03199999999995,2.5743,75.14548224301448,15.54,0.0,2.0,0.0,1.0,0.0967741935483871,0.1,-4.8368273
O=NC(F)(F)C(F)(F)C(F)(F)N=O,210.033,2.3401,65.85181164264114,58.86,0.0,4.0,4.0,0.0,0.2,0.2083333333333333,-4.6179576
FC(F)(F)C(F)(F)C(F)(F)C(F)(F)C(F)(F)C(F)(F)C(F)(F)CBr,462.978,5.755400000000002,129.64442447814068,0.0,0.0,0.0,6.0,0.0,0.3076923076923077,0.32,-5.852509
FC(F)(F)C(F)(F)C(F)(F)c1ccc(CC2CO2)cc1,302.1890000000001,3.917300000000002,108.88751770233792,12.53,0.0,1.0,4.0,2.0,0.1463414634146341,0.15,-6.1485186
O=[N+]([O-])c1ccc(OCCC(F)(F)C(F)(F)C(F)(F)C(F)(F)C(F)(F)C(F)(F)F)cc1,485.1959999999999,6.102500000000003,162.2694212247175,52.370000000000005,0.0,3.0,9.0,1.0,0.2045454545454545,0.2093023255813953,-7.5041046
C[Si](C)(CCCC(F)(F)C(F)(F)C(F)(F)F)N1CCOCC1,355.3700000000001,4.136800000000004,125.24084789808228,12.47,0.0,2.0,6.0,1.0,0.1395348837209302,0.1428571428571428,-7.4760547
O=CCCC(F)(F)C(F)(F)C(F)(F)C(F)(F)C(F)(F)F,326.105,4.069000000000001,103.27625736083814,17.07,0.0,1.0,6.0,0.0,0.3,0.3103448275862069,-5.653306
CN(O)C(=O)C(F)(F)C(F)(F)C(F)(F)F,243.07799999999995,1.6669000000000005,78.02739532782076,40.54,1.0,2.0,2.0,0.0,0.2666666666666666,0.3703703703703703,-4.8146253
O=C(CC(=O)C(F)(F)C(F)(F)C(F)(F)C(F)(F)C(F)(F)C(F)(F)F)c1cccs1,472.222,5.628800000000002,154.8312498576065,34.14,0.0,3.0,8.0,1.0,0.238095238095238,0.3421052631578947,-7.0587826
N#COCC(F)(F)C(F)(F)C(F)(F)C(F)(F)C(F)(F)C(F)(F)COC#N,412.13000000000005,3.793560000000001,135.022404714465,66.03999999999999,0.0,4.0,9.0,0.0,0.15625,0.1612903225806451,-6.5847116
OCCN(CCO)CCC(F)(F)C(F)(F)C(F)(F)C(F)(F)F,351.20899999999995,2.1312999999999995,118.8618498583305,43.7,2.0,3.0,9.0,0.0,0.2424242424242424,0.25,-6.2966099
CCCCCCCCCCCCCCOC(=O)C(F)(F)C(F)(F)C(F)(F)C(F)(F)C(F)(F)C(F)(F)C(F)(F)C(F)(F)C(F)(F)F,710.4560000000002,10.875399999999988,243.55315964410065,26.3,0.0,2.0,21.0,0.0,0.2631578947368421,0.3823529411764705,-9.6259422
FC(F)(F)C(F)(F)C(F)(F)C(F)(F)C(F)(F)C(F)(F)CCCCI,502.0520000000001,6.330500000000002,139.43752841648373,0.0,0.0,0.0,8.0,0.0,0.2580645161290322,0.2666666666666666,-6.4567823
FC(F)(F)C(F)(F)C(F)(F)C(F)(F)C(F)(F)C(F)(F)C(F)(F)C(F)(F)c1csc(Br)c1,581.085,7.976500000000003,170.67295276046866,0.0,0.0,1.0,7.0,1.0,0.2222222222222222,0.2285714285714285,-7.0548558
CC(CC(F)(F)C(F)(F)F)C(=O)O,206.11,2.2948,70.34739446668354,37.3,1.0,1.0,3.0,0.0,0.1818181818181818,0.2666666666666666,-5.0945382
C=CC(=O)OC(F)(F)C(F)(F)C(F)(F)C(F)(F)C(F)(F)C(F)(F)CC(F)(F)F,454.129,5.437300000000001,143.45716751305554,26.3,0.0,2.0,8.0,0.0,0.175,0.2105263157894736,-6.59799
OCCC(CCO)C(F)(F)C(F)(F)C(F)(F)F,272.16,2.2003,92.04106115348146,40.46,2.0,2.0,6.0,0.0,0.2333333333333333,0.2413793103448276,-5.5110345
FC(F)(F)C(F)(F)C(F)(F)C(F)(F)C(F)(F)C(F)(F)C(F)(F)C(F)(F)c1csc(-c2sccc2C(F)(F)C(F)(F)C(F)(F)C(F)(F)C(F)(F)C(F)(F)C(F)(F)C(F)(F)F)c1,1002.3620000000004,14.40839999999999,311.2365013962216,0.0,0.0,2.0,15.0,2.0,0.1818181818181818,0.1860465116279069,-8.7758579
FC(F)C(F)(F)COCC1(COCC(F)(F)C(F)F)COC1,346.214,2.8370000000000006,120.04775993019692,27.69,0.0,3.0,10.0,1.0,0.1,0.1025641025641025,-6.4002295
O=C(O)c1ccc(OCCCCC(F)(F)C(F)(F)C(F)(F)C(F)(F)F)c(F)c1F,448.228,5.680300000000002,154.60607266300167,46.53,1.0,2.0,9.0,1.0,0.1875,0.2444444444444444,-7.1978741
O=C(C(F)C(F)(F)F)N1CN(C(=O)C(F)C(F)(F)F)CN(C(=O)C(F)C(F)(F)F)C1,471.1980000000001,2.0595,157.49827527851926,60.93000000000001,0.0,3.0,3.0,1.0,0.1515151515151515,0.1935483870967742,-7.1139245
FC1(F)C(Cl)C(F)(Cl)C(F)(F)C1(F)F,264.955,3.4179000000000004,82.95846860613374,0.0,0.0,0.0,0.0,1.0,0.0303030303030303,0.03125,-4.7472997
CC(O)(CO)c1ccc(C(F)(F)C(F)(F)c2ccccc2)cc1,328.30499999999995,3.7702000000000018,130.56381701364103,40.46,2.0,2.0,5.0,2.0,0.1,0.131578947368421,-6.7906051
COCCCOC(=O)C(F)(F)C(F)(F)C(F)(F)C(F)(F)C(=O)OCCCOC,434.2760000000002,2.6870000000000003,153.5850068565104,71.06,0.0,6.0,13.0,0.0,0.1621621621621621,0.2727272727272727,-7.7322869
ON=C(c1ccccc1)C(F)(F)C(F)(F)F,239.14299999999992,3.062500000000001,86.99750121485206,32.59,1.0,2.0,2.0,1.0,0.1388888888888889,0.2121212121212121,-5.1836233
FCC(F)(Cl)C(F)(F)C(F)(F)C(F)(F)C(F)(F)C(F)F,350.5299999999999,4.666800000000001,107.21859477620568,0.0,0.0,0.0,6.0,0.0,0.1470588235294117,0.1515151515151515,-5.3999085
FC(F)(F)C(F)(F)C(F)(F)C(F)(F)C(F)(F)C(F)(F)C[CH2][Sn]([c]1ccccc1)([c]1ccccc1)[c]1ccccc1,697.1230000000002,7.285700000000007,223.2344411350503,0.0,0.0,0.0,10.0,3.0,0.2105263157894736,0.25,-5.4236383
C=CCOCC(F)(F)C(F)(F)C(F)(F)C(F)(F)F,290.12499999999994,3.657200000000001,95.20760665226454,9.23,0.0,1.0,6.0,0.0,0.2058823529411764,0.2121212121212121,-5.6150708
COC(=O)c1ccc(C(F)(F)C(F)(F)C(F)(F)F)cc1,304.16099999999994,3.7626000000000017,107.6899288415143,26.3,0.0,2.0,3.0,1.0,0.2105263157894736,0.25,-5.8968525
O=C(C(F)C(F)(F)C(F)(F)F)N1CCCCC1,263.181,2.534600000000001,93.56752497727776,20.31,0.0,1.0,2.0,1.0,0.1621621621621621,0.2,-5.5848589
O=C(NSN=C(C(F)(F)F)C(F)(F)F)NSN=C(C(F)(F)F)C(F)(F)F,450.23,4.5432,142.75495008154854,65.85,2.0,5.0,4.0,0.0,0.1470588235294117,0.1875,-6.6914825
O=C(O)c1ccccc1C(=O)C(F)(C(F)(F)F)C(F)(F)F,318.1439999999999,3.4004000000000003,111.53213946424718,54.37,1.0,2.0,3.0,1.0,0.1666666666666666,0.2424242424242424,-5.9029531
O=[N+]([O-])c1ccc(C=CC(F)(F)C(F)F)cc1,249.16299999999995,3.5084000000000017,93.51668587910387,43.14,0.0,2.0,4.0,1.0,0.0909090909090909,0.0930232558139534,-5.7652645
CC1(O)c2ccccc2C(F)(C(F)(F)F)C1(F)F,270.1719999999999,3.2701,98.03772870770418,20.23,1.0,1.0,0.0,2.0,0.1,0.1025641025641025,-5.7959886
CC(C)SC(=O)C(F)(F)C(F)(F)F,222.178,2.8522000000000016,75.67627073985277,17.07,0.0,2.0,2.0,0.0,0.1875,0.2758620689655172,-5.2690997
FC(F)(F)C(F)(F)Nc1ccccc1,211.13300000000004,3.2536000000000005,76.5388265465294,12.03,1.0,1.0,2.0,1.0,0.1212121212121212,0.2,-5.0346408
O=C(c1ccccc1)C1CN=NC1(C(F)(F)F)C(F)(F)F,310.1969999999999,3.814700000000001,114.21673701443764,41.79,0.0,3.0,2.0,2.0,0.1333333333333333,0.1627906976744186,-6.0426431
FC(F)(F)C(F)(F)P(F)(F)(Cl)Cl,258.88800000000003,4.771399999999999,71.3682398380903,0.0,0.0,0.0,1.0,0.0,0.1481481481481481,0.1538461538461538,-4.4201069
CCOC(=O)COC(C(F)(F)F)(C(F)(F)F)C(F)(F)F,322.12299999999993,2.9918000000000013,105.17227701399942,35.53,0.0,3.0,4.0,0.0,0.1666666666666666,0.2058823529411764,-5.8135133
FC(F)(F)C1C(F)(F)OC(F)(F)C1(F)F,248.04399999999995,3.016,75.79655218772974,9.23,0.0,1.0,0.0,1.0,0.088235294117647,0.0909090909090909,-4.6901603
O=C(c1ccccc1)C(F)(F)C(F)C(F)(F)F,256.1449999999999,3.405000000000001,92.04590609468455,17.07,0.0,1.0,3.0,1.0,0.131578947368421,0.2,-5.3825545
C=CC(CCC)Oc1c([N+](=O)[O-])cc([N+](=O)[O-])c2nc(C(F)(F)C(F)(F)F)[nH]c12,424.282,4.766900000000002,158.0189836253192,124.19,1.0,6.0,8.0,2.0,0.0757575757575757,0.0769230769230769,-7.6861734
O=C(O)C=CC(F)(F)C(F)(F)C(F)(F)C(F)(F)C(F)(F)C(F)(F)C(F)(F)F,440.102,5.0013000000000005,136.77291392134802,37.3,1.0,1.0,7.0,0.0,0.3448275862068966,0.4615384615384615,-6.4355445
C=CCC(CC(F)=C(F)F)C(O)(C(F)(F)F)C(F)(F)F,316.16299999999995,4.502100000000001,106.92857637156264,20.23,1.0,1.0,5.0,0.0,0.125,0.1282051282051282,-5.9790468
FC(F)(F)C1(F)C(F)(F)C(F)(F)C2(F)C(F)(F)C(F)(F)C(F)(F)C1(C(F)(F)F)C2(F)F,512.081,6.353000000000003,153.68771792326183,0.0,0.0,0.0,0.0,2.0,0.0857142857142857,0.088235294117647,-5.1634808
CCOC(=O)C=C(N)C(F)(F)C(F)(F)F,233.136,1.5897,81.68193572321948,52.32,1.0,3.0,3.0,0.0,0.1538461538461538,0.2222222222222222,-5.425271
CCCCCCCCCCCCCCCCCC(F)(F)C(F)(F)C(F)(F)C(F)(F)C(F)(F)C(F)(F)C(F)(F)C(F)(F)F,658.5210000000002,12.25729999999998,232.31196362309413,0.0,0.0,0.0,22.0,0.0,0.25,0.2580645161290322,-9.510747
CO[Si](CCCOC(F)(F)C(F)C(F)(F)F)(OC)OC,330.2970000000001,2.764400000000001,112.8571541106892,36.92,0.0,4.0,9.0,0.0,0.0952380952380952,0.0714285714285714,-6.7901058
CC(C)(O)C(F)(F)C(F)(F)C(F)(F)C(F)(F)C(F)(F)C(F)(F)C(F)(F)C(F)F,460.152,5.469500000000003,143.83147237081135,20.23,1.0,1.0,8.0,0.0,0.1935483870967742,0.2,-6.5717244
FC(F)(c1ccccc1)C(F)(F)C1CCCCC1,260.27399999999994,4.994000000000002,104.00725049284554,0.0,0.0,0.0,3.0,2.0,0.075,0.1052631578947368,-6.2002263
C=CC(C)OC(F)(F)C(F)F,172.12099999999998,2.4354000000000005,61.65004540884016,9.23,0.0,1.0,4.0,0.0,0.0833333333333333,0.0857142857142857,-4.6719604
FC1(F)OC(F)(I)C(F)(F)C(F)(F)C1(F)F,373.94,3.5736,95.05839030877335,9.23,0.0,1.0,0.0,1.0,0.0303030303030303,0.03125,-4.9723868
O=C1OC(C(F)(F)F)(C(F)(F)F)C=C1O,236.067,1.8485000000000005,77.93104091340318,46.53,1.0,3.0,0.0,1.0,0.1388888888888889,0.1428571428571428,-4.9188747
O=C(O)C(F)(F)C(F)OC(F)(F)C(F)(F)C(F)(F)F,312.059,2.8089000000000004,96.2886167108216,46.53,1.0,2.0,5.0,0.0,0.2352941176470588,0.3666666666666666,-5.1458097
O=C([O-])NNC(=O)OC(CCC(F)(F)C(F)(F)C(F)(F)C(F)(F)C(F)(F)C(F)(F)C(F)(F)C(F)(F)F)C1CCCCC1,661.3289999999997,6.299000000000002,222.4171633524267,90.49,2.0,4.0,11.0,1.0,0.1923076923076923,0.22,-8.8180456
Cc1cccc(C2C(F)(F)C2(F)F)c1,204.166,3.362820000000002,78.54748203525911,0.0,0.0,0.0,1.0,2.0,0.025,0.0256410256410256,-5.4340949
COc1ccccc1SC(F)(F)C(F)C(F)(F)F,290.22799999999995,4.280500000000002,103.12103924951292,9.23,0.0,2.0,4.0,1.0,0.0666666666666666,0.0681818181818181,-6.1751056
CCOC(=C=C(C(F)(F)F)C(F)(F)F)SCC,280.233,4.267300000000001,98.50944955106344,9.23,0.0,2.0,4.0,0.0,0.1282051282051282,0.1025641025641025,-6.1260867
FC(F)(F)C1(C(F)(F)F)Oc2cc(Br)c(Br)cc2O1,415.9090000000001,4.8037,118.47579639701144,18.46,0.0,2.0,0.0,2.0,0.0833333333333333,0.0857142857142857,-5.8672624
O=C(O)C(F)(F)OC(F)(F)C(F)(F)C(F)(F)F,280.042,2.4708,85.75813919349874,46.53,1.0,2.0,4.0,0.0,0.2666666666666666,0.4230769230769231,-5.179637
Nc1c(Br)cc(OC(F)(F)C(F)C(F)(F)F)cc1Br,416.941,4.665800000000001,119.7079730180465,35.25,1.0,2.0,3.0,1.0,0.0697674418604651,0.0714285714285714,-5.7233057
Nc1c(Br)cc(C(F)(C(F)(F)F)C(F)(F)F)c2ncccc12,391.084,4.868900000000001,126.7937280985062,38.91,1.0,2.0,1.0,2.0,0.0833333333333333,0.0851063829787234,-6.0112276
NCCCCCC=C(C(F)(F)C(F)(F)F)C(F)(F)C(F)(F)F,349.21199999999993,4.827100000000002,118.69431386588644,26.02,1.0,1.0,7.0,0.0,0.1351351351351351,0.1714285714285714,-6.3349924
COC/C=C(\F)C(F)(F)C(F)(F)C(F)(F)F,258.10799999999995,3.3191000000000006,84.6771291349417,9.23,0.0,1.0,4.0,0.0,0.2,0.2424242424242424,-5.374404
CC(C)(C/C=C(\F)C(F)(F)C(F)(F)C(F)(F)F)[N+](=O)[O-],315.16,4.118100000000002,106.94644385672784,43.14,0.0,2.0,5.0,0.0,0.2,0.2368421052631578,-5.9879317
C=C(C=C(F)C(F)(F)F)C(F)(F)F,208.076,3.5206,68.34350335592772,0.0,0.0,0.0,1.0,0.0,0.1290322580645161,0.1333333333333333,-4.8759928
FC(Oc1cccc(OC(F)=C(F)C(F)(F)C(F)(F)C(F)(F)C(F)(F)C(F)(F)C(F)(F)C(F)(F)F)c1)=C(F)C(F)(F)C(F)(F)C(F)(F)C(F)(F)C(F)(F)C(F)(F)C(F)(F)F,970.2260000000006,13.408599999999996,302.4764492727731,18.46,0.0,2.0,16.0,1.0,0.2307692307692307,0.3055555555555556,-8.4725122
O=C(Oc1cccc([N+](=O)[O-])c1)C(F)(F)C(F)(F)C(F)(F)F,335.1309999999999,3.3331,115.97796244961748,69.44,0.0,4.0,4.0,1.0,0.1739130434782608,0.2325581395348837,-6.3168182
CCC(=O)C(C)C(F)(F)C(F)(F)C(F)(F)C(F)(F)C(F)(F)C(F)(F)F,404.166,5.3404000000000025,130.70215450988042,17.07,0.0,1.0,7.0,0.0,0.303030303030303,0.3548387096774194,-6.5044026
O=C1CCCCC1C(F)(F)C(F)(F)C(F)(F)C(F)(F)C(F)(F)C(F)(F)C(F)(F)F,466.1839999999999,6.119800000000003,150.75727839099687,17.07,0.0,1.0,6.0,1.0,0.25,0.2571428571428571,-7.1896935
FC(F)(F)C(F)(Br)Br,259.822,2.9618,59.501429965213816,0.0,0.0,0.0,0.0,0.0,0.1818181818181818,0.1904761904761904,-4.0362263
FC(C(F)C(F)(F)C(F)(F)F)C(F)(F)F,252.051,3.4225000000000003,75.85437351467833,0.0,0.0,0.0,2.0,0.0,0.1428571428571428,0.1481481481481481,-4.8847623
O=S(=O)(O)C(F)(F)C(F)(F)F,200.08399999999995,1.0293,57.56050616689796,54.370000000000005,1.0,2.0,1.0,0.0,0.6,0.24,-4.1231003
FC(F)(F)C(F)(F)C1(F)OC(F)(F)C(F)(F)C1(F)F,316.041,3.7434,94.65810051090504,9.23,0.0,1.0,1.0,1.0,0.1212121212121212,0.125,-5.0919127
O=S(=O)(O)C(F)(F)C(F)(F)C(F)(F)F,250.09099999999992,1.6646000000000003,72.25651908714704,54.370000000000005,1.0,2.0,2.0,0.0,0.7894736842105263,0.32,-4.5050273
CCOC(F)(F)C(F)(F)C(F)(F)C(F)(F)C(F)(F)C(F)(F)F,364.101,4.719200000000002,112.55935129615372,9.23,0.0,1.0,6.0,0.0,0.2758620689655172,0.2857142857142857,-5.8476129
CCCCCCCC[C@H]1OC(C(F)(F)F)(C(F)(F)F)O[C@H]1CC,350.343,5.7519000000000045,132.062912352424,18.46,0.0,2.0,8.0,1.0,0.0697674418604651,0.0714285714285714,-7.5658445
CNC(=S)NCC(F)(F)C(F)(F)C(F)(F)F,272.189,1.9132,91.1812140347172,24.06,2.0,1.0,3.0,0.0,0.2,0.2058823529411764,-5.3246746
FC(F)(F)C(F)(F)C(F)(F)C(F)(F)C(F)(I)C(F)(F)F,445.944,5.117700000000001,113.97775995889728,0.0,0.0,0.0,3.0,0.0,0.3333333333333333,0.3478260869565217,-5.3234239
O=P(OCC(F)(F)C(F)(F)C(F)(F)C(F)F)(OCC(F)(F)C(F)(F)C(F)(F)C(F)F)OCC(F)(F)C(F)(F)C(F)(F)C(F)F,740.1590000000002,8.657300000000003,224.7115366626074,44.760000000000005,0.0,4.0,18.0,0.0,0.1351351351351351,0.1388888888888889,-8.7552252
CC(O)C(F)(F)C(F)(F)C(F)(F)F,214.08,2.2001000000000004,68.15200105809564,20.23,1.0,1.0,2.0,0.0,0.2592592592592592,0.2692307692307692,-4.9086809
FC(F)=C(F)OC(F)(F)C(F)(OC(F)(F)C(F)(F)C(F)(F)F)C(F)(F)F,432.0539999999999,5.666000000000002,129.47989970225504,18.46,0.0,2.0,6.0,0.0,0.2352941176470588,0.2058823529411764,-6.2175627
FC(=C(F)C(F)(C(F)(F)F)C(F)(F)F)C(F)(F)F,300.0419999999999,4.5322000000000005,89.86078340274315,0.0,0.0,0.0,1.0,0.0,0.1851851851851851,0.1923076923076923,-5.1545582
O=C(F)C(F)(OC(F)(F)C(F)(OC(F)(F)C(F)(OC(F)(F)C(F)(OC(F)(F)C(F)(OC(F)(F)C(F)(F)C(F)(F)F)C(F)(F)F)C(F)(F)F)C(F)(F)F)C(F)(F)F)C(F)(F)F,996.1200000000008,10.8676,296.6317897254945,63.22000000000001,0.0,6.0,16.0,0.0,0.2571428571428571,0.2647058823529412,-6.7772303
NS(=O)(=O)C(F)(F)C(F)(F)C(F)(F)C(F)(F)F,299.1139999999999,1.7006,87.42456258678328,60.16,1.0,2.0,3.0,0.0,0.5217391304347826,0.3076923076923077,-5.0117021
FC(F)(F)C(F)(F)C(F)(F)C(F)(F)C(F)(F)C(F)(F)CC1CO1,376.1120000000001,4.514100000000001,117.9184622570211,12.53,0.0,1.0,6.0,1.0,0.25,0.2580645161290322,-6.117444
COC(=O)C(F)(OC(F)(F)C(F)(OC(F)(F)C(F)(OC(F)(F)C(F)(F)C(F)(F)F)C(F)(F)F)C(F)(F)F)C(F)(F)F,676.1160000000003,6.869500000000003,205.5415736859636,53.99000000000001,0.0,5.0,10.0,0.0,0.2368421052631578,0.2432432432432432,-8.1864729
CN(C)CCCNS(=O)(=O)CCC(F)(F)C(F)(F)C(F)(F)C(F)(F)C(F)(F)C(F)(F)F,512.332,3.9864000000000015,167.34098838485636,49.41,1.0,3.0,12.0,0.0,0.2619047619047619,0.2093023255813953,-7.7825117
C=CC(=O)OCCCCN(C)S(=O)(=O)C(F)(F)C(F)(F)C(F)(F)C(F)(F)C(F)(F)C(F)(F)C(F)(F)C(F)(F)F,639.3240000000002,5.724300000000004,206.1335584535095,63.68,0.0,4.0,14.0,0.0,0.3111111111111111,0.2608695652173913,-8.6595564
FC(F)=C(F)OC1(F)OC(F)(C(F)(F)F)C(F)(F)OC1(F)C(F)(F)F,410.057,4.757200000000001,125.25654297238025,27.69,0.0,3.0,2.0,1.0,0.1,0.1025641025641025,-5.6914902
O=C(Cl)CC(F)(F)C(F)(F)C(F)(F)C(F)(F)C(F)(F)C(F)(F)C(F)(F)C(F)(F)F,496.544,6.151300000000003,151.30262023407042,17.07,0.0,1.0,8.0,0.0,0.3448275862068966,0.4074074074074074,-6.537643
CN(CCC[N+](C)(C)CC(=O)[O-])S(=O)(=O)CCC(F)(F)C(F)(F)C(F)(F)C(F)(F)C(F)(F)C(F)(F)F,584.3950000000002,2.593300000000001,195.81151355347663,77.51,0.0,4.0,14.0,0.0,0.24,0.22,-8.9375963
C=C(C)C(=O)OCC(C)OC(=O)Nc1cc(NC(=O)OCCN(CC)S(=O)(=O)C(F)(F)C(F)(F)C(F)(F)C(F)(F)C(F)(F)C(F)(F)C(F)(F)C(F)(F)F)ccc1C,889.5780000000007,8.218420000000005,309.0301643722705,140.33999999999995,2.0,8.0,18.0,1.0,0.1891891891891892,0.1447368421052631,-9.6043615
CCCCC(Oc1ccc(C(C)(C)CC)cc1C(C)(C)CC)C(=O)Nc1ccc(NC(=O)C(F)(F)C(F)(F)C(F)(F)C(F)F)c(O)c1,682.6930000000004,9.4532,268.8071125003061,87.66000000000001,3.0,4.0,16.0,2.0,0.0759493670886076,0.1052631578947368,-10.228744
CC(COCC(C)OCC(O)CC(F)(F)C(F)(F)C(F)(F)C(F)(F)C(F)(F)C(F)(F)C(F)(F)C(F)(F)C(F)(C(F)(F)F)C(F)(F)F)OCC(O)CC(F)(F)C(F)(F)C(F)(F)C(F)(F)C(F)(F)C(F)(F)C(F)(F)C(F)(F)C(F)(C(F)(F)F)C(F)(F)F,1386.469000000001,15.145799999999983,435.326072530437,68.15,2.0,5.0,30.0,0.0,0.1590909090909091,0.1627906976744186,-8.3283834
COCCOCCOCCOCCOCCOCCOCCOCCOCCOCC(O)CC(F)(F)C(F)(F)C(F)(F)C(F)(F)C(F)(F)C(F)(F)C(F)(F)C(F)(F)C(F)(F)C(F)(F)C(F)(C(F)(F)F)C(F)(F)F,1154.6800000000014,8.719100000000005,393.5464248435873,112.53000000000004,1.0,11.0,41.0,0.0,0.1590909090909091,0.1627906976744186,-10.39493
O=S(=O)(O)C(F)(F)C(F)(F)C(F)(F)C(F)(F)C(F)(F)OC(F)(F)F,416.11099999999993,3.5021,121.45810307740112,63.60000000000001,1.0,3.0,6.0,0.0,0.5769230769230769,0.2121212121212121,-5.9852457
CC1(C)OCC(CC(F)(F)C(F)(F)C(F)(F)C(F)(F)C(F)(F)C(F)(F)C(F)(F)C(F)(F)F)O1,534.206,6.537400000000004,171.51885967021593,18.46,0.0,2.0,8.0,1.0,0.2,0.2051282051282051,-7.3181329
FC(F)(F)C(F)(F)C(F)(F)C(F)(I)C(F)(F)F,395.937,4.4824,99.2817470386482,0.0,0.0,0.0,2.0,0.0,0.2916666666666667,0.3043478260869565,-5.3706956
F[C@H]([C@@H](F)C(F)(F)C(F)(F)F)C(F)(F)F,252.051,3.4225000000000003,75.85437351467833,0.0,0.0,0.0,2.0,0.0,0.1428571428571428,0.1481481481481481,-4.9753976
C=CC(=O)OCCC(F)(F)C(F)(F)C(F)(F)C(F)(F)C(F)(F)C(F)(F)C(F)(F)C(F)(F)C(C)(F)F,564.2070000000001,6.843300000000004,181.41354217942063,26.3,0.0,2.0,12.0,0.0,0.1666666666666666,0.2,-7.8276048
O=C1CCC(=O)N1C(=O)CCC(F)(F)C(F)(F)C(F)(F)C(F)(F)C(F)(F)C(F)(F)F,473.185,4.181000000000001,156.50908545543533,54.45,0.0,3.0,7.0,1.0,0.2564102564102564,0.2972972972972973,-7.1044078
CCCCCCCCCCCCCCCCCCCCCCC(F)(F)C(F)(F)C(F)(F)C(F)(F)C(F)(F)C(F)(F)C(F)(F)C(F)(F)F,728.6560000000004,14.207799999999974,264.1366741950772,0.0,0.0,0.0,27.0,0.0,0.25,0.2580645161290322,-9.2979641
CCCCCCCCCCCCCCCCCCCCCCC(F)(F)C(F)(F)C(F)(F)C(F)(F)C(F)(F)C(F)(F)C(F)(F)F,678.6490000000003,13.572499999999971,249.44066127482813,0.0,0.0,0.0,26.0,0.0,0.25,0.2580645161290322,-9.7238283
C[N+](C)(CCCNC(=O)CSCCC(F)(F)C(F)(F)C(F)(F)C(F)(F)F)CC(=O)[O-],480.393,1.9105,170.09831457377365,69.23,1.0,4.0,13.0,0.0,0.1666666666666666,0.1923076923076923,-7.8756127
CN(CC(=O)[O][Cr]1([Cl])([Cl])[Cr]([OH])([Cl])([Cl])[Cr]1([OH])([Cl])[Cl])S(=O)(=O)C(F)(F)C(F)(F)C(F)(F)C(F)(F)C(F)(F)C(F)(F)C(F)(F)C(F)(F)F,972.9170000000006,7.237900000000006,259.0659116539944,104.14,2.0,6.0,11.0,1.0,0.3255813953488372,0.2444444444444444,-8.6719122
C[C@]12CC[C@@H]3c4ccc(O)cc4C[C@@H](CCCCCCCCCS(=O)CCCC(F)(F)C(F)(F)F)[C@H]3[C@@H]1CCC2=O,604.7660000000002,8.890800000000002,243.06009170366795,54.37,1.0,3.0,14.0,4.0,0.0789473684210526,0.08,-9.9213276
CC1(COCCC(F)(F)C(F)(F)C(F)(F)C(F)(F)F)COC1,348.20500000000004,3.897800000000003,119.09975010361627,18.46,0.0,2.0,7.0,1.0,0.1666666666666666,0.1707317073170731,-6.507225
O=C(O)/C=C(/F)C(F)(F)C(F)(F)C(F)(F)C(F)(F)C(F)(F)F,358.078,4.0279,111.54642348377614,37.3,1.0,1.0,5.0,0.0,0.3225806451612903,0.5384615384615384,-5.8549323
O=S(=O)(O)CCC(F)(F)C(F)(F)C(F)(F)C(F)(F)F,328.152,2.732500000000001,99.68241623618933,54.370000000000005,1.0,2.0,5.0,0.0,0.4285714285714285,0.3,-5.6414871
CC(C)(CS(=O)(=O)O)NC(=O)CCSCCC(F)(F)C(F)(F)C(F)(F)C(F)(F)C(F)(F)C(F)(F)C(F)(F)C(F)(F)F,687.4340000000003,6.291800000000003,222.8555570269789,83.47,2.0,4.0,15.0,0.0,0.2826086956521739,0.2340425531914893,-9.7271605
O=S(=O)(O)C(F)(F)C(F)(F)OC(F)(C(F)(F)F)C(F)(F)OC(F)=C(F)F,444.121,3.949,132.2469873891203,72.83000000000001,1.0,4.0,7.0,0.0,0.3529411764705882,0.1538461538461538,-6.620481
O=C(O)C(OC(F)(F)C(F)(F)C(F)(F)F)C(F)(F)F,312.059,2.8088999999999995,96.2886167108216,46.53,1.0,2.0,4.0,0.0,0.2424242424242424,0.3333333333333333,-5.2519836
O=C([O-])C(F)(F)C(F)(F)C(F)(F)C(F)(F)C(F)(F)C(F)(F)C(F)(F)C(F)(F)C(F)(F)C(F)(F)F,563.0770000000001,5.0163,168.82067148548632,40.13,0.0,2.0,9.0,0.0,0.3846153846153846,0.5909090909090909,-6.703145
O=C(O)C(F)(F)C(F)(F)C(F)(F)OC(F)(F)C(F)(F)C(F)(F)F,380.056,3.7414,115.1501650339969,46.53,1.0,2.0,6.0,0.0,0.2580645161290322,0.5833333333333334,-5.5204744
CN(C)CCCN(CCC(=O)O)S(=O)(=O)C(F)(F)C(F)(F)C(F)(F)C(F)(F)C(F)(F)C(F)(F)C(F)(F)C(F)(F)F,656.3550000000002,5.011500000000003,212.2636836785862,77.92,1.0,4.0,15.0,0.0,0.35,0.2926829268292683,-8.5728769
O=C(O)C(F)(OC(F)(F)C(F)(C(F)(F)F)C(F)(F)F)C(F)(F)F,380.0559999999999,3.7414,115.1501650339969,46.53,1.0,2.0,4.0,0.0,0.1818181818181818,0.3103448275862069,-5.5738096
C[N+](C)([O-])CCCNC(=O)C(F)(F)C(F)(F)C(F)(F)C(F)(F)C(F)(F)C(F)(F)C(F)(F)F,514.229,4.4410000000000025,168.03104913660684,52.16,1.0,2.0,10.0,0.0,0.2439024390243902,0.3513513513513513,-7.6149158
CN(C)CCCNC(=O)CC(SCCC(F)(F)C(F)(F)C(F)(F)C(F)(F)C(F)(F)C(F)(F)C(F)(F)C(F)(F)F)C(=O)O,680.4210000000003,6.030300000000004,228.67239476817463,69.64,2.0,4.0,17.0,0.0,0.1851851851851851,0.2352941176470588,-9.926754
C[N+](C)(C)CC(O)CS(=O)CCC(F)(F)C(F)(F)C(F)(F)C(F)(F)C(F)(F)C(F)(F)C(F)(F)C(F)(F)C(F)(F)C(F)(F)F,712.3800000000002,6.472300000000005,228.55780354659336,37.3,1.0,2.0,15.0,0.0,0.238095238095238,0.2439024390243902,-8.4421415
O=C([O-])C(F)(F)C(F)(F)C(F)(F)C(F)(F)C(F)(F)C(F)(F)C(F)(F)C(F)(F)C(F)(F)Cl,529.525,4.6503,160.2623893891927,40.13,0.0,2.0,9.0,0.0,0.2333333333333333,0.3846153846153846,-6.4477973
[2H]OC(=O)C(F)(F)C(F)(F)C(F)(F)C(F)(F)C(F)(F)C(F)(F)C(F)(F)C(F)(F)C(F)(F)F,515.084101778,5.715700000000002,155.61629932353227,37.3,1.0,2.0,8.0,0.0,0.3571428571428571,0.6818181818181818,-6.5014443
O=C([O-])C(F)(F)C(F)(F)C(F)(F)C(F)(F)C(F)F,295.0519999999999,1.5425999999999995,91.17507148131472,40.13,0.0,2.0,5.0,0.0,0.1818181818181818,0.3103448275862069,-4.9437099
O=S(=O)(O)C(F)(F)C(F)(F)C(F)(F)C(F)(F)C(F)(F)C(F)(F)C(F)(F)C(F)(F)Cl,516.5809999999999,5.1104,151.87431451234784,54.370000000000005,1.0,2.0,8.0,0.0,0.6818181818181818,0.2413793103448276,-6.5230198
C[N+](C)(CCCNC(=O)C(F)(F)C(F)(F)C(F)(F)C(F)(F)C(F)(F)C(F)(F)C(F)(F)C(F)(F)C(F)(F)F)CC(=O)[O-],656.2800000000001,3.963700000000003,214.360442806464,69.23,1.0,3.0,14.0,0.0,0.2222222222222222,0.3170731707317073,-8.4719362
O=P(O)(O)O[13CH2][13CH2]C(F)(F)C(F)(F)C(F)(F)C(F)(F)C(F)(F)C(F)(F)F,446.06470968,4.224600000000001,133.69742947502084,66.76,2.0,2.0,8.0,0.0,0.2941176470588235,0.303030303030303,-6.7558017
FC1(F)C(F)(F)C(F)(F)C(F)(N=Nc2ccccc2)C1(F)F,336.157,4.990900000000003,116.186879008776,24.72,0.0,2.0,2.0,2.0,0.0256410256410256,0.054054054054054,-5.5456395
O=C1OCC(CC(F)(F)C(F)(F)F)O1,220.093,2.1095,74.77442001997206,35.53,0.0,3.0,2.0,1.0,0.1282051282051282,0.131578947368421,-4.9369602
O=C(O)C(F)(F)C(F)(F)C(F)(F)C(F)(F)C(F)(F)C(F)(F)C(F)(F)C(F)(F)C(F)(F)C(F)(F)C(F)(F)C(F)(F)C(F)(F)C(F)(F)F,764.1130000000004,8.892200000000004,227.6047231664826,37.3,1.0,1.0,13.0,0.0,0.4,1.0,-7.1889648
CN(CCOP(=O)(O)OCCN(C)S(=O)(=O)C(F)(F)C(F)(F)C(F)(F)C(F)(F)F)S(=O)(=O)C(F)(F)C(F)(F)C(F)(F)C(F)(F)F,776.3520000000003,4.494600000000003,238.07528977857947,130.51999999999998,1.0,7.0,16.0,0.0,0.3333333333333333,0.2439024390243902,-8.6678381
CC(C)CC(C)OCCC(F)(F)C(F)(F)C(F)(F)C(F)(F)C(F)(F)C(F)(F)F,448.2629999999999,6.566500000000004,150.74900398253337,9.23,0.0,1.0,10.0,0.0,0.2432432432432432,0.25,-7.6283536
CCCCCCCCCCCCCCCCCCN1C(=O)OCC1CN(C)S(=O)(=O)C(F)(F)C(F)(F)C(F)(F)C(F)(F)C(F)(F)C(F)(F)C(F)(F)C(F)(F)F,864.7440000000006,11.297199999999988,307.0512957183171,66.92,0.0,4.0,27.0,1.0,0.2407407407407407,0.1578947368421052,-9.639163
FC(F)=C(F)OC(F)(F)OC(F)(F)C(F)(F)OC(F)(F)F,348.039,4.327,105.20141909126376,27.69,0.0,3.0,6.0,0.0,0.1142857142857142,0.1176470588235294,-5.5855837
O=C(OCc1ccc(CCC(F)(F)C(F)(F)C(F)(F)C(F)(F)F)cc1)ON1C(=O)CCC1=O,495.29400000000015,4.8046000000000015,178.72022489388954,72.91,0.0,5.0,8.0,2.0,0.173076923076923,0.2,-8.5290527
FC(F)(F)C(F)(F)C(F)(F)C(F)(F)C(F)(F)C(F)(F)C[CH2][Sn]([CH2]CC(F)(F)C(F)(F)C(F)(F)C(F)(F)C(F)(F)C(F)(F)F)([CH2]CC(F)(F)C(F)(F)C(F)(F)C(F)(F)C(F)(F)C(F)(F)F)[c]1ccccc1,1237.0990000000008,15.729099999999985,363.26324702935005,0.0,0.0,0.0,22.0,1.0,0.2105263157894736,0.25,-6.1433458
O=S(=O)(ON=C(c1ccc2c(c1)Cc1ccccc1-2)C(F)(F)C(F)(F)C(F)(F)C(F)(F)C(F)(F)C(F)F)C(F)(F)C(F)(F)C(F)(F)C(F)(F)F,791.3730000000005,9.1756,262.1355234789316,55.73,0.0,4.0,12.0,3.0,0.2372881355932203,0.2,-9.0150614
O=C(O)CCS(=O)CCC(F)(F)C(F)(F)C(F)(F)C(F)(F)C(F)(F)C(F)(F)F,468.231,4.338700000000001,148.87064246565234,54.37,1.0,2.0,10.0,0.0,0.2702702702702703,0.3529411764705882,-7.1704593
FC(F)(F)C(F)(F)C(F)(F)C(Cl)CCl,266.971,3.6655000000000006,83.96429975966298,0.0,0.0,0.0,3.0,0.0,0.2,0.2068965517241379,-4.9775257
FC(F)(F)CCC(F)(F)C(F)(F)C(F)(F)F,266.078,4.1618,82.21931562907494,0.0,0.0,0.0,3.0,0.0,0.2222222222222222,0.2307692307692307,-5.0272574
CCC=CC(F)(F)C(F)(F)C(F)(F)F,224.119,3.7855000000000016,75.39804850250859,0.0,0.0,0.0,3.0,0.0,0.1935483870967742,0.2,-5.0988522
CCCCCCCCCC(F)(F)C(F)(F)C(F)(F)C(F)(F)F,346.277,6.595300000000004,122.60837502692496,0.0,0.0,0.0,10.0,0.0,0.21875,0.2258064516129032,-7.1730332
OCCCCCC(F)(F)C(F)(F)C(F)(F)C(F)(F)F,306.16799999999995,4.007300000000002,101.94284032153452,20.23,1.0,1.0,7.0,0.0,0.2580645161290322,0.2666666666666666,-6.4400201
FC(F)(F)C(F)(F)C(F)(F)C(F)(F)CCCCCCCCCCCBr,453.2270000000003,7.750500000000004,149.20580686135955,0.0,0.0,0.0,13.0,0.0,0.21875,0.2258064516129032,-7.6903548
FC(F)(F)C(F)(F)C(F)(F)C(F)(F)C(F)(F)C(F)(F)C(Br)CBr,505.894,5.883600000000001,135.18090127792956,0.0,0.0,0.0,6.0,0.0,0.2666666666666666,0.2758620689655172,-6.0086193
CCCC(F)(F)C(F)(F)C(F)(F)C(F)(F)C(F)(F)C(F)(F)C(F)(F)C(F)(F)F,462.143,6.795900000000004,143.2027740215416,0.0,0.0,0.0,8.0,0.0,0.2857142857142857,0.2962962962962963,-6.5275564
COC(O)C(F)(F)C(F)(F)C(F)(F)F,230.079,1.7841,73.26554628760252,29.46,1.0,2.0,3.0,0.0,0.2333333333333333,0.2413793103448276,-4.7591262
CC(I)CC(F)(F)C(F)(F)C(F)(F)C(F)(F)C(F)(F)C(F)(F)C(F)(F)C(F)(F)F,588.0390000000001,7.209400000000004,162.46461214258525,0.0,0.0,0.0,8.0,0.0,0.2580645161290322,0.2666666666666666,-6.9032226
FC(F)(F)C(F)(F)C(F)(F)C(F)(F)CCCCCCC(F)(F)C(F)(F)C(F)(F)C(F)(F)F,522.2140000000002,8.263400000000003,166.4631357676577,0.0,0.0,0.0,11.0,0.0,0.2592592592592592,0.2692307692307692,-7.4579043
OCC(CO)CCC(F)(F)C(F)(F)C(F)(F)C(F)(F)F,322.1669999999999,2.835600000000001,106.73707407373055,40.46,2.0,2.0,7.0,0.0,0.25,0.2580645161290322,-5.919641
F/C(=C(/F)C(F)(F)C(F)(F)C(F)(F)C(F)(F)F)C(F)(F)F,350.0489999999999,5.167500000000001,104.55679632299224,0.0,0.0,0.0,3.0,0.0,0.2962962962962963,0.4166666666666667,-5.2760725
CCC(F)(F)C(F)(F)C(F)(F)C(F)(F)C(F)(F)C(F)(F)C(F)(F)C(F)(F)C(F)(F)C(F)(F)C(F)(F)C(F)(F)F,648.1440000000001,8.947000000000003,195.6218835881413,0.0,0.0,0.0,11.0,0.0,0.3076923076923077,0.32,-7.4770346
FC(F)(F)C=CC(F)(F)C(F)(F)C(F)(F)C(F)(F)C(F)(F)F,364.0759999999999,5.208400000000001,110.92173843738884,0.0,0.0,0.0,4.0,0.0,0.2962962962962963,0.3076923076923077,-5.8316574
CCCCCCCCCC(I)CC(F)(F)C(F)(F)C(F)(F)C(F)(F)C(F)(F)C(F)(F)F,600.2410000000002,9.0596,183.99212321726,0.0,0.0,0.0,14.0,0.0,0.2051282051282051,0.2105263157894736,-8.4898968
CCCCCCCCCCCCCCCCCCCC(F)(F)C(F)(F)C(F)(F)C(F)(F)C(F)(F)C(F)(F)F,586.561,11.766899999999984,215.64982201138923,0.0,0.0,0.0,22.0,0.0,0.25,0.2580645161290322,-8.7918262
CCCCCCCCCC(F)(F)C(F)(F)C(F)(F)C(F)(F)C(F)(F)C(F)(F)C(F)(F)C(F)(F)C(F)(F)F,596.3120000000001,9.771799999999995,196.0884396281703,0.0,0.0,0.0,15.0,0.0,0.25,0.2580645161290322,-8.0320063
FC(F)(F)C(F)(F)C(F)(F)C=CC(F)(F)C(F)(F)C(F)(F)C(F)(F)F,414.083,5.843700000000002,125.61775135763789,0.0,0.0,0.0,5.0,0.0,0.28,0.2916666666666667,-5.7568412
FC(F)(F)C(F)(F)C(F)(F)C(F)(F)CCC(F)(F)C(F)(F)C(F)(F)C(F)(F)C(F)(F)C(F)(F)C(F)(F)C(F)(F)F,666.1340000000002,9.2442,199.7874189910676,0.0,0.0,0.0,11.0,0.0,0.3333333333333333,0.3478260869565217,-7.8776584
O=C(O)C=CC(F)(F)C(F)(F)C(F)(F)F,240.074,2.4601,77.98886224035175,37.3,1.0,1.0,3.0,0.0,0.2758620689655172,0.3846153846153846,-5.0610681
FC(F)(F)C(F)(F)C(F)(F)C(F)(F)C(F)(F)C(F)(F)C(F)(F)C(F)(F)C(F)(F)C(F)(F)C(F)(F)C(F)(F)C(F)(F)CCI,824.047,9.9974,229.57973462943403,0.0,0.0,0.0,13.0,0.0,0.2857142857142857,0.2962962962962963,-8.6619148
CCCCCCCCCCCCC(F)(F)C(F)(F)C(F)(F)C(F)(F)C(F)(F)C(F)(F)C(F)(F)C(F)(F)C(F)(F)C(F)(F)C(F)(F)C(F)(F)F,788.4140000000003,12.847999999999985,259.2713047321073,0.0,0.0,0.0,21.0,0.0,0.25,0.2580645161290322,-10.37409
CCCCCCCCCCCCCCCCC(F)(F)C(F)(F)C(F)(F)C(F)(F)C(F)(F)C(F)(F)C(F)(F)C(F)(F)C(F)(F)C(F)(F)F,744.5080000000003,13.13779999999998,255.33904734919568,0.0,0.0,0.0,23.0,0.0,0.25,0.2580645161290322,-10.115162
FC(F)(F)C(F)(F)C(F)(F)C(F)(F)C(F)(F)C(F)(F)CC(I)C(F)(F)C(F)(F)C(F)(F)C(F)(F)C(F)(F)C(F)(F)F,792.0300000000004,9.6577,219.0492571121112,0.0,0.0,0.0,11.0,0.0,0.25,0.2580645161290322,-8.4866753
CCCCCCCCCC(F)(F)C(F)(F)C(F)(F)C(F)(F)C(F)(F)C(F)(F)C(F)(F)C(F)(F)C(F)(F)C(F)(F)C(F)(F)C(F)(F)C(F)(F)F,796.3400000000004,12.31299999999999,254.8724913091666,0.0,0.0,0.0,19.0,0.0,0.25,0.2580645161290322,-8.788125
CCCCCCCCCCCCCCCCC(I)CC(F)(F)C(F)(F)C(F)(F)C(F)(F)C(F)(F)C(F)(F)C(F)(F)F,748.4370000000004,12.42559999999998,243.2427309382853,0.0,0.0,0.0,22.0,0.0,0.2051282051282051,0.2105263157894736,-9.7828121
CCCCCCCCCCCCCCC(I)CC(F)(F)C(F)(F)C(F)(F)C(F)(F)C(F)(F)C(F)(F)C(F)(F)C(F)(F)F,770.3900000000004,12.280699999999984,245.2088596297412,0.0,0.0,0.0,21.0,0.0,0.2051282051282051,0.2105263157894736,-9.4320211
CC(C)(O)CCC(F)(F)C(F)(F)C(F)(F)C(F)(F)C(F)(F)C(F)(F)F,406.182,5.276300000000003,131.33486616203265,20.23,1.0,1.0,7.0,0.0,0.3,0.3103448275862069,-6.5235171
CCCCCCC(I)CC(F)(F)C(F)(F)C(F)(F)C(F)(F)C(F)(F)C(F)(F)C(F)(F)C(F)(F)C(F)(F)C(F)(F)C(F)(F)C(F)(F)F,858.2020000000005,11.701099999999991,253.07337439556457,0.0,0.0,0.0,17.0,0.0,0.2051282051282051,0.2105263157894736,-8.7308559
CCCC/C=C/C(F)(F)C(F)(F)C(F)(F)C(F)(F)C(F)(F)C(F)(F)C(F)(F)C(F)(F)F,502.2079999999999,7.742200000000006,161.60799733254717,0.0,0.0,0.0,10.0,0.0,0.2352941176470588,0.2424242424242424,-7.1096544
CCCCCCCCCCCCCCCCC(I)CC(F)(F)C(F)(F)C(F)(F)C(F)(F)C(F)(F)C(F)(F)C(F)(F)C(F)(F)C(F)(F)C(F)(F)F,898.4580000000005,14.331499999999975,287.33076969903254,0.0,0.0,0.0,25.0,0.0,0.2051282051282051,0.2105263157894736,-9.1246643
FC(F)(F)C(F)(F)C(F)(F)C(F)(F)C(F)(F)C(F)(F)C(F)(F)C(F)(F)CCCCCCC(F)(F)C(F)(F)C(F)(F)C(F)(F)C(F)(F)C(F)(F)C(F)(F)C(F)(F)F,922.2700000000008,13.34579999999999,284.0312391296502,0.0,0.0,0.0,19.0,0.0,0.2962962962962963,0.3076923076923077,-9.1255341
FC(F)(F)C(F)(F)C(F)(F)C1OCCO1,242.09,2.1922,78.94396872578075,18.46,0.0,2.0,2.0,1.0,0.2,0.2962962962962963,-4.9478164
O=COCCC(F)(F)C(F)(F)C(F)(F)C(F)(F)F,292.0969999999999,3.0177000000000005,93.69378967009597,26.3,0.0,2.0,6.0,0.0,0.2424242424242424,0.25,-5.4405265
OCC(I)CC(F)(F)C(F)(F)C(F)(F)C(F)(F)C(F)(F)C(F)(F)C(F)(F)C(F)(F)C(F)(F)C(F)(F)F,704.0520000000002,7.452400000000005,196.6508717352794,20.23,1.0,1.0,11.0,0.0,0.28125,0.2903225806451613,-7.8056097
CS(=O)(=O)OCC(F)(F)C(F)(F)C(F)(F)F,278.1449999999999,1.7955,85.30571479325111,43.370000000000005,0.0,3.0,4.0,0.0,0.2903225806451613,0.21875,-5.3746438
CCCCCCCCCCCCC=CC(F)(F)C(F)(F)C(F)(F)C(F)(F)C(F)(F)C(F)(F)C(F)(F)C(F)(F)F,614.4240000000002,10.862999999999989,212.52753424772004,0.0,0.0,0.0,18.0,0.0,0.2222222222222222,0.2285714285714285,-9.8254089
FC(F)(F)C(F)(F)C(F)(F)C(F)(F)C(F)(F)C(F)(F)C(F)(F)C(F)(F)C(F)(F)C(F)(F)C(F)(F)C(F)(F)CCCCCCC(F)(F)C(F)(F)C(F)(F)C(F)(F)C(F)(F)C(F)(F)C(F)(F)C(F)(F)C(F)(F)C(F)(F)C(F)(F)C(F)(F)F,1322.3260000000005,18.42820000000001,401.59934249164286,0.0,0.0,0.0,27.0,0.0,0.2962962962962963,0.3076923076923077,-10.039386
FC(F)(F)C(F)(F)C(F)(F)C(F)(F)C(F)(F)C(F)(F)C(F)(F)CC(I)CCC(I)CC(F)(F)C(F)(F)C(F)(F)C(F)(F)C(F)(F)C(F)(F)C(F)(F)F,1074.0480000000002,12.90219999999999,293.16288953123933,0.0,0.0,0.0,17.0,0.0,0.2580645161290322,0.2666666666666666,-8.5824356
N#CCCOCCC(F)(F)C(F)(F)C(F)(F)C(F)(F)F,317.1509999999999,3.774980000000001,106.65473148031413,33.02,0.0,2.0,7.0,0.0,0.1891891891891892,0.1944444444444444,-5.9104228
FC(F)(F)C(F)(F)C(F)(F)C(F)(F)C(F)(F)C(F)(F)C(F)(F)C(F)(F)C(F)(F)C(F)(F)C(F)(F)C(F)(F)CCCCCCCCCCCCCCCCCCCCCCC(F)(F)C(F)(F)C(F)(F)C(F)(F)C(F)(F)C(F)(F)C(F)(F)C(F)(F)C(F)(F)C(F)(F)C(F)(F)C(F)(F)F,1546.7579999999994,24.66980000000005,503.4384163219883,0.0,0.0,0.0,43.0,0.0,0.2962962962962963,0.3076923076923077,-8.7986364
FC(F)(F)C(F)(F)C(F)(F)C(F)(F)C(F)(F)C(F)(F)C(F)(F)C(F)(F)C(F)(F)C(F)(F)CC(I)CCCC(I)CC(F)(F)C(F)(F)C(F)(F)C(F)(F)C(F)(F)C(F)(F)C(F)(F)C(F)(F)C(F)(F)C(F)(F)F,1388.1170000000004,17.104100000000003,387.70390916713046,0.0,0.0,0.0,24.0,0.0,0.2424242424242424,0.25,-8.5085649
FC(F)(F)C(F)(F)C(F)(F)C(F)(F)CC(I)C1CCCCC1,456.1300000000002,6.228600000000003,134.4994398800428,0.0,0.0,0.0,5.0,1.0,0.2162162162162162,0.1891891891891892,-6.8089199
Cc1ccc(C(F)(F)C(F)(F)C(F)(F)C(F)(F)C(F)(F)C(F)(F)F)cc1,410.173,6.1903200000000025,136.13795815831423,0.0,0.0,0.0,5.0,1.0,0.25,0.2580645161290322,-6.4885488
Fc1cc(F)c(F)c(C(F)(F)C(F)(F)C(F)(F)F)c1F,318.085,4.5324,102.34711889487536,0.0,0.0,0.0,2.0,1.0,0.1875,0.1935483870967742,-5.5415049
CNc1ccc(C(F)(F)C(F)(F)C(F)(F)C(F)(F)F)cc1,325.1739999999999,4.653000000000001,112.29579450142415,12.03,1.0,1.0,4.0,1.0,0.2,0.2058823529411764,-5.824841
C=C(C)C(=O)OCCCC(F)(F)C(F)(F)C(F)(F)C(F)(F)F,346.1889999999999,4.3541000000000025,118.46395509549812,26.3,0.0,2.0,7.0,0.0,0.225,0.2631578947368421,-6.7283416
O=C/C=C(\F)C(F)(F)C(F)(F)C(F)(F)C(F)(F)C(F)(F)C(F)(F)C(F)(F)C(F)(F)C(F)(F)F,542.1070000000001,6.683400000000003,165.53624141257643,17.07,0.0,1.0,9.0,0.0,0.3333333333333333,0.4444444444444444,-7.0448899
CCNC(=O)C(F)(F)C(F)(F)C(F)(F)F,241.106,1.9554,79.43409370394804,29.1,1.0,1.0,3.0,0.0,0.25,0.3448275862068966,-5.1407113
FC(F)(F)C(C#CC(F)(F)C(F)(F)C(F)(F)F)=C1CCCC1,342.17600000000016,5.255600000000001,117.7127595216004,0.0,0.0,0.0,1.0,1.0,0.1842105263157894,0.1891891891891892,-6.5390134
FC(F)(F)C(F)(F)C(F)(F)C(Cc1ccc(Br)cc1)(C(F)(F)F)C(F)(F)F,489.069,6.935500000000004,150.00550576395565,0.0,0.0,0.0,4.0,1.0,0.1944444444444444,0.2,-6.5348854
FC(F)(F)C(F)(F)C(F)(F)c1ccc2ccccc2n1,297.17300000000006,4.524200000000002,107.58628979585215,12.89,0.0,1.0,2.0,2.0,0.1578947368421052,0.1944444444444444,-5.5006561
O=Cc1ccc(OCC(F)(F)C(F)(F)C(F)(F)F)cc1,304.16099999999994,3.7108000000000017,107.6899288415143,26.3,0.0,2.0,5.0,1.0,0.175,0.1794871794871795,-5.5647182
NS(=O)(=O)CCC(F)(F)C(F)(F)C(F)(F)C(F)(F)C(F)(F)C(F)(F)F,427.182,3.4038000000000004,129.54647265607463,60.16,1.0,2.0,7.0,0.0,0.3666666666666666,0.2903225806451613,-6.3920646
Nc1ccccc1C(F)(F)C(F)(F)C(F)(F)C(F)(F)C(F)(F)C(F)(F)F,411.161,5.464100000000001,135.11290674093036,26.02,1.0,1.0,5.0,1.0,0.2352941176470588,0.2424242424242424,-6.1052685
CC(C)CNC(=O)C(F)(F)C(F)(F)C(F)(F)F,269.1599999999999,2.5915,92.16397793274125,29.1,1.0,1.0,4.0,0.0,0.2285714285714285,0.3125,-5.8240023
CC(=O)SCCC(F)(F)C(F)(F)C(F)(F)C(F)(F)C(F)(F)C(F)(F)C(F)(F)C(F)(F)F,522.2199999999999,6.665600000000004,163.8523482613472,17.07,0.0,2.0,9.0,0.0,0.2941176470588235,0.34375,-7.1687899
O=S(=O)(O)C(F)(C(F)(F)F)C(F)(F)C(F)(F)C(F)(F)C(F)(F)C(F)(F)C(F)(F)F,500.1259999999999,4.841100000000001,145.7365836883924,54.370000000000005,1.0,2.0,6.0,0.0,0.6086956521739131,0.3846153846153846,-6.0742946
O=S(=O)(OC(C(F)(F)F)C(F)(F)F)C(F)(F)C(F)(F)C(F)(F)C(F)(F)F,450.1189999999999,4.2517000000000005,131.35988224545417,43.370000000000005,0.0,3.0,5.0,0.0,0.4137931034482758,0.25,-5.9870458
C=CC(=O)OCC(O)CC(F)(F)C(F)(F)C(F)(F)C(F)(F)C(F)(F)C(F)(F)F,448.1749999999999,4.205400000000001,146.28527257379565,46.53,1.0,3.0,9.0,0.0,0.2439024390243902,0.282051282051282,-6.8003554
CC(=O)Nc1ccc(C(F)(F)C(F)(F)C(F)(F)F)cc1,303.1769999999999,3.934400000000001,108.12624579561546,29.1,1.0,1.0,3.0,1.0,0.2105263157894736,0.25,-5.7745109
CCCCNC(=O)C(F)(F)C(F)(F)C(F)(F)C(F)(F)F,319.1669999999999,3.3709000000000016,106.85999085299032,29.1,1.0,1.0,6.0,0.0,0.25,0.375,-5.9264951
Nc1nc(C(F)(F)C(F)(F)C(F)(F)F)n[nH]1,252.093,1.6763,82.6417779314952,67.59,2.0,3.0,2.0,1.0,0.1666666666666666,0.1714285714285714,-5.2401872
O=C1OCC(COCC(F)(F)C(F)(F)C(F)(F)F)O1,300.126,2.3713000000000006,100.94892028412464,44.760000000000005,0.0,4.0,5.0,1.0,0.1590909090909091,0.1627906976744186,-5.754889
CNC(=O)C(F)(F)C(F)(F)C(F)(F)C(F)(F)C(F)(F)C(F)(F)C(F)(F)C(F)(F)F,477.114,4.7418000000000005,146.54921619079678,29.1,1.0,1.0,7.0,0.0,0.3448275862068966,0.52,-6.3834615
FC(F)(F)C(F)(F)C(F)(F)C(F)(F)c1cc2ccccc2[nH]1,335.16900000000004,5.092600000000001,116.27181515616904,15.79,1.0,0.0,3.0,2.0,0.1794871794871795,0.1842105263157894,-5.6444602
CCCCNC(=O)C(F)(F)C(F)(F)C(F)(F)C(F)(F)C(F)(F)C(F)(F)C(F)(F)F,469.18799999999993,5.2768000000000015,150.94802961373756,29.1,1.0,1.0,9.0,0.0,0.2777777777777778,0.40625,-7.2803249
O=C(NC1CCCCC1)C(F)(F)C(F)(F)C(F)(F)F,295.198,3.268200000000002,103.88803100800524,29.1,1.0,1.0,3.0,1.0,0.2222222222222222,0.303030303030303,-6.1241016
CC(Cc1ccccc1)NC(=O)C(F)(F)C(F)(F)C(F)(F)F,331.23099999999994,3.5667000000000018,120.85613002440869,29.1,1.0,1.0,5.0,1.0,0.1818181818181818,0.275,-6.6004763
O=C(Nc1ccc(F)cc1)C(F)(F)C(F)(F)C(F)(F)F,307.14,3.5971,105.92683908414506,29.1,1.0,1.0,3.0,1.0,0.2162162162162162,0.2941176470588235,-5.5010061
O=P(OCC(F)(F)F)(OCC(F)(F)F)OC(c1ccccc1)C(F)(F)C(F)(F)C(F)(F)C(F)(F)F,570.1850000000002,7.478400000000005,184.0891595559557,44.760000000000005,0.0,4.0,10.0,1.0,0.1702127659574468,0.2,-8.4677229
CN1CCN(C(=O)C(F)(F)C(F)(F)C(F)(F)F)CC1,296.18600000000004,1.5932999999999995,103.49289405040732,23.55,0.0,2.0,2.0,1.0,0.2285714285714285,0.3125,-6.0957432
O=C(O)c1ccc(OC(F)(F)C(F)(F)C(F)(F)C(F)(F)C(F)(F)C(F)(F)C(F)(F)F)cc1,506.161,6.095200000000002,164.90327216030997,46.53,1.0,2.0,8.0,1.0,0.2702702702702703,0.3529411764705882,-7.1582899
O=C(OCC(F)(F)C(F)(F)C(F)(F)C(F)(F)C(F)(F)C(F)(F)C(F)(F)F)c1ccc(O)cc1,520.1880000000001,5.923100000000003,171.2682142747066,46.53,1.0,3.0,8.0,1.0,0.25,0.2894736842105263,-7.393559
COc1ccc(NC(=O)C(F)(F)C(F)(F)C(F)(F)F)cc1,319.176,3.466600000000001,113.23979102512232,38.33,1.0,2.0,4.0,1.0,0.1951219512195122,0.2631578947368421,-6.2375793
Cc1cccc(C)c1NC(=O)C(F)(F)C(F)(F)C(F)(F)F,317.20399999999995,4.074840000000002,114.49118791001204,29.1,1.0,1.0,3.0,1.0,0.2051282051282051,0.2777777777777778,-6.1007667
FC(F)(F)C(F)(F)C(F)(F)C(F)(F)C(F)(F)C(F)(F)CCOCc1cnn[nH]1,445.17900000000014,4.450200000000002,145.5667511363311,50.8,1.0,3.0,9.0,1.0,0.1777777777777777,0.1818181818181818,-7.1660194
FC(F)(F)C(F)(F)C(F)(F)c1nc2ccccc2nc1-c1ccccc1,374.2590000000001,5.586200000000003,141.8630319828627,25.78,0.0,2.0,3.0,3.0,0.1463414634146341,0.1794871794871795,-6.7654743
Cc1ccc(NC(=O)C(F)(F)C(F)(F)C(F)(F)F)cc1Cl,337.622,4.419820000000001,118.42951202249712,29.1,1.0,1.0,3.0,1.0,0.1818181818181818,0.2439024390243902,-5.7519326
O=C(Nc1ccc(Cl)cc1Cl)C(F)(F)C(F)(F)C(F)(F)F,358.04,4.7648,122.36783613498216,29.1,1.0,1.0,3.0,1.0,0.1904761904761904,0.2564102564102564,-5.7335219
O=C(NC1CCCCC1)C(F)(F)C(F)(F)C(F)(F)C(F)(F)C(F)(F)C(F)(F)F,445.219,5.174100000000002,147.97606976875247,29.1,1.0,1.0,6.0,1.0,0.2777777777777778,0.40625,-7.0375772
O=C1CC(C(F)(F)C(F)(F)C(F)(F)F)=Nc2ccccc2N1,328.18699999999995,3.9342000000000015,118.38067924234298,41.46,1.0,2.0,2.0,2.0,0.1521739130434782,0.1555555555555555,-5.8265204
O=C(Nc1cccc(F)c1)C(F)(F)C(F)(F)C(F)(F)C(F)(F)C(F)(F)C(F)(F)C(F)(F)C(F)(F)F,557.1750000000001,6.773600000000003,179.40690368539043,29.1,1.0,1.0,8.0,1.0,0.2439024390243902,0.3513513513513513,-7.430541
O=c1cc(C(F)(F)C(F)(F)C(F)(F)C(F)(F)F)nc(-c2ccccc2)[nH]1,390.205,4.361600000000002,138.03890247142033,45.75,1.0,2.0,4.0,2.0,0.1777777777777777,0.2093023255813953,-6.5577478
COc1ccc(NC(=O)C(F)(F)C(F)(F)C(F)(F)C(F)(F)C(F)(F)C(F)(F)C(F)(F)F)cc1,519.204,6.007800000000002,172.0238427061186,38.33,1.0,2.0,8.0,1.0,0.2439024390243902,0.3513513513513513,-7.5671382
O=C(NS(=O)(=O)C(F)(F)C(F)(F)C(F)(F)C(F)(F)F)C1CCCCC1,409.27000000000015,3.438400000000001,135.3448198206694,63.24,1.0,3.0,5.0,1.0,0.3611111111111111,0.2631578947368421,-6.3252759
CC1(C)OB(c2ccc(C(F)(F)C(F)(F)C(F)(F)C(F)(F)C(F)(F)C(F)(F)F)s2)OC1(C)C,528.139,6.242600000000003,181.7168953226869,18.46,0.0,3.0,6.0,2.0,0.1818181818181818,0.1860465116279069,-7.667573
CC(C)[C@@H]1NC(=O)O[C@@H]1CCC(F)(F)C(F)(F)C(F)(F)C(F)(F)C(F)(F)C(F)(F)F,475.245,5.6384000000000025,159.45455711265595,38.33,1.0,2.0,8.0,1.0,0.1956521739130435,0.2,-7.1732426
CCOC(=O)Cc1cc(C(F)(F)C(F)(F)C(F)(F)F)n(C)n1,336.20699999999994,2.815100000000001,119.39198864166497,44.120000000000005,0.0,4.0,5.0,1.0,0.1632653061224489,0.1914893617021276,-6.4904141
NS(=O)(=O)c1ccc(CNC(=O)C(F)(F)C(F)(F)C(F)(F)C(F)(F)C(F)(F)C(F)(F)C(F)(F)C(F)(F)F)cc1,632.2920000000001,4.959600000000002,203.7069769862886,89.25999999999999,2.0,3.0,10.0,1.0,0.2790697674418604,0.3170731707317073,-8.36798
CCN(CCCN(CCOCCOCCOC)CCOCCOCCOC)S(=O)(=O)C(F)(F)C(F)(F)C(F)(F)C(F)(F)C(F)(F)C(F)(F)C(F)(F)C(F)(F)F,876.6640000000009,5.656300000000008,304.00356246175045,96.0,0.0,9.0,31.0,0.0,0.3043478260869565,0.2040816326530612,-9.9771452
O=C(Nc1ccc(C(F)(F)C(F)(F)C(F)(F)F)oc1=O)c1ccccc1,383.2190000000001,4.1815000000000015,139.7847368113357,59.31,1.0,3.0,4.0,2.0,0.1666666666666666,0.2222222222222222,-6.8256612
COc1c2c(c(OC)c3occc13)OC(O)(C(F)(F)C(F)(F)C(F)(F)C(F)(F)F)CC2=O,482.2510000000001,4.572000000000002,170.9722549584458,78.13,1.0,6.0,5.0,3.0,0.175438596491228,0.1785714285714285,-7.7867022
Fc1c(F)c(-c2c3nc(c(-c4c(F)c(F)c(SCCC(F)(F)C(F)(F)C(F)(F)C(F)(F)C(F)(F)C(F)(F)C(F)(F)C(F)(F)C(F)(F)C(F)(F)F)c(F)c4F)c4ccc([nH]4)c(-c4c(F)c(F)c(SCCC(F)(F)C(F)(F)C(F)(F)C(F)(F)C(F)(F)C(F)(F)C(F)(F)C(F)(F)C(F)(F)C(F)(F)F)c(F)c4F)c4nc(c(-c5c(F)c(F)c(SCCC(F)(F)C(F)(F)C(F)(F)C(F)(F)C(F)(F)C(F)(F)C(F)(F)C(F)(F)C(F)(F)C(F)(F)F)c(F)c5F)c5ccc2[nH]5)C=C4)C=C3)c(F)c(F)c1SCCC(F)(F)C(F)(F)C(F)(F)C(F)(F)C(F)(F)C(F)(F)C(F)(F)C(F)(F)C(F)(F)C(F)(F)F,3215.316000000001,44.59799999999999,1040.596728261881,57.36,2.0,6.0,52.0,9.0,0.1481481481481481,0.1509433962264151,-12.178853
F/C=C/C(F)(C(F)(F)F)C(F)(F)F,214.055,3.3025,66.8336996766416,0.0,0.0,0.0,1.0,0.0,0.1481481481481481,0.1538461538461538,-4.4417982
FC(F)=C(F)C(F)(F)C(F)(C(F)(F)F)C(F)(F)F,300.0419999999999,4.5322000000000005,89.86078340274315,0.0,0.0,0.0,2.0,0.0,0.1785714285714285,0.2307692307692307,-5.0250163
FC(F)(F)C(I)C(F)(F)C(C(F)(F)F)C(F)(F)C(F)(C(F)(F)F)C(F)(F)F,559.9850000000001,6.634300000000003,149.73472791379203,0.0,0.0,0.0,4.0,0.0,0.1176470588235294,0.1212121212121212,-6.0910645
CC(=O)SCCC(F)(C(F)(F)F)C(F)(F)F,272.18499999999995,3.489100000000001,90.37228366010184,17.07,0.0,2.0,3.0,0.0,0.1764705882352941,0.21875,-5.3603511
OCCC(F)(F)C(F)(F)C(F)(F)C(F)(F)C(F)(F)C(F)(F)C(F)(F)C(F)(F)C(F)(C(F)(F)F)C(F)(F)F,614.1360000000002,7.284100000000005,185.72010442008823,20.23,1.0,1.0,10.0,0.0,0.2258064516129032,0.2333333333333333,-7.1133714
FC(F)(F)C(F)(c1ccc(Cl)nc1)C(F)(F)F,281.558,4.0244,95.2078914909986,12.89,0.0,1.0,1.0,1.0,0.1081081081081081,0.1111111111111111,-5.1852326
Fc1nc(F)nc(C(F)(C(F)(F)F)C(F)(F)F)n1,285.069,2.4392,91.67499203186242,38.67,0.0,3.0,1.0,1.0,0.1290322580645161,0.1333333333333333,-5.567636
FC(F)(F)C(F)(c1ccc2[nH]ncc2c1)C(F)(F)F,286.15000000000003,3.852300000000001,100.76390378527115,28.68,1.0,1.0,1.0,2.0,0.0975609756097561,0.1,-5.3678536
FC(F)(F)C(F)(c1nc(C(F)(C(F)(F)F)C(F)(F)F)nc(C(F)(C(F)(F)F)C(F)(F)F)n1)C(F)(F)F,585.1110000000001,6.739800000000003,179.8510695533569,38.67,0.0,3.0,3.0,1.0,0.1481481481481481,0.1538461538461538,-6.4440012
Nc1nc(F)c(F)c(C(F)(C(F)(F)F)C(F)(F)F)c1F,316.098,3.3705,102.74112216990837,38.91,1.0,2.0,1.0,1.0,0.1081081081081081,0.1111111111111111,-5.3687024
O=C(c1c(F)c(F)c(C(F)(C(F)(F)F)C(F)(F)F)c(F)c1F)C(F)(C(F)(F)F)C(F)(F)F,514.106,6.548000000000003,161.12715727298922,17.07,0.0,1.0,3.0,1.0,0.1666666666666666,0.2058823529411764,-6.4364991
CCCCSc1c(C(F)(C(F)(F)F)C(F)(F)F)ccc(C(=O)O)c1CC,406.3630000000001,6.128800000000004,149.31843796155175,37.3,1.0,2.0,7.0,1.0,0.1153846153846153,0.1632653061224489,-7.1637659
Nc1cc(N)cc(OC(=C(C(F)(C(F)(F)F)C(F)(F)F)C(F)(C(F)(F)F)C(F)(F)F)C(F)(F)F)c1,554.2,6.7120000000000015,180.63370759016047,61.27,2.0,3.0,4.0,1.0,0.1219512195121951,0.125,-7.1012383
CCCS(=O)c1c(C(F)(C(F)(F)F)C(F)(F)F)ccc(C(=O)O)c1CC,408.3350000000001,4.754200000000003,146.20464002536585,54.370000000000005,1.0,2.0,6.0,1.0,0.1176470588235294,0.1666666666666666,-7.3737159
CCCS(=O)(=O)c1c(C(F)(C(F)(F)F)C(F)(F)F)ccc(C(=O)O)c1C,410.3070000000001,4.1663200000000025,143.0908420891799,71.44,1.0,3.0,5.0,1.0,0.1702127659574468,0.1739130434782608,-7.6140308
Cc1cc(C(F)(C(F)(F)F)C(F)(F)F)cc(C)c1NC(=O)c1cccc(NC(=O)c2ccc(F)cc2Cl)c1,564.8600000000001,7.889940000000004,215.1505043499964,58.2,2.0,2.0,5.0,3.0,0.0967741935483871,0.1166666666666666,-8.3870239
Cc1cc(C(F)(C(F)(F)F)C(F)(F)F)cc(C)c1NC(=O)c1c(F)ccc(NC(=O)c2ccccc2)c1F,548.4050000000002,7.375640000000004,209.0127735260409,58.2,2.0,2.0,5.0,3.0,0.1034482758620689,0.1454545454545454,-9.0462675
FC(F)(F)OC(F)(I)C(F)(F)F,311.922,3.1434,75.00326642765691,9.23,0.0,1.0,1.0,0.0,0.1428571428571428,0.1481481481481481,-4.6217408
F/C(OC(F)(F)F)=C(/F)C(F)(F)F,216.027,3.1932,65.58230279175189,9.23,0.0,1.0,1.0,0.0,0.1333333333333333,0.1379310344827586,-4.6567173
C=CC(F)(F)C(F)(F)OC(F)(F)C(F)(F)C(F)(F)F,312.0779999999999,4.2075000000000005,97.1737353437204,9.23,0.0,1.0,5.0,0.0,0.2258064516129032,0.1935483870967742,-5.4187999
COC(=O)C(F)(OC(F)(F)C(F)(OC(F)(F)C(F)(F)C(F)(F)F)C(F)(F)F)C(F)(F)F,510.096,5.032000000000001,156.33998969570942,44.760000000000005,0.0,4.0,7.0,0.0,0.2368421052631578,0.2432432432432432,-6.8718557
CCCCOC(=O)C(F)(OC(F)(F)C(F)(OC(F)(F)C(F)(F)C(F)(F)F)C(F)(F)F)C(F)(F)F,552.177,6.202300000000004,175.4348160388992,44.760000000000005,0.0,4.0,10.0,0.0,0.2,0.2045454545454545,-7.5061464
NC(=O)C(F)(OC(F)(F)C(F)(OC(F)(F)C(F)(OC(F)(F)C(F)(F)C(F)(F)F)C(F)(F)F)C(F)(F)F)C(F)(F)F,661.1050000000002,6.181800000000002,199.4029770390728,70.78000000000002,1.0,4.0,10.0,0.0,0.25,0.2571428571428571,-7.6768322
O=C(OC1CCCCC1)C(F)(OC(F)(F)C(F)(F)C(F)(F)F)C(F)(F)F,412.195,4.897400000000002,137.9572851239091,35.53,0.0,3.0,5.0,1.0,0.1951219512195122,0.2307692307692307,-7.3570719
O=C(c1c(F)c(F)c(F)c(F)c1F)C(F)(OC(F)(F)C(F)(OC(F)(F)C(F)(F)C(F)(F)F)C(F)(F)F)C(F)(F)F,646.1180000000003,7.437400000000004,200.7462735725012,35.53,0.0,3.0,8.0,1.0,0.2195121951219512,0.225,-7.4060535
O=C(Nc1ccc([N+](=O)[O-])cc1[N+](=O)[O-])C(F)(OC(F)(F)C(F)(F)C(F)(F)F)C(F)(F)F,495.157,4.4766,165.5728261962235,124.61,1.0,6.0,7.0,1.0,0.1509433962264151,0.1764705882352941,-7.3169951
O=C(O)C(F)(C(F)(F)C(F)(F)F)C(F)(C(F)(F)F)C(F)(F)C(F)(F)F,414.064,4.4451,124.7326327247391,37.3,1.0,1.0,4.0,0.0,0.2758620689655172,0.44,-5.6898093
O=C(O)C(C(F)(F)F)(C(F)(F)F)C(F)(C(F)(F)F)C(F)(F)C(F)(F)F,414.064,4.6502,124.7326327247391,37.3,1.0,1.0,3.0,0.0,0.2758620689655172,0.44,-5.4414458
O=P(O)(C(F)(F)C(F)(F)C(F)(F)C(F)(F)C(F)(F)C(F)(F)F)C(F)(F)C(F)(F)C(F)(F)C(F)(F)C(F)(F)C(F)(F)C(F)(F)C(F)(F)F,802.0740000000004,9.920000000000002,232.62006451318908,37.3,1.0,1.0,12.0,0.0,0.3846153846153846,0.4,-7.1076784
O=C(O)C(F)(F)C(F)(C(F)(F)F)C(F)(F)C(F)(C(F)(F)F)C(F)(F)F,414.064,4.4451,124.7326327247391,37.3,1.0,1.0,4.0,0.0,0.2413793103448276,0.5217391304347826,-5.5873919
FC(F)(F)C(F)(F)C(F)(F)C(F)(F)C(F)(F)C(F)(F)CCSCCCCS,468.3440000000002,6.558500000000003,154.18375121300022,0.0,1.0,2.0,11.0,0.0,0.2162162162162162,0.2222222222222222,-7.0692258
O=C(F)C(F)(OC(F)(F)C(F)(OC(F)(F)C(F)(OC(F)(F)C(F)(OC(F)(F)C(F)(OC(F)(F)C(F)(OC(F)(F)C(F)(OC(F)(F)C(F)(OC(F)(F)C(F)(OC(F)(F)C(F)(F)C(F)(F)F)C(F)(F)F)C(F)(F)F)C(F)(F)F)C(F)(F)F)C(F)(F)F)C(F)(F)F)C(F)(F)F)C(F)(F)F)C(F)(F)F,1660.2000000000016,18.217600000000004,493.4381256865108,100.14000000000004,0.0,10.0,28.0,0.0,0.2571428571428571,0.2647058823529412,-7.3265033
OC/C(I)=C/C(F)(F)C(F)(F)C(F)(F)F,351.987,3.1305000000000005,93.08917826135162,20.23,1.0,1.0,3.0,0.0,0.21875,0.2666666666666666,-5.1268091
CCCCCC/C=C/C(F)(F)C(F)(F)C(F)(F)C(F)(F)C(F)(F)C(F)(F)C(F)(F)C(F)(F)F,530.262,8.522400000000003,174.33788156134037,0.0,0.0,0.0,12.0,0.0,0.2222222222222222,0.2285714285714285,-7.6627035
OCCCCCCCCC/C=C/C(F)(F)C(F)(F)C(F)(F)C(F)(F)C(F)(F)C(F)(F)F,488.328,7.394500000000006,168.83491581622806,20.23,1.0,1.0,14.0,0.0,0.2571428571428571,0.2647058823529412,-7.6666703
O=P([O-])(O)OCC(F)(F)C(F)(F)C(F)(F)F,279.02399999999994,1.2965999999999998,83.244448599877,69.59,1.0,3.0,4.0,0.0,0.2352941176470588,0.2424242424242424,-5.2409925
O=C(O)[C@H]1CC[C@H](C(F)(F)C(F)(F)C(F)(F)C(F)(F)F)CC1,346.189,4.345600000000002,117.82841549684228,37.3,1.0,1.0,4.0,1.0,0.2647058823529412,0.3548387096774194,-6.1137543
NC(=O)OC(F)(C(F)(F)F)C(F)(F)C(F)(F)C(F)(F)C(F)(F)C(F)(F)C(F)(F)F,479.086,5.0486,145.08784781931175,52.32000000000001,1.0,2.0,6.0,0.0,0.3333333333333333,0.3928571428571428,-6.3500476
Oc1ccc(/N=N/c2ccc(-c3ccc(C(F)(F)C(F)(F)C(F)(F)F)cc3)cc2)c(F)c1,460.324,7.9031000000000065,175.20571269490975,44.95,1.0,3.0,5.0,3.0,0.1428571428571428,0.1702127659574468,-7.9434948
O=c1[nH]c(=O)n([C@@H]2O[C@H](CO)[C@@H](O)[C@H]2O)cc1C(F)(F)C(F)(F)C(F)(F)F,412.214,-0.5624999999999989,142.97241483629503,124.78000000000002,4.0,7.0,4.0,2.0,0.1481481481481481,0.1509433962264151,-7.1941195
CC(NC(=O)C(F)(OC(F)(F)C(F)(F)C(F)(F)F)C(F)(F)F)c1ccccc1,433.217,4.898900000000002,148.99675898001706,38.33,1.0,2.0,6.0,1.0,0.1702127659574468,0.2272727272727272,-7.0177922
C=CC(=O)OCCNCS(=O)(=O)C(F)(F)C(F)(F)C(F)(F)C(F)(F)C(F)(F)C(F)(F)C(F)(F)C(F)F,593.2800000000002,4.347200000000003,188.89278982456617,72.47,1.0,5.0,14.0,0.0,0.2244897959183673,0.1568627450980392,-8.241539
OC(c1ccccc1)C(F)(F)C(F)(F)C(F)(F)F,276.1509999999999,3.552900000000001,96.84415314976305,20.23,1.0,1.0,3.0,1.0,0.2121212121212121,0.3,-5.4314961
OC(c1ccc(Br)cc1)C(F)(F)C(F)(F)C(F)(F)C(F)(F)F,405.054,4.950700000000002,125.40771367565348,20.23,1.0,1.0,4.0,1.0,0.2285714285714285,0.2727272727272727,-5.8388782
O=C(NCCCCCNC(=O)C(F)(F)C(F)(F)C(F)(F)F)C(F)(F)C(F)(F)C(F)(F)F,494.223,4.054900000000002,162.85882060885973,58.2,2.0,2.0,10.0,0.0,0.28125,0.3333333333333333,-7.3633685
FC(F)(F)C(F)(F)C(F)(F)c1nc2ccccc2o1,287.13400000000007,4.117200000000001,100.380619059929,26.03,0.0,2.0,2.0,2.0,0.15,0.1538461538461538,-5.2677169
FC(F)(F)C(F)(F)C(F)(F)C(/C=N/Nc1ccccc1)=N/Nc1ccccc1,406.30500000000006,5.385300000000003,154.30259709743393,48.78,2.0,4.0,7.0,2.0,0.1590909090909091,0.2195121951219512,-7.1746473
CC(=O)OI(OC(C)=O)c1ccc(CCC(F)(F)C(F)(F)C(F)(F)C(F)(F)C(F)(F)C(F)(F)C(F)(F)C(F)(F)F)cc1,768.1980000000004,8.260800000000003,230.5176207952656,52.6,0.0,4.0,12.0,1.0,0.217391304347826,0.25,-8.8434324
FC(F)(F)C(F)(F)C(F)(F)COP1(OCC(F)(F)C(F)(F)C(F)(F)F)=NP(OCC(F)(F)C(F)(F)C(F)(F)F)(OCC(F)(F)C(F)(F)C(F)(F)F)=NP(OCC(F)(F)C(F)(F)C(F)(F)F)(OCC(F)(F)C(F)(F)C(F)(F)F)=N1,1329.213000000001,16.935599999999997,396.418167559723,92.46,0.0,9.0,24.0,1.0,0.1818181818181818,0.1875,-7.0013585
COc1ccc(C(OC[C@H]2OC(n3cnc4c(=O)[nH]c(NC(=O)C(C)C)nc43)C[C@@H]2OP(OCCC#N)N(C(C)C)C(C)C)(c2ccccc2)c2ccc(CCC(F)(F)C(F)(F)C(F)(F)C(F)(F)C(F)(F)C(F)(F)C(F)(F)C(F)(F)F)cc2)cc1,1256.0050000000003,13.622079999999976,474.441241403776,165.85,2.0,12.0,27.0,6.0,0.0948275862068965,0.1052631578947368,-7.8588867
FC(F)(F)[C@]1(F)C(F)(F)[C@](F)(C(F)(F)F)C1(F)F,300.0419999999999,3.8118,89.54455528139817,0.0,0.0,0.0,0.0,1.0,0.1153846153846153,0.12,-4.7509856
O=C(Nc1ccccn1)C(F)(OC(F)(F)C(F)(OC(F)(F)C(F)(F)C(F)(F)F)C(F)(F)F)C(F)(F)F,572.171,5.892700000000002,184.6881067224245,60.45,1.0,4.0,8.0,1.0,0.1764705882352941,0.18,-7.3018827
FC(F)(F)C1(F)C(F)(F)C(F)(F)C(F)(F)C2(F)C(F)(F)C(F)(F)C(F)(F)C(F)(F)C12F,512.081,6.147900000000004,153.68771792326186,0.0,0.0,0.0,0.0,2.0,0.0967741935483871,0.1,-5.0536103
O=S(=O)([O-])C(F)(F)C(F)(F)C(F)(F)C(F)(F)C(F)(F)C(F)(F)C(F)(F)C(F)(F)C(F)(F)C(F)(F)C(F)(F)C(F)(F)C(F)(F)C(F)(F)F,799.1600000000003,8.310300000000005,233.9126612098869,57.2,0.0,3.0,13.0,0.0,0.5652173913043478,0.3461538461538461,-7.993187
O=C(O)C(F)(OC(F)(F)C(F)(F)C(F)(F)C(F)(F)S(=O)(=O)O)C(F)(F)F,442.13,2.6597000000000004,132.61326564111127,100.9,2.0,4.0,7.0,0.0,0.4838709677419355,0.2857142857142857,-6.1990714
OC(CC1(O)C(F)(F)C(F)(F)C1(F)F)c1ccccc1,300.198,2.760700000000001,109.19690457429684,40.46,2.0,2.0,3.0,2.0,0.0476190476190476,0.075,-5.8139715
OC(C=C(C(F)(F)F)C(F)(F)F)c1cccs1,276.201,3.832500000000002,95.99432009946068,20.23,1.0,2.0,2.0,1.0,0.0952380952380952,0.0975609756097561,-5.7675829
CC(C(O)c1ccc(F)cc1)C(OC(O)=Nc1ccc(Cl)c(Cl)c1)(C(F)(F)F)C(F)(F)F,508.2170000000001,6.927700000000004,186.4057076203433,62.05,2.0,3.0,5.0,2.0,0.1034482758620689,0.125,-7.6428027
O=C(CC(O)(C(F)(F)F)C(F)(F)F)c1ccc(C(O)CC(O)(C(F)(F)F)C(F)(F)F)cc1,496.2440000000001,4.394300000000003,169.61147245520968,77.76,3.0,4.0,6.0,1.0,0.1363636363636363,0.1666666666666666,-7.2545714
CC1=CC(=O)C(C(O)(C(F)(F)F)C(F)(F)F)C(C)(C)C1,304.23,3.4036000000000017,111.00714837027591,37.3,1.0,2.0,1.0,1.0,0.1395348837209302,0.1428571428571428,-6.0326347
FC(C(F)(F)F)C(F)(F)COCC1CO1,238.12699999999995,1.9375,81.14337543725112,21.76,0.0,2.0,5.0,1.0,0.0714285714285714,0.073170731707317,-5.2588043
O=C(F)C(F)(F)OC(F)(F)OC(F)(F)F,248.02499999999995,2.1786,75.54697315348677,35.53,0.0,3.0,4.0,0.0,0.15625,0.2,-4.7002044
Cc1ccc(C(c2ccc(C)c(N)c2)(C(F)(F)F)C(F)(F)F)cc1N,362.317,4.878540000000002,139.98620170912687,52.04,2.0,2.0,2.0,2.0,0.1052631578947368,0.1081081081081081,-6.2513981
FC(F)C(F)(F)C(F)(F)C(F)(F)C(F)(F)C(F)(F)CC(I)[Si]12OCCN(CCO1)CCO2,629.2519999999997,4.478800000000004,187.5715413549113,30.930000000000003,0.0,4.0,8.0,3.0,0.1020408163265306,0.1041666666666666,-7.6869311
O=C1C2=COC(C(F)(F)C(F)(F)F)CC2=C(Cl)C(=O)C1=C(O)O,360.61800000000005,2.8291000000000013,128.82914305808032,83.83000000000001,2.0,5.0,1.0,2.0,0.14,0.1428571428571428,-6.552247
O=C1C(F)(F)C(F)(F)C12CCCCC2,210.17,2.7902000000000013,78.47078934769267,17.07,0.0,1.0,0.0,2.0,0.0555555555555555,0.0571428571428571,-5.0826406
NC(C(F)(F)F)(C(F)(F)F)C(F)(F)F,235.04899999999995,2.3708,70.6637866943682,26.02,1.0,1.0,0.0,0.0,0.1739130434782608,0.1818181818181818,-4.5557814
FC1(F)C(F)(F)C2(F)C(F)(F)C(F)(F)C(F)(F)C3(F)C(F)(F)C(F)(F)C(F)(C1(F)F)C23F,524.092,5.942800000000003,159.0468288841292,0.0,0.0,0.0,0.0,3.0,0.0384615384615384,0.04,-5.135633
FC(F)(F)C(F)(F)N(C(F)(F)C(F)(F)F)C(F)(F)C(F)(F)C(F)(F)F,421.05,5.389000000000001,123.50283923415854,3.24,0.0,1.0,4.0,0.0,0.2307692307692307,0.24,-5.5402355
OC1c2ccccc2CCC1C(O)(C(F)(F)F)C(F)(F)F,314.2249999999999,3.138100000000002,115.56184668869342,40.46,2.0,2.0,1.0,2.0,0.1162790697674418,0.119047619047619,-5.7868762
CCC(=O)C(F)(F)C(F)(F)F,176.08399999999995,2.1631,59.18821860009092,17.07,0.0,1.0,2.0,0.0,0.2068965517241379,0.3076923076923077,-4.7036343
CC(O)=Nc1ccc(-c2ccc(NC(=O)C(F)(F)C(F)(F)C(F)(F)F)cc2)cc1,422.3,5.732900000000002,159.23783835413215,61.690000000000005,2.0,2.0,5.0,2.0,0.1702127659574468,0.2558139534883721,-6.9411206
CCN(CC)S(=O)(=O)C(F)(F)C(F)(F)C(F)(F)C(F)(F)C(F)(F)C(F)(F)C(F)(F)C(F)(F)F,555.2500000000001,5.624900000000002,172.08832569855667,37.38,0.0,2.0,10.0,0.0,0.4482758620689655,0.28125,-7.4843388
O=P(O)(O)C(F)(F)C(F)(F)C(F)(F)C(F)(F)C(F)(F)C(F)(F)Cl,416.482,4.129700000000001,121.90506058254894,57.53,2.0,1.0,6.0,0.0,0.2333333333333333,0.2413793103448276,-5.5985012
O=COC(F)(F)C(F)(F)C(F)(F)C(F)(F)F,264.04299999999995,2.5851,80.96390544130274,26.3,0.0,2.0,4.0,0.0,0.2857142857142857,0.2962962962962963,-4.6434927
O=C(O)C(F)(F)C(F)(F)C(F)(F)C(F)(F)C(F)(F)C(F)(F)S(F)(F)(F)(F)F,472.11599999999993,6.138800000000002,134.17153010245113,37.3,1.0,1.0,7.0,0.0,0.21875,0.5833333333333334,-6.0759177
CC(CCC(=O)OC(C(F)(F)F)C(F)(F)F)[C@H]1CC[C@H]2[C@@H]3CC[C@H]4C[C@@H](OC(=O)C(F)(F)F)CC[C@]4(C)[C@H]3CC[C@]12C,622.6089999999999,8.572100000000004,238.97425890225503,52.6,0.0,4.0,6.0,4.0,0.0694444444444444,0.0857142857142857,-7.8348699
FC(F)(F)c1ccc2nc(C(F)(F)C(F)(F)C(F)(F)F)[nH]c2c1,354.14699999999993,4.8711,119.65699854004174,28.68,1.0,1.0,2.0,2.0,0.1363636363636363,0.1395348837209302,-5.7401991
O=S(=O)(O)C(F)(F)C(F)(F)C(F)(F)C(F)(F)C(F)(C(F)(F)F)C(F)(F)C(F)(F)F,500.1259999999999,4.841100000000001,145.7365836883924,54.370000000000005,1.0,2.0,6.0,0.0,0.7391304347826086,0.3,-6.1535668
O=S(=O)(O)C(F)(F)C(F)(F)C(F)(F)C(F)(F)C(F)(F)C(F)(F)C(F)(F)C(F)(F)C(F)(F)C(F)(F)C(F)(F)C(F)F,682.1640000000002,7.085100000000004,200.3550999664625,54.370000000000005,1.0,2.0,12.0,0.0,0.6,0.21875,-7.7586484
CN(CCOCCOCCOCCOCCOCCOCCOCCOCCO)S(=O)(=O)C(F)(F)C(F)(F)C(F)(F)C(F)(F)C(F)(F)C(F)(F)C(F)(F)C(F)(F)F,909.646000000001,4.340000000000009,313.2650530027569,131.45000000000002,1.0,11.0,34.0,0.0,0.358974358974359,0.2682926829268293,-9.3003101
O=C(O)c1ccc(OC(F)(F)C(F)(F)C(F)(F)C(F)=C(F)C(F)(F)C(F)(F)C(F)(F)C(F)(F)F)cc1,568.1790000000001,7.245800000000004,185.27462416277143,46.53,1.0,2.0,9.0,1.0,0.2093023255813953,0.3421052631578947,-7.4562654
O=P(O)(O)Cc1ccc(OC(=C(C(F)(C(F)(F)F)C(F)(F)F)C(F)(C(F)(F)F)C(F)(F)F)C(F)(F)F)cc1,618.176,7.225300000000005,197.3702762312716,66.76,2.0,2.0,6.0,1.0,0.1304347826086956,0.1333333333333333,-7.5247583
FC(=C(\F)C(F)(F)F)/C(F)=C(\F)C(F)(F)F,262.04599999999994,4.4122,80.84010956470642,0.0,0.0,0.0,1.0,0.0,0.16,0.1666666666666666,-5.1504416
C[N+](C)(CCO)CCCN(CCCS(=O)(=O)[O-])S(=O)(=O)C(F)(F)C(F)(F)F,450.448,0.1674000000000002,154.49457578247717,114.81,1.0,6.0,12.0,0.0,0.1914893617021276,0.1224489795918367,-8.1474257
C[N+](C)(CCCCC(F)(F)C(F)(F)C(F)(F)C(F)(F)F)CC(=O)[O-],377.247,2.4512,131.16899392156682,40.13,0.0,2.0,9.0,0.0,0.2195121951219512,0.2564102564102564,-6.7219419
C[N+](C)(CCCN(CC(=O)O)S(=O)(=O)C(F)(F)C(F)(F)C(F)(F)F)CC(O)CS(=O)(=O)O,531.4450000000002,0.2084000000000005,178.14634455496605,149.28,3.0,6.0,13.0,0.0,0.2307692307692307,0.1886792452830188,-8.5647326
O=S(=O)(O)C(O)CC(F)(F)C(F)(F)C(F)(F)C(F)(F)C(F)(F)C(F)(F)F,444.1649999999999,3.3215000000000003,133.86867582888348,74.60000000000001,2.0,3.0,7.0,0.0,0.4333333333333333,0.3125,-6.518414
FC(F)(F)C(F)(F)C(F)(F)C(F)(F)C(F)(F)C(F)(F)C(F)(F)C(F)(F)C(F)(F)C(F)(F)C(F)(F)C(F)(F)C(F)(F)C(F)(F)CCS,780.2250000000001,10.1275,236.1689760920412,0.0,1.0,1.0,14.0,0.0,0.2857142857142857,0.2962962962962963,-8.3293734
O=C([O-])CNS(=O)(=O)C(F)(F)C(F)(F)C(F)(F)C(F)(F)F,356.14199999999994,0.0814000000000002,109.3201741544116,86.29999999999998,1.0,4.0,6.0,0.0,0.40625,0.2941176470588235,-5.6028457
O=S(=O)(OCCC(F)(F)C(F)(F)C(F)(F)C(F)(F)C(F)(F)C(F)(F)C(F)(F)C(F)(F)F)C(F)(F)F,596.1770000000001,6.252100000000003,177.6473277176718,43.370000000000005,0.0,3.0,10.0,0.0,0.3333333333333333,0.303030303030303,-7.3478208
Cc1sc(-c2ccc(C=O)cc2)cc1C1=C(c2cc(-c3ccc(C=O)cc3)sc2C)C(F)(F)C(F)(F)C1(F)F,576.5830000000002,9.21574,226.78871374001292,34.14,0.0,4.0,6.0,5.0,0.0384615384615384,0.0392156862745098,-8.9627295
O=C(Nc1ccc(OCC(=O)N2CCOCC2)cc1)c1ccc(OC(F)(F)C(F)C(F)(F)F)cc1,506.399,4.048500000000002,195.0986754759749,77.10000000000001,1.0,5.0,8.0,3.0,0.0769230769230769,0.0952380952380952,-8.5808325
Cc1cc(C)n(C(F)(F)C(F)(F)C(=O)O)n1,240.156,1.7691400000000002,87.4812446123856,55.120000000000005,1.0,3.0,3.0,1.0,0.119047619047619,0.2777777777777778,-6.0054731
Cc1ccc(S(=O)(=O)OCC(F)(F)C(F)(F)COS(=O)(=O)c2ccc(C)cc2)cc1,470.46200000000016,3.684840000000003,171.23618659834852,86.74000000000001,0.0,6.0,9.0,2.0,0.1538461538461538,0.1,-8.2273655
Cc1cc(CO)cnc1OCC(F)(F)C(F)F,253.195,2.1615200000000003,95.04568226583432,42.35000000000001,1.0,3.0,5.0,1.0,0.1041666666666666,0.1063829787234042,-6.076622
Nc1nc2ccc(OCC(F)(F)C(F)F)cc2s1,280.2459999999999,3.157700000000001,103.18348278400453,48.14,1.0,4.0,4.0,2.0,0.0769230769230769,0.0784313725490196,-5.8642011
CS(=O)(=O)CC(F)(F)C(F)F,194.149,0.9314,61.1216173645109,34.14,0.0,2.0,3.0,0.0,0.1935483870967742,0.125,-4.7487011
FC(F)C(F)(F)C(F)(F)C(F)(C(F)(F)F)C(F)(F)F,320.04799999999994,4.355,94.71592183785364,0.0,0.0,0.0,3.0,0.0,0.1785714285714285,0.1851851851851851,-5.0292363
Cc1sc(Cl)cc1C(=O)C(F)(F)C(F)(F)C(F)(F)C(=O)c1cc(Cl)sc1C,469.2550000000001,6.704740000000003,166.2466077385685,34.14,0.0,4.0,6.0,2.0,0.1463414634146341,0.2105263157894736,-7.5066981
O=C(O)CCCCCCC(F)(F)C(F)(F)C(F)(F)C(F)(F)C(F)(F)C(F)(F)F,448.219,6.150400000000003,148.22627249086966,37.3,1.0,1.0,11.0,0.0,0.2941176470588235,0.3870967741935484,-7.7573476
CCOC1=C(F)C(F)(F)C(F)(F)C1(F)F,238.10199999999995,3.123500000000001,79.50576257848624,9.23,0.0,1.0,2.0,1.0,0.0256410256410256,0.0263157894736842,-4.8799663
FC(F)(F)C(F)(F)Oc1cccc(OC(F)(F)C(F)(F)F)c1OC(F)(F)C(F)(F)F,480.1230000000001,6.288300000000003,153.44472253829076,27.69,0.0,3.0,6.0,1.0,0.1142857142857142,0.1176470588235294,-6.8310208
CCOC(=O)c1cnc(C(F)(F)C(F)(F)C(F)(F)F)nc1C,334.191,3.251120000000002,118.85910903220052,52.08,0.0,4.0,4.0,1.0,0.1702127659574468,0.2,-6.3176284
COC(=O)C(F)(F)C(F)C(F)(F)F,210.073,1.6951,68.46729923252404,26.3,0.0,2.0,2.0,0.0,0.1470588235294117,0.1875,-4.8335176
O=C(F)C(F)(OC(F)(F)C(F)(F)C(F)(F)C(F)(F)S(=O)(=O)F)C(F)(F)F,446.112,3.4827,131.44236210912106,60.440000000000005,0.0,4.0,7.0,0.0,0.3142857142857143,0.2162162162162162,-6.117682
NCCSC(F)(F)C(F)(F)F,195.156,1.8334,64.12475510802851,26.02,1.0,2.0,3.0,0.0,0.1290322580645161,0.1333333333333333,-4.7925873
Oc1cnc(OCC(F)(F)C(F)F)c(Cl)c1,259.586,2.719800000000001,92.6190642639228,42.35000000000001,1.0,3.0,4.0,1.0,0.108695652173913,0.1111111111111111,-5.631557
CC(C)(N)C(F)(F)C(F)(F)F,177.116,1.9213,60.36658719705987,26.02,1.0,1.0,1.0,0.0,0.24,0.25,-4.5401897
CCCCN(CCCC)CCC(=O)OCCC(F)(F)C(F)(F)C(F)(F)C(F)(F)C(F)(F)C(F)(F)F,547.396,6.950800000000005,192.4950703247636,29.540000000000003,0.0,3.0,16.0,0.0,0.217391304347826,0.25,-9.2838964
C=CC(F)(F)C(F)(OC(F)(F)C(F)(OC(F)(F)C(F)(OC(F)(F)C(F)(OC(F)(F)C(F)(OC(F)(F)C(F)(F)C(F)(F)F)C(F)(F)F)C(F)(F)F)C(F)(F)F)C(F)(F)F)C(F)(F)F,1026.1650000000009,12.192799999999998,308.6760842249859,46.150000000000006,0.0,5.0,17.0,0.0,0.2,0.1714285714285714,-9.3370981
OC/C(I)=C/C(F)(C(F)(F)F)C(F)(F)C(F)(F)F,401.994,3.765800000000001,107.7851911816007,20.23,1.0,1.0,3.0,0.0,0.2121212121212121,0.2580645161290322,-5.8789372
[2H]C(F)(F)OC(F)(F)C([2H])(F)Cl,186.503203556,2.3528,60.52356472797812,9.23,0.0,1.0,3.0,0.0,0.0909090909090909,0.09375,-4.3145924
FC(F)(F)C(F)(F)C(F)(F)P1(C(F)(F)C(F)(F)C(F)(F)F)=NP(C(F)(F)C(F)(F)C(F)(F)F)(C(F)(F)C(F)(F)C(F)(F)F)=NP(C(F)(F)C(F)(F)C(F)(F)F)(C(F)(F)C(F)(F)C(F)(F)F)=N1,1149.057000000001,17.090999999999998,327.02722194753875,37.08,0.0,3.0,12.0,1.0,0.2222222222222222,0.2307692307692307,-6.2110753
O=P(O)(O)OCC(F)(F)C(F)(F)OC(F)(C(F)(F)F)C(F)(F)OC(F)=C(F)F,474.062,4.213000000000001,143.23491690185034,85.22000000000001,2.0,4.0,9.0,0.0,0.1555555555555555,0.1333333333333333,-7.1534252
CSC(F)(F)C(F)(F)C(F)(F)OC(F)=C(F)F,294.1379999999999,4.222,92.60083244883656,9.23,0.0,2.0,5.0,0.0,0.1388888888888889,0.1764705882352941,-5.6479263
COC(=O)C(F)(OC(F)(F)C(F)(F)OC(F)(C(=O)OC)C(F)(F)F)C(F)(F)F,450.128,3.0074000000000005,144.7873800106289,71.06,0.0,6.0,7.0,0.0,0.1818181818181818,0.2258064516129032,-6.898243
N#CC(F)(F)C(F)(F)C(F)(F)C(F)(F)C(F)(F)OC(F)(Br)C(F)(F)Br,532.876,5.666480000000001,144.68702618890518,33.02,0.0,2.0,7.0,0.0,0.131578947368421,0.1351351351351351,-6.1446261
CCOP(=O)(O)CCC(F)(OC(F)(F)C(F)(OC(F)(F)C(F)(F)C(F)(F)F)C(F)(F)F)C(F)(F)F,588.147,6.471000000000004,181.1655259930028,64.99000000000001,1.0,4.0,11.0,0.0,0.1914893617021276,0.1702127659574468,-7.7507792
O=C(O)C(F)(F)C(F)(F)OC(F)(C(F)(F)F)C(F)(F)C(F)(F)C(=O)O,406.0750000000001,2.8990000000000005,126.30532759770706,83.83,2.0,3.0,7.0,0.0,0.2058823529411764,0.4814814814814814,-6.1022139
O=S(=O)([O-])CCC(F)(F)C(F)(F)C(F)(F)C(F)(F)C(F)(F)C(F)(F)C(F)(F)C(F)(F)C(F)(F)C(F)(F)F,627.1860000000001,6.201700000000003,187.85849375768376,57.2,0.0,3.0,11.0,0.0,0.3666666666666666,0.2903225806451613,-8.13591
O=CC=C(F)C(F)(F)C(F)(F)C(F)(F)F,242.065,2.8716,77.36016389108197,17.07,0.0,1.0,3.0,0.0,0.2666666666666666,0.3214285714285714,-4.9005256
O=C(O)/C=C/C(F)(F)C(F)(F)C(F)(F)C(F)(F)C(F)(F)F,340.088,3.7307,107.3808880808499,37.3,1.0,1.0,5.0,0.0,0.3448275862068966,0.4615384615384615,-5.7935801
O=C(O)CNS(=O)(=O)C(F)(F)C(F)(F)C(F)(F)C(F)(F)C(F)(F)C(F)(F)F,457.16399999999993,2.6867,138.71219999490972,83.47,2.0,3.0,8.0,0.0,0.4516129032258064,0.375,-6.629066
FC(F)=C(Cl)C(F)C(F)(F)C(F)C(F)(F)F,280.51699999999994,4.2071000000000005,87.6674434208461,0.0,0.0,0.0,3.0,0.0,0.1142857142857142,0.1176470588235294,-5.195231
CCS(=O)(=O)C(F)(F)C(F)(F)F,212.13899999999995,1.5762,65.28715276743715,34.14,0.0,2.0,2.0,0.0,0.3076923076923077,0.1785714285714285,-4.8771944
Cc1cc(C#N)ccc1C(=O)Nc1cc(C(=O)Nc2c(Cl)cc(C(F)(C(F)(F)F)C(F)(F)F)cc2Br)ccc1C#N,661.759,7.948280000000004,240.0026180300456,105.78,2.0,4.0,5.0,3.0,0.0833333333333333,0.1,-8.8782644
F/C(=N\C(F)(F)C(F)(F)C(F)(F)C(F)(F)F)C(F)(F)C(F)(F)C(F)(F)F,433.061,5.613000000000001,129.00327016421193,12.36,0.0,1.0,5.0,0.0,0.2666666666666666,0.3214285714285714,-5.9921651
Oc1ccc(CC(F)(F)C(F)(F)C(F)(F)C(F)(F)C(F)(F)C(F)(F)C(F)(F)C(F)(F)C(F)(F)C(F)(F)F)cc1,626.2000000000002,8.214700000000006,199.71624359150653,20.23,1.0,1.0,10.0,1.0,0.2647058823529412,0.2727272727272727,-7.9077568
Cc1cc(C(F)(C(F)(F)F)C(F)(F)F)cc(C)c1NC(=O)c1cccc(NC(=O)c2ccccc2)c1F,530.4150000000002,7.236540000000004,204.84723812311472,58.2,2.0,2.0,5.0,3.0,0.1052631578947368,0.1481481481481481,-8.4870214
COc1cc(N)c(OC(F)=C(F)C(F)(F)C(F)(F)C(F)(F)C(F)(F)C(F)(F)C(F)(F)C(F)(F)F)cc1N,584.2259999999999,6.720600000000003,192.11219493406395,70.5,2.0,4.0,9.0,1.0,0.2045454545454545,0.2682926829268293,-8.1207705
FC=CC(F)C(F)(F)C(F)(C(F)(F)F)C(F)(F)F,296.07899999999995,4.2759,92.06019011421353,0.0,0.0,0.0,3.0,0.0,0.1212121212121212,0.125,-4.9926567
O=C(Nc1ccc2c(c1)OC(F)(F)C(F)(F)O2)c1c[nH]c2ccccc2c1=O,394.28,3.7372000000000014,153.24094348231756,80.42,2.0,4.0,2.0,4.0,0.0491803278688524,0.0677966101694915,-6.9487653
FC(F)(F)CSSC(F)(F)C(F)(F)F,266.178,4.0852,80.80454273150939,0.0,0.0,2.0,3.0,0.0,0.1290322580645161,0.1333333333333333,-5.2902832
CCCC[n+]1ccn(CCC(F)(F)C(F)(F)C(F)(F)C(F)(F)C(F)(F)C(F)(F)F)c1,471.281,5.704600000000004,160.81142010544875,8.809999999999999,0.0,1.0,10.0,1.0,0.1702127659574468,0.1739130434782608,-8.1560707
CCCCCCCCC(CCC(F)(F)C(F)(F)C(F)(F)C(F)(F)C(F)(F)C(F)(F)F)C(OCCC)(OCCC)OCCC,662.6119999999995,10.805799999999993,243.7203419287031,27.69,0.0,3.0,24.0,0.0,0.1739130434782608,0.1777777777777777,-8.5111656
O=S(=O)([O-])C(F)(F)C(F)(F)C(F)(F)C(F)(F)C(F)(F)C(F)(F)C(F)(F)CCCCC(F)(F)F,555.2260000000002,6.058900000000003,171.19635214597884,57.2,0.0,3.0,11.0,0.0,0.2941176470588235,0.1621621621621621,-7.2683325
C[SiH](C)OC(F)(F)C(F)(F)C(F)(F)F,244.182,2.7768000000000006,76.57230292849506,9.23,0.0,1.0,3.0,0.0,0.2068965517241379,0.2142857142857142,-5.6203384
O=S(=O)([O-])C(F)(F)C(F)(F)C(F)CCCCCCCC(F)(F)F,379.2890000000001,4.390800000000003,127.34159140524616,57.2,0.0,3.0,10.0,0.0,0.175,0.0952380952380952,-6.9280424
CC(F)(C(F)(F)C(F)(F)F)S(=O)(=O)O,246.128,1.7575,74.4559257986174,54.370000000000005,1.0,2.0,2.0,0.0,0.5,0.2962962962962963,-4.8086176
O=S(=O)([O-])C(F)(F)C(F)(F)C(F)(F)C(F)(F)C(F)(F)CCCCCCC(F)(F)F,483.2660000000002,5.568500000000002,154.5342105342739,57.2,0.0,3.0,11.0,0.0,0.2857142857142857,0.1578947368421052,-7.2996578
FC(F)(F)C(F)(F)C(F)(F)[CH2][Sn],301.757,2.4061000000000003,76.20165207810999,0.0,0.0,0.0,2.0,0.0,0.2307692307692307,0.24,13.575521
OC(Cn1cnnn1)(c1ccc(F)cc1F)C(F)(F)c1ccc(-c2ccc(OCC(F)(F)C(F)(F)F)cc2)cn1,577.4070000000002,5.269500000000002,218.3930205687176,85.95,1.0,7.0,9.0,4.0,0.0694444444444444,0.0704225352112676,-8.101263
O=C(NC(Cc1ccc2c(c1)OC(F)(F)C(F)(F)O2)C(O)c1ccc(F)cc1)c1ccc(F)c2ccccc12,547.4510000000001,6.149500000000004,217.1369985086296,67.79,2.0,4.0,6.0,5.0,0.0579710144927536,0.0746268656716417,-8.6385727
Nc1c(Cl)cc(S(=O)C(F)(F)C(F)(F)C(F)(F)C(F)(F)F)cc1Cl,428.103,5.1089,139.7016675577715,43.09,1.0,2.0,4.0,1.0,0.2051282051282051,0.2105263157894736,-6.2536221
FC(F)(F)C(F)(F)C(F)(F)CNc1n[nH]c2cc(Cl)c(-c3ccccc3)cc12,425.7350000000002,6.128100000000002,158.03906851622148,40.71,2.0,2.0,5.0,3.0,0.1052631578947368,0.1272727272727272,-7.1460819
FC(F)(F)C(F)(CCCCCCS)C(F)(F)F,286.256,4.699600000000002,99.9726024268878,0.0,1.0,1.0,6.0,0.0,0.125,0.1290322580645161,-5.9264755
CCC(F)(C(F)(F)F)C(F)(F)F,198.081,3.229300000000001,63.35776730589963,0.0,0.0,0.0,1.0,0.0,0.1538461538461538,0.16,-4.5681863
Cc1cc(C(F)(C(F)(F)F)C(F)(F)Br)ccc1N,336.07300000000004,4.292020000000002,107.09182229729488,26.02,1.0,1.0,2.0,1.0,0.1025641025641025,0.1052631578947368,-5.658772
FC(=C(Cl)C(F)(F)C(F)(F)F)C(F)(F)F,266.48999999999995,4.1662,81.30250130644953,0.0,0.0,0.0,1.0,0.0,0.1666666666666666,0.2142857142857142,-4.9500141
CC(C)C(F)(C(F)(F)F)C(F)(F)F,212.108,3.4753000000000016,69.72270942029624,0.0,0.0,0.0,1.0,0.0,0.1538461538461538,0.16,-4.7508278
FC(F)(F)C(F)(F)C(F)(F)C(F)(F)C=CC(C(F)(F)F)(C(F)(F)F)C(F)(F)F,464.09,6.684100000000003,140.31376427788695,0.0,0.0,0.0,4.0,0.0,0.25,0.2592592592592592,-5.8822966
N#Cc1ccc(C(=O)Nc2c(Br)cc(C(F)(C(F)(F)F)C(F)(F)F)cc2C(F)(F)F)c(F)c1NC(=O)c1ccc(Cl)nc1,709.6969999999999,8.32108,245.1268858268317,94.88,2.0,4.0,5.0,3.0,0.081081081081081,0.0972222222222222,-8.6074991
CN(C(=O)c1ccc(F)cc1)c1cccc(C(=O)Nc2c(I)cc(C(F)(C(F)(F)F)C(F)(F)C(F)(F)F)cc2C(F)(F)F)c1,760.2880000000004,8.902700000000001,251.5116668597816,49.41,1.0,2.0,6.0,3.0,0.1176470588235294,0.1363636363636363,-8.9329557
NCCC(F)(F)C(F)(F)C(F)(F)C(F)(F)C(F)(F)C(F)(F)C(F)(F)C(F)(F)C(F)(F)C(F)(F)C(F)(F)C(F)(F)F,663.1590000000002,7.885800000000005,200.961774285154,26.02,1.0,1.0,12.0,0.0,0.2857142857142857,0.2962962962962963,-6.8139768
FC#CC(F)(F)C(F)(F)C(F)(F)F,212.039,2.7497,66.52252810068512,0.0,0.0,0.0,1.0,0.0,0.2222222222222222,0.2307692307692307,-4.6159472
NCC(F)(C(=O)O)C(F)(F)F,175.08099999999996,0.3002999999999997,58.7918655319768,63.32000000000001,2.0,2.0,2.0,0.0,0.2,0.3461538461538461,-4.2989559
FC(F)=C(Cl)C(F)(F)C(F)(F)C(F)C(F)(F)C(F)C(F)(F)F,380.531,5.477700000000002,117.05946926134426,0.0,0.0,0.0,5.0,0.0,0.1052631578947368,0.1388888888888889,-5.5764852
F/C=C(/F)C(F)(F)F,132.031,2.3290999999999995,41.60720923906968,0.0,0.0,0.0,0.0,0.0,0.1481481481481481,0.1538461538461538,-3.7391801
FC(F)(F)C1(F)N2C(F)(F)C(F)(F)C(F)(F)C(F)(F)C2(F)C(F)(F)C(F)(F)C1(F)F,495.079,5.614100000000001,148.91707407614234,3.24,0.0,1.0,0.0,2.0,0.0833333333333333,0.0857142857142857,-5.6653452
FC(F)(F)C(F)(F)C(F)(F)C(F)(F)C1(F)C(F)(F)C(F)(F)C(F)(F)C1(F)F,450.063,5.717700000000002,133.6325940421454,0.0,0.0,0.0,3.0,1.0,0.25,0.2592592592592592,-5.543189
FC(F)(F)N(C(F)(F)C(F)(F)C(F)(F)F)[C@]1(F)C(F)(F)C(F)(F)[C@@](F)(C(F)(F)F)C(F)(F)C1(F)F,583.0820000000001,7.089800000000004,172.94998895577316,3.24,0.0,1.0,3.0,1.0,0.1621621621621621,0.1666666666666666,-6.250164
FC(F)(F)C(F)(F)C(F)(F)C(F)(F)C(F)(F)C(F)(F)C(F)(F)C(F)(Cl)Cl,470.962,6.461400000000001,140.54894472918892,0.0,0.0,0.0,6.0,0.0,0.3478260869565217,0.3636363636363636,-6.080996
C=CC(=O)OCCS(=O)(=O)C(F)(F)C(F)(F)C(F)(F)C(F)(F)C(F)(F)C(F)(F)C(F)(F)C(F)(F)F,582.2280000000001,5.0973000000000015,181.14352092948772,60.440000000000005,0.0,4.0,11.0,0.0,0.3783783783783784,0.282051282051282,-7.5722098
C=CC(=O)OCC(F)(F)C(F)(F)C(F)(F)C(F)(F)C(F)(F)C(F)(F)C(F)(F)C(F)(F)C(F)(F)C(F)(F)C(F)(C(F)F)C(F)(F)F,736.1810000000004,8.604300000000002,227.46770963162373,26.3,0.0,2.0,14.0,0.0,0.1860465116279069,0.2195121951219512,-7.3315558
COC(F)(F)C(F)(F)C(=O)O,176.065,0.9455,58.56552006447097,46.53,1.0,2.0,3.0,0.0,0.1612903225806451,0.4,-4.347342
O=S(=O)(O)C(F)(F)C(F)(F)C(F)(F)C(F)(F)C(F)(F)C(F)(F)/C(F)=C(\F)C(F)(F)F,512.137,5.356400000000002,151.41192277060478,54.370000000000005,1.0,2.0,7.0,0.0,0.5555555555555556,0.28125,-6.6201496
O=S(=O)(O)C(F)(F)C(F)(F)C(F)C(F)(F)F,282.10799999999995,2.0027,82.78699660446988,54.370000000000005,1.0,2.0,3.0,0.0,0.4074074074074074,0.15625,-5.1886578
C[N+](C)(C)CCCNS(=O)(=O)C(F)(F)C(F)(F)F,299.285,1.1572,102.4019660760588,46.17,1.0,2.0,6.0,0.0,0.2162162162162162,0.1282051282051282,-6.1300969
CN(C)CCCN(CCC(=O)O)S(=O)(=O)C(F)(F)C(F)(F)C(F)(F)F,406.32,1.835,138.78361907734086,77.92,1.0,4.0,10.0,0.0,0.2682926829268293,0.2439024390243902,-7.1479254
O=C(C(F)(F)F)C(F)(F)C(F)(F)C(F)(F)C(F)(F)C(F)(F)C(F)(F)C(F)(F)C(F)(F)S(=O)(=O)O,578.143,5.045500000000003,170.9590608230819,71.44,1.0,3.0,9.0,0.0,0.5769230769230769,0.3333333333333333,-6.9197679
O=S(=O)(NS(=O)(=O)C(F)(F)C(F)(F)C(F)(F)C(F)(F)C(F)(F)C(F)(F)C(F)(F)F)C(F)(F)C(F)(F)C(F)(F)C(F)(F)C(F)(F)C(F)(F)C(F)(F)F,881.2390000000005,7.898800000000005,255.52097457121067,80.31,1.0,4.0,14.0,0.0,0.5416666666666666,0.3333333333333333,-7.9876556
C[N+](CCO)(CCCNS(=O)(=O)C(F)(F)C(F)(F)C(F)(F)C(F)(F)C(F)(F)C(F)(F)F)CCCS(=O)(=O)O,637.4569999999999,2.7090000000000005,206.7037138624816,120.77,3.0,5.0,16.0,0.0,0.3333333333333333,0.2040816326530612,-8.86413
C[N+](C)(CCCN(CCCS(=O)(=O)O)S(=O)(=O)C(F)(F)C(F)(F)C(F)(F)C(F)(F)C(F)(F)C(F)(F)C(F)(F)F)CCCS(=O)(=O)[O-],778.5750000000002,3.629500000000003,251.1739847559638,148.95,1.0,7.0,19.0,0.0,0.3260869565217391,0.2,-10.584421
OCC(O)COCCC(F)(F)C(F)(F)C(F)(F)C(F)(F)C(F)(F)C(F)(F)C(F)(F)C(F)(F)F,538.1940000000001,4.755700000000003,170.6346709842337,49.69,2.0,3.0,12.0,0.0,0.2368421052631578,0.2777777777777778,-7.6054931
C[N+](C)(CC[O-])CCCN(CCO)S(=O)(=O)C(F)(F)C(F)(F)C(F)(F)F,422.363,0.2277,145.99124433048502,80.67,1.0,4.0,11.0,0.0,0.2444444444444444,0.1702127659574468,-7.6769538
C[N+](C)(CCO)CC(O)CNS(=O)(=O)C(F)(F)C(F)(F)C(F)(F)C(F)(F)C(F)(F)C(F)(F)F,545.3380000000001,2.0317,177.1394273758437,86.63,3.0,4.0,12.0,0.0,0.3255813953488372,0.217391304347826,-7.8361945
C[N+](C)(C)CCCN(CCC(=O)O)S(=O)(=O)C(F)(F)C(F)(F)C(F)(F)C(F)(F)C(F)(F)F,521.369,3.2502000000000013,174.75055851883096,74.68,1.0,3.0,12.0,0.0,0.3333333333333333,0.2790697674418604,-8.3474693
CC(C)O[Si](O)(CCC(F)(F)C(F)(F)C(F)(F)C(F)(F)C(F)(F)C(F)(F)F)O[Si](CCC(F)(F)C(F)(F)C(F)(F)C(F)(F)C(F)(F)C(F)(F)F)(OC(C)C)OC(C)C,960.6300000000005,11.405899999999985,310.55214258385735,57.150000000000006,1.0,5.0,22.0,0.0,0.2045454545454545,0.2093023255813953,-9.7302046
C[N+](C)(CCC(F)(F)C(F)(F)C(F)(F)C(F)(F)C(F)(F)C(F)(F)C(F)(F)C(F)(F)C(F)(F)C(F)(F)F)CC(=O)[O-],649.235,5.482800000000005,206.61518721426805,40.13,0.0,2.0,13.0,0.0,0.2631578947368421,0.3055555555555556,-8.1794252
C[N+](C)(CCCCC(F)(F)C(F)(F)C(F)(F)C(F)(F)C(F)(F)C(F)(F)F)CC(=O)[O-],477.261,3.7218000000000018,160.56101976206494,40.13,0.0,2.0,11.0,0.0,0.2439024390243902,0.282051282051282,-7.4968166
CO[Si](CCCNC(=O)C(F)(F)C(F)(F)C(F)(F)C(F)(F)C(F)(F)C(F)(F)F)(OC)OC,525.3340000000001,4.109600000000002,172.0735094429042,56.790000000000006,1.0,4.0,12.0,0.0,0.2439024390243902,0.3513513513513513,-8.7072563
C[N+](C)(CCO)CCCN(CC(O)CS(=O)(=O)O)S(=O)(=O)C(F)(F)C(F)(F)C(F)(F)C(F)(F)C(F)(F)F,617.4760000000002,1.3867000000000007,203.3768482954204,132.21,3.0,6.0,15.0,0.0,0.3061224489795918,0.1886792452830188,-9.6701164
O=P(O)(OCCCCCCCCCCCC(F)(F)C(F)(F)C(F)(F)C(F)(F)C(F)(F)C(F)(F)C(F)(F)C(F)(F)F)OCCCCCCCCCCCC(F)(F)C(F)(F)C(F)(F)C(F)(F)C(F)(F)C(F)(F)C(F)(F)C(F)(F)F,1242.68,18.940800000000007,412.4412478456807,55.760000000000005,1.0,3.0,38.0,0.0,0.2631578947368421,0.2702702702702703,-11.437119
OCC=C(F)C(F)(F)C(F)(F)C(F)(F)C(F)(F)C(F)(F)F,344.095,3.9356,107.38490138373236,20.23,1.0,1.0,5.0,0.0,0.2903225806451613,0.3928571428571428,-5.6198211
OCCCC(F)(F)C(F)(F)C(F)(F)C(F)(F)C(F)(F)C(F)(F)C(F)(C(F)(F)F)C(F)(F)F,528.149,6.403600000000004,162.6930206939867,20.23,1.0,1.0,9.0,0.0,0.2121212121212121,0.21875,-6.833343
C=CC(=O)OCC(O)COCCC(F)(F)C(F)(F)C(F)(F)C(F)(F)C(F)(F)C(F)(F)F,492.2279999999999,4.222000000000002,164.12870203209576,55.760000000000005,1.0,4.0,12.0,0.0,0.217391304347826,0.25,-8.0336857
CC(C)OC(=O)C[N+](C)(C)CCCNC(=O)C(F)(F)C(F)(F)C(F)(F)C(F)(F)C(F)(F)C(F)(F)C(F)(F)C(F)(F)F,649.3620000000002,5.5301000000000045,219.0785677067156,55.4,1.0,3.0,14.0,0.0,0.2,0.2826086956521739,-9.6449852
C[N+](C)(CCCNC(=O)CSCCC(F)(F)C(F)(F)C(F)(F)C(F)(F)C(F)(F)C(F)(F)C(F)(F)C(F)(F)C(F)(F)C(F)(F)C(F)(F)C(F)(F)C(F)(F)C(F)(F)F)CC(=O)O,981.4710000000003,9.598200000000002,317.0584437762644,66.4,2.0,3.0,23.0,0.0,0.1886792452830188,0.24,-8.9151268
C[N+](C)(C)CCCNC(=O)CSCCC(F)(F)C(F)(F)C(F)(F)C(F)(F)C(F)(F)C(F)(F)F,537.4060000000001,5.061000000000004,184.16964244763545,29.1,1.0,2.0,13.0,0.0,0.2083333333333333,0.2391304347826087,-8.8898706
CN(C)CCCNC(=O)C(F)(F)C(F)(F)C(F)(F)C(F)(F)C(F)(F)F,398.216,3.1578000000000017,133.68077955783937,32.34,1.0,2.0,8.0,0.0,0.2564102564102564,0.3714285714285714,-6.9465714
C[N+](C)(C)CCCNCS(=O)(=O)C(F)(F)C(F)(F)C(F)(F)C(F)(F)C(F)(F)C(F)(F)C(F)(F)C(F)(F)F,613.3540000000002,5.011500000000003,196.80760820132136,46.17,1.0,3.0,13.0,0.0,0.3421052631578947,0.2195121951219512,-8.5132322
O=C(O)C(F)(F)C(F)(F)OC(F)(F)C(F)(F)C(F)(F)C(F)(F)F,380.056,3.7414,115.15016503399688,46.53,1.0,2.0,6.0,0.0,0.2903225806451613,0.56,-5.4461079
CCN(CCNCCNCCNc1nc(=O)[nH]c(=O)[nH]1)S(=O)(=O)C(F)(F)C(F)(F)C(F)(F)C(F)(F)C(F)(F)C(F)(F)C(F)(F)C(F)(F)F,767.4630000000004,2.6679000000000017,255.2367630559583,152.07999999999996,5.0,8.0,19.0,1.0,0.2363636363636363,0.1551724137931034,-9.0239782
O=S(=O)(OS(=O)(=O)C(F)(F)C(F)(F)C(F)(F)C(F)(F)C(F)(F)C(F)(F)C(F)(F)C(F)(F)F)C(F)(F)C(F)(F)C(F)(F)C(F)(F)C(F)(F)C(F)(F)C(F)(F)C(F)(F)F,982.2370000000006,9.596400000000004,284.62393618846664,77.51,0.0,5.0,16.0,0.0,0.5416666666666666,0.3333333333333333,-8.867382
OC(CSCCC(F)(F)C(F)(F)C(F)(F)C(F)(F)C(F)(F)C(F)(F)F)CSCCC(F)(F)C(F)(F)C(F)(F)C(F)(F)C(F)(F)C(F)(F)F,816.4020000000005,10.071499999999997,256.652583365977,20.23,1.0,3.0,18.0,0.0,0.2571428571428571,0.2647058823529412,-9.0739193
O=P(O)(C(F)(F)C(F)(F)C(F)(F)C(F)(F)C(F)(F)C(F)(F)C(F)(F)C(F)(F)F)C(F)(F)C(F)(F)C(F)(F)C(F)(F)C(F)(F)C(F)(F)C(F)(F)C(F)(F)C(F)(F)C(F)(F)F,1002.1020000000008,12.461199999999998,291.4041161941853,37.3,1.0,1.0,16.0,0.0,0.3846153846153846,0.4,-8.3286276
C[N+](C)(CCCCC(F)(F)C(F)(F)C(F)(F)C(F)(F)C(F)(F)C(F)(F)C(F)(F)C(F)(F)C(F)(F)C(F)(F)F)CC(=O)[O-],677.2890000000001,6.263000000000007,219.34507144306124,40.13,0.0,2.0,15.0,0.0,0.2439024390243902,0.282051282051282,-9.325058
O=C(C(F)(F)F)C(F)(F)OC(F)(C(F)(F)F)C(F)(F)OC(F)(F)F,398.046,4.0845,119.635011914234,35.53,0.0,3.0,5.0,0.0,0.2,0.2058823529411764,-5.673697
CC[Si](Cl)(CC)CCC(F)(F)C(F)(F)C(F)(F)C(F)(F)C(F)(F)C(F)(F)F,468.757,7.339400000000005,150.29518786726322,0.0,0.0,0.0,9.0,0.0,0.2285714285714285,0.2352941176470588,-7.32798
CCC[Si](Cl)(CCC)CCC(F)(F)C(F)(F)C(F)(F)C(F)(F)C(F)(F)F,446.8039999999999,7.484300000000005,148.32905917580737,0.0,0.0,0.0,10.0,0.0,0.2222222222222222,0.2285714285714285,-7.638041
C[N+](C)([O-])CCCNC(=O)C(F)(OC(F)(F)C(F)(OC(F)(F)C(F)(OC(F)(F)C(F)(F)C(F)(F)C(F)(F)F)C(F)(F)F)C(F)(F)F)C(F)(F)F,812.2610000000005,7.412300000000003,256.8517494263729,79.85000000000001,1.0,5.0,15.0,0.0,0.196078431372549,0.2,-8.9642639
CC[Si](CC)(CCC(F)(F)C(F)(F)C(F)(F)C(F)(F)C(F)(F)C(F)(F)F)OC,464.338,6.747000000000005,151.8883776424221,9.23,0.0,1.0,10.0,0.0,0.2162162162162162,0.2222222222222222,-7.7994251
C[N+](C)([O-])CCCNC(=O)C1(F)C(F)(F)C(F)(F)C(F)(OC(F)(F)F)C(F)(F)C1(F)F,492.232,3.5322000000000022,163.80769240673203,61.39,1.0,3.0,6.0,1.0,0.0961538461538461,0.12,-7.046381
CO[Si](CCC(F)(F)F)(CCC(F)(F)F)CCC(F)(F)C(F)(F)C(F)(F)C(F)(F)F,500.318,7.341400000000005,160.21944844827465,9.23,0.0,1.0,10.0,0.0,0.1891891891891892,0.1944444444444444,-7.7743392
CCO[Si](C)(C)CCC(F)(F)C(F)(F)C(F)(F)C(F)(F)C(F)(F)F,400.3039999999999,5.721600000000003,130.8274226077764,9.23,0.0,1.0,8.0,0.0,0.2162162162162162,0.2222222222222222,-7.2326646
CN(C)CCCN(C)S(=O)(=O)CCC(F)(F)C(F)(F)C(F)(F)C(F)(F)C(F)(F)C(F)(F)F,526.359,4.328600000000004,173.9159019858483,40.620000000000005,0.0,3.0,12.0,0.0,0.275,0.2195121951219512,-7.9658442
CCCCCCCCCCCCCCCC(=O)OCCOCCOCCOCCOCCOCCOCCOCCC(F)(F)C(F)(F)C(F)(F)C(F)(F)C(F)(F)C(F)(F)C(F)(F)C(F)(F)F,1010.9010000000007,11.526599999999988,372.85597927514215,90.91000000000004,0.0,9.0,44.0,0.0,0.217391304347826,0.25,-9.4466009
O=C(O)CC(F)(F)C(F)(F)C(F)(F)C(F)(F)F,278.06999999999994,2.9293000000000005,87.00953607838848,37.3,1.0,1.0,4.0,0.0,0.3214285714285714,0.44,-5.2457552
C[N+](C)(CCCNS(=O)(=O)C(F)(F)C(F)(F)C(F)(F)C(F)(F)C(F)(F)C(F)(F)C(F)(F)C(F)(F)F)CCC(=O)[O-],656.355,3.4792000000000014,212.2636836785862,86.3,1.0,4.0,15.0,0.0,0.3181818181818182,0.2391304347826087,-8.3345127
O=S(=O)(N(CC(O)CO)CC(O)CO)C(F)(F)C(F)(F)C(F)(F)C(F)(F)C(F)(F)C(F)(F)C(F)(F)C(F)(F)F,647.3000000000002,2.291500000000001,203.99514493613395,118.3,4.0,6.0,14.0,0.0,0.4117647058823529,0.3055555555555556,-8.4326906
FC(F)(F)C(F)(F)C(F)(F)C(F)(F)C(F)(F)C(F)(F)CCCCC(F)(F)C(F)(F)C(F)(F)C(F)(F)C(F)(F)C(F)(F)F,694.1880000000004,10.024399999999998,212.5173032198608,0.0,0.0,0.0,13.0,0.0,0.3076923076923077,0.32,-8.3888931
O=S(=O)(ON=C(c1ccc2c(c1)Cc1ccccc1-2)C(F)(F)C(F)(F)C(F)(F)C(F)F)C(F)(F)C(F)(F)C(F)(F)C(F)(F)F,691.3590000000003,7.905000000000006,232.74349763843347,55.73,0.0,4.0,10.0,3.0,0.2241379310344827,0.1666666666666666,-8.4207764
CCCCCCNS(=O)(=O)C(F)(F)C(F)(F)C(F)(F)C(F)(F)C(F)(F)C(F)(F)C(F)(F)C(F)(F)F,583.3040000000001,6.453000000000004,184.6082384407545,46.17,1.0,2.0,13.0,0.0,0.4117647058823529,0.2368421052631578,-8.0341902
O=C(O)C(F)(F)C(F)OC(F)(F)C(F)(F)OC(F)(F)OC(F)(F)OC(F)(F)F,460.0700000000001,3.8743,141.02127823984037,74.22000000000001,1.0,5.0,10.0,0.0,0.119047619047619,0.2105263157894736,-6.566412
O=C(O)COC(F)(F)C(F)(F)OC(F)(F)C(F)(F)C(F)(F)F,360.07499999999993,3.0802,111.9326394576513,55.760000000000005,1.0,3.0,7.0,0.0,0.2285714285714285,0.3125,-6.3398752
C[N+](C)([O-])CCCN(CCN(CCC[N+](C)(C)[O-])S(=O)(=O)C(F)(F)C(F)(F)C(F)(F)C(F)(F)F)S(=O)(=O)C(F)(F)C(F)(F)C(F)(F)C(F)(F)F,826.5640000000004,5.030000000000005,271.1301623962196,120.87999999999997,0.0,6.0,19.0,0.0,0.3421052631578947,0.2195121951219512,-8.3667898
C[N+](C)(CCO)CCC[N-]S(=O)(=O)C(F)(F)C(F)(F)C(F)(F)C(F)(F)C(F)(F)C(F)(F)C(F)(F)C(F)(F)F,628.3450000000003,5.115600000000004,201.73721946414585,68.47,1.0,3.0,14.0,0.0,0.35,0.2325581395348837,-8.6866846
O=S(=O)([O-])CCC(F)(F)C(F)(F)F,227.13,1.1193,70.29039039569118,57.2,0.0,3.0,3.0,0.0,0.2333333333333333,0.1612903225806451,-5.0816817
O=C(O)CCSC(CO)C(CO)C(F)(F)C(F)(F)F,312.256,1.3613000000000002,109.15379833963064,77.76,3.0,4.0,8.0,0.0,0.1428571428571428,0.2051282051282051,-6.4886713
O=S(=O)(O)C(O)CC(F)(F)C(F)(F)C(F)(F)C(F)(F)C(F)(F)C(F)(F)C(F)(F)C(F)(F)C(F)(F)C(F)(F)C(F)(F)C(F)(F)C(F)(F)F,794.2140000000003,7.768600000000005,236.74076627062692,74.60000000000001,2.0,3.0,14.0,0.0,0.4333333333333333,0.3125,-8.818738
O=C(CC(F)(F)C(F)(F)C(F)(F)C(F)(F)C(F)(F)C(F)(F)F)CS(=O)(=O)O,456.176,3.5722000000000005,139.60090629112787,71.44,1.0,3.0,8.0,0.0,0.4193548387096774,0.34375,-6.682219
O=C(CC(F)(F)C(F)(F)C(F)(F)C(F)(F)C(F)(F)C(F)(F)C(F)(F)C(F)(F)C(F)(F)C(F)(F)C(F)(F)F)CS(=O)(=O)O,706.2110000000002,6.748700000000006,213.08097089237327,71.44,1.0,3.0,13.0,0.0,0.4193548387096774,0.34375,-8.41605
CN(C)CCC(NS(=O)(=O)C(F)(F)C(F)(F)C(F)(F)F)C(=O)O,378.266,1.1011000000000002,125.84376336195233,86.71000000000001,2.0,4.0,8.0,0.0,0.2619047619047619,0.238095238095238,-6.3417821
CN(C)CCC(NS(=O)(=O)C(F)(F)C(F)(F)C(F)(F)C(F)(F)C(F)(F)C(F)(F)C(F)(F)C(F)(F)C(F)(F)C(F)(F)C(F)(F)C(F)(F)F)C(=O)O,828.3290000000004,6.818800000000005,258.107879644194,86.71000000000001,2.0,4.0,17.0,0.0,0.3414634146341463,0.2857142857142857,-8.3110209
CNCCCNS(=O)(=O)CCC(F)(F)C(F)(F)C(F)(F)C(F)(F)C(F)(F)C(F)(F)C(F)(F)C(F)(F)C(F)(F)C(F)(F)C(F)(F)C(F)(F)F,798.3470000000003,7.456000000000005,248.9421523053589,58.2,2.0,3.0,18.0,0.0,0.275,0.2195121951219512,-9.0246992
NCCCNS(=O)(=O)CCC(F)(F)C(F)(F)C(F)(F)C(F)(F)F,384.2639999999999,2.1129,124.79913534237431,72.19,2.0,3.0,9.0,0.0,0.2564102564102564,0.2,-6.1492767
NCCCNS(=O)(=O)CCC(F)(F)C(F)(F)C(F)(F)C(F)(F)C(F)(F)C(F)(F)C(F)(F)C(F)(F)C(F)(F)C(F)(F)C(F)(F)C(F)(F)F,784.3200000000003,7.195300000000004,242.3672387043669,72.19,2.0,3.0,17.0,0.0,0.282051282051282,0.225,-8.8855705
O=S(O)CCC(F)(F)C(F)(F)C(F)(F)C(F)(F)F,312.1529999999999,3.0664000000000007,96.43127205797865,37.3,1.0,1.0,5.0,0.0,0.2903225806451613,0.3,-6.1101751
CC(C)OC(=O)C[N+](C)(C)CCCNC(=O)C(F)(F)C(F)(F)F,349.31999999999994,1.7183,130.90249018522115,55.4,1.0,3.0,8.0,0.0,0.12,0.1702127659574468,-7.4919882
CNS(=O)(=O)C(F)(F)C(F)(F)C(F)(F)C(F)(F)C(F)(F)C(F)(F)C(F)(F)C(F)(F)C(F)(F)F,563.176,5.137800000000001,167.47954078902058,46.17,1.0,2.0,9.0,0.0,0.5,0.3103448275862069,-6.9876485
O=S(=O)(O)C(F)(F)C(F)(F)C(F)(F)C(F)(F)C(F)(F)C(F)(F)C(F)(F)C(F)(F)C(F)(F)C(F)(F)C(F)(F)C(F)(F)C(F)(F)C(F)(F)OC(F)(F)F,866.1740000000004,9.219800000000005,253.7222193596428,63.60000000000001,1.0,3.0,15.0,0.0,0.5769230769230769,0.2121212121212121,-8.5019522
O=S(O)C(F)(F)C(F)(F)C(F)(F)C(F)(F)C(F)(F)C(F)(F)C(F)(F)C(F)(F)C(F)(F)C(F)(F)C(F)(F)F,634.1480000000001,7.080900000000003,186.57347827092897,37.3,1.0,1.0,10.0,0.0,0.3846153846153846,0.4,-7.4988852
O=S(=O)(O)OC(F)(F)C(F)(F)C(F)(F)C(F)(F)C(F)(F)C(F)(F)C(F)(F)C(F)(F)C(F)(F)C(F)(F)C(F)(F)C(F)(F)F,716.1530000000002,7.313900000000004,209.8431844749536,63.60000000000001,1.0,3.0,12.0,0.0,0.5,0.3571428571428571,-8.1481915
O=S(=O)(O)OC(F)(F)C(F)(F)C(F)(F)C(F)(F)C(F)(F)C(F)(F)C(F)(F)C(F)(F)C(F)(F)C(F)(F)F,616.1390000000001,6.043300000000002,180.45115863445545,63.60000000000001,1.0,3.0,10.0,0.0,0.5,0.3571428571428571,-7.4307985
C[N+](C)(CCCN(CCC(=O)O)S(=O)(=O)C(F)(F)C(F)(F)C(F)(F)C(F)(F)C(F)(F)C(F)(F)C(F)(F)C(F)(F)F)CCC(=O)[O-],728.4180000000001,3.6663000000000014,240.52423736061112,114.81,1.0,5.0,18.0,0.0,0.2916666666666667,0.2448979591836734,-9.0883465
CCN(CCC[N+](C)(C)CCC(=O)[O-])S(=O)(=O)C(F)(F)C(F)(F)C(F)(F)C(F)(F)C(F)(F)C(F)(F)F,584.3950000000001,2.940900000000001,195.81151355347663,77.51,0.0,4.0,14.0,0.0,0.3043478260869565,0.2291666666666666,-8.9085283
CCN(CCC[N+](C)(C)CCC(=O)O)S(=O)(=O)C(F)(F)C(F)(F)C(F)(F)C(F)(F)C(F)(F)C(F)(F)F,585.4030000000001,4.275600000000003,195.81151355347663,74.68,1.0,3.0,14.0,0.0,0.3111111111111111,0.2608695652173913,-8.9605923
O=S(=O)(O)C1(F)C(F)(F)C(F)(F)C(F)(F)C(F)(C(F)(F)F)C1(F)F,412.12299999999993,3.3654,121.70366880876163,54.370000000000005,1.0,2.0,1.0,1.0,0.2424242424242424,0.1764705882352941,-5.5502639
O=S(=O)(O)C1(F)C(F)(F)C(F)(F)C(F)(F)C(F)(C(F)(F)C(F)(F)C(F)(F)C(F)(F)C(F)(F)F)C1(F)F,612.1510000000002,5.906600000000002,180.48772048975795,54.370000000000005,1.0,2.0,5.0,1.0,0.3823529411764705,0.3142857142857143,-6.9422669
C[N+](CCO)(CCCNS(=O)(=O)C(F)(F)C(F)(F)C(F)(F)C(F)(F)C(F)(F)C(F)(F)C(F)(F)C(F)(F)C(F)(F)C(F)(F)C(F)(F)F)CCCS(=O)(=O)O,887.4920000000003,5.885500000000005,280.18377846372687,120.77,3.0,5.0,21.0,0.0,0.3333333333333333,0.2040816326530612,-9.4599533
O=C(O)C(F)(F)C(F)(Cl)C(F)(F)C(F)(F)C(F)(F)C(F)(F)C(F)(F)C(F)(F)C(F)(F)C(F)(F)C(F)(F)C(F)(F)C(F)(F)F,730.5610000000004,8.526200000000005,219.04644107018896,37.3,1.0,1.0,12.0,0.0,0.3448275862068966,0.6521739130434783,-7.3546705
C[N+](C)(CCCNS(=O)(=O)C(F)(F)C(F)(F)C(F)(F)C(F)(F)C(F)(F)C(F)(F)C(F)(F)C(F)(F)C(F)(F)F)CC(=O)[O-],692.3350000000002,3.724400000000002,220.59475448443868,86.3,1.0,4.0,15.0,0.0,0.3255813953488372,0.2444444444444444,-8.9877262
C[N+](C)(CCCN(CC(=O)O)S(=O)(=O)C(F)(F)C(F)(F)F)CC(=O)[O-],400.3220000000001,-0.925699999999998,139.61827561032348,114.81,1.0,5.0,10.0,0.0,0.1875,0.1666666666666666,-7.2716269
C[N+](C)(CCCN(CC(=O)O)S(=O)(=O)C(F)(F)C(F)(F)C(F)(F)C(F)(F)F)CCCS(=O)(=O)[O-],564.4450000000002,1.5303,188.0481237230192,131.88,1.0,6.0,14.0,0.0,0.2708333333333333,0.2244897959183673,-9.0919571
CN(CCC[N+](C)(C)CCCS(=O)(=O)[O-])S(=O)(=O)C(F)(F)C(F)(F)C(F)(F)C(F)(F)F,520.436,2.0755000000000003,172.7274257563827,94.57999999999998,0.0,5.0,12.0,0.0,0.2727272727272727,0.1956521739130435,-8.5008841
CN(CCC[N+](C)(C)CCCS(=O)(=O)[O-])S(=O)(=O)C(F)(F)C(F)(F)C(F)(F)C(F)(F)C(F)(F)C(F)(F)C(F)(F)C(F)(F)C(F)(F)C(F)(F)C(F)(F)F,870.4850000000006,6.522600000000005,275.5995161981262,94.57999999999998,0.0,5.0,19.0,0.0,0.2954545454545454,0.217391304347826,-7.4399681
C[N+](C)(CCCN(CCCS(=O)(=O)O)S(=O)(=O)C(F)(F)C(F)(F)F)CCCS(=O)(=O)O,529.5480000000002,0.7956000000000015,177.69392015471843,146.11999999999998,2.0,6.0,14.0,0.0,0.238095238095238,0.1333333333333333,-8.9930944
C[N+](C)(C)CCCN(CCC(=O)[O-])S(=O)(=O)C(F)(F)C(F)(F)C(F)(F)C(F)(F)C(F)(F)F,520.361,1.9155,174.75055851883096,77.51,0.0,4.0,12.0,0.0,0.3255813953488372,0.2444444444444444,-8.293334
CN(CCC[N+](C)(C)C)S(=O)(=O)C(F)(F)C(F)(F)C(F)(F)C(F)(F)C(F)(F)C(F)(F)C(F)(F)C(F)(F)C(F)(F)F,663.3610000000002,5.946500000000004,211.84897011879423,37.38,0.0,2.0,13.0,0.0,0.3513513513513513,0.2564102564102564,-9.292223
O=S(=O)(O)C(F)(F)C(F)(F)/C(F)=C(\F)C(F)(F)F,312.1089999999999,2.8152,92.62787108960848,54.370000000000005,1.0,2.0,3.0,0.0,0.4074074074074074,0.1935483870967742,-5.0534849
O=S(=O)(O)OC(F)C(F)C(F)C(F)C(F)C(F)C(F)C(F)(F)C(F)(F)F,440.202,3.327600000000001,136.59639789372272,63.60000000000001,1.0,3.0,9.0,0.0,0.2857142857142857,0.1578947368421052,-6.7219625
O=C(O)C(F)C(F)(F)C(F)(F)C(F)(F)C(F)(F)C(F)(F)F,346.06699999999995,3.5126,105.87108440156378,37.3,1.0,1.0,5.0,0.0,0.3448275862068966,0.4615384615384615,-5.5982728
C[N+](C)(C)CCNCC(F)(F)C(F)(F)C(F)(F)C(F)(F)C(F)(F)C(F)(F)C(F)(F)C(F)(F)F,535.2620000000001,5.2916000000000025,173.81726770513814,12.03,1.0,1.0,11.0,0.0,0.2222222222222222,0.2285714285714285,-7.8836565
O=S(=O)(O)C(F)(F)C(Cl)(Cl)C(F)(F)C(F)(F)F,333.008,2.8385,99.22799365530696,54.370000000000005,1.0,2.0,3.0,0.0,0.5833333333333334,0.2758620689655172,-5.2287765
CCCC[N+](C)(C)CC(F)(F)C(F)(F)C(F)(F)C(F)(F)C(F)(F)C(F)F,416.2699999999999,5.304500000000004,141.07478639250232,0.0,0.0,0.0,10.0,0.0,0.1162790697674418,0.119047619047619,-6.9818034
O=S(=O)(O)C(F)(F)C(F)(F)C(F)(F)C(F)(F)C(F)(F)C(F)(F)/C(F)=C(\F)C(F)(F)C(F)(F)C(F)(F)C(F)(F)F,662.1580000000002,7.262300000000004,195.499961531352,54.370000000000005,1.0,2.0,10.0,0.0,0.75,0.4137931034482758,-7.8965096
O=S(=O)(O)C(F)(F)C(Cl)(Cl)C(F)(F)C(F)(F)C(F)(F)C(F)(F)C(F)(F)C(F)(F)C(F)(F)F,583.0430000000001,6.015000000000002,172.70805825655236,54.370000000000005,1.0,2.0,8.0,0.0,0.6666666666666666,0.3448275862068966,-7.0632095
O=S(=O)(O)C(F)(F)C(Cl)(Cl)C(F)(F)C(F)(F)C(F)(F)C(F)(F)C(F)(F)C(F)(F)C(F)(F)C(F)(F)C(F)(F)C(F)(F)C(F)(F)F,783.0710000000004,8.556200000000006,231.49210993754863,54.370000000000005,1.0,2.0,12.0,0.0,0.6666666666666666,0.3448275862068966,-8.4508114
CN(C)CCC(CO)N(CCCS(=O)(=O)O)S(=O)(=O)C(F)(F)C(F)(F)C(F)(F)C(F)(F)C(F)(F)C(F)(F)C(F)(F)C(F)(F)C(F)(F)C(F)(F)F,836.4770000000004,5.446200000000005,265.4877655434778,115.22,2.0,6.0,19.0,0.0,0.3260869565217391,0.2,-9.5579863
CC[N+](C)(C)CC(F)(F)C(F)(F)C(F)(F)C(F)F,288.20199999999994,3.253700000000002,98.95287632321096,0.0,0.0,0.0,6.0,0.0,0.1052631578947368,0.1081081081081081,-5.9102058
CC[N+](C)(C)CC(F)(F)C(F)(F)C(F)(F)C(F)(F)C(F)(F)C(F)(F)C(F)(F)C(F)(F)C(F)(F)C(F)F,588.2440000000001,7.0655000000000046,187.1289538447054,0.0,0.0,0.0,12.0,0.0,0.1282051282051282,0.131578947368421,-7.744988
CC[N+](C)(C)CC(F)(F)C(F)(F)C(F)(F)C(F)(F)C(F)(F)C(F)(F)C(F)(F)C(F)(F)C(F)(F)C(F)(F)C(F)F,638.2510000000002,7.700800000000005,201.82496676495447,0.0,0.0,0.0,13.0,0.0,0.1282051282051282,0.131578947368421,-8.5490694
CCC[N+](C)(C)CC(F)(F)C(F)(F)C(F)(F)C(F)(F)C(F)(F)C(F)(F)C(F)(F)C(F)(F)C(F)(F)C(F)(F)C(F)(F)C(F)(F)C(F)(F)C(F)F,802.2990000000003,9.996799999999997,252.2779476400983,0.0,0.0,0.0,17.0,0.0,0.1219512195121951,0.125,-8.752717
C[N+](C)(C)CC(F)(F)C(F)(F)C(F)(F)C(F)(F)C(F)(F)C(F)(F)C(F)F,424.196,4.7695000000000025,136.67597296956157,0.0,0.0,0.0,8.0,0.0,0.1388888888888889,0.1428571428571428,-6.5163803
C[N+](C)(CC(=O)O)CC(F)C(F)(F)C(F)(F)F,268.177,1.6830999999999998,93.21261925520167,37.3,1.0,1.0,5.0,0.0,0.1538461538461538,0.2222222222222222,-6.0301147
C[N+](C)(CCCNS(=O)(=O)C(F)(F)C(F)(F)C(F)(F)C(F)(F)C(F)(F)C(F)(F)C(F)(F)C(F)(F)F)CCC(O)CO,673.4060000000001,4.082500000000005,219.26133744513507,86.63000000000001,3.0,4.0,16.0,0.0,0.3043478260869565,0.2291666666666666,-8.6099777
C[N+](C)(CCC(CO)NS(=O)(=O)C(F)(F)C(F)(F)C(F)(F)C(F)(F)C(F)(F)C(F)(F)C(F)(F)F)CC(O)CO,639.3980000000001,2.4180000000000006,209.359558277082,106.86,4.0,5.0,15.0,0.0,0.3043478260869565,0.2291666666666666,-9.5513096
CCN(CCC[N+](C)(C)CC)S(=O)(=O)C(F)(F)C(F)(F)C(F)(F)C(F)(F)C(F)(F)F,491.387,4.185500000000004,165.79480266659115,37.38,0.0,2.0,11.0,0.0,0.35,0.2325581395348837,-8.0037546
CCNS(=O)(=O)C(F)(F)C(F)(F)C(F)(F)C(F)(F)C(F)(F)C(F)(F)C(F)(F)C(F)(F)C(F)(F)C(F)(F)F,627.2100000000002,6.1632000000000025,188.54049582366628,46.17,1.0,2.0,11.0,0.0,0.4482758620689655,0.28125,-7.8459044
CCNS(=O)(=O)C(F)(F)C(F)(F)C(F)(F)C(F)(F)C(F)(F)C(F)(F)C(F)(F)C(F)(F)C(F)(F)C(F)(F)C(F)(F)C(F)(F)F,727.2240000000003,7.433800000000004,217.9325216641644,46.17,1.0,2.0,13.0,0.0,0.4482758620689655,0.28125,-8.2715273
C[N+](C)(CC(=O)O)CC(F)C(F)(F)C(F)(F)C(F)(F)C(F)(F)C(F)(F)C(F)(F)C(F)(F)F,518.212,4.859600000000002,166.69268385644705,37.3,1.0,1.0,10.0,0.0,0.2564102564102564,0.3333333333333333,-7.5479536
O=S(=O)(O)CC(F)(F)C(F)(F)C(F)(F)C(F)(F)C(F)(F)C(F)(F)C(F)(F)C(F)(F)C(F)(F)C(F)(F)C(F)(F)F,664.1740000000002,6.789500000000003,196.18956456353624,54.370000000000005,1.0,2.0,11.0,0.0,0.5,0.3571428571428571,-8.0557737
O=S(=O)(O)CC(F)(F)C(F)(F)C(F)(F)C(F)(F)C(F)(F)C(F)(F)C(F)(F)C(F)(F)C(F)(F)F,564.1600000000001,5.518900000000001,166.7975387230381,54.370000000000005,1.0,2.0,9.0,0.0,0.5,0.3571428571428571,-7.1661839
O=C([O-])C(F)(F)C(F)(F)C(F)(F)S(F)(F)(F)(F)F,321.08699999999993,2.898199999999999,90.08349134170388,40.13,0.0,2.0,4.0,0.0,0.1875,0.2758620689655172,-4.796463
C[N+](C)(C)CCCNC(=O)CS(=O)CCC(F)(F)C(F)(F)F,353.37699999999995,1.5352999999999997,128.63673494484982,46.17,1.0,2.0,9.0,0.0,0.125,0.1521739130434782,-7.168684
O=C(O)C(F)(F)C(F)(F)C(F)(F)C(F)(F)C(F)(F)C(F)(F)C(F)(F)C(F)(F)C(F)(F)C(F)(F)C(F)(F)C(F)(F)S(F)(F)(F)(F)F,772.1580000000005,9.950600000000003,222.34760762394563,37.3,1.0,1.0,13.0,0.0,0.21875,0.5833333333333334,-7.8151031
NS(=O)(=O)C(F)(F)C(F)(F)C(F)(F)C(F)(F)C(F)(F)C(F)(F)C(F)(F)C(F)(F)C(F)(F)C(F)(F)C(F)(F)F,649.1630000000001,6.147700000000002,190.2966530285268,60.16,1.0,2.0,10.0,0.0,0.5652173913043478,0.3461538461538461,-7.8216715
O=C(O)CNS(=O)(=O)C(F)(F)C(F)(F)C(F)(F)C(F)(F)C(F)(F)C(F)(F)C(F)(F)C(F)(F)C(F)(F)C(F)(F)C(F)(F)C(F)(F)C(F)(F)F,807.2130000000004,7.133800000000004,241.58429043665325,83.47,2.0,3.0,15.0,0.0,0.4516129032258064,0.375,-8.5216503
O=C(O)CCS(=O)CCC(F)(F)C(F)(F)C(F)(F)C(F)(F)F,368.2169999999999,3.068100000000001,119.4786166251542,54.37,1.0,2.0,8.0,0.0,0.2432432432432432,0.3235294117647059,-6.811223
C[N+](C)(C)CCCNC(=O)CS(=O)(=O)CCC(F)(F)C(F)(F)C(F)(F)C(F)(F)C(F)(F)C(F)(F)C(F)(F)C(F)(F)C(F)(F)C(F)(F)C(F)(F)C(F)(F)C(F)(F)C(F)(F)F,969.4600000000006,8.825000000000003,308.2400341660493,63.24,1.0,3.0,21.0,0.0,0.2553191489361702,0.2340425531914893,-8.8418188
C[N+](C)(C)CC(O)CS(=O)(=O)CCC(F)(F)C(F)(F)C(F)(F)C(F)(F)F,428.33699999999993,2.3266,143.6328702033096,54.37,1.0,3.0,9.0,0.0,0.275,0.2195121951219512,-6.9622436
CC(C)(CS(=O)(=O)O)NC(=O)CCS(=O)(=O)CCC(F)(F)C(F)(F)C(F)(F)C(F)(F)C(F)(F)C(F)(F)C(F)(F)C(F)(F)C(F)(F)C(F)(F)C(F)(F)C(F)(F)C(F)(F)C(F)(F)F,1019.4740000000008,8.7852,317.53392290489467,117.61,2.0,5.0,21.0,0.0,0.2888888888888888,0.2391304347826087,-9.1127138
O=CCCCCCNC(=O)SCCC(F)(F)C(F)(F)C(F)(F)C(F)(F)C(F)(F)C(F)(F)F,521.3389999999999,6.317400000000004,175.9964172764839,46.17,1.0,3.0,13.0,0.0,0.2391304347826087,0.2444444444444444,-8.1867266
O=C(O)CCCCNC(=O)CCNC(=O)SCCC(F)(F)C(F)(F)C(F)(F)C(F)(F)C(F)(F)C(F)(F)C(F)(F)C(F)(F)C(F)(F)C(F)(F)F,794.4180000000005,7.860500000000005,262.0159712221212,95.5,3.0,4.0,19.0,0.0,0.2244897959183673,0.2553191489361702,-7.8035245
CN(C)CCCNC(=O)CSCCC(F)(F)C(F)(F)F,322.3429999999999,2.3752000000000004,118.8106771656472,32.34,1.0,3.0,9.0,0.0,0.125,0.1521739130434782,-6.4404278
C[N+](C)(C)CCCNC(=O)CSCCC(F)(F)C(F)(F)F,337.378,2.519800000000001,125.38559076663914,29.1,1.0,2.0,9.0,0.0,0.125,0.1521739130434782,-7.158361
O=C(O)CC(O)SCCC(F)(F)C(F)(F)C(F)(F)C(F)(F)C(F)(F)C(F)(F)C(F)(F)C(F)(F)F,568.2450000000001,5.912200000000003,179.80575788013584,57.53,2.0,3.0,12.0,0.0,0.2564102564102564,0.3333333333333333,-7.2550745
O=C(O)CSCCC(F)(F)C(F)(F)C(F)(F)C(F)(F)C(F)(F)C(F)(F)C(F)(F)C(F)(F)C(F)(F)C(F)(F)C(F)(F)C(F)(F)C(F)(F)C(F)(F)F,838.2610000000004,10.0155,256.82265953503764,37.3,1.0,2.0,17.0,0.0,0.2857142857142857,0.375,-9.1149483
C[N+](C)(CCC(F)C(F)(F)C(F)(F)C(F)(F)C(F)(F)C(F)(F)C(F)(F)F)CC(=O)[O-],481.2240000000001,3.279700000000002,158.36161305059457,40.13,0.0,2.0,10.0,0.0,0.238095238095238,0.275,-7.3798566
O=C(O)C=C(F)C(F)(F)C(F)(F)C(F)(F)C(F)(F)C(F)(F)C(F)(F)C(F)(F)C(F)(F)F,508.099,5.933800000000002,155.63446224452338,37.3,1.0,1.0,8.0,0.0,0.3225806451612903,0.5384615384615384,-6.9625802
O=S(=O)(O)CC=C(F)C(F)(F)C(F)(F)F,258.13899999999995,1.9252000000000005,80.13126488082976,54.370000000000005,1.0,2.0,3.0,0.0,0.28125,0.2121212121212121,-5.2866001
O=S(=O)(O)CC=C(F)C(F)(F)C(F)(F)C(F)(F)C(F)(F)C(F)(F)C(F)(F)C(F)(F)C(F)(F)F,558.181,5.737000000000002,168.3073424023242,54.370000000000005,1.0,2.0,9.0,0.0,0.40625,0.375,-7.0269403
C[N+](C)(CCCC(F)(F)C(F)(F)C(F)(F)C(F)(F)F)CC(=O)[O-],363.22,2.0611,124.80405180717024,40.13,0.0,2.0,8.0,0.0,0.225,0.2631578947368421,-6.4100204
C[N+](C)(CCCC(F)(F)C(F)(F)C(F)(F)C(F)(F)C(F)(F)C(F)(F)C(F)(F)C(F)(F)C(F)(F)C(F)(F)C(F)(F)C(F)(F)C(F)(F)C(F)(F)F)CC(=O)[O-],863.2900000000003,8.414100000000005,271.76418100966094,40.13,0.0,2.0,18.0,0.0,0.25,0.2894736842105263,-7.8781872
O=S(=O)(O)CCCC(F)(F)C(F)(F)C(F)(F)C(F)(F)C(F)(F)C(F)(F)C(F)(F)C(F)(F)C(F)(F)C(F)(F)C(F)(F)C(F)(F)C(F)(F)F,792.2420000000003,8.840300000000001,238.3114746328276,54.370000000000005,1.0,2.0,15.0,0.0,0.4333333333333333,0.3125,-7.6985674
O=C(CCC(F)(F)C(F)(F)C(F)(F)C(F)(F)C(F)(F)C(F)(F)C(F)(F)C(F)(F)C(F)(F)C(F)(F)C(F)(F)F)SC(=O)C(O)C(=O)O,760.2590000000004,6.913800000000007,238.5817829553672,91.67,2.0,5.0,14.0,0.0,0.2439024390243902,0.3157894736842105,-7.534586
O=C(CCC(F)(F)C(F)(F)C(F)(F)C(F)(F)C(F)(F)C(F)(F)C(F)(F)C(F)(F)F)SCC(O)C(=O)O,596.2550000000001,5.4813000000000045,190.3322220945762,74.6,2.0,4.0,12.0,0.0,0.2439024390243902,0.3157894736842105,-7.6422744
CC(=O)OC(C(CO)C(F)(F)C(F)(F)C(F)(F)C(F)(F)C(F)(F)C(F)(F)C(F)(F)C(F)(F)C(F)(F)C(F)(F)C(F)(F)C(F)(F)C(F)(F)C(F)(F)C(F)(F)C(F)(F)C(F)(F)C(F)(F)F)C(O)[N+](C)(C)CC(=O)[O-],1167.3790000000006,9.033699999999994,368.50659386778966,106.89,2.0,6.0,24.0,0.0,0.2,0.2291666666666666,-10.380993
C[N+](C)(CC=O)CC(CC(F)(F)C(F)(F)C(F)(F)C(F)(F)C(F)(F)C(F)(F)C(F)(F)C(F)(F)C(F)(F)C(F)(F)C(F)(F)C(F)(F)C(F)(F)C(F)(F)F)OC=O,892.3080000000004,9.014600000000002,282.6099567014121,43.370000000000005,0.0,3.0,20.0,0.0,0.2045454545454545,0.2093023255813953,-7.7982373
CNCC(O)CC(F)(F)C(F)(F)C(F)(F)C(F)(F)F,307.15599999999995,2.4250000000000007,101.12776039074596,32.26,2.0,2.0,6.0,0.0,0.2285714285714285,0.2352941176470588,-5.6052575
CNCC(O)CC(F)(F)C(F)(F)C(F)(F)C(F)(F)C(F)(F)C(F)(F)C(F)(F)C(F)(F)C(F)(F)C(F)(F)C(F)(F)C(F)(F)C(F)(F)C(F)(F)C(F)(F)C(F)(F)C(F)(F)C(F)(F)F,1007.2540000000008,11.319199999999997,306.87194127423294,32.26,2.0,2.0,20.0,0.0,0.2571428571428571,0.2647058823529412,-8.3879633
C[N+](C)(CCC(=O)O)CC(O)CC(F)(F)C(F)(F)C(F)(F)C(F)(F)C(F)(F)C(F)(F)C(F)(F)C(F)(F)C(F)(F)C(F)(F)C(F)(F)C(F)(F)F,794.3100000000004,7.839100000000005,253.5313310357554,57.53,2.0,2.0,17.0,0.0,0.2325581395348837,0.3,-9.7387533
CN(C)CC(O)C=C(F)C(F)(F)F,201.16299999999995,1.3246000000000002,73.45550971612926,23.47,1.0,2.0,3.0,0.0,0.1052631578947368,0.1081081081081081,-5.5481305
C[N+](C)(CCCCC(F)(F)C(F)(F)C(F)(F)C(F)(F)C(F)(F)C(F)(F)C(F)(F)C(F)(F)C(F)(F)C(F)(F)C(F)(F)C(F)(F)C(F)(F)C(F)(F)F)CC(=O)[O-],877.3170000000003,8.804200000000003,278.1291231240576,40.13,0.0,2.0,19.0,0.0,0.2439024390243902,0.282051282051282,-8.0877113
O=S(=O)(O)C(F)(Cl)C(F)(F)C(F)(F)C(F)(F)C(F)(F)C(F)(F)C(F)(F)C(F)(F)C(F)(F)C(F)(F)C(F)(F)C(F)(F)C(F)(F)F,766.6160000000003,8.286900000000005,225.3543791135932,54.370000000000005,1.0,2.0,12.0,0.0,0.5833333333333334,0.3703703703703703,-7.3471079
FC(F)OC(F)(F)C(F)(Cl)Br,263.387,3.0754,71.58117133328385,9.23,0.0,1.0,3.0,0.0,0.0909090909090909,0.09375,-4.591341
CCN(CCOC(C)=O)c1ccc(N=Nc2ccc(S(=O)(=O)OCC(F)(F)C(F)F)cc2S(=O)(=O)OCC(F)(F)C(F)F)cc1,699.5950000000004,5.702800000000005,251.5696597406763,141.0,0.0,11.0,17.0,2.0,0.0958904109589041,0.0821917808219178,-10.680725
CN(CC(F)(F)C(F)(F)C(F)(F)C(F)(F)C(F)(F)C(F)(F)F)c1ccc(N=Nc2ccc([N+](=O)[O-])cc2)cc1,588.3240000000001,8.185200000000004,208.4195817159672,71.1,0.0,5.0,10.0,2.0,0.18,0.1836734693877551,-8.8238602
FC(F)C(F)(F)C(F)(Br)Br,291.839,3.2999,70.03190748253665,0.0,0.0,0.0,2.0,0.0,0.1071428571428571,0.1111111111111111,-4.2409263
Cc1cc(SC(F)(F)C(F)F)ccc1NC(=O)NC(=O)c1c(F)cccc1F,422.35000000000014,5.185120000000002,158.8522989077703,58.2,2.0,3.0,5.0,2.0,0.0833333333333333,0.1034482758620689,-7.2215075
Nc1cc(Cl)c(SC(F)(F)C(F)F)cc1Cl,294.1,4.525600000000001,102.89296213613642,26.02,1.0,2.0,3.0,1.0,0.0697674418604651,0.0714285714285714,-5.4159498
O=C(NC(=O)c1c(F)cccc1F)Nc1ccc(S(=O)(=O)C(F)(F)C(F)F)cc1Cl,474.7660000000001,4.211700000000001,169.2929113766767,92.34,2.0,4.0,5.0,2.0,0.1186440677966101,0.1016949152542373,-7.6770477
O=C(NC(=O)c1c(F)cccc1F)Nc1ccc(S(=O)(=O)C(F)(F)C(F)F)c(Cl)c1Cl,509.2110000000001,4.865100000000002,179.5961776035584,92.34,2.0,4.0,5.0,2.0,0.1228070175438596,0.1052631578947368,-7.9272575
OC(Cc1cc2ccccc2[nH]1)(C(F)(F)F)C(F)(F)F,297.1979999999999,3.5661000000000014,108.5694426995863,36.02,2.0,1.0,2.0,2.0,0.1162790697674418,0.119047619047619,-5.9232459
O=C(CC(=O)CC(O)(C(F)(F)F)C(F)(F)F)CC(O)(C(F)(F)F)C(F)(F)F,432.157,3.0063,140.28660871139,74.60000000000001,2.0,4.0,6.0,0.0,0.2,0.25,-7.002326
OC(CC(CC(O)(C(F)(F)F)C(F)(F)F)=NN=C(CC(O)(C(F)(F)F)C(F)(F)F)CC(O)(C(F)(F)F)C(F)(F)F)(C(F)(F)F)C(F)(F)F,776.2560000000005,6.766600000000007,245.8538326435408,105.64,4.0,6.0,9.0,0.0,0.1666666666666666,0.1724137931034483,-7.8099136
CC(Cl)(Cl)CC(O)(C(F)(F)F)C(F)(F)F,279.00699999999995,3.4260000000000006,90.95794022332936,20.23,1.0,1.0,2.0,0.0,0.1612903225806451,0.1666666666666666,-5.3963752
CCO[Si](CCC(F)(F)C(F)(F)C(F)(F)C(F)(F)C(F)(F)C(F)(F)C(F)(F)C(F)(F)F)(OCC)OCC,610.3769999999998,7.434300000000007,198.1190931141472,27.69,0.0,3.0,15.0,0.0,0.2222222222222222,0.2285714285714285,-8.6942692
Cc1ccc(CC(O)(C(F)(F)F)C(F)(F)F)n1C,275.19199999999995,2.731720000000001,98.82763388323966,25.16,1.0,2.0,2.0,1.0,0.125,0.1282051282051282,-5.6140294
OCC(C(F)(F)F)(C(F)(F)F)C(F)(F)F,250.06,2.652,76.48307186394811,20.23,1.0,1.0,1.0,0.0,0.2,0.2083333333333333,-4.6511207
O=C1CC(C(F)(F)F)(C(F)(F)F)O1,208.057,1.7967,67.4614680789948,26.3,0.0,2.0,0.0,1.0,0.1612903225806451,0.1666666666666666,-4.5481
Cc1ccc(C(F)(C(F)(F)F)C(F)(F)F)cc1,260.152,4.284420000000002,92.04991939756704,0.0,0.0,0.0,1.0,1.0,0.125,0.1290322580645161,-5.1393623
O=C(Nc1ccc(NC(=O)C(F)(F)C(F)(F)C(F)(F)C(F)(F)C(F)(F)C(F)(F)C(F)(F)F)cc1)C(F)(F)C(F)(F)C(F)(F)C(F)(F)C(F)(F)C(F)(F)C(F)(F)F,900.2420000000004,10.311800000000002,283.6593076049332,58.2,2.0,2.0,14.0,1.0,0.303030303030303,0.4482758620689655,-8.3574657
O=C(c1ccccc1)C(F)(F)C(F)(F)C(F)(F)C(=O)c1ccccc1,360.253,4.658100000000003,137.62946451518897,34.14,0.0,2.0,6.0,2.0,0.1818181818181818,0.3103448275862069,-6.6571474
FC(F)(F)C(F)(F)C(F)(F)C1NCCN1,240.122,1.3381999999999998,79.8166026339831,24.06,2.0,2.0,2.0,1.0,0.2,0.25,-4.9681506
O=C(n1ccnc1)C(F)(F)C(F)(F)C(F)(F)F,264.1,2.3562000000000003,88.85022138616694,34.89,0.0,3.0,2.0,1.0,0.2162162162162162,0.2941176470588235,-5.1648674
O=C(Cl)C(F)(F)C(F)(F)C(F)(F)C(F)(F)C(F)(F)C(F)(F)C(F)(F)F,432.51,5.1259000000000015,130.24166519942474,17.07,0.0,1.0,6.0,0.0,0.3846153846153846,0.5909090909090909,-5.8837748
O=C(CC(O)(C(F)(F)F)C(F)(F)F)c1cccc(Cl)c1,320.616,3.768500000000001,113.50834818815888,37.3,1.0,2.0,3.0,1.0,0.1666666666666666,0.1707317073170731,-5.9696999
O=C(C=C(C(F)(F)F)C(F)(F)F)c1ccc(Cl)cc1,302.601,4.573700000000001,108.02451140377862,17.07,0.0,1.0,2.0,1.0,0.1282051282051282,0.1621621621621621,-5.8679833
FC(F)(F)C(F)(F)C(F)(F)C(F)(C(F)(F)F)C(F)(F)F,338.03799999999995,4.652200000000001,98.88145724077988,0.0,0.0,0.0,2.0,0.0,0.3181818181818182,0.3333333333333333,-5.0538659
FC(F)(F)C(F)(F)C(F)(F)C(F)(F)C(F)(F)C(F)(F)C(F)(F)C(F)(F)C(F)(F)C(F)(F)C(F)(F)C(F)(F)C(F)(F)C(F)(F)C(F)(F)C(F)(F)F,838.1080000000004,11.0052,245.8415864432706,0.0,0.0,0.0,13.0,0.0,0.4444444444444444,0.4705882352941176,-8.1639252
FC(F)(F)C(F)(F)N(C(F)(F)C(F)(F)F)C(F)(F)C(F)(F)F,371.043,4.7537,108.80682631390948,3.24,0.0,1.0,3.0,0.0,0.1666666666666666,0.1739130434782608,-5.2599816
O=S(=O)(OS(=O)(=O)C(F)(F)C(F)(F)C(F)(F)C(F)(F)F)C(F)(F)C(F)(F)C(F)(F)C(F)(F)F,582.181,4.514000000000001,167.0558328264741,77.51,0.0,5.0,8.0,0.0,0.5,0.2962962962962963,-6.4260979
FC(F)(F)C(F)(F)C(F)(F)C(F)(F)C1(F)C(F)(F)C(F)(F)C(F)(F)C(F)(F)C1(F)F,500.07,6.353000000000003,148.32860696239445,0.0,0.0,0.0,3.0,1.0,0.25,0.2592592592592592,-5.7830319
FC(F)(F)C(C(F)(F)F)C(F)(F)F,220.034,3.2894999999999994,65.32389599735548,0.0,0.0,0.0,0.0,0.0,0.1304347826086956,0.1363636363636363,-4.4794297
C[C@]12CC[C@@H]3c4ccc(O)cc4C[C@H](CCCCCCCCCS(=O)CCCC(F)(F)C(F)(F)F)[C@H]3[C@@H]1CC[C@@H]2O,606.7820000000003,8.682600000000003,243.6928033558202,57.53,2.0,3.0,14.0,4.0,0.081081081081081,0.0821917808219178,-9.1932526
FC(F)(F)C(F)(F)CBr,212.943,2.5789,56.1643598768953,0.0,0.0,0.0,1.0,0.0,0.1538461538461538,0.16,-4.1547456
COC(F)(F)C(F)F,132.056,1.4907,43.244822097834586,9.23,0.0,1.0,2.0,0.0,0.1034482758620689,0.1071428571428571,-3.9457762
CN(C)NC(=S)C(F)(F)C(F)(F)F,222.182,1.5776,76.66530862129842,15.27,1.0,2.0,2.0,0.0,0.1515151515151515,0.1935483870967742,-5.0564809
C=C(C)C(=O)OCC(F)(F)C(F)(F)C(F)(F)C(F)(F)C(F)(F)C(F)(F)C(F)(F)C(F)(F)C(F)(F)C(F)(F)F,618.1770000000001,7.385700000000004,193.91014838819933,26.3,0.0,2.0,11.0,0.0,0.2777777777777778,0.3235294117647059,-7.7652674
NC(=O)C(F)(F)C(F)(F)C(F)(F)C(N)=O,238.087,-0.1370999999999999,78.19505749708635,86.18,2.0,2.0,4.0,0.0,0.2307692307692307,0.3478260869565217,-5.150281
FC1(F)C(F)(F)C(F)(F)C(F)(C2(F)C(F)(F)C(F)(F)C(F)(F)C(F)(F)C2(F)F)C(F)(F)C1(F)F,562.0880000000001,6.7832000000000034,168.3837308435109,0.0,0.0,0.0,1.0,2.0,0.04,0.0416666666666666,-5.6502447
FC(F)=C(F)C(F)(F)C(F)(F)C(F)(F)C(F)(F)C(F)(F)C(F)(F)F,400.0559999999999,5.802800000000002,119.25280924324127,0.0,0.0,0.0,5.0,0.0,0.3461538461538461,0.4782608695652174,-5.6937661
CN(C)B(N=C(C(F)(F)F)C(F)(F)F)N(C)C,262.994,1.6601,95.2278564348614,18.84,0.0,3.0,3.0,0.0,0.1212121212121212,0.125,-5.5601349
O=C(n1ccnc1)C(F)(F)C(F)(F)F,214.093,1.7209,74.15420846591788,34.89,0.0,3.0,1.0,1.0,0.1621621621621621,0.2352941176470588,-5.0183382
C[C@]12CC[C@@H]3c4ccc(O)cc4C[C@@H](CCCCCCCCCS(=O)CCCC(F)(F)C(F)(F)F)[C@H]3[C@@H]1CC[C@@H]2O,606.7820000000003,8.682600000000003,243.6928033558202,57.53,2.0,3.0,14.0,4.0,0.081081081081081,0.0821917808219178,-9.3810234
CCCCCCCCCCCCNS(=O)(=O)C(F)(F)C(F)(F)C(F)(F)C(F)(F)C(F)(F)C(F)(F)C(F)(F)C(F)(F)F,667.4660000000002,8.793600000000003,222.7978911271342,46.17,1.0,2.0,19.0,0.0,0.4117647058823529,0.2368421052631578,-9.2007599
O=P(O)(O)OCCC(F)(F)C(F)(F)C(F)(F)C(F)(F)C(F)(F)C(F)(F)C(F)(C(F)(F)F)C(F)(F)F,594.1010000000001,6.130500000000004,177.7854682357681,66.76,2.0,2.0,10.0,0.0,0.2162162162162162,0.2222222222222222,-7.1451964
O=C(OCC(F)(F)C(F)F)c1ccc([N+](=O)[O-])cc1,281.161,2.652000000000001,103.4813562408388,69.44,0.0,4.0,5.0,1.0,0.1041666666666666,0.1304347826086956,-5.9185963
CO[Si](C)(CCC(F)(F)C(F)(F)C(F)(F)C(F)(F)C(F)(F)C(F)(F)F)OC,452.283,5.480100000000004,144.39536717204402,18.46,0.0,2.0,9.0,0.0,0.2285714285714285,0.2352941176470588,-7.2093921
FC1(F)C(F)(F)C1(F)F,150.021,1.9059,45.45651652065094,0.0,0.0,0.0,0.0,1.0,0.0454545454545454,0.0476190476190476,-3.7853954
CN(CCO)S(=O)(=O)C(F)(F)C(F)(F)C(F)(F)C(F)F,339.2039999999999,1.3688,107.56803025243352,57.61,1.0,3.0,7.0,0.0,0.2307692307692307,0.175,-5.7184725
CCCCC(F)(F)C(F)(F)F,176.128,3.374200000000002,61.39163861444377,0.0,0.0,0.0,3.0,0.0,0.1333333333333333,0.1379310344827586,-4.9918175
CC/C(C)=N/O[Si](CCC(F)(F)C(F)(F)C(F)(F)C(F)(F)C(F)(F)C(F)(F)F)(O/N=C(\C)CC)O/N=C(\C)CC,633.5219999999997,8.461700000000004,221.46480291604303,64.77,0.0,6.0,16.0,0.0,0.2195121951219512,0.225,-8.9282703
O=P(O)(O)OCCC(F)(F)C(F)(F)C(F)(F)C(F)(F)C(F)(F)C(F)(F)C(F)(F)C(F)(F)C(F)(F)C(F)(F)C(F)(F)C(F)(F)C(F)(F)C(F)(F)C(F)(F)C(F)(F)F,944.1500000000004,10.5776,280.6575586775116,66.76,2.0,2.0,18.0,0.0,0.2941176470588235,0.303030303030303,-8.0713463
O=C(CC1(Cl)C(F)(F)C(F)(F)C1(F)F)c1ccccc1,316.628,4.156500000000002,114.07322539683024,17.07,0.0,1.0,3.0,2.0,0.0714285714285714,0.1282051282051282,-5.7121978
O=C(O)[C@@H]1[C@@H](C=C(C(F)(F)F)C(F)(F)F)C1(C(F)(F)F)C(F)(F)F,384.11599999999993,4.479,123.27047655904012,37.3,1.0,1.0,2.0,1.0,0.1282051282051282,0.1944444444444444,-5.9665785
FC(F)(F)[C@](F)(Br)C(F)(F)Br,309.82899999999995,3.5971,74.19744288546289,0.0,0.0,0.0,1.0,0.0,0.16,0.1666666666666666,-4.3419828
O=S(=O)(O)C1(C(F)(F)F)C(F)(F)C(F)(F)C(F)(F)C(F)(F)C1(F)F,412.12299999999993,3.3654,121.70366880876162,54.370000000000005,1.0,2.0,1.0,1.0,0.2758620689655172,0.1612903225806451,-5.1645818
FC(F)=C(F)C(F)(F)C(F)(Cl)C(F)(F)C(F)(Cl)C(F)(F)Cl,399.414,5.975400000000001,122.96998879485854,0.0,0.0,0.0,5.0,0.0,0.1875,0.1935483870967742,-5.4777565
O=c1[nH]c(C(F)(F)C(F)(F)F)c(F)c(=O)[nH]1,248.082,0.8564,81.91683992782814,65.72,2.0,2.0,1.0,1.0,0.1388888888888889,0.1428571428571428,-5.1526275
O=C1CCCCC1C(=O)C(F)(F)C(F)(F)C(F)(F)F,294.16599999999994,3.1477000000000013,102.49969092444094,34.14,0.0,2.0,3.0,1.0,0.2051282051282051,0.2777777777777778,-5.7178178
N=C(N)C(F)(F)C(F)(F)C(F)(F)F,212.068,1.75527,67.01806688778052,49.870000000000005,2.0,1.0,2.0,0.0,0.2592592592592592,0.32,-4.3344874
O=C(CC(=O)C(F)(F)C(F)(F)C(F)(F)F)c1csc2ccccc12,372.261,4.876100000000002,133.4248756285945,34.14,0.0,3.0,5.0,2.0,0.1702127659574468,0.2558139534883721,-6.4833603
CC(O)C(F)(F)C(F)(F)C(F)(F)C(F)(F)C(F)(F)C(F)F,346.11099999999993,3.8088000000000006,108.07450441591664,20.23,1.0,1.0,6.0,0.0,0.1935483870967742,0.2,-5.6842203
O=C(OCC(F)(F)C(F)(F)C(F)(F)C(F)(F)C(F)(F)C(F)F)OCC(F)(F)C(F)(F)C(F)(F)C(F)(F)C(F)(F)C(F)F,690.1620000000004,8.022800000000005,212.2099028586692,35.53,0.0,3.0,14.0,0.0,0.1891891891891892,0.2285714285714285,-7.7943335
OC(Nc1ccccn1)(C(F)(F)F)C(F)(F)F,260.13699999999994,2.3067,91.08318579699475,45.15,2.0,3.0,2.0,1.0,0.1282051282051282,0.131578947368421,-5.3802938
O=C(CC(O)(C(F)(F)F)C(F)(F)F)c1ccc([N+](=O)[O-])cc1,331.16800000000006,3.0233000000000008,117.858057683777,80.44,1.0,4.0,4.0,1.0,0.1395348837209302,0.1707317073170731,-6.1568084
O=C1C(=C(C(F)(F)F)C(F)(F)F)CCc2ccccc21,294.194,4.236700000000002,109.44529825216094,17.07,0.0,1.0,0.0,2.0,0.1463414634146341,0.1219512195121951,-5.7352843
CC(C(=O)c1ccc(Cl)cc1)C(O)(C(F)(F)F)C(F)(F)F,334.643,4.014500000000002,119.87329030255546,37.3,1.0,2.0,3.0,1.0,0.1463414634146341,0.1794871794871795,-5.9167042
C=CCC(O)(C(F)(F)F)C(F)(F)F,208.101,2.418200000000001,69.66180473738176,20.23,1.0,1.0,2.0,0.0,0.1666666666666666,0.1724137931034483,-4.9030681
CCOC(=O)C1OC1(C(F)(F)F)C(F)(F)F,252.11,1.8117,85.30489753729489,38.83,0.0,3.0,2.0,1.0,0.125,0.1578947368421052,-5.3365865
OC(CCC(O)(C(F)(F)F)C(F)(F)F)(C(F)(F)F)C(F)(F)F,362.1099999999999,3.478,112.86873816811264,40.46,2.0,2.0,3.0,0.0,0.25,0.2083333333333333,-6.0427308
O=S12(OC(C(F)(F)F)(C(F)(F)F)c3ccccc31)OC(C(F)(F)F)(C(F)(F)F)c1ccccc12,532.302,6.454900000000003,180.60835167862976,35.53,0.0,3.0,0.0,4.0,0.0975609756097561,0.1,-6.0347366
FC(F)(c1nc2ccccc2[nH]1)C(F)(F)C(F)(F)c1nc2ccccc2[nH]1,384.2830000000001,4.958300000000002,146.7974819537002,57.36,2.0,2.0,4.0,4.0,0.1,0.1025641025641025,-6.7760344
FC(F)(F)C1(C(F)(F)F)O[Si]2(OC(C(F)(F)F)(C(F)(F)F)c3ccccc32)c2ccccc21,512.3220000000001,4.943200000000003,176.50764730220433,18.46,0.0,2.0,0.0,4.0,0.075,0.0769230769230769,-6.557188
CC(C)(C)c1cc(C(O)(C(F)(F)F)C(F)(F)F)c2c(c1)C(C(F)(F)F)(C(F)(F)F)OS2(=O)=O,528.311,5.335100000000005,176.80359918459618,63.6,1.0,4.0,1.0,2.0,0.1176470588235294,0.12,-6.8747396
C=CCNCC(O)C(F)(F)C(F)(F)C(F)(F)C(F)(F)C(F)(F)C(F)(F)F,419.1809999999999,3.861700000000001,136.19512531345646,32.26,2.0,2.0,9.0,0.0,0.2368421052631578,0.2432432432432432,-6.5139475
O=P1(OCC(F)(F)C(F)F)Oc2ccccc2O1,286.1170000000001,3.4829000000000017,99.07278628385824,44.760000000000005,0.0,4.0,4.0,2.0,0.0909090909090909,0.0930232558139534,-6.028697
CCOC1=NC(C(F)(F)F)(C(F)(F)F)N=C(N2CCOCC2)O1,349.23100000000017,1.9182,126.26133661273887,55.650000000000006,0.0,6.0,1.0,2.0,0.0566037735849056,0.0576923076923076,-6.7378273
Cc1ccccc1OS(=O)(=O)C(F)(F)C(F)(F)C(F)(F)C(F)(F)F,390.223,4.129320000000002,128.69387980516757,43.370000000000005,0.0,3.0,5.0,1.0,0.3243243243243243,0.2,-6.2742386
O=S(=O)(Oc1ccc2ccccc2c1)C(F)(F)C(F)(F)C(F)(F)C(F)(F)F,426.256,4.974100000000002,145.01060222250618,43.370000000000005,0.0,3.0,5.0,2.0,0.3243243243243243,0.2,-6.5529041
O=C(O)C(F)(F)C(F)(Cl)C(F)(F)Cl,246.946,2.4425,78.22404269165365,37.3,1.0,1.0,3.0,0.0,0.1666666666666666,0.4166666666666667,-4.5298343
CCOC(=O)C(F)C(F)(F)F,174.09299999999996,1.4499000000000002,60.136228426671565,26.3,0.0,2.0,2.0,0.0,0.1470588235294117,0.1875,-4.7847672
CCCCCCOC(=O)C(F)(F)C(F)(F)C(F)(F)C(F)(F)C(F)(F)C(F)(F)F,448.219,5.848700000000003,148.5455839681805,26.3,0.0,2.0,10.0,0.0,0.2631578947368421,0.3823529411764705,-7.3052731
FC(F)(F)C(F)(F)C(F)(F)C(F)(F)C(F)(F)C(F)(F)CCOCC1CO1,420.1650000000002,4.530700000000002,135.7618917153212,21.76,0.0,2.0,9.0,1.0,0.2051282051282051,0.2105263157894736,-6.310822
OCCCC(F)(C(F)(F)F)C(F)(F)F,228.107,2.5918,74.51694317249225,20.23,1.0,1.0,3.0,0.0,0.1724137931034483,0.1785714285714285,-5.0891891
FC(F)C(F)(F)CCC(F)(F)C(F)F,230.098,3.567400000000001,73.88824482322246,0.0,0.0,0.0,5.0,0.0,0.1111111111111111,0.1153846153846153,-4.8979325
FC(F)C(F)(F)CI,241.953,2.3218000000000005,57.39311498937133,0.0,0.0,0.0,2.0,0.0,0.1034482758620689,0.1071428571428571,-4.1643085
FC(F)(F)C(F)(F)C(F)(F)OC1(F)C2C=CC(C2)C1(F)F,332.13700000000006,4.300400000000001,110.09136397692552,9.23,0.0,1.0,3.0,2.0,0.15,0.1538461538461538,-5.6040959
FC(F)(F)C(C(=S)C(F)(F)C(F)(F)F)C(F)(F)F,314.1189999999999,4.2947,96.74363127920604,0.0,0.0,1.0,2.0,0.0,0.1666666666666666,0.2142857142857142,-5.1776881
FC(C(F)(F)C(F)(F)F)C(F)(F)C(F)(F)C(F)(F)F,320.04799999999994,4.355,94.71592183785364,0.0,0.0,0.0,3.0,0.0,0.2222222222222222,0.2307692307692307,-4.9497375
FN(F)C(F)(F)C(F)(F)N(Cl)Cl,236.93,2.8526,72.31750316013974,6.48,0.0,2.0,3.0,0.0,0.1034482758620689,0.1071428571428571,-4.7014923
O=C(C(F)(C(F)(F)F)C(F)(F)F)C(F)(C(F)(F)F)C(F)(F)C(F)(F)C(F)(F)F,466.062,5.491900000000002,138.7999472957184,17.07,0.0,1.0,4.0,0.0,0.3461538461538461,0.4166666666666667,-5.9847174
FC(F)(F)C1(F)C(F)(F)C2=C(C(F)(F)C(F)(F)C(F)(F)C2(F)F)C1(F)F,424.078,5.392600000000002,129.97103116497604,0.0,0.0,0.0,0.0,2.0,0.09375,0.0967741935483871,-5.4694076
CCC(F)(F)C(F)(F)C1CC(F)(F)C1(F)F,256.136,3.957500000000002,85.61229789848645,0.0,0.0,0.0,3.0,1.0,0.0769230769230769,0.0789473684210526,-5.4394898
FC(F)(F)C(F)(F)C(F)(F)C(F)(F)C(F)(F)C(F)(F)C(F)(F)/C=N/CCc1ccccc1,501.2330000000001,6.674000000000005,168.45917779321664,12.36,0.0,1.0,9.0,1.0,0.1951219512195122,0.2307692307692307,-7.5319581
O=c1cc(C(F)(F)C(F)F)[nH]n1-c1ccccc1,260.19,2.522500000000001,98.64927872306382,37.79,1.0,2.0,3.0,2.0,0.0869565217391304,0.1136363636363636,-5.8596478
CC(C)OC(=O)NC(Nc1ccc(S(N)(=O)=O)cc1)(C(F)(F)F)C(F)(F)F,423.335,2.7014000000000005,149.45466862402515,110.51999999999998,3.0,5.0,5.0,1.0,0.16,0.1632653061224489,-7.7111692
O=S(=O)(c1ccc(Cl)cc1)C(F)(F)C(F)(F)C(F)(F)F,344.63499999999993,3.904100000000001,112.61364189183868,34.14,0.0,2.0,3.0,1.0,0.303030303030303,0.2,-5.5538487
COc1ccccc1NC(=O)CCCC(=O)OCC(F)(F)C(F)F,351.2959999999999,3.247600000000002,135.47802060348073,64.63,1.0,4.0,9.0,1.0,0.087719298245614,0.109090909090909,-7.2336798
CC(=O)n1nc(C(F)(F)C(F)(F)C(F)(F)C(F)(F)F)cc1C(F)(F)C(F)(F)C(F)(F)C(F)(F)F,546.152,6.392600000000003,172.82921707313992,34.89,0.0,3.0,6.0,1.0,0.2195121951219512,0.2564102564102564,-7.3431444
FC(F)(CC1CO1)C(F)(F)C(F)(F)C(F)(F)CC1CO1,314.1720000000001,3.1054000000000013,107.5634414327642,25.06,0.0,2.0,7.0,2.0,0.125,0.1290322580645161,-5.9826188
O=[N+]([O-])c1ccc(Oc2ccc(C(c3ccc(Oc4ccc([N+](=O)[O-])cc4)cc3)(C(F)(F)F)C(F)(F)F)cc2)cc1,578.4210000000002,8.498300000000002,226.22376640244963,104.74,0.0,6.0,8.0,4.0,0.119047619047619,0.1219512195121951,-9.563324
O=C(C=CC(=O)OCCCSCCC(F)(F)C(F)(F)C(F)(F)C(F)(F)C(F)(F)C(F)(F)F)OCCCSCCC(F)(F)C(F)(F)C(F)(F)C(F)(F)C(F)(F)C(F)(F)F,956.54,11.13339999999999,314.27347604147434,52.60000000000001,0.0,6.0,24.0,0.0,0.2325581395348837,0.2682926829268293,-9.6904345
FC(F)(F)C(F)(F)C(F)(F)C(CCBr)(C(F)(F)F)C(F)(F)F,426.99799999999993,5.715300000000002,121.3133536722882,0.0,0.0,0.0,4.0,0.0,0.2413793103448276,0.25,-5.8910489
O=C(CBr)C(F)(F)C(F)(F)F,240.95299999999995,2.148,66.69082409133567,17.07,0.0,1.0,2.0,0.0,0.2068965517241379,0.3076923076923077,-4.7939916
N#CC(F)(Br)C(F)(F)F,205.93599999999995,2.13298,56.39140415543778,23.79,0.0,1.0,0.0,0.0,0.1428571428571428,0.1481481481481481,-3.9798129
CCOC(=O)C(F)(F)C(F)(F)C(F)(F)C(F)(F)C(F)(F)C(F)(F)C(F)(F)C(F)F,474.13499999999993,5.261700000000002,148.312305948166,26.3,0.0,2.0,9.0,0.0,0.1794871794871795,0.2857142857142857,-6.655561
CCOC(=O)C(F)(F)C(F)(F)C(F)(F)C(F)(F)C(F)(F)C(F)(F)C(F)(F)C(F)(F)C(F)(F)C(F)F,574.1490000000001,6.532300000000004,177.70433178866415,26.3,0.0,2.0,11.0,0.0,0.1794871794871795,0.2857142857142857,-7.1207976
C=CCSCCC(F)(F)C(F)(F)C(F)(F)C(F)(F)C(F)(F)C(F)(F)C(F)(F)C(F)(F)F,520.2479999999999,7.305100000000005,165.36616524351578,0.0,0.0,1.0,11.0,0.0,0.2222222222222222,0.2285714285714285,-7.4127264
C=C(C)C(=O)OCCC(F)(F)C(F)(F)C(F)(F)C(F)(F)OC(=O)C(=C)C,398.2460000000001,4.113800000000002,141.9787103331281,52.6,0.0,4.0,9.0,0.0,0.1363636363636363,0.1666666666666666,-7.5829163
COC(=O)C(F)(F)OC(F)(F)C(F)(F)OC(F)(F)F,310.0679999999999,2.4908,97.55593801471312,44.760000000000005,0.0,4.0,5.0,0.0,0.1428571428571428,0.1818181818181818,-5.8189044
O=CC(F)(F)C(F)(F)C(F)(F)C(F)(F)F,248.04399999999995,2.6535,75.85036021179586,17.07,0.0,1.0,3.0,0.0,0.32,0.3333333333333333,-4.6023703
FC(F)(F)C(=CBr)C(F)(F)F,242.944,3.3898,66.00523436203389,0.0,0.0,0.0,0.0,0.0,0.1538461538461538,0.16,-4.3342032
FC(F)(F)C(Cl)(CCl)C(F)(F)F,234.954,3.3274,73.43382224234013,0.0,0.0,0.0,1.0,0.0,0.1481481481481481,0.1538461538461538,-4.477118
CC(=O)CC(=O)C(F)(F)C(F)(F)C(F)(F)F,254.101,2.3675000000000006,84.41069573478036,34.14,0.0,2.0,4.0,0.0,0.2580645161290322,0.3571428571428571,-5.2906413
FC(F)(F)C(F)(F)C(F)(F)C1CCCCC1I,378.069,4.813100000000001,107.07354273100049,0.0,0.0,0.0,2.0,1.0,0.1764705882352941,0.21875,-6.0907345
FC(F)(F)C(F)(F)C(F)(F)C(F)(F)C(F)(F)C(F)(F)C(F)(F)COP1(OCC(F)(F)C(F)(F)C(F)(F)C(F)(F)C(F)(F)C(F)(F)C(F)(F)F)=NP(OCC(F)(F)C(F)(F)C(F)(F)C(F)(F)C(F)(F)C(F)(F)C(F)(F)F)(OCC(F)(F)C(F)(F)C(F)(F)C(F)(F)C(F)(F)C(F)(F)C(F)(F)F)=NP(OCC(F)(F)C(F)(F)C(F)(F)C(F)(F)C(F)(F)C(F)(F)C(F)(F)F)(OCC(F)(F)C(F)(F)C(F)(F)C(F)(F)C(F)(F)C(F)(F)C(F)(F)F)=N1,2529.3810000000026,32.18280000000002,749.122477645699,92.46,0.0,9.0,48.0,1.0,0.2424242424242424,0.25,-6.546114
COC(=O)C(F)(F)C(F)(F)C(F)(F)C(F)(F)C(F)(F)C(F)(F)C(F)(F)C(F)(F)F,478.098,5.168800000000001,146.11289923669565,26.3,0.0,2.0,7.0,0.0,0.3448275862068966,0.52,-6.5685296
CN(C(=O)C(F)(F)C(F)(F)C(F)(F)F)[Si](C)(C)C,299.26200000000006,3.1126000000000014,99.83488746456192,20.31,0.0,1.0,3.0,0.0,0.2424242424242424,0.3333333333333333,-6.0949397
FC(F)(F)C(F)(F)C(F)(F)C(F)(F)C1CO1,262.071,2.8534000000000006,82.16149430212636,12.53,0.0,1.0,3.0,1.0,0.2413793103448276,0.25,-5.1162271
C=C(C)C(=O)OCC(F)(F)C(F)(F)C(F)(F)C(F)(F)COC(=O)C(=C)C,398.2460000000001,3.766200000000003,141.9787103331281,52.6,0.0,4.0,9.0,0.0,0.1666666666666666,0.2058823529411764,-7.172471
O=C(Br)C(F)(F)C(F)(F)C(F)(F)C(F)F,308.94999999999993,3.0789,85.55237241451098,17.07,0.0,1.0,4.0,0.0,0.1875,0.2758620689655172,-4.8809624
FC(F)(Cl)C(F)(Cl)C(F)(F)C(Cl)(Cl)Cl,320.299,4.7281,100.17808552005889,0.0,0.0,0.0,2.0,0.0,0.1923076923076923,0.2,-5.2265534
Cc1ccc(S(=O)(=O)OCC(F)(F)C(F)(F)F)cc1,304.23599999999993,2.897920000000001,105.66679607906605,43.370000000000005,0.0,3.0,4.0,1.0,0.175,0.1219512195121951,-5.9318399
C=CC(=O)OCC1(F)C(F)(F)C(F)(F)C(F)(F)C(F)(F)C1(F)F,366.126,3.6140000000000008,119.42425263342474,26.3,0.0,2.0,3.0,1.0,0.0769230769230769,0.1081081081081081,-5.5295558
O=C(O)C(F)(F)C(F)(C(F)(F)F)C(F)(F)C(F)(F)C(F)(F)C(F)(C(F)(F)F)C(F)(F)F,514.078,5.715700000000002,154.12465856523724,37.3,1.0,1.0,6.0,0.0,0.2758620689655172,0.5652173913043478,-6.31043
C=C(C)C(=O)OCC(O)CC(F)(F)C(F)(F)C(F)(F)C(F)(F)C(F)(C(F)(F)F)C(F)(F)F,512.209,5.230800000000003,167.34622760844135,46.53,1.0,3.0,9.0,0.0,0.1739130434782608,0.2045454545454545,-7.3394208
CC(=O)CC(F)(F)C(F)(F)C(F)(F)C(F)(F)C(F)(F)C(F)(F)F,376.112,4.704300000000001,117.9722702810872,17.07,0.0,1.0,6.0,0.0,0.3448275862068966,0.4074074074074074,-5.9850636
N=C(N)C(F)(F)C(F)(F)C(F)(F)C(F)(F)C(F)(F)C(F)(F)C(F)(F)C(F)(F)C(=N)N,486.154,3.94074,152.72277989677377,99.74,4.0,2.0,9.0,0.0,0.2222222222222222,0.3333333333333333,-6.5620508
FC1(F)Oc2ccc(Br)cc2OC1(F)F,287.006,3.405900000000001,89.91223587112098,18.46,0.0,2.0,0.0,2.0,0.0256410256410256,0.0263157894736842,-5.2937102
Oc1cccc(OC(F)(F)C(F)F)c1,210.126,2.6289000000000007,76.73120794169802,29.46,1.0,2.0,3.0,1.0,0.1,0.1025641025641025,-4.9951563
O=C(O)C=CC(F)(C(F)(F)F)C(F)(F)F,240.074,2.4601,77.98886224035175,37.3,1.0,1.0,2.0,0.0,0.2,0.2962962962962963,-4.7242041
FC(F)(F)C(F)(F)C(F)(F)C(F)(F)C(Br)(Br)CBr,484.776,5.3356,119.65642304307276,0.0,0.0,0.0,4.0,0.0,0.2962962962962963,0.3076923076923077,-5.4162269
O=P(OCC(F)(F)C(F)(F)C(F)(F)F)(OCC(F)(F)C(F)(F)C(F)(F)F)OCC(F)(F)C(F)(F)C(F)(F)F,644.1080000000003,7.643000000000005,193.1201041106389,44.760000000000005,0.0,4.0,12.0,0.0,0.2258064516129032,0.2333333333333333,-7.4140768
OCC(F)(F)OC(F)(F)C(F)(F)OC(F)(F)C(F)(F)OC(F)(F)F,398.071,3.5123,121.21573339296688,47.92,1.0,4.0,8.0,0.0,0.1212121212121212,0.125,-5.9312391
FC(F)(F)COC(F)(Br)C(F)(Br)C(F)(F)F,389.862,4.2065,100.37194314961545,9.23,0.0,1.0,3.0,0.0,0.1212121212121212,0.125,-5.4704475
OCC(F)(F)OC(F)(F)C(F)(F)OC(F)(F)F,282.05799999999994,2.3101000000000003,86.71016232296185,38.69,1.0,3.0,5.0,0.0,0.125,0.1290322580645161,-5.2641253
FC(F)(Br)OC(F)(F)C(F)(F)OC(F)(F)Br,391.834,4.0956,99.12054626472572,18.46,0.0,2.0,5.0,0.0,0.1111111111111111,0.1153846153846153,-5.2554798
OCCCC(F)(F)C(F)(F)C(F)(F)C(F)(F)F,278.114,3.227100000000001,89.21295609274132,20.23,1.0,1.0,5.0,0.0,0.2758620689655172,0.2857142857142857,-5.1965475
NC(=O)C(F)(OC(F)(F)C(F)(F)C(F)(F)F)C(F)(F)F,329.06499999999994,2.5068,100.99980905856452,52.32000000000001,1.0,2.0,4.0,0.0,0.25,0.3,-5.4096575
CCCCCCCCCCCCCCCCC(F)(F)C(F)(F)C(F)(F)C(F)(F)C(F)(F)C(F)(F)C(F)(F)C(F)(F)F,644.4940000000001,11.867199999999984,225.9470215086976,0.0,0.0,0.0,21.0,0.0,0.25,0.2580645161290322,-8.581624
C=CCOC(F)(F)C(F)(F)S(=O)(=O)F,240.149,1.6739,76.37153412176374,43.370000000000005,0.0,3.0,5.0,0.0,0.2,0.1081081081081081,-4.8910632
FC(F)(F)C(F)(F)C(F)(F)C(F)(F)C(F)(F)C(F)(F)C(F)(F)CI,509.978,5.795500000000001,135.03871499354295,0.0,0.0,0.0,6.0,0.0,0.3076923076923077,0.32,-5.9783092
COC(=O)C(F)(F)C(F)(F)Cl,194.511,1.6263,64.07455253915664,26.3,0.0,2.0,2.0,0.0,0.15625,0.2413793103448276,-4.4081063
C=C(F)C(=O)OCC(F)(F)C(F)(F)F,222.08399999999995,2.2104,74.14263831473639,26.3,0.0,2.0,3.0,0.0,0.1764705882352941,0.21875,-5.0900326
O=C(CC(=O)C(F)(F)C(F)(F)C(F)(F)C(F)(F)F)C(F)(F)F,358.0779999999999,3.5452000000000004,111.60331486380814,34.14,0.0,2.0,5.0,0.0,0.3,0.4615384615384615,-5.6245098
O=C(O)C(F)C(F)(F)F,146.03900000000002,0.9714,47.087032720567485,37.3,1.0,1.0,1.0,0.0,0.1785714285714285,0.28,-4.0324268
FC(F)(F)C(F)(F)C(F)(F)C(F)(F)C(F)(F)C(F)(F)C(F)(F)C(F)(F)C(F)(F)C(F)(F)CC[Si](Cl)(Cl)Cl,681.5669999999998,9.311800000000002,203.63672328597883,0.0,0.0,0.0,11.0,0.0,0.2580645161290322,0.2666666666666666,-7.7120204
O=C(NC1CC1)C(F)(F)C(F)(F)C(F)(F)C(F)(F)C(F)(F)C(F)F,385.148,3.706600000000001,124.7157080226364,29.1,1.0,1.0,7.0,1.0,0.175,0.2777777777777778,-6.0118504
O=C(O)CSC(F)(F)C(F)(F)C(F)(F)F,260.12999999999994,2.5946,82.43663318350464,37.3,1.0,2.0,4.0,0.0,0.2580645161290322,0.3571428571428571,-5.1770668
O=C(C(F)(F)F)C(F)(F)C(F)(F)F,216.027,2.3154,65.31988269447302,17.07,0.0,1.0,1.0,0.0,0.2307692307692307,0.3478260869565217,-4.5097842
Fc1c(F)c(F)c(OCC(F)(F)C(F)F)c(F)c1F,298.104,3.6613,99.1295933185298,9.23,0.0,1.0,4.0,1.0,0.1111111111111111,0.1142857142857142,-5.4716597
FC(F)(F)C(F)(F)C(F)(F)C(F)(F)C(F)(F)C(F)(F)C(F)(F)C(F)(F)c1ccc(Br)cc1,575.056,7.915000000000004,173.03258949005715,0.0,0.0,0.0,7.0,1.0,0.25,0.2580645161290322,-6.9474249
OC(C(F)(F)F)C(F)(F)C(F)(F)F,218.04299999999995,2.1072,65.95259434662528,20.23,1.0,1.0,1.0,0.0,0.1851851851851851,0.1923076923076923,-4.2467027
CC1CCc2c(sc(NC(=O)C(F)(F)C(F)(F)C(F)(F)C(F)(F)C(F)(F)C(F)F)c2C(N)=O)C1,538.3539999999999,5.351900000000002,186.00940463935825,72.19,2.0,3.0,8.0,2.0,0.1129032258064516,0.1724137931034483,-7.5637822
CCOc1ccccc1-n1c(-c2cccc(OC(F)(F)C(F)F)c2)n[nH]c1=S,413.396,5.2322900000000025,162.08025374504237,52.07,1.0,5.0,7.0,3.0,0.044776119402985,0.0454545454545454,-7.36129
C[N+](C)(CCCNS(=O)(=O)CCC(F)(F)C(F)(F)C(F)(F)C(F)(F)C(F)(F)C(F)(F)F)CC(=O)[O-],570.3679999999999,2.2511,189.23659995248465,86.3,1.0,4.0,14.0,0.0,0.2448979591836734,0.2244897959183673,-8.0673618
O=C1C=CC=C/C1=C\Nc1ccc(OC(F)(F)C(F)F)cc1,313.25,3.914200000000002,123.12831302384808,38.33,1.0,3.0,5.0,2.0,0.0784313725490196,0.08,-6.2188592
FC(F)(F)C(F)(F)c1nc2nc(Cl)c(Cl)nc2[nH]1,307.009,3.3138,105.14526571227374,54.46,1.0,3.0,1.0,2.0,0.1025641025641025,0.1052631578947368,-5.1142821
FC(C(F)(F)F)C(F)(F)F,170.027,2.4491,50.62788307710641,0.0,0.0,0.0,0.0,0.0,0.125,0.1304347826086956,-3.9007881
O=C(O)C(F)(F)C(F)(Cl)C(F)(F)C(F)(Cl)C(F)(F)C(F)(Cl)C(F)(F)C(F)(Cl)C(F)(F)Cl,596.3530000000001,7.0622000000000025,184.81331268501447,37.3,1.0,1.0,9.0,0.0,0.21875,0.4074074074074074,-6.9375129
CN(C)C(=O)Nc1cccc(OC(F)(F)C(F)F)c1,280.22099999999995,3.016800000000001,106.503018486547,41.57000000000001,1.0,2.0,4.0,1.0,0.1,0.125,-6.2499771
Cc1cc(C(F)(C(F)(F)F)C(F)(F)F)ccc1N,275.16700000000003,3.866620000000001,97.38981009457976,26.02,1.0,1.0,1.0,1.0,0.1081081081081081,0.1111111111111111,-5.3040738
O=C(O)CCCCCCCCCCC(F)(F)C(F)(F)F,304.2989999999999,5.169600000000004,114.9019892674598,37.3,1.0,1.0,11.0,0.0,0.1764705882352941,0.2580645161290322,-7.2480392
OCCCCC(I)CC(F)(F)C(F)(F)C(F)(F)C(F)(F)F,446.091,4.810900000000002,127.56962055697475,20.23,1.0,1.0,8.0,0.0,0.2162162162162162,0.2222222222222222,-6.7002635
FC(F)(F)C(=CC(F)(F)C(F)(F)F)C(F)(F)F,282.052,4.235,85.6952479998169,0.0,0.0,0.0,1.0,0.0,0.1785714285714285,0.1851851851851851,-5.2639036
O=C(CCC(F)(F)C(F)(F)C(F)(F)C(F)(F)C(F)(F)C(F)(F)C(F)(F)C(F)(F)F)OCC(F)(F)F,574.1490000000002,6.881500000000004,177.70433178866418,26.3,0.0,2.0,10.0,0.0,0.2777777777777778,0.3235294117647059,-7.870892
NCCC(F)(F)C(F)(F)C(F)(F)C(F)(F)C(F)(F)C(F)(F)F,363.117,4.074000000000001,112.78569676365956,26.02,1.0,1.0,6.0,0.0,0.2857142857142857,0.2962962962962963,-6.0299082
O=C(O)CNS(=O)(=O)C(F)(F)C(F)(F)C(F)(F)C(F)(F)C(F)(F)C(F)(F)C(F)(F)C(F)(F)F,557.1780000000001,3.9573,168.10422583540787,83.47,2.0,3.0,10.0,0.0,0.4516129032258064,0.375,-6.9456611
C=C[CH2][Sn]([CH2]CC(F)(F)C(F)(F)C(F)(F)C(F)(F)C(F)(F)C(F)(F)F)([CH2]CC(F)(F)C(F)(F)C(F)(F)C(F)(F)C(F)(F)C(F)(F)F)[CH2]CC(F)(F)C(F)(F)C(F)(F)C(F)(F)C(F)(F)C(F)(F)F,1201.0660000000005,16.007899999999985,346.6113761342916,0.0,0.0,0.0,23.0,0.0,0.2222222222222222,0.2285714285714285,-6.1366792
O=C(F)C(F)(N(C(F)(F)F)C(F)(F)F)C(F)(F)F,299.039,3.0522,89.9412646878517,20.31,0.0,2.0,2.0,0.0,0.2,0.25,-5.0791044
CC(CCC(F)(F)C(F)C(F)(F)F)C(F)(F)C(F)C(F)(F)F,358.16599999999994,5.474100000000003,116.01015489251382,0.0,0.0,0.0,6.0,0.0,0.0789473684210526,0.081081081081081,-6.2117581
OCCCC(I)CC(F)(F)C(F)(F)C(F)(F)C(F)(F)C(F)(F)C(F)(F)F,532.0780000000001,5.691400000000003,150.5967042830763,20.23,1.0,1.0,9.0,0.0,0.25,0.2571428571428571,-6.8383117
O=S(=O)(F)C(F)(F)C(F)(F)OC(F)(F)C(F)F,300.0979999999999,2.3458,87.35833665125634,43.370000000000005,0.0,3.0,5.0,0.0,0.2121212121212121,0.1142857142857142,-4.7591891
FC(F)(F)C(F)(F)C(F)(F)C(F)(F)C(F)(F)C(F)(F)C(F)(F)C(F)(F)c1ccccc1,496.16,7.152500000000003,159.16504188441576,0.0,0.0,0.0,7.0,1.0,0.2666666666666666,0.3214285714285714,-6.9071922
C[Si](C)(C)C(F)(F)C(F)(F)C(F)(F)C(F)(F)C(F)(F)C(F)(F)F,392.231,5.6026000000000025,121.19173542642056,0.0,0.0,0.0,5.0,0.0,0.3076923076923077,0.32,-6.2606273
OCCCCCC(F)(F)C(F)(F)C(F)(F)C(F)(F)C(F)(F)C(F)(F)F,406.182,5.2779000000000025,131.33486616203265,20.23,1.0,1.0,9.0,0.0,0.2903225806451613,0.3,-6.3813219
FC(F)(F)C(F)(F)C(F)(F)C(F)(F)C(F)(F)C(F)(F)CC[Si](Br)(CCC(F)(F)C(F)(F)C(F)(F)C(F)(F)C(F)(F)C(F)(F)F)CCC(F)(F)C(F)(F)C(F)(F)C(F)(F)C(F)(F)C(F)(F)F,1149.2720000000008,15.71349999999999,338.2866311347492,0.0,0.0,0.0,21.0,0.0,0.2580645161290322,0.2666666666666666,-8.667078
FC(F)(Cl)C(F)(F)C(F)(F)C(F)(F)C(F)(F)C(F)(F)Br,415.399,5.346900000000001,114.72120026745044,0.0,0.0,0.0,5.0,0.0,0.1851851851851851,0.1923076923076923,-5.2585502
FC(Cl)OC(C(F)(F)F)C(F)(F)F,234.498,2.9881,72.40963664789157,9.23,0.0,1.0,2.0,0.0,0.0967741935483871,0.1,-4.7825856
O=C(OCc1ccc(CCC(F)(F)C(F)(F)C(F)(F)C(F)(F)C(F)(F)C(F)(F)C(F)(F)C(F)(F)F)cc1)ON1C(=O)CCC1=O,695.3219999999999,7.345800000000008,237.5042765748858,72.91,0.0,5.0,12.0,2.0,0.1923076923076923,0.22,-8.7089977
O=C1CCCCC1C(=O)C(F)(F)C(F)(F)C(F)(F)C(F)(F)C(F)(F)C(F)(F)F,444.187,5.053600000000001,146.58772968518815,34.14,0.0,2.0,6.0,1.0,0.2564102564102564,0.3714285714285714,-6.8483286
O=C1C=CC(=O)N1CCCC(F)(F)C(F)(F)C(F)(F)C(F)(F)C(F)(F)C(F)(F)C(F)(F)C(F)(F)F,557.2000000000002,5.701000000000002,181.04998616370543,37.38,0.0,2.0,10.0,1.0,0.2368421052631578,0.2432432432432432,-7.5755863
FC(F)(F)C(F)(F)C(F)(F)C(F)(F)C(F)(F)C(F)(F)C(F)(F)C(F)(F)CCCI,588.0390000000001,7.211000000000003,162.46461214258525,0.0,0.0,0.0,9.0,0.0,0.2666666666666666,0.2758620689655172,-7.039042
CON(C)C(=O)C(F)C(F)(F)F,189.10799999999995,0.9066,65.8501005963529,29.54,0.0,2.0,2.0,0.0,0.1388888888888889,0.1764705882352941,-4.65136
O=C(CI)NCCCC(F)(F)C(F)(F)C(F)(F)C(F)(F)C(F)(F)C(F)(F)C(F)(F)C(F)(F)F,645.0910000000002,6.327200000000003,184.90588065503024,29.1,1.0,1.0,11.0,0.0,0.2631578947368421,0.3055555555555556,-7.8730817
FC1(F)C(Cl)=C(Cl)C(F)(Cl)C1(F)F,261.404,3.8644,84.24106099497868,0.0,0.0,0.0,0.0,1.0,0.0303030303030303,0.03125,-4.7453713
O=C1CCC2(O1)OC(C(F)(F)F)(C(F)(F)F)OC2=O,294.103,1.414,99.93907582771294,61.830000000000005,0.0,5.0,0.0,2.0,0.0975609756097561,0.1,-5.8476653
O=C(F)C(F)(F)C(F)(F)C(F)(F)OC(F)(C(=O)F)C(F)(F)F,360.04999999999995,3.0867,110.35191797891844,43.370000000000005,0.0,3.0,6.0,0.0,0.2058823529411764,0.2903225806451613,-5.4637771
NS(=O)(=O)C(F)(F)C(F)(F)OC(F)(F)C(F)(F)Cl,331.568,1.9015,98.6758386402456,69.39,1.0,3.0,5.0,0.0,0.21875,0.1515151515151515,-5.4072833
O=C(F)C1(F)OC(F)(F)OC1(F)F,210.029,1.3382,66.21007119410507,35.53,0.0,3.0,1.0,1.0,0.088235294117647,0.1612903225806451,-4.4609838
OCC(F)(F)C(F)(C(F)(F)F)C(F)(F)C(F)C(F)(F)F,332.08399999999995,3.4203,101.70956230152002,20.23,1.0,1.0,4.0,0.0,0.1428571428571428,0.1470588235294117,-5.5509839
O=c1oc(=O)n(CCCC(F)(F)C(F)(F)C(F)(F)C(F)(F)C(F)(F)C(F)(F)C(F)(F)C(F)(F)F)c2ccccc12,623.259,6.744300000000002,207.4990132509792,52.21,0.0,4.0,10.0,2.0,0.18,0.1836734693877551,-8.7778225
C=CS(=O)(=O)C(F)(F)C(F)(F)C(F)(F)C(F)(F)C(F)(F)C(F)(F)F,410.151,4.2410000000000005,123.38160141624918,34.14,0.0,2.0,6.0,0.0,0.5,0.3103448275862069,-6.0915432
FC(C(F)(F)F)C(F)(F)OC(F)(F)F,236.033,3.016,70.43744122686236,9.23,0.0,1.0,2.0,0.0,0.0967741935483871,0.1,-4.7194486
FC(F)(F)C(F)(F)C(F)(F)C(F)(F)C(F)(F)C(F)(F)c1ccc(P(c2ccc(C(F)(F)C(F)(F)C(F)(F)C(F)(F)C(F)(F)C(F)(F)F)cc2)c2ccc(C(F)(F)C(F)(F)C(F)(F)C(F)(F)C(F)(F)C(F)(F)F)cc2)cc1,1216.3880000000008,16.03069999999998,392.0701156857602,0.0,0.0,0.0,18.0,3.0,0.2424242424242424,0.25,-9.7171001
Cc1cc2nc(C(F)(F)C(F)(F)F)[nH]c2cc1C,264.197,3.833840000000001,98.82932152541058,28.68,1.0,1.0,1.0,2.0,0.0952380952380952,0.0975609756097561,-5.7462854
FC(F)(F)C(F)(F)C(F)(F)C(F)(F)CCCI,388.011,4.6698,103.68056046158895,0.0,0.0,0.0,5.0,0.0,0.2333333333333333,0.2413793103448276,-5.5711818
Cc1cc(C(F)(C(F)(F)F)C(F)(F)F)ccc1NC(=O)c1cccc(I)c1C(=O)NC(C)(C)CS(C)(=O)=O,682.396,5.694320000000004,226.9716134745412,92.34,2.0,4.0,7.0,2.0,0.125,0.109375,-9.7154379
FC1(F)c2ccccc2-c2ccccc2C1(F)F,252.20999999999995,4.550800000000002,100.87469201252992,0.0,0.0,0.0,0.0,3.0,0.0303030303030303,0.03125,-5.4447169
FC(F)(F)C1(C(F)(F)F)CC(c2ccccc2)=NN=C(c2ccccc2)C1,384.3230000000001,5.784800000000004,150.79125438232066,24.72,0.0,2.0,2.0,3.0,0.075,0.1052631578947368,-6.9206848
O=C(NC(C(F)(F)F)C(F)(F)F)c1ccccc1,271.16,2.909600000000001,97.59576827829264,29.1,1.0,1.0,2.0,1.0,0.131578947368421,0.2,-5.4371986
FC(F)(Cl)C(F)(F)C1(F)OC1(F)F,232.482,2.7421,71.40380549436233,12.53,0.0,1.0,2.0,1.0,0.09375,0.0967741935483871,-4.6705637
FC(F)(F)C1(F)OC1(F)C(F)(F)F,216.027,2.4728,65.26607467040691,12.53,0.0,1.0,0.0,1.0,0.1111111111111111,0.1153846153846153,-4.4454823
FC1=C(C2(F)C(F)(F)C(F)(F)C2(F)F)C(F)(F)C1(F)F,324.064,4.122,100.5790053244779,0.0,0.0,0.0,1.0,2.0,0.0294117647058823,0.0303030303030303,-5.162499
O=C1C=NC(C(F)(F)F)(C(F)(F)F)O1,221.05599999999995,1.4348999999999998,72.35679056485492,38.66,0.0,3.0,0.0,1.0,0.1111111111111111,0.1470588235294117,-4.8909569
O=S(=O)(N=C(C(F)(F)F)C(F)(F)F)c1ccccc1,305.199,2.940900000000001,103.17554025851943,46.5,0.0,2.0,2.0,1.0,0.1944444444444444,0.1666666666666666,-6.0227242
FC(F)(F)C(F)(F)C(F)(F)C(F)(F)C(F)(F)C(F)(F)c1nc(C(F)(F)C(F)(F)C(F)(F)C(F)(F)C(F)(F)C(F)(F)F)nc(C(F)(F)C(F)(F)C(F)(F)C(F)(F)C(F)(F)C(F)(F)F)n1,1035.174000000001,12.457499999999996,312.11518583559854,38.67,0.0,3.0,15.0,1.0,0.2962962962962963,0.3076923076923077,-9.1703501
O=C(c1ccccc1)C(F)(F)C(F)F,206.13799999999995,2.769700000000001,77.3498931744355,17.07,0.0,1.0,3.0,1.0,0.1388888888888889,0.2121212121212121,-5.16749
N#CC1(F)C(F)(F)C(F)(F)C(F)(F)C(F)(F)C1(F)F,307.06199999999995,3.40838,96.13654167433724,23.79,0.0,1.0,0.0,1.0,0.0344827586206896,0.0357142857142857,-4.6279974
CCN(CC)C(F)(F)C(F)(F)F,191.143,2.4833000000000007,67.15147228464713,3.24,0.0,1.0,3.0,0.0,0.1379310344827586,0.1428571428571428,-5.057579
O=C(C(=C(F)F)C(F)(F)F)C(F)(F)C(F)(F)F,278.045,3.466,85.69123469693444,17.07,0.0,1.0,2.0,0.0,0.1935483870967742,0.2857142857142857,-5.0677514
FC(F)C(F)(F)CNCC(F)(F)C(F)F,245.113,2.3768,79.43810700683049,12.03,1.0,1.0,6.0,0.0,0.1,0.1034482758620689,-5.1416831
O=[N+]([O-])C1=C(F)C(F)(F)C(F)(F)C(F)(Br)C1(F)F,349.959,3.4244,100.71333396565014,43.14,0.0,2.0,1.0,1.0,0.048780487804878,0.05,-5.1154909
FCC(F)(F)C(F)(F)C(F)(F)C(F)(F)C(F)(F)C(F)F,334.07499999999993,4.397500000000001,101.08086395225024,0.0,0.0,0.0,6.0,0.0,0.15625,0.1612903225806451,-5.3770809
CCOP(=O)(OCC)C(F)(F)C(F)(F)C(F)(F)C(F)(F)F,356.1209999999999,4.678200000000002,112.47369533030351,35.53,0.0,3.0,7.0,0.0,0.2424242424242424,0.25,-6.2878275
CC(=O)C(F)(C(F)(F)F)C(F)(F)F,212.064,2.408300000000001,67.51928940594338,17.07,0.0,1.0,1.0,0.0,0.2307692307692307,0.2916666666666667,-4.5905647
FC(F)(F)C(F)(F)c1nc2ccccc2[nH]1,236.1430000000001,3.2170000000000014,86.09943729661737,28.68,1.0,1.0,1.0,2.0,0.1,0.1025641025641025,-5.1664762
COP(=O)(OC)C(C)(C(F)(F)F)C(F)(F)F,274.0969999999999,3.3556000000000017,87.2472048927316,35.53,0.0,3.0,3.0,0.0,0.1612903225806451,0.1666666666666666,-5.4267492
O=C(C(F)(F)C(F)(F)F)C(Cl)(C(F)(F)F)C(F)(F)F,332.496,3.8553,100.8496393589266,17.07,0.0,1.0,2.0,0.0,0.2068965517241379,0.3076923076923077,-5.1724491
FC(F)(F)N(C(F)(F)F)C(F)(F)C(F)(F)F,271.02899999999994,3.4831,79.41480047341133,3.24,0.0,1.0,1.0,0.0,0.1538461538461538,0.16,-4.7110357
CC(C)(C)OOC(=O)C(F)(F)C(F)(F)C(F)(F)C(F)(F)C(F)(F)C(F)(F)F,436.16399999999993,4.998500000000002,140.85854028463245,35.53,0.0,3.0,6.0,0.0,0.303030303030303,0.4482758620689655,-7.0576491
COc1ccc(C(F)(F)C(F)(F)F)cc1,226.144,3.3493000000000013,82.46745170682486,9.23,0.0,1.0,2.0,1.0,0.1142857142857142,0.1176470588235294,-5.2395949
O=C(F)C(F)(F)OC(F)(F)C(F)F,214.036,1.9498,66.26789252105365,26.3,0.0,2.0,4.0,0.0,0.1515151515151515,0.1935483870967742,-4.5430341
O=NOC(C(F)(F)F)(C(F)(F)F)C(F)(F)F,265.03099999999995,3.1101,80.08621171057084,38.66,0.0,3.0,2.0,0.0,0.1785714285714285,0.1851851851851851,-4.7235107
O=P(O)(O)OCC1(F)C(F)(F)C(F)(F)C(F)(F)C(F)(F)C1(F)F,392.057,2.9940999999999995,117.99558540124252,66.76,2.0,2.0,3.0,1.0,0.0833333333333333,0.0857142857142857,-5.8723454
O=S(=O)(F)C(F)(F)C(F)(F)OC(F)(F)C(F)(F)CCI,454.048,3.5411,119.3500590010932,43.370000000000005,0.0,3.0,7.0,0.0,0.1891891891891892,0.1025641025641025,-5.8525801
O=C=NC(F)(C(F)(F)F)C(F)(F)F,211.036,2.1126,66.0496697774069,29.43,0.0,2.0,1.0,0.0,0.1785714285714285,0.1851851851851851,-4.5335245
FC(F)(F)OC(F)(F)C(F)(F)C(F)(F)F,254.023,3.3132,74.6029766297886,9.23,0.0,1.0,2.0,0.0,0.2307692307692307,0.24,-4.6123357
CC(C)(C)C(=O)CC(=O)C(F)(F)C(F)(F)C(F)(F)C(F)F,328.1989999999999,3.7318000000000016,114.035999595293,34.14,0.0,2.0,6.0,0.0,0.1578947368421052,0.2285714285714285,-6.3614421
CCN(CC)C1(C(F)C(F)(F)F)OCCCO1,259.24299999999994,2.3193,97.66696464479188,21.700000000000003,0.0,3.0,4.0,1.0,0.0697674418604651,0.0714285714285714,-6.0999184
CC(C)COP(=O)(OCC(C)C)C(F)(F)C(F)(F)C(F)(F)F,362.2219999999999,5.315100000000004,123.23745086764086,35.53,0.0,3.0,8.0,0.0,0.1944444444444444,0.2,-6.8592987
O=C(O)C(F)(F)OC(F)(F)C(F)(F)C(F)(F)C(F)(F)I,437.955,3.5716,115.55045483186522,46.53,1.0,2.0,6.0,0.0,0.1714285714285714,0.2903225806451613,-5.8236299
CCCCCCCCCCOC(=O)C(F)C(F)(F)F,286.309,4.570700000000004,111.05576534184446,26.3,0.0,2.0,10.0,0.0,0.1282051282051282,0.1621621621621621,-7.255291
CCCCCCCCCCCCCCCCCCOC(=O)C(F)C(F)(F)F,398.5249999999999,7.691500000000007,161.97530225701738,26.3,0.0,2.0,18.0,0.0,0.1282051282051282,0.1621621621621621,-9.1352043
COC(O)C(F)(F)C(F)(F)C(F)(F)C(F)F,262.096,2.1222000000000003,83.79602380492537,29.46,1.0,2.0,5.0,0.0,0.1470588235294117,0.1515151515151515,-5.2744708
O=C1NCCNC1(O)C(F)(F)C(F)F,216.134,-0.7052000000000003,76.27575227744416,61.36,3.0,3.0,2.0,1.0,0.1219512195121951,0.125,-5.213903
O=C(O)C(F)(F)C(F)(F)Oc1c(F)c(F)c(F)c(F)c1F,328.086,3.0736,108.08534917076956,46.53,1.0,2.0,4.0,1.0,0.1388888888888889,0.3333333333333333,-5.6428781
COC(=O)CC(=O)C(F)(F)C(F)F,202.103,1.019,70.66269264111193,43.370000000000005,0.0,3.0,4.0,0.0,0.1388888888888889,0.1764705882352941,-5.2493944
O=C(NO)C(F)(F)C(F)(F)C(F)(F)F,229.051,1.3247,71.45248172682882,49.33,2.0,2.0,2.0,0.0,0.2857142857142857,0.4,-4.6707263
O=C(Cl)C(F)(F)C(F)(F)C(F)(F)C(F)(F)C(F)(F)C(F)(F)C(F)(F)C(F)(F)C(F)(F)F,532.5240000000001,6.396500000000003,159.6336910399229,17.07,0.0,1.0,8.0,0.0,0.3846153846153846,0.5909090909090909,-6.5642438
O=C(O)C(F)(F)OC(F)(F)C(F)(F)S(=O)(=O)O,292.10900000000004,0.7538000000000002,88.52522688036404,100.9,2.0,4.0,5.0,0.0,0.3666666666666666,0.25,-5.3797116
CCN(CC)CC(O)C(F)(F)C(F)(F)C(F)(F)C(F)(F)C(F)(F)C(F)(F)F,435.22399999999993,4.427900000000003,143.45964194663264,23.47,1.0,2.0,9.0,0.0,0.2571428571428571,0.2647058823529412,-7.1019511
FC(F)C(F)(Cc1ccccc1)C(F)(F)F,242.162,3.764800000000001,87.8843839946408,0.0,0.0,0.0,3.0,1.0,0.1081081081081081,0.1428571428571428,-5.2957363
OC(NN(C(F)(F)F)C(F)(F)F)(C(F)(F)F)C(F)(F)F,334.05999999999995,2.6458,100.2595099467732,35.5,2.0,3.0,2.0,0.0,0.1666666666666666,0.1724137931034483,-5.4461255
O=S(=O)(CC(Sc1ccccc1)c1ccco1)C(F)(F)C(F)(F)C(F)(F)C(F)(F)C(F)(F)C(F)(F)F,586.3910000000002,7.224100000000004,197.1028321500036,47.28,0.0,4.0,10.0,2.0,0.2765957446808511,0.2291666666666666,-8.396039
CC(=O)C(C(C)=O)C(CS(=O)(=O)C(F)(F)C(F)(F)C(F)(F)C(F)(F)C(F)(F)C(F)(F)F)c1ccco1,576.327,5.268500000000004,192.0703826906448,81.42,0.0,5.0,11.0,1.0,0.3043478260869565,0.2291666666666666,-8.1976404
O=C(C(F)(F)F)C(C(F)(F)F)(C(F)(F)F)C(F)(F)F,316.04099999999994,3.7911,94.71190853497116,17.07,0.0,1.0,1.0,0.0,0.2307692307692307,0.2916666666666667,-4.9078908
FC(F)(F)N1C(F)(F)N(C(F)(F)F)C(F)(F)C1(F)F,316.045,3.3795,94.69928050740828,6.48,0.0,2.0,0.0,1.0,0.1034482758620689,0.1071428571428571,-5.256567
Oc1ccc(SCC(F)(F)C(F)F)cc1,240.221,3.3847000000000014,88.105714851953,20.23,1.0,2.0,4.0,1.0,0.1025641025641025,0.1052631578947368,-5.4808259
FC(F)(F)C(F)(CC(I)C(F)(C(F)(F)F)C(F)(F)F)C(F)(F)F,491.988,5.845900000000002,130.8731795906167,0.0,0.0,0.0,3.0,0.0,0.125,0.1290322580645161,-5.8093185
FC(F)(F)NC(F)(F)C(F)(F)F,203.032,2.2509,60.34328066364069,12.03,1.0,1.0,1.0,0.0,0.1538461538461538,0.16,-4.5817509
FC(=C(c1ccccc1)c1ccccc1)C(F)(F)F,266.237,4.977800000000002,107.55586224827152,0.0,0.0,0.0,2.0,2.0,0.1176470588235294,0.15625,-6.0390272
COc1ccc(OC)c(OC(=O)C(F)(F)C(F)(F)C(F)(F)F)c1,350.1859999999999,3.4421000000000017,124.28196141492464,44.760000000000005,0.0,4.0,5.0,1.0,0.1818181818181818,0.2439024390243902,-6.3878465
O=P(C(F)(F)C(F)(F)C(F)(F)C(F)(F)C(F)(F)F)(C(F)(F)C(F)(F)C(F)(F)C(F)(F)C(F)(F)F)C(F)(F)C(F)(F)C(F)(F)C(F)(F)C(F)(F)F,854.0720000000005,11.5325,246.6007088260412,17.07,0.0,1.0,12.0,0.0,0.36,0.375,-7.5581141
FC(F)(F)N(C(F)(F)F)C(F)(F)C(F)(F)C(F)(F)F,321.03599999999994,4.1184,94.1108133936604,3.24,0.0,1.0,2.0,0.0,0.2307692307692307,0.24,-5.0822759
FC(F)(F)OC(F)(F)C(F)(F)OC(F)(F)C(F)(F)OC(F)(F)F,386.035,4.447,114.2220929293005,27.69,0.0,3.0,6.0,0.0,0.1153846153846153,0.12,-6.2935357
FC(F)(F)C(F)(F)[Te]C(F)(F)C(F)(F)F,365.624,3.0007999999999995,85.6923598792987,0.0,0.0,0.0,2.0,0.0,0.1666666666666666,0.1739130434782608,-2.7092547
COC(=O)c1ccc(C(F)(F)C(F)(F)C(F)(F)F)o1,294.122,3.355600000000001,100.48425810559112,39.44,0.0,3.0,3.0,1.0,0.1951219512195122,0.2307692307692307,-5.5310369
O=C(OOC(=O)C(F)(F)C(F)(F)C(F)(F)C(F)(F)C(F)(F)C(F)(F)C(F)(F)F)C(F)(F)C(F)(F)C(F)(F)C(F)(F)C(F)(F)C(F)(F)C(F)(F)F,826.1120000000004,8.736000000000004,247.6588748064053,52.6,0.0,4.0,12.0,0.0,0.3703703703703703,0.5652173913043478,-8.5450106
[N-]=[N+]=NC(F)(F)C(F)(OC(F)(F)C(F)(F)C(F)(F)F)C(=O)F,355.063,3.8584,110.79364038032662,75.06,0.0,3.0,6.0,0.0,0.2,0.2368421052631578,-5.9548073
FC(F)(F)C(F)(F)C(F)(F)C(F)(F)C(F)(F)C(F)(F)C(F)(F)C(Cl)(Cl)Cl,487.4169999999999,6.730700000000001,146.68667555314434,0.0,0.0,0.0,5.0,0.0,0.4090909090909091,0.4285714285714285,-5.8477712
FC(F)(F)[C](F)(F)[Cu],182.558,1.6883,49.867045256756185,0.0,0.0,0.0,0.0,0.0,0.1818181818181818,0.1904761904761904,-3.4553897
OCCCC(C(F)(F)F)(C(F)(F)F)C(F)(F)C(F)(F)C(F)(F)F,378.128,4.702800000000001,118.60498193323946,20.23,1.0,1.0,5.0,0.0,0.2666666666666666,0.2758620689655172,-6.1449618
O=CC=C(C(F)(F)F)C(F)(F)F,192.058,2.2363,62.6641509708329,17.07,0.0,1.0,1.0,0.0,0.1785714285714285,0.1851851851851851,-4.5291743
O=C(O)C(F)(F)C(F)(F)C(F)(F)S(=O)(=O)O,276.11,0.8222000000000003,83.41168165085718,91.67,2.0,3.0,4.0,0.0,0.52,0.48,-5.0493531
NC(F)(F)C(F)(F)C(F)(F)C(F)(F)F,235.04899999999995,2.3708,70.6637866943682,26.02,1.0,1.0,2.0,0.0,0.3043478260869565,0.3181818181818182,-4.4202271
FC1(F)C2CN=NC2C1(F)F,168.093,1.7212,59.29627663455154,24.72,0.0,2.0,0.0,2.0,0.0277777777777777,0.0285714285714285,-4.5060687
CC1OP(OCC(F)(F)C(F)F)OC1C,250.128,2.9541000000000013,85.68554601616047,27.69,0.0,3.0,4.0,1.0,0.075,0.0769230769230769,-5.8061585
CCCCCC(=O)C(F)(F)C(F)(F)F,218.165,3.333400000000002,78.28304494328074,17.07,0.0,1.0,5.0,0.0,0.1764705882352941,0.2580645161290322,-5.4465947
[N-]=[N+]=NC(NC(=O)c1ccccc1)(C(F)(F)F)C(F)(F)F,312.17299999999994,3.547600000000001,112.7294902970674,77.86000000000001,1.0,2.0,3.0,1.0,0.1363636363636363,0.1951219512195122,-5.9856639
CCCCCCCCCCCC(=O)OCCOC(=O)C(F)C(F)(F)F,372.399,4.894100000000004,145.79060112898156,52.6,0.0,4.0,14.0,0.0,0.1136363636363636,0.1428571428571428,-8.2952442
COc1ccc2c(C(=O)O)cccc2c1C(F)(F)C(F)(F)F,320.213,4.200700000000001,120.4698142051964,46.53,1.0,2.0,3.0,2.0,0.125,0.1777777777777777,-6.3632674
[N-]=[N+]=NCCC(F)(F)C(F)(F)F,189.087,2.8844000000000003,63.79547640442535,48.760000000000005,0.0,1.0,3.0,0.0,0.1212121212121212,0.125,-4.7792358
FC(F)=C(F)OC(F)(F)C(F)(F)C(F)(F)C(F)=C(F)F,328.052,4.979100000000001,100.64966771446238,9.23,0.0,1.0,5.0,0.0,0.1470588235294117,0.1875,-5.4647751
OCCOCC(F)(F)C(F)(F)F,194.099,1.1929,64.93447548175004,29.46,1.0,2.0,4.0,0.0,0.15625,0.1612903225806451,-4.6867456
C[SiH2]CCC(F)(F)C(F)(F)C(F)(F)C(F)(F)F,292.2169999999999,3.4799000000000007,92.9930588235288,0.0,0.0,0.0,5.0,0.0,0.2258064516129032,0.2333333333333333,-5.7572017
FC(F)(F)C1(C(F)(F)F)OCC(C2COC(C(F)(F)F)(C(F)(F)F)O2)O1,418.13,3.4590000000000005,134.45267350348288,36.92,0.0,4.0,1.0,2.0,0.088235294117647,0.0909090909090909,-6.5719366
FC(F)(Br)C(F)(Br)C(F)(F)C(F)(F)C1(F)OC1(F)F,437.853,4.594200000000001,114.06212491633528,12.53,0.0,1.0,4.0,1.0,0.1142857142857142,0.1176470588235294,-5.4458623
NCCC(F)(F)C(F)(F)C(F)(F)C(F)(F)CCN,288.1820000000001,2.2252,97.29791044604112,52.04,2.0,2.0,7.0,0.0,0.1428571428571428,0.1481481481481481,-5.3945961
FC(F)C(F)(Br)C(F)(Br)C(F)(F)F,341.846,3.9352,84.72792040278573,0.0,0.0,0.0,2.0,0.0,0.1379310344827586,0.1428571428571428,-4.5519576
O=[N+]([O-])c1cccc(C(F)(F)C(F)(F)C(F)(F)C(F)(F)C(F)(F)C(F)(F)F)c1,441.1429999999999,5.7901000000000025,144.4259917664174,43.14,0.0,2.0,6.0,1.0,0.225,0.2307692307692307,-6.6593242
FC(F)C(F)(F)OCCCOC(F)(F)C(F)F,276.12299999999993,3.125500000000001,90.48027739663284,18.46,0.0,2.0,8.0,0.0,0.09375,0.0967741935483871,-5.5974717
OC(C(F)(F)F)(C(F)(F)F)C(F)(F)Cl,252.488,2.6737,76.25586057350694,20.23,1.0,1.0,1.0,0.0,0.1923076923076923,0.2,-4.4075961
O=C(O)CCSCCC(F)(F)C(F)(F)C(F)(F)C(F)(F)C(F)(F)C(F)(F)F,452.232,5.323200000000002,145.61949828744167,37.3,1.0,2.0,10.0,0.0,0.2777777777777778,0.3636363636363636,-7.3285494
Cc1ccc2nc(C(F)(F)C(F)(F)C(F)(F)F)ccc2c1,311.2,4.832620000000002,113.95123191024877,12.89,0.0,1.0,2.0,2.0,0.1428571428571428,0.175,-5.6208525
C=CC(=O)OC(F)(F)C(F)(F)C(F)(F)C(F)(F)C(F)(F)C(F)(F)C(F)(F)C(F)(F)F,490.109,5.682500000000002,151.788238318908,26.3,0.0,2.0,8.0,0.0,0.3125,0.3666666666666666,-6.4721479
Nc1ccc(S(=O)(=O)C(F)(F)C(F)(F)C(F)(F)C(F)(F)C(F)(F)C(F)(F)F)cc1,475.226,4.738800000000001,151.73830512271692,60.16,1.0,3.0,6.0,1.0,0.40625,0.2571428571428571,-6.5786119
CCC(F)(F)C(F)C(F)(F)F,180.09099999999998,2.932100000000001,59.1922319029734,0.0,0.0,0.0,2.0,0.0,0.0967741935483871,0.1,-4.7786264
COC(=O)c1cccc(S(=O)(=O)C(F)(F)C(F)(F)C(F)(F)F)c1,368.226,3.037300000000001,124.31532722330088,60.440000000000005,0.0,4.0,4.0,1.0,0.2558139534883721,0.2045454545454545,-6.7537646
FC(F)(I)C(F)(F)C(F)(F)C(F)(F)c1ccccc1,404.038,5.076800000000001,115.47729292153691,0.0,0.0,0.0,4.0,1.0,0.1142857142857142,0.1515151515151515,-5.9770679
Cc1c(C(F)(F)C(F)(F)F)noc1N,216.109,2.21932,74.65913072512336,52.05,1.0,3.0,1.0,1.0,0.1052631578947368,0.1081081081081081,-4.9441996
O=C(CC(=O)C(F)(F)C(F)(F)F)c1ccc2ccccc2c1,316.225,4.179300000000002,121.08849943793396,34.14,0.0,2.0,4.0,2.0,0.1363636363636363,0.1951219512195122,-6.1286983
OCc1ccc(OCCCC(F)(F)C(F)(F)C(F)(F)C(F)(F)F)cc1,384.238,4.8061000000000025,135.7485376427088,29.46,1.0,2.0,8.0,1.0,0.1904761904761904,0.1951219512195122,-6.6978674
CCCCCCCCC[C@H](O)C(F)(F)C(F)(F)F,276.289,4.685600000000004,104.37552505301944,20.23,1.0,1.0,9.0,0.0,0.1428571428571428,0.1470588235294117,-6.643724
O=C(CC(=O)C(F)(F)C(F)(F)F)c1cccs1,272.194,3.087600000000001,96.0471981766102,34.14,0.0,3.0,4.0,1.0,0.1428571428571428,0.2051282051282051,-5.9132361
FC(F)(F)C(F)(F)COc1ccc(Br)cn1,306.028,3.4205000000000005,95.55464729341269,22.12,0.0,2.0,3.0,1.0,0.0952380952380952,0.0975609756097561,-5.4191203
OCC(F)(OC(F)(F)C(F)(OC(F)(F)C(F)(OC(F)(F)C(F)(OC(F)(F)C(F)(F)C(F)(F)F)C(F)(F)F)C(F)(F)F)C(F)(F)F)C(F)(F)F,814.1260000000005,8.526300000000003,243.89738198446645,57.150000000000006,1.0,5.0,13.0,0.0,0.2285714285714285,0.2,-9.2221117
C=C(C)C(=O)OCC(C)CC(O)(C(F)(F)F)C(F)(F)F,308.2179999999999,2.987600000000002,110.76158263891544,46.53,1.0,3.0,5.0,0.0,0.1395348837209302,0.1707317073170731,-6.4016447
O=CC(F)(C(F)(F)F)C(F)(F)F,198.037,2.0182,61.15434729154678,17.07,0.0,1.0,1.0,0.0,0.2,0.2083333333333333,-4.3538771
C=CCNS(=O)(=O)C(F)(F)C(F)(F)C(F)(F)C(F)(F)C(F)(F)F,389.1859999999999,3.152800000000001,120.73577030463323,46.17,1.0,2.0,7.0,0.0,0.40625,0.2571428571428571,-6.0551143
O=C(O)C(F)(F)C(F)(F)C(F)(F)C(F)(F)C(=O)O,290.062,1.6968,91.79975652770204,74.6,2.0,2.0,5.0,0.0,0.24,0.7647058823529411,-4.9632244
FC(F)(F)C(F)(F)C(F)(F)C(F)(F)C(F)(F)N(C(F)(F)C(F)(F)C(F)(F)C(F)(F)C(F)(F)F)C(F)(F)C(F)(F)C(F)(F)C(F)(F)C(F)(F)F,821.1060000000004,10.4714,241.0709425961512,3.24,0.0,1.0,12.0,0.0,0.3333333333333333,0.3478260869565217,-7.3794742
COC(=O)C(F)(F)C(F)(F)C(F)(F)F,228.063,1.9923,72.63283463545027,26.3,0.0,2.0,2.0,0.0,0.2758620689655172,0.3846153846153846,-4.8361349
O=C(OOC(=O)C(F)(F)C(F)(F)F)C(F)(F)C(F)(F)F,326.042,2.383,100.69874560391452,52.6,0.0,4.0,2.0,0.0,0.2222222222222222,0.3333333333333333,-5.027782
FC(F)(F)C(F)(F)C(F)(F)CI,309.95,3.2543,76.25466331254665,0.0,0.0,0.0,2.0,0.0,0.2307692307692307,0.24,-4.6972923
OCC(F)(F)C(F)(F)C(F)(F)F,200.053,1.8116,61.78705894369903,20.23,1.0,1.0,2.0,0.0,0.28,0.2916666666666667,-4.1360025
O=C(O)C(F)(F)C(F)(F)C(F)(F)F,214.036,1.9039,65.94858104374279,37.3,1.0,1.0,2.0,0.0,0.32,0.7777777777777778,-4.2484355
O=C(F)C(F)(F)C(F)(F)C(F)(F)C(F)(F)C(F)(F)C(F)(F)F,366.048,4.2213,109.40792145522023,17.07,0.0,1.0,5.0,0.0,0.4,0.6190476190476191,-5.2103462
OCC(F)(F)C(F)(F)F,150.046,1.1763,47.09104602344996,20.23,1.0,1.0,1.0,0.0,0.2,0.2083333333333333,-3.9811988
O=C(F)C(F)(F)C(F)(F)F,166.01999999999998,1.6801,50.62386977422394,17.07,0.0,1.0,1.0,0.0,0.24,0.3636363636363636,-3.9977014
OCCOCC(F)(F)C(F)(F)C(F)(F)C(F)F,276.123,2.1663,90.16096591932197,29.46,1.0,2.0,7.0,0.0,0.131578947368421,0.1351351351351351,-5.4796538
FC(F)(F)COC(F)(F)C(F)(F)Cl,234.498,2.9897,72.40963664789156,9.23,0.0,1.0,3.0,0.0,0.09375,0.1333333333333333,-4.8550553
OCCC(F)(F)C(F)(F)C(F)(F)C(F)(F)C(F)(F)C(F)F,346.11099999999993,3.810400000000001,108.07450441591664,20.23,1.0,1.0,7.0,0.0,0.1764705882352941,0.1818181818181818,-5.4742684
FC(F)C(F)(F)C(F)(F)C(F)(F)C(F)(F)C(F)(F)C(F)F,352.06499999999994,4.693100000000001,105.24639935517648,0.0,0.0,0.0,6.0,0.0,0.2,0.2083333333333333,-5.3178205
O=C(O)c1ccc(C(F)(F)C(F)(F)C(F)(F)C(F)(F)F)cc1,340.1409999999999,4.309500000000001,115.7016881700559,37.3,1.0,1.0,4.0,1.0,0.2647058823529412,0.3548387096774194,-6.2305803
O=C(OOC(=O)C(F)(F)C(F)(F)C(F)F)C(F)(F)C(F)(F)C(F)F,390.076,3.0592,121.75970063856022,52.6,0.0,4.0,6.0,0.0,0.15625,0.2413793103448276,-5.8509421
O=C(OC(C(F)(F)F)(C(F)(F)F)C(F)(F)F)C(F)(F)F,332.04,3.5176,99.82545376447804,26.3,0.0,2.0,1.0,0.0,0.2068965517241379,0.2592592592592592,-5.1060987
Cc1cccc(CC(F)(F)C(F)C(F)(F)F)c1,256.189,4.073220000000002,94.2493261090374,0.0,0.0,0.0,3.0,1.0,0.0681818181818181,0.0697674418604651,-5.5672493
O=S(=O)(F)C(F)(F)C(F)(F)C(F)(F)C(F)(F)C(F)(F)C(F)(F)S(=O)(=O)F,466.168,3.3118,132.72324808956782,68.28,0.0,4.0,7.0,0.0,0.4545454545454545,0.24,-5.9645286
Fc1c(F)c(F)c(N2C(F)(F)C(F)(F)C(F)(F)C(F)(F)C2(F)F)c(F)c1F,431.098,5.293600000000001,136.49314725204766,3.24,0.0,1.0,1.0,2.0,0.0285714285714285,0.0294117647058823,-5.6431808
CC(F)(F)C(F)(F)C(O)(F)F,182.063,1.862,57.62152354077279,20.23,1.0,1.0,2.0,0.0,0.1923076923076923,0.2,-4.3555174
FC(F)(F)C(F)(F)C(F)(F)C(F)(Br)Br,359.836,4.2324,88.89345580571195,0.0,0.0,0.0,2.0,0.0,0.3043478260869565,0.3181818181818182,-4.7559371
FC(c1ccc(Br)cc1)C(F)(F)C(F)(F)F,307.03099999999995,4.657300000000001,95.38698948588556,0.0,0.0,0.0,2.0,1.0,0.1111111111111111,0.1142857142857142,-5.4308591
FC(F)(F)C1(F)c2ccccc2CC1(F)F,240.146,3.605100000000001,86.87855284111157,0.0,0.0,0.0,0.0,2.0,0.075,0.0769230769230769,-5.1193309
O=C(N1c2ccccc2Sc2ccccc21)C(F)(F)C(F)(F)C(F)(F)F,395.299,5.648800000000001,146.14564824571423,20.31,0.0,2.0,2.0,3.0,0.1951219512195122,0.2631578947368421,-6.8528566
COC(OC)(C(F)(F)F)C(F)(F)F,212.089,2.1001000000000003,69.41932236198716,18.46,0.0,2.0,2.0,0.0,0.1538461538461538,0.16,-4.7226906
CCCOC(F)(F)C(F)(F)C(F)(F)C(F)(F)F,278.1139999999999,3.838700000000001,89.53226757005218,9.23,0.0,1.0,5.0,0.0,0.2258064516129032,0.2333333333333333,-5.5037308
FC(F)(F)C(F)(C(F)(F)F)C(F)(F)C(F)(F)C(F)(F)C(F)(F)C(F)(F)C(F)(F)C(F)(F)C(F)(F)C(F)(F)C(F)(F)I,795.9930000000002,9.564800000000004,216.8498504006408,0.0,0.0,0.0,10.0,0.0,0.2222222222222222,0.2307692307692307,-6.8141818
FC(F)(F)C(OOC(C(F)(F)F)(C(F)(F)F)C(F)(F)F)(C(F)(F)F)C(F)(F)F,470.05,5.786000000000001,138.42986885603003,18.46,0.0,2.0,3.0,0.0,0.1666666666666666,0.1739130434782608,-5.4783516
CCC(=O)C(C)C(F)(F)C(F)(F)F,204.13799999999995,2.7992000000000017,71.91810282888413,17.07,0.0,1.0,3.0,0.0,0.1818181818181818,0.2258064516129032,-5.4232521
CCC(=O)C(C)C(F)(F)C(F)(F)C(F)(F)F,254.14499999999992,3.4345000000000017,86.6141157491332,17.07,0.0,1.0,4.0,0.0,0.2424242424242424,0.2903225806451613,-5.5463319
FC1=C(F)C2(F)C(F)(F)C1C(F)(F)C2(F)F,256.06699999999995,3.3946,81.71745700130259,0.0,0.0,0.0,0.0,2.0,0.0277777777777777,0.0285714285714285,-4.6089864
FC(F)(F)C(C(F)(F)F)C(F)(F)S,234.111,3.2498,72.31342725783095,0.0,1.0,1.0,1.0,0.0,0.1111111111111111,0.1153846153846153,-4.2930112
Nc1ccc(C2=C(c3ccc(N)cc3)C(F)(F)C2(F)F)cc1,308.278,4.046000000000002,123.5947546031643,52.04,2.0,2.0,2.0,3.0,0.0285714285714285,0.0294117647058823,-6.339407
O=C(C(F)(F)F)C(F)(F)C(F)(Cl)C(F)(F)Cl,298.944,3.4893,92.29135726263296,17.07,0.0,1.0,3.0,0.0,0.1612903225806451,0.25,-5.2527432
C=C(C)C(=O)OCCC(F)(F)C(F)(F)C(F)(F)C(F)(F)C(F)(F)C(F)(F)C(F)(F)C(F)(F)C(F)(F)C(F)(F)C(F)(F)C(F)(F)C(F)(F)C(F)(F)F,832.2320000000004,10.316999999999997,259.0591421835922,26.3,0.0,2.0,16.0,0.0,0.2631578947368421,0.3055555555555556,-8.7606964
CC(=O)OCC(F)(F)C(F)(F)F,192.083,1.7471,64.3017638295978,26.3,0.0,2.0,2.0,0.0,0.1875,0.2333333333333333,-4.8509059
O=C(F)C(F)(F)C(F)(F)C(F)(F)C(F)(F)C(F)(F)C(F)(F)C(F)(F)C(F)(F)C(F)(F)C(F)(C(F)(F)F)C(F)(F)F,666.0900000000003,8.033100000000005,197.5839989767147,17.07,0.0,1.0,10.0,0.0,0.2758620689655172,0.44,-7.6142888
FC(F)CCCCC(F)(F)COP1(OCC(F)(F)C(F)(F)C(F)(F)C(F)(F)C(F)(F)C(F)F)=NP(OCC(F)(F)C(F)(F)C(F)(F)C(F)(F)C(F)(F)C(F)F)(OCC(F)(F)C(F)(F)C(F)(F)C(F)(F)C(F)(F)C(F)F)=NP(OCC(F)(F)C(F)(F)C(F)(F)C(F)(F)C(F)(F)C(F)F)(OCC(F)(F)C(F)(F)C(F)(F)C(F)(F)C(F)(F)C(F)F)=N1,1977.4790000000016,25.60700000000003,602.6289044832383,92.46,0.0,9.0,48.0,1.0,0.0961538461538461,0.0980392156862745,-6.8933306
CCCC(CCC)C(=O)OCC(F)(F)C(F)(F)C(F)(F)C(F)(F)C(F)(F)C(F)(F)C(F)(F)C(F)(F)COC(=O)C(CCC)CCC,714.5219999999997,9.587999999999996,253.0615049936658,52.6,0.0,4.0,21.0,0.0,0.1842105263157894,0.2222222222222222,-10.298224
O=C(O)C(F)(F)C(F)(F)N1C(F)(F)C(F)(F)N(C(F)(F)C(F)(F)C(=O)O)C(F)(F)C1(F)F,518.104,3.6006,161.0976443955758,81.08,2.0,4.0,6.0,1.0,0.1515151515151515,0.3703703703703703,-6.683372
C=CC(F)(F)C(F)(F)Br,206.964,2.7954000000000008,57.67416355618141,0.0,0.0,0.0,2.0,0.0,0.1034482758620689,0.1071428571428571,-4.4157686
OB(O)c1ccc2c(c1)C(F)(F)OC(F)(F)O2,251.9279999999999,0.3749999999999998,92.5257597863652,58.92,2.0,4.0,1.0,2.0,0.0434782608695652,0.0444444444444444,-5.2618256
CCC(F)(F)C(F)(F)CCBr,237.034,3.4520000000000017,71.09365081715889,0.0,0.0,0.0,4.0,0.0,0.09375,0.0967741935483871,-5.139792
CCCCCCCCCCCCCCCCC(F)(F)C(F)(F)C(F)(F)C(F)(F)C(F)(F)C(F)(F)F,544.48,10.59659999999999,196.55499566819933,0.0,0.0,0.0,19.0,0.0,0.25,0.2580645161290322,-9.4518099
FC(F)(F)C(F)(F)C(F)(F)C(F)(F)C(F)(F)C(F)(F)C(F)(F)C(F)(F)C(F)(F)C(F)(F)C(F)(F)C(F)(F)C(F)(F)C(F)(F)C(F)(F)C(F)(F)C(F)(F)C(F)(F)C(F)(F)C(F)(F)I,1146.0420000000006,14.011899999999995,319.7219408423843,0.0,0.0,0.0,18.0,0.0,0.3478260869565217,0.3636363636363636,-7.582438
C=Cc1ccc(C(F)(F)C(F)(F)C(F)(F)C(F)(F)C(F)(F)C(F)(F)C(F)(F)C(F)(F)F)cc1,522.198,7.795500000000005,171.20532308102474,0.0,0.0,0.0,8.0,1.0,0.2285714285714285,0.2352941176470588,-7.3830357
FC(F)(F)CC(I)(C(F)(F)F)C(F)(F)F,359.957,4.2372,90.95067623279571,0.0,0.0,0.0,1.0,0.0,0.1428571428571428,0.1481481481481481,-5.1027479
FC(F)(F)C(F)(F)CCC(CCCCCCCCCBr)SC(CCCCCCCCCBr)CCC(F)(F)C(F)(F)F,764.5310000000003,13.443799999999973,260.1062473824483,0.0,0.0,1.0,26.0,0.0,0.0975609756097561,0.1,-10.173049
CN(C)[Si](N(C)C)(N(C)C)C(F)(F)C(F)(F)C(F)(F)CCC(F)(F)F,407.3970000000001,3.397700000000002,141.1437735680603,9.72,0.0,3.0,8.0,0.0,0.1081081081081081,0.1111111111111111,-7.4051156
FC(=C(F)C(F)(F)F)C1CCCO1,202.122,2.878300000000001,71.17469177263378,9.23,0.0,1.0,1.0,1.0,0.1052631578947368,0.1081081081081081,-4.9704261
OCCC(F)(F)C(F)(F)C(F)(F)C(F)(F)C(F)(F)C(F)(F)C(F)(F)C(F)(F)C(F)(F)C(F)(F)C(F)(F)C(F)(F)C(F)(F)C(F)(F)F,764.1570000000004,9.19,229.80814318083543,20.23,1.0,1.0,14.0,0.0,0.3333333333333333,0.3461538461538461,-7.8905692
FC(F)C(F)(F)Oc1ccccc1Cl,228.57200000000003,3.5767000000000007,82.24024041638367,9.23,0.0,1.0,3.0,1.0,0.0769230769230769,0.0789473684210526,-5.3935385
O=C([O-])C(=C(C(=O)[O-])C(F)(C(F)F)C(F)(F)F)C(F)(C(F)F)C(F)(F)F,414.098,0.8541999999999997,133.23206356480912,80.25999999999999,0.0,4.0,6.0,0.0,0.1875,0.2333333333333333,-5.8975348
FC(F)(F)C(F)(OCCCCBr)C(F)(F)F,321.0299999999999,3.9685000000000015,95.06874436984108,9.23,0.0,1.0,5.0,0.0,0.1176470588235294,0.1212121212121212,-5.777216
CCO[Si](OCC)(OCC)C(F)(F)C(F)(F)C(F)(F)CCC(F)(F)F,410.3490000000001,4.822400000000004,139.33504143315082,27.69,0.0,3.0,11.0,0.0,0.1025641025641025,0.1052631578947368,-7.9999852
C=CC(I)CC(F)(F)C(F)F,282.018,3.266500000000001,75.79833830037691,0.0,0.0,0.0,4.0,0.0,0.0833333333333333,0.0857142857142857,-5.2639828
C=C(F)C(=O)OCC(F)(OC(F)(F)C(F)(F)C(F)(F)F)C(F)(F)F,388.1039999999999,4.0479,123.34422230499048,35.53,0.0,3.0,6.0,0.0,0.2051282051282051,0.2432432432432432,-6.1679463
Fc1cc(Br)cc(F)c1C(F)(C(F)(F)F)C(F)(F)OC(F)(F)C(F)(c1c(F)cc(Br)cc1F)C(F)(F)F,700.0050000000001,9.1246,210.17535689955,9.23,0.0,1.0,6.0,2.0,0.1025641025641025,0.1052631578947368,-6.9484434
FC(F)(F)C(F)(F)C(F)(F)C(F)(F)C(F)(F)C(F)(F)C(F)(F)C(F)(F)C(F)(F)C(F)(F)C(F)(F)C(F)(F)C(F)(F)C(F)(F)CCI,874.0540000000001,10.6327,244.2757475496831,0.0,0.0,0.0,14.0,0.0,0.2857142857142857,0.2962962962962963,-7.5402484
CC(C)CCOC(=O)[C@H](CC(C)C)NC(=O)C(F)(F)C(F)(F)C(F)(F)F,397.331,3.9395000000000033,145.99364006306814,55.4,1.0,3.0,9.0,0.0,0.1739130434782608,0.2325581395348837,-7.5160522
C=CC(=O)OCCN(C)S(=O)(=O)CC(F)(F)C(F)(F)C(F)(F)C(F)(F)C(F)(F)C(F)(F)C(F)(F)C(F)(F)C(F)(F)C(F)(F)F,725.3110000000003,6.257200000000004,229.160642179611,63.68,0.0,4.0,15.0,0.0,0.2608695652173913,0.2391304347826087,-9.3353233
CN(CCC[N+](C)(C)CCC(=O)[O-])S(=O)(=O)CCC(F)(F)C(F)(F)C(F)(F)C(F)(F)C(F)(F)C(F)(F)F,598.4220000000003,2.9834000000000014,202.17645566787323,77.51,0.0,4.0,15.0,0.0,0.2352941176470588,0.2156862745098039,-9.0023117
C=C(C)C(=O)OC(C)C(F)(F)C(F)C(F)(F)F,264.1649999999999,3.0299000000000014,93.2374646579262,26.3,0.0,2.0,4.0,0.0,0.1219512195121951,0.1538461538461538,-5.7249322
FC(F)(F)C(F)(Cl)C(Cl)(Cl)C(Cl)(Cl)Cl,336.754,4.997399999999999,106.31581634401434,0.0,0.0,0.0,1.0,0.0,0.1481481481481481,0.1538461538461538,-7.2931805
C=C(C)C(=O)OCCCCN(C)S(=O)(=O)C(F)(F)C(F)(F)C(F)(F)C(F)(F)F,453.323,3.5732000000000026,153.71444888690976,63.68,0.0,4.0,10.0,0.0,0.2888888888888888,0.2391304347826087,-7.5643897
C=CCN(CC)S(=O)(=O)C(F)(F)C(F)(F)C(F)(F)C(F)(F)C(F)(F)C(F)(F)C(F)(F)F,517.254,5.155700000000002,163.0676518605199,37.38,0.0,2.0,10.0,0.0,0.3611111111111111,0.2307692307692307,-7.3533397
CCN(CCC[Si](Cl)(Cl)Cl)S(=O)(=O)C(F)(F)C(F)(F)C(F)(F)C(F)(F)C(F)(F)C(F)(F)C(F)(F)C(F)(F)F,702.7140000000004,7.650400000000005,215.860133351289,37.38,0.0,2.0,13.0,0.0,0.358974358974359,0.238095238095238,-8.0371656
C=C(C)C(=O)OCCCCN(C)S(=O)(=O)C(F)(F)C(F)(F)C(F)(F)C(F)(F)C(F)(F)C(F)(F)F,553.3370000000001,4.843800000000003,183.1064747274079,63.68,0.0,4.0,12.0,0.0,0.3111111111111111,0.2608695652173913,-8.1480732
CSc1ccc(OS(=O)(=O)C(F)(F)C(F)(F)F)cc1,322.27599999999995,3.2722000000000016,109.4249639900347,43.370000000000005,0.0,4.0,4.0,1.0,0.2105263157894736,0.125,-5.9238424
O=C(F)C(F)(F)C(F)(F)C(F)(F)C(F)(F)C(F)(F)C(F)(F)C(F)(F)C(F)(F)C(F)(F)C(F)(F)C(F)(F)C(F)(C(F)(F)F)C(F)(F)F,766.1040000000004,9.303700000000005,226.97602481721285,17.07,0.0,1.0,12.0,0.0,0.2758620689655172,0.44,-8.0386114
O=CC(C(F)(F)F)C(F)(F)F,180.047,1.9261,56.98881188862055,17.07,0.0,1.0,1.0,0.0,0.1481481481481481,0.1538461538461538,-4.2548237
C=C(C)C(=O)OCCC(F)(F)C(F)F,214.158,2.3962000000000003,78.54145173767712,26.3,0.0,2.0,5.0,0.0,0.1219512195121951,0.1538461538461538,-5.4538641
O=C(O)C(O)(F)C(F)(F)F,162.03799999999998,0.2914000000000001,51.8812664727635,57.53,2.0,2.0,1.0,0.0,0.2307692307692307,0.4090909090909091,-3.9826052
CN(CCCCO)S(=O)(=O)C(F)(F)C(F)(F)C(F)(F)C(F)(F)C(F)(F)C(F)(F)C(F)(F)F,535.269,4.352100000000003,168.5514886449002,57.61,1.0,3.0,11.0,0.0,0.4,0.2972972972972973,-7.6891112
O=C(CCC(=O)OCCC(F)(F)C(F)(F)C(F)(F)C(F)(F)F)OCCC(F)(F)C(F)(F)C(F)(F)C(F)(F)F,610.2320000000002,6.569600000000004,197.74315465555216,52.60000000000001,0.0,4.0,13.0,0.0,0.2647058823529412,0.3125,-8.6885033
OC(CC(O)(C(F)(F)F)C(F)(F)F)(C(F)(F)F)C(F)(F)F,348.0829999999999,3.0879,106.50379605371604,40.46,2.0,2.0,2.0,0.0,0.2,0.2083333333333333,-5.4008718
COC(F)(F)C(F)(F)C(F)(F)C(F)(F)F,250.06,3.0585000000000004,76.80238334125897,9.23,0.0,1.0,3.0,0.0,0.2692307692307692,0.28,-4.9225593
FC(F)=C(C(F)(F)F)C(F)(F)F,200.028,3.2616,60.468757562245,0.0,0.0,0.0,0.0,0.0,0.16,0.1666666666666666,-4.1950111
FC(F)OC(F)(F)F,136.019,1.7453999999999998,41.04541538636421,9.23,0.0,1.0,1.0,0.0,0.1111111111111111,0.1153846153846153,-3.7219017
O=C(CCC(F)(F)C(F)(F)C(F)(F)C(F)(F)C(F)(F)C(F)(F)F)ON1C(=O)CCC1=O,489.1840000000002,4.112600000000001,161.57666918442018,63.68,0.0,4.0,8.0,1.0,0.238095238095238,0.275,-7.1862559
C=C(F)C(F)(F)F,114.041,2.0319,37.44167383614344,0.0,0.0,0.0,0.0,0.0,0.1666666666666666,0.1739130434782608,-3.7264051
O=C(C(F)(C(F)(F)F)C(F)(F)F)C(F)(C(F)(F)F)C(F)(F)F,366.048,4.2213,109.40792145522023,17.07,0.0,1.0,2.0,0.0,0.25,0.3181818181818182,-5.4487476
O=C(C(F)(F)C(F)(F)F)C(F)(C(F)(F)F)C(F)(F)F,316.04099999999994,3.586,94.71190853497116,17.07,0.0,1.0,2.0,0.0,0.2222222222222222,0.3333333333333333,-5.3657837
FC(F)(F)C(Cl)C(F)(F)F,186.482,2.7184,56.765613901061855,0.0,0.0,0.0,0.0,0.0,0.12,0.125,-4.0142531
N#Cc1ccc(OC(=O)c2ccc(C(F)(F)C(F)(F)C(F)(F)C(F)(F)C(F)(F)F)cc2)cc1,491.256,6.337480000000003,176.53162856954512,50.09,0.0,3.0,6.0,2.0,0.2127659574468085,0.2444444444444444,-7.610724
COC(=O)C1CCC(C(F)(F)C(F)(F)C(F)(F)C(F)(F)C(F)(F)F)CC1,410.223,5.069300000000002,139.20868200879883,26.3,0.0,2.0,5.0,1.0,0.2631578947368421,0.3055555555555556,-6.8462133
O=C(Oc1c(Cl)c(Cl)c(Cl)c(Cl)c1Cl)C(F)(F)C(F)(F)C(F)(F)F,462.359,6.691900000000003,152.84131786152602,26.3,0.0,2.0,3.0,1.0,0.2285714285714285,0.3125,-6.20997
O=C(C=Cc1ccccc1)C(F)(F)C(F)(F)F,250.166,3.466500000000001,93.55570977397068,17.07,0.0,1.0,3.0,1.0,0.1578947368421052,0.2647058823529412,-5.454742
FC(F)C(F)(F)C(F)(F)C(F)(F)Cl,236.489,3.3537,71.46162682131092,0.0,0.0,0.0,3.0,0.0,0.1379310344827586,0.1428571428571428,-4.3042302
CCOC(F)(F)C(F)F,146.083,1.8808,49.6097642122312,9.23,0.0,1.0,3.0,0.0,0.09375,0.0967741935483871,-4.2653117
FC(F)C(F)(F)C(F)(F)F,170.027,2.4491,50.62788307710641,0.0,0.0,0.0,1.0,0.0,0.16,0.1666666666666666,-4.0688753
FC(=NBr)C(F)(F)F,193.92499999999995,2.2266,50.739347643075305,12.36,0.0,1.0,0.0,0.0,0.1428571428571428,0.1481481481481481,-3.7163491
CCCCCCC(F)(C(F)(F)F)C(F)(F)C(C)(C)O,294.279,4.633600000000004,108.54106045594564,20.23,1.0,1.0,7.0,0.0,0.1621621621621621,0.1666666666666666,-6.4001684
NS(=O)(=O)c1ccc(OC(F)(F)C(F)(F)C(F)(F)C(F)(F)C(F)(F)C(F)(F)C(F)(F)C(F)(F)F)cc1,591.239,5.679700000000001,186.37925370335049,69.39,1.0,3.0,9.0,1.0,0.2972972972972973,0.2368421052631578,-7.4039764
O=C(Nc1cccc([N+](=O)[O-])c1)OCC(F)(F)C(F)F,296.176,3.043700000000001,109.03121842444682,81.47,1.0,4.0,5.0,1.0,0.0925925925925925,0.1153846153846153,-6.0960846
[N-]=[N+]=NC(=O)c1ccc(C(F)(F)C(F)(F)C(F)(F)C(F)(F)C(F)(F)C(F)(F)C(F)(F)C(F)(F)C(F)(F)F)cc1,615.19,8.238300000000004,199.52124103788003,65.83000000000001,0.0,1.0,9.0,1.0,0.2439024390243902,0.282051282051282,-7.7009845
N#CC(F)(F)OC(F)(F)C(F)(F)I,318.942,2.73998,81.595252820596,33.02,0.0,2.0,3.0,0.0,0.088235294117647,0.0909090909090909,-5.0919752
FC(F)(F)C(F)(F)C(F)(F)c1cccnc1C(F)(F)C(F)(F)C(F)(F)F,415.124,5.660400000000003,133.15819942779038,12.89,0.0,1.0,4.0,1.0,0.1621621621621621,0.1666666666666666,-5.837779
O=C(C#Cc1ccccc1)C1(F)C(F)(F)C(F)(F)C(F)(F)C(F)(F)C1(F)F,410.182,4.5056,142.6916879196288,17.07,0.0,1.0,1.0,2.0,0.0714285714285714,0.1282051282051282,-6.0332947
FC(F)(F)c1oc(C(F)(F)C(F)(F)F)c(C(F)(F)F)c1C(F)(F)F,390.07,5.990100000000002,120.36793859652413,13.14,0.0,1.0,1.0,1.0,0.1212121212121212,0.125,-5.8677387
O=C(Oc1cccc(-c2ccccc2)c1)C(F)(F)C(F)(F)C(F)(F)C(F)(F)C(F)(F)C(F)(F)C(F)(F)F,566.2600000000001,7.633100000000004,195.166132614178,26.3,0.0,2.0,8.0,2.0,0.2325581395348837,0.3684210526315789,-7.5022483
CC(C=O)C(F)(F)C(F)(F)F,176.08399999999995,2.019,59.18821860009092,17.07,0.0,1.0,2.0,0.0,0.1666666666666666,0.1724137931034483,-4.5437412
CC(=O)Nc1ccc(OC(F)=C(F)C(F)(F)C(F)(F)C(F)(F)C(F)(F)C(F)(F)C(F)(F)C(F)(F)F)cc1,581.2220000000001,7.506000000000004,192.39519470858005,38.33,1.0,2.0,9.0,1.0,0.217391304347826,0.3095238095238095,-7.5574865
FC(F)(F)C(F)(F)C#COc1ccccc1,236.13900000000004,3.2239000000000013,87.83161921308074,9.23,0.0,1.0,1.0,1.0,0.1052631578947368,0.1388888888888889,-5.2930412
FC(F)(F)C(F)(F)C(F)(F)C(F)(F)C(I)CCl,408.429,4.497000000000001,107.61888457407402,0.0,0.0,0.0,4.0,0.0,0.2258064516129032,0.2333333333333333,-5.6549258
CCCCCCC(OP(=O)(OCC)OCC)=C(F)C(F)(F)F,350.289,5.897900000000004,127.98134134310526,44.760000000000005,0.0,4.0,11.0,0.0,0.1063829787234042,0.108695652173913,-7.4258223
CCCCCCCCCC(F)(F)C(F)(F)C(F)(F)C(F)(F)C(F)(F)C(F)(F)F,446.291,7.865900000000006,152.0004008674231,0.0,0.0,0.0,12.0,0.0,0.25,0.2580645161290322,-7.5519361
COC(=O)C(Cl)C(F)(F)C(F)(F)C(F)(F)C(F)(F)F,326.542,3.2350000000000003,103.99705589697764,26.3,0.0,2.0,4.0,0.0,0.2647058823529412,0.3125,-5.325901
CCP(F)(CC)(CC)C(F)=C(F)C(F)(F)F,268.181,5.154300000000003,90.7542136490026,0.0,0.0,0.0,4.0,0.0,0.1176470588235294,0.1212121212121212,-5.6343551
FC(F)(F)C(F)(F)COCCCCCCCCCCCS,336.4100000000001,5.641300000000005,128.57978742252524,9.23,1.0,2.0,13.0,0.0,0.1081081081081081,0.1111111111111111,-7.2835751
CCCCC(F)C(F)(F)C(F)(F)C(F)(F)C(F)(F)F,308.15899999999993,4.982900000000002,101.31414197226476,0.0,0.0,0.0,6.0,0.0,0.2058823529411764,0.2121212121212121,-5.7273612
Oc1ccc(OC(O)(C(F)(F)F)C(F)(F)F)cc1,276.13199999999995,2.5842,96.22145461414313,49.69,2.0,3.0,2.0,1.0,0.1428571428571428,0.1470588235294117,-5.3515978
O=C(NCCO)c1ccc(OC(F)=C(F)C(F)(F)C(F)(F)C(F)(F)C(F)(F)F)cc1,461.227,4.363800000000001,159.46633181442542,58.56,2.0,3.0,8.0,1.0,0.18,0.2608695652173913,-7.4359708
CCOC(=O)C=C(F)C(F)(F)F,186.104,1.9652,65.81156750888391,26.3,0.0,2.0,2.0,0.0,0.1351351351351351,0.1714285714285714,-4.6968126
O=C(F)C(F)(F)OC(F)(F)c1c(F)c(F)c(F)c(F)c1F,330.077,3.5369,107.45665082149978,26.3,0.0,2.0,4.0,1.0,0.1388888888888889,0.1764705882352941,-5.7345719
COCCCC1=C(F)C(F)(F)C(F)(F)C(F)(F)C(F)(F)C1(F)F,366.17,4.8267000000000015,121.6276726477776,9.23,0.0,1.0,4.0,1.0,0.0227272727272727,0.0232558139534883,-6.0645676
OCCC(F)(F)C(F)(F)C(F)(F)C(F)(F)C(F)(F)C(F)(F)C(F)(F)CCO,440.1710000000001,4.1983000000000015,140.29463531715493,40.46,2.0,2.0,10.0,0.0,0.2222222222222222,0.2307692307692307,-6.6987495
NCC(F)(F)C(F)(F)C(F)(F)C(F)(F)OC(F)(F)C(F)(F)C(F)(F)C(F)(F)C(F)(F)C(F)(F)F,565.1170000000001,6.1567000000000025,170.3183515597661,35.25,1.0,2.0,10.0,0.0,0.25,0.2580645161290322,-6.85531
CCCCCCCCCCCCCCCCCCC(CCCCCCCCC(=O)Cl)CC(F)(F)C(F)(F)C(F)(F)C(F)(F)F,675.2450000000006,13.998699999999973,264.3720056417826,17.07,0.0,1.0,30.0,0.0,0.2,0.2325581395348837,-9.8447847
FC(F)C(F)(F)C(F)(F)C(F)(F)C1NCCNCCN1,315.208,1.2658999999999998,108.6268265637072,36.09,3.0,3.0,4.0,1.0,0.1025641025641025,0.1052631578947368,-5.8259096
FC(F)C(F)(F)COC(F)(F)C(F)(F)C(F)(F)F,300.06699999999995,3.6938,91.49839626150803,9.23,0.0,1.0,5.0,0.0,0.1818181818181818,0.1875,-5.1141806
COC(=O)C(C)(C(F)(F)F)C(F)(F)F,224.1,2.2903,74.83224134692065,26.3,0.0,2.0,1.0,0.0,0.2,0.25,-5.0216875
O=C(O)C(F)(F)OC(F)(OC(F)F)C(F)(F)F,278.051,2.1052,86.70614902007938,55.760000000000005,1.0,3.0,5.0,0.0,0.1666666666666666,0.28125,-5.1755443
FC(F)(F)C(F)(F)C(F)(F)c1nc2ccccc2nc1C(F)(F)C(F)(F)C(F)(F)F,466.1720000000001,6.208600000000004,155.0595119404721,25.78,0.0,2.0,4.0,2.0,0.1764705882352941,0.1818181818181818,-6.5998187
CC1C(C)C(F)(F)C1(F)F,156.122,2.5428000000000006,56.220272057988296,0.0,0.0,0.0,0.0,1.0,0.037037037037037,0.0384615384615384,-4.5135531
C=CCNCCC(F)(F)C(F)(F)C(F)(F)C(F)(F)C(F)(F)C(F)(F)F,403.182,4.890900000000002,131.4008915612605,12.03,1.0,1.0,9.0,0.0,0.2222222222222222,0.2285714285714285,-6.3665009
FC(F)(F)C(F)(F)C(F)(F)C(F)(F)C(F)(F)C(F)(F)C(F)(F)CCS,430.176,5.680400000000002,133.29688565029764,0.0,1.0,1.0,7.0,0.0,0.2857142857142857,0.2962962962962963,-6.2207551
O=COC(F)(F)C(F)(F)F,164.029,1.3145,51.571879600804586,26.3,0.0,2.0,2.0,0.0,0.1785714285714285,0.1851851851851851,-4.2406859
Cc1[nH]c(=S)sc1C(C(F)(F)F)C(F)(F)F,281.246,4.322310000000001,95.10317549320368,15.79,1.0,2.0,1.0,1.0,0.075,0.0769230769230769,-5.4966521
O=C(C(F)(OC(F)(F)F)C(F)(F)F)C(F)(OC(F)(F)F)C(F)(F)F,398.046,4.0845,119.63501191423398,35.53,0.0,3.0,4.0,0.0,0.2068965517241379,0.2592592592592592,-5.6491933
COCCOCC(O)C(F)(F)C(F)(F)C(F)(F)C(F)(F)C(F)(F)C(F)(F)F,438.18,3.7491000000000025,141.56195662104642,38.69,1.0,3.0,10.0,0.0,0.2368421052631578,0.2432432432432432,-6.7661381
FC(F)C(F)(F)OC(Br)C(F)(F)F,278.949,3.1442,75.97391802665126,9.23,0.0,1.0,3.0,0.0,0.0909090909090909,0.1290322580645161,-4.5105572
OCCOC(F)(F)C(F)(F)C(F)(F)C(F)(F)C(F)(F)C(F)(F)C(F)(F)C(F)(F)C(F)(F)F,530.121,5.597500000000003,161.441623809097,29.46,1.0,2.0,10.0,0.0,0.3,0.3103448275862069,-6.7967854
N#[N+]C=C([O-])CC[C@@H]1NC(C(F)(F)F)(C(F)(F)F)OC1=O,319.161,1.15728,112.53598044480154,89.53999999999999,1.0,5.0,3.0,1.0,0.0943396226415094,0.0961538461538461,-5.8789721
FC(F)(F)C(F)(F)CCc1ccccc1,224.17200000000005,3.8168000000000015,83.71884859171459,0.0,0.0,0.0,3.0,1.0,0.1142857142857142,0.1515151515151515,-5.3147702
FC(F)(F)C1(C(F)(F)F)CCC(Cl)CC1,254.601,4.278800000000001,87.58449331951567,0.0,0.0,0.0,0.0,1.0,0.0909090909090909,0.1290322580645161,-5.2579713
O=S(=O)(C(=Cc1ccccc1)S(=O)(=O)C(F)(F)C(F)(F)C(F)(F)C(F)(F)F)C(F)(F)C(F)(F)C(F)(F)C(F)(F)F,668.3180000000002,6.666000000000004,208.62165524752416,68.28,0.0,4.0,9.0,1.0,0.3714285714285714,0.2702702702702703,-7.2125239
O=P(O)(O)Cc1ccc(OC(F)=C(F)C(F)(F)C(F)(F)C(F)(F)C(F)(F)F)cc1,468.155,5.319400000000003,153.28223747052425,66.76,2.0,2.0,7.0,1.0,0.1956521739130435,0.2558139534883721,-7.5169439
FC(F)(F)C(F)(F)C(F)(F)C(F)(F)C(F)(F)[C](F)(F)[Hg][I],646.534,5.1152,127.76372172279385,0.0,0.0,0.0,5.0,0.0,0.3076923076923077,0.32,-5.5478568
O=C(Cl)c1ccccc1OC(F)=C(F)C(F)(F)C(F)(F)C(F)(F)C(F)(F)C(F)(F)C(F)(F)C(F)(F)F,586.6250000000001,7.926600000000005,190.78365663745703,26.3,0.0,2.0,9.0,1.0,0.2222222222222222,0.3170731707317073,-7.6277566
OCC(CO)(COCC(F)(F)C(F)F)COCC(F)(F)C(F)F,364.229,1.7913999999999997,125.52851335861128,58.92,2.0,4.0,12.0,0.0,0.1111111111111111,0.1142857142857142,-6.5540524
C=CC(=O)OCCNS(=O)(=O)C(F)(F)C(F)(F)C(F)(F)C(F)(F)C(F)(F)C(F)(F)C(F)(F)C(F)(F)F,597.2430000000002,4.601900000000001,186.82876062372432,72.47,1.0,4.0,12.0,0.0,0.35,0.2619047619047619,-8.2552595
CCCCCCCCOC(=O)C(F)(F)C(F)(F)C(F)(F)C(F)(F)C(F)(F)C(F)(F)C(F)(F)F,526.28,7.264200000000005,175.97148111722282,26.3,0.0,2.0,13.0,0.0,0.2631578947368421,0.3823529411764705,-8.2651463
COc1ccc(C(F)(F)C(F)(F)C(F)(F)C(F)(F)C(F)(F)C(F)(F)F)cc1-c1cc(C(F)(F)C(F)(F)C(F)(F)C(F)(F)C(F)(F)C(F)(F)F)ccc1OC,850.3280000000004,11.761399999999991,280.1286978622093,18.46,0.0,2.0,13.0,2.0,0.2051282051282051,0.2105263157894736,-9.4769449
COCCOCC(F)(F)C(F)(F)C(F)(F)C(F)(F)C(F)(F)C(F)F,390.16399999999993,4.091000000000002,126.23724535152758,18.46,0.0,2.0,10.0,0.0,0.1219512195121951,0.125,-6.1349339
OC(C(F)(F)F)(C(F)(F)F)C(F)(F)C(F)(F)C(O)(C(F)(F)F)C(F)(F)F,434.07,3.968400000000001,129.53087977981758,40.46,2.0,2.0,3.0,0.0,0.2608695652173913,0.2727272727272727,-5.4929547
Fc1c(F)c(F)c2c(c1F)OC(F)(C(F)(F)F)C2(F)F,314.078,3.9553,102.28929756792678,9.23,0.0,1.0,0.0,2.0,0.0769230769230769,0.0789473684210526,-5.2066197
C=CC(=O)Nc1ccc(C(F)(F)C(F)(F)C(F)(F)C(F)(F)C(F)(F)C(F)(F)C(F)(F)C(F)(F)F)cc1,565.2230000000001,7.277000000000004,187.2816494790732,29.1,1.0,1.0,9.0,1.0,0.2439024390243902,0.282051282051282,-7.9250827
CCC(=O)C(C)=C(F)C(F)(F)F,184.132,2.771300000000001,67.06296439377365,17.07,0.0,1.0,2.0,0.0,0.1470588235294117,0.1875,-5.2430153
FC(F)(F)C(CCC[SiH2]C(Cl)Cl)(C(F)(F)F)C(F)(F)F,375.134,4.7882000000000025,119.96453339168872,0.0,0.0,0.0,5.0,0.0,0.1142857142857142,0.1176470588235294,-6.0190043
FC(F)(F)C(F)(F)C(F)(F)C(F)(F)C(F)(F)C(F)(F)c1ccsc1-c1sccc1C(F)(F)C(F)(F)C(F)(F)C(F)(F)C(F)(F)C(F)(F)F,802.3340000000005,11.867199999999997,252.45244971522536,0.0,0.0,2.0,11.0,2.0,0.2352941176470588,0.2424242424242424,-8.4737396
CCCCCC1(OCC)CC(C(F)(F)F)(C(F)(F)F)SS1,356.39699999999993,5.948000000000004,127.50072291680742,9.23,0.0,3.0,6.0,1.0,0.0638297872340425,0.0652173913043478,-7.4249711
CCN(CC)C(=S)C(F)(F)C(F)(F)C(F)(F)F,285.22799999999995,3.488500000000002,98.57120756649768,3.24,0.0,1.0,4.0,0.0,0.2121212121212121,0.2580645161290322,-5.8288136
N#CC1CN=NC1(C(F)(F)F)C(F)(F)F,231.099,2.455380000000001,79.39070038979857,48.51,0.0,3.0,0.0,1.0,0.0769230769230769,0.0789473684210526,-4.7500744
FC(F)(c1ccccc1Br)C(F)(F)c1ccccc1Br,412.018,6.095400000000002,129.6156183773419,0.0,0.0,0.0,3.0,2.0,0.0909090909090909,0.09375,-6.4586139
FC1(F)OC(F)(F)C(F)(I)OC1(F)F,339.932,2.8699,85.47592261803116,18.46,0.0,2.0,0.0,1.0,0.032258064516129,0.0333333333333333,-4.7735639
CC(=O)C(=C(F)C(F)(F)F)c1ccccc1,232.176,3.518500000000002,89.39017437104448,17.07,0.0,1.0,2.0,1.0,0.1282051282051282,0.1944444444444444,-5.7952743
NC(=O)C(F)(F)C(F)(F)C(F)(F)C(=O)Nc1ccccc1N,329.20000000000005,1.5985,118.80201388675844,98.21,3.0,3.0,5.0,1.0,0.1363636363636363,0.1951219512195122,-5.8694925
CCC(C)c1c([N+](=O)[O-])cc([N+](=O)[O-])c2[nH]c(C(F)(F)C(F)(F)F)nc12,382.245,4.546900000000003,140.86515719920337,114.96,1.0,5.0,5.0,2.0,0.087719298245614,0.0892857142857142,-7.5651798
CC(C)OC(=O)C(F)(F)C(F)(F)C(F)(F)C(F)(F)C(F)(F)C(F)(F)C(F)(F)C(F)(F)C(F)(F)F,556.1590000000001,6.582700000000004,173.53879638573792,26.3,0.0,2.0,9.0,0.0,0.3125,0.4642857142857143,-7.5317206
FC(F)=C(F)OC(F)(F)OC(F)(F)F,232.02599999999995,3.1248,70.69584802125875,18.46,0.0,2.0,3.0,0.0,0.125,0.1290322580645161,-4.786829
CC(C)(NC(=O)C(F)(F)C(F)(F)C(F)(F)F)C(=O)O,299.142,1.7986999999999995,101.11973378498104,66.4,2.0,2.0,4.0,0.0,0.2352941176470588,0.4137931034482758,-5.7566767
O=C(OCc1ccsc1)C(F)(F)C(F)(F)C(F)(F)F,310.18999999999994,3.624200000000001,105.33029211192576,26.3,0.0,3.0,4.0,1.0,0.1860465116279069,0.25,-5.6409531
FC(=C(F)C(F)(F)F)c1ccc(Cl)cc1,242.574,4.509900000000002,86.96756967201539,0.0,0.0,0.0,1.0,1.0,0.1111111111111111,0.1142857142857142,-5.222405
C=CC(C)OC(=O)C(F)(CC=CC)C(F)(F)F,254.223,3.340900000000002,96.94667504868268,26.3,0.0,2.0,5.0,0.0,0.1333333333333333,0.1627906976744186,-6.0342383
FC1(F)C(F)(F)C(F)(Br)C(F)(F)C(F)(F)C1(F)Br,421.854,4.6626,108.9485796868284,0.0,0.0,0.0,0.0,1.0,0.0384615384615384,0.04,-4.7190285
FC1(F)C(F)(F)C(F)(OC(c2ccccc2)(c2ccccc2)c2ccccc2)C1(F)F,440.35800000000006,6.580400000000005,172.63676400006932,9.23,0.0,1.0,5.0,4.0,0.0512820512820512,0.081081081081081,-6.6843457
Cc1ccc(C=CS(=O)(=O)C(F)(F)C(F)(F)C(F)(F)C(F)(F)C(F)(F)C(F)(F)F)cc1,500.276,6.076820000000003,164.8036377367098,34.14,0.0,2.0,7.0,1.0,0.3513513513513513,0.225,-7.1438875
CC(F)(F)C(F)(F)C(F)(F)C(F)(F)C(F)(F)CCN,309.14700000000005,3.531600000000001,100.28909055488089,26.02,1.0,1.0,6.0,0.0,0.1515151515151515,0.15625,-5.5126753
CCCCCCCCCCCCCCCCCCCCC(F)(F)C(F)(F)C(F)(F)C(F)(F)C(F)(F)C(F)(F)F,600.5880000000002,12.156999999999982,222.01476412578583,0.0,0.0,0.0,23.0,0.0,0.25,0.2580645161290322,-9.4607058
FC1(F)C(c2cccc3ccccc23)C1(F)F,240.199,4.207600000000001,94.86420445259768,0.0,0.0,0.0,1.0,3.0,0.025,0.0256410256410256,-5.656507
FC1(F)C(c2cccc(Cl)c2)C1(F)F,224.584,3.7078000000000007,82.48580614774416,0.0,0.0,0.0,1.0,2.0,0.0512820512820512,0.0256410256410256,-5.3695798
C=C(NC1CCCCC1)C(F)(F)C(F)(F)F,243.219,3.620000000000002,90.70583506992476,12.03,1.0,1.0,3.0,1.0,0.1351351351351351,0.1714285714285714,-5.6015468
O=C(Cn1cnc([N+](=O)[O-])n1)NCC(F)(F)C(F)(F)F,303.14699999999993,0.5001000000000002,106.27503215017016,102.95,1.0,6.0,5.0,1.0,0.1153846153846153,0.14,-6.3799667
CCCCc1csc(-c2sccc2CCCCCC(F)(F)C(F)(F)C(F)(F)C(F)(F)F)c1,510.53100000000006,9.390299999999998,188.003289979876,0.0,0.0,2.0,12.0,2.0,0.1206896551724138,0.1228070175438596,-8.7039108
FC1(F)C(F)(F)C(F)(c2ccc(Br)cc2)C1(F)c1ccc(Br)cc1,474.03600000000006,6.525600000000003,149.67074225845832,0.0,0.0,0.0,2.0,3.0,0.0285714285714285,0.0294117647058823,-6.4562092
O=C(O)C1(C(F)(F)F)C(F)(F)C1(F)F,226.047,1.9039,71.30769200461016,37.3,1.0,1.0,1.0,1.0,0.1666666666666666,0.2592592592592592,-4.3723831
FC(=CCI)C(F)(F)C(F)(F)I,411.877,3.9379,92.86076970995016,0.0,0.0,0.0,3.0,0.0,0.1176470588235294,0.15625,-5.4870467
C=CC(=O)OC(F)(F)C(F)(F)C(F)(F)C(F)(F)C(F)CC(F)(F)F,386.132,4.504800000000001,124.59561918988022,26.3,0.0,2.0,7.0,0.0,0.1363636363636363,0.1666666666666666,-6.2634416
FC(F)(F)C(F)(F)C(F)(F)N1C(F)(F)C(F)(F)C(F)(F)C(F)(F)C1(F)F,433.061,5.183900000000001,128.8619501950259,3.24,0.0,1.0,2.0,1.0,0.1935483870967742,0.2,-5.4821806
FC(OC(F)(F)C(Cl)Cl)C(F)(F)F,250.953,3.2574,78.547367471847,9.23,0.0,1.0,3.0,0.0,0.0909090909090909,0.09375,-4.9040871
Cc1ccc(C(F)(F)C(F)(F)F)cc1C,224.172,3.9575400000000016,83.71884859171458,0.0,0.0,0.0,1.0,1.0,0.1176470588235294,0.1212121212121212,-5.6187439
C=CC(=O)OCCN(CCCC)S(=O)(=O)C(F)(F)C(F)(F)C(F)(F)C(F)(F)C(F)(F)C(F)(F)C(F)(F)C(F)(F)F,653.3510000000002,6.114400000000004,212.4985005679061,63.68,0.0,4.0,15.0,0.0,0.3043478260869565,0.2291666666666666,-8.8705683
FC(F)C(F)(F)CBr,194.953,2.2817000000000007,51.998824473969066,0.0,0.0,0.0,2.0,0.0,0.1034482758620689,0.1071428571428571,-4.139946
O=C(F)C(F)(OC(F)(F)C(F)(OC(F)(F)C(F)(F)S(=O)(=O)F)C(F)(F)F)C(F)(F)F,512.118,4.0496,151.25192025887705,69.67,0.0,5.0,8.0,0.0,0.2368421052631578,0.1794871794871795,-6.4209237
FCC(F)(F)OC(F)F,150.046,1.7879,47.41035750076082,9.23,0.0,1.0,3.0,0.0,0.0967741935483871,0.1,-4.3339052
CCCCCCCCCCCOC(=O)C(F)(F)C(F)(F)C(F)(F)F,368.3329999999999,5.893300000000004,136.28225577941635,26.3,0.0,2.0,12.0,0.0,0.2105263157894736,0.2857142857142857,-7.4634457
O=S(=O)([O-])CCC(F)(F)C(F)(F)C(F)(F)C(F)(F)C(F)(F)C(F)(F)F,427.158,3.6605000000000008,129.07444207668746,57.2,0.0,3.0,7.0,0.0,0.3666666666666666,0.2903225806451613,-6.3996563
O=P(O)(O)C(F)(F)C(F)(F)C(F)(F)C(F)(F)C(F)(F)C(F)(F)C(F)(F)C(F)(F)C(F)(F)C(F)(F)F,600.0550000000002,6.401600000000004,174.55138143958982,57.53,2.0,1.0,9.0,0.0,0.3846153846153846,0.4,-7.1097898
FC(F)(F)C1(F)C(F)(F)C(F)(F)C2(F)C(F)(F)C(F)(F)C(F)(F)C(F)(F)C2(F)C1(F)F,512.081,6.147900000000004,153.68771792326183,0.0,0.0,0.0,0.0,2.0,0.0967741935483871,0.1,-5.3960238
FC(F)(F)C(F)(F)C(F)(F)C(F)(F)C(F)(F)C(F)(F)C(F)(F)C(F)(F)C(F)(F)C(F)(F)C(F)(F)C(F)(F)C(F)(F)C(F)(F)C(F)(F)I,896.0070000000003,10.835400000000002,246.24187624113893,0.0,0.0,0.0,13.0,0.0,0.3478260869565217,0.3636363636363636,-7.9461465
COC(F)(F)C(C(F)(F)F)C(F)(F)F,232.07,2.9664,72.63684793833274,9.23,0.0,1.0,2.0,0.0,0.1,0.1034482758620689,-4.8836308
FC(F)(F)C(F)(F)C(F)(F)C(F)(F)C1(F)C(F)(F)OC(F)(F)C1(F)F,416.055,5.014000000000001,124.0501263514032,9.23,0.0,1.0,3.0,1.0,0.2121212121212121,0.21875,-5.4218669
C=CC(=O)OCCN(CCC)S(=O)(=O)C(F)(F)C(F)(F)C(F)(F)C(F)(F)C(F)(F)C(F)(F)C(F)(F)C(F)(F)F,639.3240000000002,5.724300000000004,206.1335584535095,63.68,0.0,4.0,14.0,0.0,0.3111111111111111,0.2340425531914893,-8.2308502
O=C(F)C(F)(OC(F)(F)C(F)(F)S(=O)(=O)F)C(F)(F)F,346.098,2.2121,102.05033626862291,60.440000000000005,0.0,4.0,5.0,0.0,0.2647058823529412,0.2,-5.2233257
NNC(=O)C(F)(F)C(F)(F)C(F)(F)C(F)(F)C(F)(F)C(F)(F)C(F)(F)C(F)(F)C(F)(F)C(F)(F)C(F)(F)C(F)(F)C(=O)NN,718.1800000000001,4.589800000000002,221.499170187014,110.24,4.0,4.0,13.0,0.0,0.2413793103448276,0.4,-7.8371205
FC(F)(F)C(F)(OCCC[Si](Cl)(Cl)Cl)C(F)(F)F,361.544,4.838800000000001,112.2431201881388,9.23,0.0,1.0,5.0,0.0,0.1428571428571428,0.1142857142857142,-5.859189
C=COC(=O)CC(F)(F)C(F)(F)C(F)(F)F,254.101,2.896100000000001,84.67311583205922,26.3,0.0,2.0,4.0,0.0,0.2285714285714285,0.2727272727272727,-4.9898429
O=C(F)C(F)(OC(F)(F)C(F)(OC(F)(F)C(F)(OC(F)(F)C(F)(F)C(F)(F)F)C(F)(F)F)C(F)(F)F)C(F)(F)F,664.0800000000003,7.192600000000004,198.2286217449863,44.760000000000005,0.0,4.0,10.0,0.0,0.2571428571428571,0.2647058823529412,-7.4515233
FC(F)(F)C(F)(F)C(F)(F)C(F)(F)CCS,280.1549999999999,3.7745,89.20884688955043,0.0,1.0,1.0,4.0,0.0,0.25,0.2592592592592592,-5.1625967
O=P(O)(O)OCCC(F)(F)C(F)(F)C(F)(F)C(F)(F)C(F)(F)C(F)(F)C(F)(F)F,494.08699999999993,4.859900000000002,148.39344239526991,66.76,2.0,2.0,9.0,0.0,0.2941176470588235,0.303030303030303,-6.9842954
FC(F)(F)C(F)(F)C(F)(F)C(F)(F)C(F)(F)C(F)(F)/C=C/C(F)(F)C(F)(F)C(F)(F)C(F)(F)C(F)(F)C(F)(F)F,664.1180000000003,9.020200000000004,199.09781595888327,0.0,0.0,0.0,10.0,0.0,0.3333333333333333,0.3478260869565217,-7.8272505
CCO[Si](CCCNS(=O)(=O)c1ccc(OC(=C(C(F)(F)F)C(C(F)(F)F)(C(F)(F)C(F)(F)F)C(F)(F)C(F)(F)F)C(F)(F)F)cc1)(OCC)OCC,857.5990000000004,9.1048,287.3366647425992,83.09,1.0,6.0,17.0,1.0,0.1612903225806451,0.1269841269841269,-9.4701347
FC(OC(F)(F)C(F)(OC(F)(F)C(F)(OC(F)(F)C(F)(OC(F)(F)C(F)(OC(F)(F)C(F)(OC(F)(F)C(F)(F)C(F)(F)F)C(F)(F)F)C(F)(F)F)C(F)(F)F)C(F)(F)F)C(F)(F)F)C(F)(F)F,1116.140000000001,12.8388,331.141374098382,55.38000000000001,0.0,6.0,18.0,0.0,0.1944444444444444,0.1666666666666666,-8.6739416
O=P(O)(O)OCCC(F)(F)C(F)(F)C(F)(F)C(F)(F)C(F)(F)C(F)(F)C(F)(F)C(F)(F)C(F)(F)C(F)(F)C(F)(F)C(F)(F)F,744.1220000000003,8.036400000000006,221.8735069965153,66.76,2.0,2.0,14.0,0.0,0.2941176470588235,0.303030303030303,-9.0247374
O=C(C(F)(OC1(F)OC(F)(C(F)(F)F)C(F)(F)OC1(F)C(F)(F)F)C(F)(F)F)C(F)(OC1(F)OC(F)(C(F)(F)F)C(F)(F)OC1(F)C(F)(F)F)C(F)(F)F,886.1200000000006,8.483100000000007,268.37551811598894,72.45000000000002,0.0,7.0,6.0,2.0,0.1428571428571428,0.175,-7.9136782
C=C(C)C(=O)OCCCCN(C)S(=O)(=O)C(F)(F)C(F)(F)C(F)(F)C(F)(F)C(F)(F)C(F)(F)C(F)(F)C(F)(F)F,653.3510000000002,6.114400000000004,212.49850056790604,63.68,0.0,4.0,14.0,0.0,0.3111111111111111,0.2608695652173913,-9.516468
O=C(Cl)CC(F)(F)C(F)(F)C(F)(F)C(F)(F)F,296.516,3.6101,92.51856855307412,17.07,0.0,1.0,4.0,0.0,0.3103448275862069,0.3703703703703703,-5.2213621
C=C(C)C(=O)OCC(C)OC(=O)Nc1cc(NC(=O)OCCN(CC)S(=O)(=O)C(F)(F)C(F)(F)C(F)(F)C(F)(F)C(F)(F)C(F)(F)C(F)(F)F)ccc1C,839.5710000000006,7.583120000000006,294.33415145202144,140.33999999999995,2.0,8.0,17.0,1.0,0.1891891891891892,0.1447368421052631,-10.448772
C=C(C)C(=O)OCC(C)OC(=O)Nc1cc(NC(=O)OCCN(CC)S(=O)(=O)C(F)(F)C(F)(F)C(F)(F)C(F)(F)F)ccc1C,689.5500000000004,5.6772200000000055,250.2461126912743,140.33999999999995,2.0,8.0,14.0,1.0,0.1756756756756756,0.131578947368421,-10.599611
O=S(=O)(O)C(F)(F)C(F)(F)C(F)(F)C(F)F,282.10799999999995,2.0027,82.78699660446988,54.370000000000005,1.0,2.0,4.0,0.0,0.52,0.1935483870967742,-4.9683499
C=C(C)C(=O)OCCC(F)(F)C(F)(F)C(F)(F)C(F)(F)C(F)(F)C(F)(F)C(F)(F)C(F)(F)C(F)(F)C(F)(F)C(F)(C(F)(F)F)C(F)(F)F,782.2250000000004,9.681699999999998,244.3631292633432,26.3,0.0,2.0,14.0,0.0,0.1904761904761904,0.225,-8.2853203
FC(F)(F)C(F)(OC(F)(Cl)C(F)(F)Cl)C(F)(F)F,336.93999999999994,4.4871,101.57445119794852,9.23,0.0,1.0,3.0,0.0,0.1333333333333333,0.1379310344827586,-5.3333139
CC(COCC(O)CC(F)(F)C(F)(F)C(F)(F)C(F)(F)C(F)(F)C(F)(F)C(F)(F)C(F)(F)C(F)(F)C(F)(F)C(F)(F)C(F)(F)F)OC(C)COCC(O)CC(F)(F)C(F)(F)C(F)(F)C(F)(F)C(F)(F)C(F)(F)C(F)(F)C(F)(F)C(F)(F)C(F)(F)C(F)(F)C(F)(F)F,1486.483000000001,16.416399999999992,464.7180983709352,68.15,2.0,5.0,34.0,0.0,0.225,0.2307692307692307,-9.8776407
O=P(O)(OCCC(F)(F)C(F)(F)C(F)(F)C(F)(F)C(F)(F)C(F)(F)C(F)(F)C(F)(F)C(F)(F)C(F)(F)C(F)(F)C(F)(F)C(F)(F)C(F)(F)C(F)(F)C(F)(F)F)OCCC(F)(F)C(F)(F)C(F)(F)C(F)(F)C(F)(F)C(F)(F)C(F)(F)C(F)(F)C(F)(F)C(F)(F)C(F)(F)C(F)(F)C(F)(F)C(F)(F)C(F)(F)C(F)(F)F,1790.3060000000016,22.08380000000001,533.0084965105268,55.760000000000005,1.0,3.0,36.0,0.0,0.2941176470588235,0.303030303030303,-8.0125027
FC(F)(F)C(F)(F)C(F)(F)C(F)(F)C(F)(F)C(F)(F)C(F)(F)C(F)(F)C(F)(F)C(F)(F)C(F)(F)C(F)(F)CC1CO1,676.154,8.325900000000004,206.0945397785156,12.53,0.0,1.0,12.0,1.0,0.25,0.2580645161290322,-8.2697477
OC(CN1CC1)CC(F)(F)C(F)(F)C(F)(F)C(F)(F)C(F)(F)C(F)(F)C(F)(F)C(F)(F)F,519.1949999999999,5.062400000000002,165.48089451920498,23.24,1.0,2.0,10.0,1.0,0.25,0.2571428571428571,-7.146925
CN(C)CCCNCC(O)CC(F)(F)C(F)(F)C(F)(F)C(F)(F)C(F)(F)C(F)(F)C(F)(C(F)(F)F)C(F)(F)F,628.3140000000002,5.923400000000004,205.8274271197812,35.5,2.0,3.0,14.0,0.0,0.1458333333333333,0.1489361702127659,-8.4798155
CCCN(CC(=O)O)S(=O)(=O)C(F)(F)C(F)(F)C(F)(F)C(F)(F)C(F)(F)C(F)(F)C(F)(F)C(F)(F)F,599.2590000000001,5.079700000000002,187.40902366519305,74.68,1.0,3.0,12.0,0.0,0.3783783783783784,0.3157894736842105,-8.0606995
O=C(C(F)(F)F)C(F)(C(F)(F)F)C(F)(F)C(F)(F)F,316.04099999999994,3.586,94.71190853497116,17.07,0.0,1.0,2.0,0.0,0.2962962962962963,0.36,-5.1486268
FC1(F)C(F)(F)C(F)(F)C(F)(C(F)(F)C2(F)C(F)(F)C(F)(F)C3(F)C(F)(F)C(F)(F)C(F)(F)C(F)(F)C3(F)C2(F)F)C(F)(F)C1(F)F,774.1270000000003,9.119300000000004,232.5268934853746,0.0,0.0,0.0,2.0,3.0,0.0967741935483871,0.1,-6.2028112
O=C(O)C(F)(F)C(F)OC(F)(F)C(F)(F)C(F)(F)OC(F)(F)F,378.065,3.3758,116.09817486057754,55.760000000000005,1.0,3.0,7.0,0.0,0.1538461538461538,0.2571428571428571,-5.8652024
CN(CCO)S(=O)(=O)CCC(F)(F)C(F)(F)C(F)(F)C(F)(F)C(F)(F)C(F)(F)F,485.262,3.369200000000002,153.85547572465111,57.61,1.0,3.0,10.0,0.0,0.3157894736842105,0.2564102564102564,-7.5976129
C[N+](C)([O-])CCCNS(=O)(=O)C(F)(F)C(F)(F)C(F)(F)C(F)(F)C(F)(F)F,450.27,2.9311000000000007,144.8733349740834,69.22999999999999,1.0,3.0,9.0,0.0,0.3421052631578947,0.2195121951219512,-6.7504735
FC(C(F)(F)F)C(F)(F)[Si](Cl)(Cl)Cl,285.47400000000005,3.7166,83.86921321251587,0.0,0.0,0.0,2.0,0.0,0.0967741935483871,0.1,-5.1648655
CC(O)(C(F)(F)F)C(F)(F)F,182.063,1.862,57.62152354077279,20.23,1.0,1.0,0.0,0.0,0.2083333333333333,0.217391304347826,-4.5278177
CCN(CCOP(=O)(OCCN(CC)S(=O)(=O)C(F)(F)C(F)(F)C(F)(F)C(F)(F)C(F)(F)C(F)(F)C(F)(F)C(F)(F)F)OCCN(CC)S(=O)(=O)C(F)(F)C(F)(F)C(F)(F)C(F)(F)C(F)(F)C(F)(F)C(F)(F)C(F)(F)F)S(=O)(=O)C(F)(F)C(F)(F)C(F)(F)C(F)(F)C(F)(F)C(F)(F)C(F)(F)C(F)(F)F,1757.6960000000013,16.000099999999982,538.4066056317994,156.89999999999998,0.0,10.0,39.0,0.0,0.325,0.2093023255813953,-7.5971222
FC(F)(Cl)C1(F)OC1(F)F,182.475,2.1068,56.707792574113256,12.53,0.0,1.0,1.0,1.0,0.1,0.1034482758620689,-4.3080177
CC1(COCC(F)(F)C(F)(F)F)COC1,234.164,2.2371,83.34278214872151,18.46,0.0,2.0,4.0,1.0,0.1,0.1025641025641025,-5.5718765
FC1=CC(F)(F)C(F)C1(F)F,176.059,2.4621000000000004,57.49679771725991,0.0,0.0,0.0,0.0,1.0,0.0285714285714285,0.0294117647058823,-4.3088555
O=S(=O)(O)C(F)(F)C(F)(F)OC(F)(C(F)(F)F)C(F)(F)OC(F)(F)C(F)F,464.127,3.7718,137.10212582423085,72.83000000000001,1.0,4.0,8.0,0.0,0.3529411764705882,0.1538461538461538,-6.4186206
O=C(O)CC(F)(F)C(F)(F)C(F)(F)C(F)(F)C(F)(F)C(F)(F)C(F)(F)C(F)(F)C(F)(F)C(F)(F)F,578.1120000000001,6.741100000000003,175.1856135998829,37.3,1.0,1.0,10.0,0.0,0.3571428571428571,0.48,-7.0125437
CCOC(=O)C(OC(F)(F)C(F)(F)C(F)(F)C(F)(F)F)(C(F)(F)F)C(F)(F)F,458.1169999999999,4.855200000000001,142.89537366035003,35.53,0.0,3.0,6.0,0.0,0.2432432432432432,0.2857142857142857,-6.6035004
O=C(O)C(F)(OC(F)(F)C(F)(OC(F)(F)C(F)(OC(F)(C(F)(F)F)C(F)(F)F)C(F)(F)F)C(F)(F)F)C(F)(F)F,662.0890000000003,6.781100000000002,198.8573200942561,64.99000000000001,1.0,4.0,9.0,0.0,0.2,0.28125,-7.2966638
FC(F)(F)C(F)(F)OC(F)(F)C(F)(OC(F)(F)C(F)(F)C(F)(F)F)C(F)(F)F,470.05,5.786000000000001,138.50057354029175,18.46,0.0,2.0,6.0,0.0,0.2333333333333333,0.2,-6.4005594
O=C([O-])C(F)(F)C(F)(F)C(F)(F)C(F)(F)C(F)(F)C(F)(F)C(F)(F)C(F)(F)C(F)(F)F,513.0699999999999,4.380999999999999,154.12465856523724,40.13,0.0,2.0,8.0,0.0,0.3846153846153846,0.5909090909090909,-6.3903413
O=C([O-])C(F)(F)C(F)(F)C(F)(F)C(F)(F)C(F)(F)C(F)(F)C(F)(F)F,413.0559999999999,3.1103999999999994,124.73263272473908,40.13,0.0,2.0,6.0,0.0,0.3846153846153846,0.5909090909090909,-5.8130031
O=S(=O)(O)C(F)(F)C(F)(F)OC(F)(F)C(F)(F)C(F)(F)C(F)(F)C(F)(F)C(F)(F)C(F)(F)C(F)(F)Cl,632.594,6.3126000000000015,186.37988558235287,63.60000000000001,1.0,3.0,11.0,0.0,0.4333333333333333,0.2,-7.425879
CC(C)(CS(=O)(=O)[O-])NC(=O)CCSCCC(F)(F)C(F)(F)C(F)(F)C(F)(F)F,486.398,3.4080000000000013,164.07150534598262,86.30000000000001,1.0,5.0,11.0,0.0,0.2291666666666666,0.2083333333333333,-8.2039795
CN(C)CCCN(CCC(=O)O)S(=O)(=O)C(F)(F)C(F)(F)C(F)(F)C(F)(F)C(F)(F)C(F)(F)C(F)(F)F,606.3480000000002,4.376200000000003,197.5676707583372,77.92,1.0,4.0,14.0,0.0,0.35,0.2926829268292683,-8.4403448
O=C(O)CC(F)(F)C(F)(F)C(F)(F)C(F)(F)C(F)(F)F,328.07699999999994,3.5646000000000004,101.70554899863755,37.3,1.0,1.0,5.0,0.0,0.3571428571428571,0.48,-5.5777922
O=C([O-])C(F)(F)C(F)(F)C(F)(F)C(F)(F)C(F)(F)C(F)(F)C(F)(F)C(F)(F)C(F)(F)C(F)(F)C(F)(F)C(F)(F)C(F)(F)C(F)(F)C(F)(F)C(F)F,845.1290000000005,8.530900000000004,252.8312136040545,40.13,0.0,2.0,16.0,0.0,0.2121212121212121,0.3448275862068966,-8.5001421
O=C(O)C(F)(F)C(F)(F)C(F)(F)C(F)(F)C(F)(F)C(F)(F)C(F)(F)C(F)(F)C(F)(F)C(F)(F)C(F)(F)C(F)F,646.1090000000003,7.324400000000004,194.0471619230582,37.3,1.0,1.0,12.0,0.0,0.21875,0.5833333333333334,-7.3321638
C[N+](C)([O-])CCCNC(=O)C(F)(F)C(F)(F)C(F)(F)C(F)(F)C(F)(F)C(F)(F)C(F)(F)C(F)(F)F,564.2360000000001,5.0763000000000025,182.7270620568559,52.16,1.0,2.0,11.0,0.0,0.2439024390243902,0.3513513513513513,-7.8201399
CN(C)CCCNC(=O)C(F)(F)C(F)(F)C(F)(F)C(F)(F)C(F)(F)C(F)(F)C(F)(F)C(F)(F)C(F)(F)F,598.2440000000001,5.699000000000003,192.46483123883564,32.34,1.0,2.0,12.0,0.0,0.2564102564102564,0.3714285714285714,-8.1875572
C[N+](C)(CCCN(CCC(=O)O)S(=O)(=O)C(F)(F)C(F)(F)C(F)(F)C(F)(F)F)CC(=O)O,515.3710000000001,2.0697,175.37524356521823,111.98,2.0,4.0,13.0,0.0,0.2888888888888888,0.2391304347826087,-8.0757666
O=[14C](O)C(F)(F)C(F)OC(F)(F)C(F)(F)C(F)(F)OC(F)(F)F,380.05724199,3.3758,116.09817486057754,55.760000000000005,1.0,3.0,7.0,0.0,0.15,0.1538461538461538,-6.056138
C[N+](C)(C)CCCNS(=O)C(F)(F)C(F)(F)C(F)(F)C(F)(F)C(F)(F)C(F)(F)C(F)(F)C(F)(F)C(F)(F)F,633.3350000000002,5.938200000000003,202.02291233959164,29.1,1.0,1.0,13.0,0.0,0.225,0.2307692307692307,-8.544591
CCOC(OCC)[SiH2]CCC(F)(F)C(F)(F)C(F)(F)C(F)(F)F,380.3229999999999,3.788400000000003,128.67991774012896,18.46,0.0,2.0,10.0,0.0,0.1794871794871795,0.1842105263157894,-7.0956011
O=P(O)(O)OCC(O)CC(F)(F)C(F)(F)C(F)(F)C(F)(F)C(F)(C(F)(F)F)C(F)(F)F,524.1129999999999,4.2208000000000006,159.5526182618625,86.99000000000001,3.0,3.0,9.0,0.0,0.1951219512195122,0.2,-7.2391367
FC(F)(F)C(F)(F)C(F)(C(F)(F)F)C1(F)C(F)(F)C(F)(F)C(F)(F)C2(F)C(F)(F)C(F)(F)C(F)(F)C(F)(F)C21F,662.1020000000002,8.053800000000006,197.77575668400908,0.0,0.0,0.0,2.0,2.0,0.1818181818181818,0.1875,-4.8781619
O=C(n1nc(C(F)(F)C(F)(F)C(F)(F)C(F)(F)C(F)(F)C(F)(F)F)cc1C(F)(F)F)C(F)(F)F,550.1150000000001,6.299700000000002,170.62981036166954,34.89,0.0,3.0,5.0,1.0,0.238095238095238,0.275,-6.4415555
O=S(=O)(O)c1ccc(OC(F)(F)C(F)(F)C(F)(F)C(F)(F)C(F)=C(F)F)cc1,454.213,4.888400000000001,147.4945234454284,63.60000000000001,1.0,3.0,7.0,1.0,0.2093023255813953,0.1860465116279069,-7.0752416
CC(=O)O[Si](CCC(F)(F)C(F)(F)C(F)(F)C(F)(F)C(F)(F)C(F)(F)F)(OC(C)=O)OC(C)=O,552.312,4.743500000000002,181.21163357378023,78.9,0.0,6.0,10.0,0.0,0.2702702702702703,0.3142857142857143,-7.7741699
O=P(O)(OCC(O)CC(F)(F)C(F)(F)C(F)(F)C(F)(F)C(F)(F)C(F)(F)C(F)(F)C(F)(F)F)OCC(O)CC(F)(F)C(F)(F)C(F)(F)C(F)(F)C(F)(F)C(F)(F)C(F)(F)C(F)(F)F,1050.2460000000003,10.6408,320.19064151972714,96.22,3.0,5.0,22.0,0.0,0.2631578947368421,0.2702702702702703,-9.0747633
CC(NC(=O)C(C)NC(=O)CCSCCC(F)(F)C(F)(F)C(F)(F)C(F)(F)C(F)(F)C(F)(F)F)C(=O)O,594.3900000000001,4.332600000000003,203.2319195411249,95.5,3.0,4.0,14.0,0.0,0.2,0.2826086956521739,-8.1474762
O=C([O-])CCS(=O)CCC(F)(F)C(F)(F)C(F)(F)C(F)(F)C(F)(F)C(F)(F)F,467.2229999999999,3.0040000000000013,148.87064246565234,57.2,0.0,3.0,10.0,0.0,0.2631578947368421,0.3055555555555556,-7.0411592
C=CC(F)(F)C(F)(F)C(F)(F)F,196.065,3.0053,62.66816427371538,0.0,0.0,0.0,2.0,0.0,0.2307692307692307,0.24,-3.8045356
FC(F)(F)C(F)(F)C(F)(F)CCCCBr,305.03099999999995,4.384500000000001,89.9551991403342,0.0,0.0,0.0,5.0,0.0,0.1935483870967742,0.2,-4.5896754
CCCCCC(I)CC(F)(F)C(F)(F)C(F)(F)F,394.112,5.593300000000003,114.44431599892629,0.0,0.0,0.0,7.0,0.0,0.1578947368421052,0.1621621621621621,-5.9834371
CCCCCCCCC(F)(F)C(F)(F)C(F)(F)C(F)(F)F,332.24999999999994,6.205200000000004,116.24343291252832,0.0,0.0,0.0,9.0,0.0,0.21875,0.2258064516129032,-5.793725
CCCCCC(F)(F)C(F)(F)C(F)(F)C(F)(F)C(F)(F)F,340.176,5.670200000000002,111.8446194895876,0.0,0.0,0.0,7.0,0.0,0.2580645161290322,0.2666666666666666,-5.6269765
CCCCCCC(F)(F)C(F)(F)C(F)(F)C(F)(F)C(F)(F)F,354.2029999999999,6.060300000000003,118.2095616039842,0.0,0.0,0.0,8.0,0.0,0.25,0.2580645161290322,-5.3590188
CCCCCCCCCCCCCCC(F)(F)C(F)(F)C(F)(F)C(F)(F)F,416.4119999999999,8.545800000000003,154.433085598908,0.0,0.0,0.0,15.0,0.0,0.21875,0.2258064516129032,-7.7673392
FC(F)(F)C(F)(F)CC(I)C(F)(F)C(F)(F)C(F)(F)C(F)(F)F,491.988,5.845900000000002,130.87317959061667,0.0,0.0,0.0,5.0,0.0,0.21875,0.2258064516129032,-5.2215843
CCCCC(F)(F)C(F)(F)C(F)(F)C(F)(F)C(F)(F)C(F)(F)C(F)(F)C(F)(F)F,476.17,7.186000000000004,149.5677161359382,0.0,0.0,0.0,9.0,0.0,0.2666666666666666,0.2758620689655172,-5.5800838
CCCCCC=CC(F)(F)C(F)(F)C(F)(F)C(F)(F)F,316.2069999999999,5.591100000000003,109.18888776594748,0.0,0.0,0.0,7.0,0.0,0.2,0.2058823529411764,-5.5872149
F/C(=C(/F)C(F)(F)C(F)(F)C(F)(F)F)C(F)(F)F,300.0419999999999,4.5322000000000005,89.86078340274315,0.0,0.0,0.0,2.0,0.0,0.2592592592592592,0.32,-4.4936018
FC(F)(F)C(F)(F)C(F)(F)CCCCCCCCCCC(F)(F)C(F)(F)C(F)(F)F,478.3080000000001,8.553200000000002,162.530878384746,0.0,0.0,0.0,13.0,0.0,0.2222222222222222,0.2307692307692307,-7.5086794
FC(F)(F)C(F)(F)C(F)(F)C(F)(F)C(F)(F)C(F)(F)CCCCCCCCCCCBr,553.2410000000004,9.021099999999995,178.5978327018577,0.0,0.0,0.0,15.0,0.0,0.25,0.2580645161290322,-7.1431994
CC(C)(O)CCC(F)(F)C(F)(F)C(F)(F)C(F)(F)F,306.16799999999995,4.005700000000001,101.94284032153452,20.23,1.0,1.0,5.0,0.0,0.2666666666666666,0.2758620689655172,-5.5122414
FC(F)(F)C(F)(F)C(F)(F)C(F)(F)C(F)(F)C(F)(F)C(F)(F)C(F)(F)C(F)(F)C(F)(F)CCCI,688.0529999999998,8.481600000000002,191.8566379830834,0.0,0.0,0.0,11.0,0.0,0.2666666666666666,0.2758620689655172,-5.7677088
CCCCCCCCCCC=CC(F)(F)C(F)(F)C(F)(F)C(F)(F)F,386.342,7.541600000000005,141.0135983379305,0.0,0.0,0.0,12.0,0.0,0.1944444444444444,0.2,-7.1246238
C=CC(F)(F)C(F)(F)C(F)(F)C(F)(F)C(F)(F)C(F)(F)C(F)(F)C(F)(F)C(F)(F)F,496.107,6.817100000000004,150.8442417952098,0.0,0.0,0.0,8.0,0.0,0.3076923076923077,0.32,-4.9823837
CCCOCCC(F)(F)C(F)(F)C(F)(F)C(F)(F)F,306.16799999999995,4.271300000000002,102.2621517988454,9.23,0.0,1.0,7.0,0.0,0.2058823529411764,0.2121212121212121,-5.5547123
O=C(O)CCCC(F)(F)C(F)(F)C(F)(F)C(F)(F)F,306.124,3.709500000000001,99.73942030718167,37.3,1.0,1.0,6.0,0.0,0.28125,0.3793103448275862,-5.6201224
FC(F)(F)C(F)(F)C(F)(F)C(F)(F)C(F)(F)C(F)(F)C(F)(F)C(F)(F)CCCCCCCCCCBr,639.228,9.901599999999991,201.6249164279592,0.0,0.0,0.0,16.0,0.0,0.25,0.2580645161290322,-7.3935142
FC(F)(F)C(F)(F)C(F)(F)C(F)(F)C(F)(F)C(F)(F)C(F)(F)C(F)(F)C(F)(F)C(F)(F)C(Br)CBr,705.9219999999999,8.424800000000001,193.9649529589259,0.0,0.0,0.0,10.0,0.0,0.2666666666666666,0.2758620689655172,-5.4474282
CC(O)C(F)(F)C(F)(F)C(F)(F)C(F)(F)C(F)(F)C(F)(F)F,364.101,4.106000000000001,112.24003981884286,20.23,1.0,1.0,5.0,0.0,0.3333333333333333,0.3461538461538461,-5.6433597
CCCCCCCCCCCCCCCC(F)(F)C(F)(F)C(F)(F)C(F)(F)C(F)(F)C(F)(F)C(F)(F)C(F)(F)C(F)(F)F,680.4740000000002,12.112399999999983,234.27809231455,0.0,0.0,0.0,21.0,0.0,0.25,0.2580645161290322,-7.8244863
C=CC(F)(F)C(F)(F)C(F)(F)C(F)(F)C(F)(F)C(F)(F)C(F)(F)C(F)(F)C(F)(F)C(F)(F)C(F)(F)F,596.1210000000001,8.087700000000005,180.23626763570795,0.0,0.0,0.0,10.0,0.0,0.3076923076923077,0.32,-5.4006782
COC(=O)CCC(F)(F)C(F)(F)C(F)(F)F,256.117,2.772500000000001,85.36271886424348,26.3,0.0,2.0,4.0,0.0,0.2352941176470588,0.28125,-5.1880808
CC(N)C(O)C(F)(F)C(F)(F)C(F)(F)F,243.122,1.5274,79.85683386950495,46.25,2.0,2.0,3.0,0.0,0.2258064516129032,0.2333333333333333,-5.069756
COC(F)(F)C(F)(F)C(F)(F)C(F)(F)C(F)(F)F,300.06699999999995,3.6938,91.49839626150803,9.23,0.0,1.0,4.0,0.0,0.3076923076923077,0.32,-4.7641196
FC(F)(F)C(F)(F)C(F)(F)C(F)(F)CC(I)CCCCC(I)CC(F)(F)C(F)(F)C(F)(F)C(F)(F)F,802.0600000000004,9.870599999999994,217.7166962385382,0.0,0.0,0.0,13.0,0.0,0.2121212121212121,0.21875,-8.0849495
CCCCCCCCCCCCCCC(F)(F)C(F)(F)C(F)(F)C(F)(F)C(F)(F)C(F)(F)C(F)(F)C(F)(F)C(F)(F)C(F)(F)C(F)(F)C(F)(F)F,816.4680000000004,13.628199999999984,272.0011889609006,0.0,0.0,0.0,23.0,0.0,0.25,0.2580645161290322,-7.4054604
CCCCCCCCCCCCCCCCCCCCC(F)(F)C(F)(F)C(F)(F)C(F)(F)C(F)(F)C(F)(F)C(F)(F)C(F)(F)C(F)(F)C(F)(F)F,800.6160000000004,14.698199999999977,280.79881580678205,0.0,0.0,0.0,27.0,0.0,0.25,0.2580645161290322,-10.048263
O=CCCC(F)(F)C(F)(F)C(F)(F)C(F)(F)C(F)(F)C(F)(F)C(F)(F)C(F)(F)F,476.126,5.9749000000000025,147.36429612158537,17.07,0.0,1.0,9.0,0.0,0.3,0.3103448275862069,-5.1879077
FC(F)=C(F)C(F)(F)C(F)(F)C(F)(F)C(F)(F)C(F)(F)C(F)(F)C(F)(F)C(F)(F)C(F)(F)F,550.0770000000001,7.708700000000005,163.3408480039885,0.0,0.0,0.0,8.0,0.0,0.3461538461538461,0.4782608695652174,-5.0292182
C=CC(F)(F)C(F)(F)C(F)(F)C(F)(F)C(F)(F)C(F)(F)C(F)(F)C(F)(F)C(F)(F)C(F)(F)C(F)(F)C(F)(F)C(F)(F)C(F)(F)F,746.1420000000003,9.9936,224.3243063964552,0.0,0.0,0.0,13.0,0.0,0.3076923076923077,0.32,-5.5598021
C=CC=CC(C(F)(F)F)(C(F)(F)F)C(F)(F)C(F)(F)C(F)(F)F,372.1239999999999,5.672500000000002,118.79648423107156,0.0,0.0,0.0,4.0,0.0,0.2333333333333333,0.2857142857142857,-4.7695012
O=P(O)(O)CCC(F)(F)C(F)(F)C(F)(F)C(F)(F)F,328.06699999999995,3.0224,99.10518814688858,57.53,2.0,1.0,5.0,0.0,0.2903225806451613,0.3,-5.8353405
COC(=O)OCC(F)(F)C(F)(F)C(F)(F)F,258.08899999999994,2.6023000000000005,84.11132197935376,35.53,0.0,3.0,3.0,0.0,0.2352941176470588,0.28125,-5.012701
CCCC(=O)OCC(F)(F)C(F)(F)C(F)(F)F,270.14399999999995,3.162600000000002,91.72766097864007,26.3,0.0,2.0,5.0,0.0,0.2222222222222222,0.2647058823529412,-5.1399455
CCCCCCCCCCCCCCC=CC(F)(F)C(F)(F)C(F)(F)C(F)(F)C(F)(F)C(F)(F)F,542.464,10.372599999999991,195.86539263601512,0.0,0.0,0.0,18.0,0.0,0.2222222222222222,0.2285714285714285,-8.2853107
O=CC=C(F)C(F)(F)C(F)(F)C(F)(F)C(F)(F)C(F)(F)F,342.07899999999995,4.1422,106.75218973158012,17.07,0.0,1.0,5.0,0.0,0.3333333333333333,0.4444444444444444,-5.0051184
O=CCC(F)(F)C(F)(F)C(F)(F)C(F)(F)C(F)(F)C(F)(F)C(F)(F)C(F)(F)C(F)(F)C(F)(F)F,562.113,6.855400000000004,170.3913798476869,17.07,0.0,1.0,10.0,0.0,0.3214285714285714,0.3333333333333333,-6.9941826
CO[Si](CCC(F)(F)C(F)(F)C(F)(F)C(F)(F)C(F)(F)C(F)(F)C(F)(F)C(F)(F)C(F)(F)C(F)(F)F)(OC)OC,668.3100000000002,7.534600000000006,208.41629261145548,27.69,0.0,3.0,14.0,0.0,0.2352941176470588,0.2424242424242424,-9.1896381
C=Cc1ccc(C(F)(F)C(F)(F)C(F)(F)C(F)(F)F)cc1,322.17,5.2543000000000015,112.42127140002847,0.0,0.0,0.0,4.0,1.0,0.2,0.2058823529411764,-5.7712207
FC(F)(F)C(F)(F)C(F)(F)C(F)(F)C/C=C\c1ccccc1,336.197,5.558100000000002,118.7862135144251,0.0,0.0,0.0,5.0,1.0,0.1842105263157894,0.2222222222222222,-6.1801772
FC(F)(F)C(F)(F)C(F)(F)COCC1CO1,256.117,2.2347,85.30891084017736,21.76,0.0,2.0,5.0,1.0,0.1621621621621621,0.1666666666666666,-5.3591671
CC(C)(C)OC(=O)C(F)(F)C(F)(F)C(F)(F)F,270.14399999999995,3.1610000000000014,91.72766097864007,26.3,0.0,2.0,2.0,0.0,0.2580645161290322,0.3571428571428571,-5.488884
CC(=O)OCCC(F)(F)C(F)(F)C(F)(F)C(F)(F)F,306.124,3.407800000000001,100.05873178449256,26.3,0.0,2.0,5.0,0.0,0.2647058823529412,0.3125,-5.7113838
CCO[Si](OCC)(OCC)C(F)(F)C(F)(F)C(F)(F)C(F)(F)C(F)(F)C(F)(F)C(F)(F)C(F)(F)C(F)(F)C(F)(F)F,682.3370000000002,7.854000000000005,214.781234725852,27.69,0.0,3.0,15.0,0.0,0.25,0.2580645161290322,-8.9374733
CN(C)[Si](CCC(F)(F)C(F)(F)C(F)(F)C(F)(F)C(F)(F)C(F)(F)C(F)(F)C(F)(F)F)(N(C)C)N(C)C,607.4249999999997,6.009600000000006,199.9278252490567,9.72,0.0,3.0,12.0,0.0,0.2352941176470588,0.2424242424242424,-8.4018555
O=C=NCCC(F)(F)C(F)(F)C(F)(F)C(F)(F)C(F)(F)C(F)(F)F,389.11099999999993,4.4511,122.86759276694734,29.43,0.0,2.0,7.0,0.0,0.2727272727272727,0.28125,-6.4366302
CCOP(=O)(O)CCC(F)(F)C(F)(F)C(F)(F)C(F)(F)C(F)(F)C(F)(F)F,456.13499999999993,5.337200000000003,141.5464096934908,46.53,1.0,2.0,9.0,0.0,0.2631578947368421,0.2702702702702703,-7.0492287
C=C(C(=O)OCC)C(F)(F)C(F)(F)C(F)(F)C(F)(F)F,318.13499999999993,3.573900000000001,105.73407086670493,26.3,0.0,2.0,5.0,0.0,0.25,0.375,-6.1525154
O=C(F)C(F)(F)C(F)(F)C(F)(F)C(F)(F)C(F)(F)C(F)(F)C(F)(F)C(F)(F)C(F)(F)C(F)(F)C(F)(F)C(F)(F)C(F)(F)C(F)(F)C(F)(F)F,816.1110000000004,9.939000000000004,241.6720377374619,17.07,0.0,1.0,14.0,0.0,0.4,0.6190476190476191,-7.5814552
C=COC(=O)C(F)(F)C(F)(F)C(F)(F)C(F)(F)C(F)(F)F,340.088,3.7766,107.70019955816078,26.3,0.0,2.0,5.0,0.0,0.3548387096774194,0.4642857142857143,-5.6408529
CCOC(=O)C(N)CC(F)(F)C(F)(F)C(F)(F)F,285.15899999999993,2.0998,97.0675516756528,52.32,1.0,3.0,5.0,0.0,0.2105263157894736,0.25,-5.7869186
FC(F)(F)C(F)(F)C(F)(F)c1cc(Br)ccn1,326.009,4.133500000000001,98.77217286975828,12.89,0.0,1.0,2.0,1.0,0.1578947368421052,0.1621621621621621,-5.4261098
FC(F)(F)C(F)(F)C(F)(F)c1nccc2ccccc12,297.17300000000006,4.524200000000002,107.58628979585215,12.89,0.0,1.0,2.0,2.0,0.15,0.1538461538461538,-5.5561595
CCCCN(CCCC)C(=O)C(F)(F)C(F)(F)C(F)(F)F,325.2679999999999,4.248100000000004,117.833717876923,20.31,0.0,1.0,8.0,0.0,0.2222222222222222,0.303030303030303,-6.8196402
OC(COCCC(F)(F)C(F)(F)C(F)(F)C(F)(F)F)COCCC(F)(F)C(F)(F)C(F)(F)C(F)(F)F,584.2380000000003,6.097100000000004,187.84940209326405,38.69,1.0,3.0,14.0,0.0,0.2285714285714285,0.2352941176470588,-7.7988973
O=C(OC(C(F)(F)F)(C(F)(F)F)C(F)(F)F)C(F)(F)C(F)(F)C(F)(F)F,432.054,4.788200000000001,129.21747960497618,26.3,0.0,2.0,3.0,0.0,0.2666666666666666,0.3703703703703703,-5.730588
C=CCOC(=O)C(F)(F)C(F)(F)C(F)(F)C(F)(F)C(F)(F)C(F)(F)C(F)(F)F,454.129,5.0897000000000014,143.45716751305554,26.3,0.0,2.0,8.0,0.0,0.2857142857142857,0.4193548387096774,-6.4936986
Oc1ccc(OCCC(F)(F)C(F)(F)C(F)(F)C(F)(F)F)cc1,356.184,4.6293000000000015,123.01865341391562,29.46,1.0,2.0,6.0,1.0,0.2051282051282051,0.2105263157894736,-6.4732375
O=C(O)c1ccccc1C(F)(F)C(F)(F)C(F)(F)C(F)(F)F,340.1409999999999,4.309500000000001,115.70168817005587,37.3,1.0,1.0,4.0,1.0,0.2571428571428571,0.34375,-6.02249
C=COC(=O)C(F)(F)C(F)(F)C(F)(F)C(F)(F)C(F)(F)C(F)(F)C(F)(F)C(F)(F)C(F)(F)F,540.1160000000001,6.317800000000003,166.48425123915706,26.3,0.0,2.0,9.0,0.0,0.3548387096774194,0.4642857142857143,-6.7863188
CC(C)CCOC(=O)C(F)(F)C(F)(F)C(F)(F)C(F)(F)C(F)(F)C(F)(F)C(F)(F)C(F)(F)F,534.206,6.585100000000004,171.57266769428207,26.3,0.0,2.0,10.0,0.0,0.2702702702702703,0.3939393939393939,-7.8244076
O=C(c1ccc(Br)cc1)C(F)(F)C(F)(F)C(F)(F)C(F)(F)F,403.038,5.100000000000001,124.77500202350122,17.07,0.0,1.0,4.0,1.0,0.2571428571428571,0.3870967741935484,-5.9197273
COC(=O)C(F)(OC(F)(F)C(F)(F)C(F)(F)C(F)(F)C(F)(F)F)C(F)(F)F,444.09,4.4651000000000005,136.53043154595343,35.53,0.0,3.0,6.0,0.0,0.2941176470588235,0.34375,-6.2612209
FC(F)(F)C(F)(F)C(F)(F)C(F)(F)C(F)(F)C(F)(F)C(F)(F)C(F)(F)c1cccs1,502.189,7.214000000000003,156.8054051548273,0.0,0.0,1.0,7.0,1.0,0.2352941176470588,0.2424242424242424,-6.7884097
O=Cc1nccc2c(C(F)(F)C(F)(F)C(F)(F)F)cccc12,325.18299999999994,4.336700000000001,118.11275401029252,29.96,0.0,2.0,3.0,2.0,0.1555555555555555,0.1590909090909091,-6.1167135
O=C1CCCC1C(=O)C(F)(F)C(F)(F)C(F)(F)C(F)(F)F,330.146,3.392900000000001,110.83076173029342,34.14,0.0,2.0,4.0,1.0,0.2368421052631578,0.3529411764705882,-5.9618764
CCN(CC)C(=O)C(F)(F)C(F)(F)C(F)(F)C(F)(F)C(F)(F)C(F)(F)C(F)(F)C(F)(F)F,519.1949999999999,5.864200000000003,165.85401402058196,20.31,0.0,1.0,9.0,0.0,0.3125,0.4642857142857143,-7.4326916
COc1ccc(C(=O)CC(=O)C(F)(F)C(F)(F)C(F)(F)F)cc1,346.1979999999999,3.6700000000000017,124.58133517035128,43.370000000000005,0.0,3.0,6.0,1.0,0.1860465116279069,0.25,-6.4740572
O=P(OCC(F)(F)C(F)(F)C(F)(F)F)(OCC(F)(F)C(F)(F)C(F)(F)F)c1ccccc1,522.1690000000001,6.204000000000003,168.35846655099866,35.53,0.0,3.0,9.0,1.0,0.175,0.2105263157894736,-7.1695957
O=C(c1c(F)c(F)c(F)c(F)c1F)C(F)(F)C(F)(F)C(F)(F)F,364.0849999999999,4.3977,117.03911851224196,17.07,0.0,1.0,3.0,1.0,0.2580645161290322,0.3571428571428571,-5.4971519
O=C(NCCCc1ccccc1)C(F)(F)C(F)(F)C(F)(F)F,331.231,3.5683000000000025,120.85613002440866,29.1,1.0,1.0,6.0,1.0,0.1860465116279069,0.282051282051282,-6.2854567
Cc1ccc(OS(=O)(=O)C(F)(F)C(F)(F)C(F)(F)C(F)(F)F)cc1,390.223,4.129320000000002,128.6938798051676,43.370000000000005,0.0,3.0,5.0,1.0,0.3529411764705882,0.2162162162162162,-6.1514912
FC(F)(F)C(F)(F)C(F)(F)C(F)(F)C(F)(F)C(F)(F)C(F)(F)C(F)(F)CC(I)[Si]12OCCN(CCO1)CCO2,747.2559999999996,6.046600000000007,221.1291025983357,30.930000000000003,0.0,4.0,9.0,3.0,0.1860465116279069,0.1904761904761904,-8.9821253
O=C(Nc1ccccc1)C(F)(F)C(F)(F)C(F)(F)C(F)(F)F,339.1569999999999,4.093300000000001,116.45731660146792,29.1,1.0,1.0,4.0,1.0,0.25,0.4193548387096774,-5.8704543
O=C(N1CCOCC1)C(F)(F)C(F)(F)C(F)(F)F,283.1429999999999,1.6781,96.48166349531422,29.540000000000003,0.0,2.0,2.0,1.0,0.2285714285714285,0.3125,-5.6206331
CCOC(=O)CNC(=O)C(F)(F)C(F)(F)C(F)(F)F,299.14199999999994,1.4985999999999997,101.43904526229188,55.4,1.0,3.0,5.0,0.0,0.2105263157894736,0.2857142857142857,-5.7331152
FC(F)(F)C(F)(F)C(F)(F)C1=NCCN1Cc1ccccc1,328.231,3.733600000000002,120.79407074329116,15.6,0.0,2.0,4.0,2.0,0.1304347826086956,0.1590909090909091,-6.3768234
N=C(NC(=N)C(F)(F)C(F)(F)C(F)(F)C(F)(F)C(F)(F)C(F)(F)F)c1ccccc1,465.213,5.317640000000002,157.42346445484844,59.73,3.0,2.0,6.0,1.0,0.2307692307692307,0.3823529411764705,-6.8178158
Cc1c(C(F)(F)C(F)(F)C(F)(F)C(F)(F)F)[nH]c2ccccc12,349.196,5.401020000000002,122.63675727056564,15.79,1.0,0.0,3.0,2.0,0.1707317073170731,0.175,-6.0130606
N#Cc1ccccc1OS(=O)(=O)C(F)(F)C(F)(F)C(F)(F)C(F)(F)F,401.2059999999999,3.69258,133.0864594866363,67.16,0.0,4.0,5.0,1.0,0.3,0.1860465116279069,-6.3516364
CNc1nnc(C(F)(F)C(F)(F)C(F)(F)F)o1,267.1039999999999,2.4007000000000005,88.80186037554968,50.95,1.0,4.0,3.0,1.0,0.1578947368421052,0.1621621621621621,-5.7039356
O=S(=O)(c1ccc(F)cc1)C(F)(F)C(F)(F)C(F)(F)C(F)(F)C(F)(F)C(F)(F)F,478.201,5.295700000000002,150.56394982863046,34.14,0.0,2.0,6.0,1.0,0.4193548387096774,0.2647058823529412,-6.7522492
O=C(Nc1cccc(Cl)c1Cl)C(F)(F)C(F)(F)C(F)(F)F,358.0399999999999,4.7648,122.36783613498216,29.1,1.0,1.0,3.0,1.0,0.1904761904761904,0.2564102564102564,-6.2379193
O=C(Nc1c(F)c(F)c(F)c(F)c1F)C(F)(F)C(F)(F)C(F)(F)F,379.1,4.1535,122.58898069585,29.1,1.0,1.0,3.0,1.0,0.2352941176470588,0.3666666666666666,-5.8543463
O=S(=O)(Oc1cccc2cccnc12)C(F)(F)C(F)(F)C(F)(F)C(F)(F)F,427.244,4.369100000000001,144.2302502034527,56.260000000000005,0.0,4.0,5.0,2.0,0.2790697674418604,0.1739130434782608,-6.808403
CC[Si](CC)(CC)Oc1ccc(CCCSCCC(F)(F)C(F)(F)C(F)(F)C(F)(F)C(F)(F)C(F)(F)F)cc1O[Si](CC)(CC)CC,758.8739999999999,12.249299999999982,273.33586402160967,18.46,0.0,3.0,21.0,1.0,0.1428571428571428,0.1454545454545454,-9.7794847
CCOC(=O)Cc1cc(C(F)(F)C(F)(F)C(F)(F)F)[nH]n1,322.1799999999999,2.8047000000000004,112.81707504067305,54.98,1.0,3.0,5.0,1.0,0.1666666666666666,0.1956521739130435,-6.1808815
N=C(NOC(=N)C(F)(F)C(F)(F)C(F)(F)C(F)(F)C(F)(F)C(F)(F)F)c1ccccc1,481.212,5.249240000000002,162.4910481838333,68.96000000000001,3.0,3.0,6.0,1.0,0.2195121951219512,0.3611111111111111,-7.2332697
CN1C(=CC(=O)C(F)(F)C(F)(F)C(F)(F)F)Sc2ccccc21,359.266,4.4719000000000015,129.4937773506558,20.31,0.0,3.0,3.0,2.0,0.1666666666666666,0.2222222222222222,-6.146688
Cc1cc2c(cc1C)NC(=O)CC(C(F)(F)C(F)(F)C(F)(F)F)=N2,356.241,4.551040000000001,131.11056347113615,41.46,1.0,2.0,2.0,2.0,0.1458333333333333,0.1489361702127659,-6.5283461
COc1cc(CO)c([N+](=O)[O-])cc1OCCCC(F)(F)C(F)(F)C(F)(F)C(F)(F)C(F)(F)C(F)(F)C(F)(F)C(F)(F)F,659.2890000000002,7.264100000000005,220.6640523901084,81.83,1.0,5.0,14.0,1.0,0.1851851851851851,0.1886792452830188,-8.7764874
COc1ccc(NC(=O)C(F)(F)C(F)(F)C(F)(F)F)c([N+](=O)[O-])c1,364.173,3.3748000000000014,127.89276674762212,81.47,1.0,4.0,5.0,1.0,0.1568627450980392,0.2083333333333333,-6.4741716
CCOC(=O)C(=Cc1ccc(N(C)C)cc1)S(=O)(=O)C(F)(F)C(F)(F)C(F)(F)C(F)(F)F,501.367,4.497100000000003,175.90628135355212,63.68,0.0,5.0,8.0,1.0,0.26,0.1923076923076923,-8.1076365
CC(=O)NS(=O)(=O)c1ccc(NS(=O)(=O)C(F)(F)C(F)(F)C(F)(F)C(F)(F)F)cc1,496.329,2.6788000000000007,161.89367268430271,109.41,2.0,5.0,7.0,1.0,0.3095238095238095,0.2272727272727272,-7.971087
O=C(OCC(F)(F)C(F)(F)C(F)(F)C(F)(F)F)c1cc([N+](=O)[O-])cc2c1-c1c(cc([N+](=O)[O-])cc1[N+](=O)[O-])C2=O,591.2510000000002,5.247600000000003,210.922596196238,172.79000000000002,0.0,9.0,8.0,3.0,0.1785714285714285,0.1818181818181818,-8.5711689
CCOC(=O)C1C(c2ccccc2)C(C(=O)OCC)C(O)(C(F)(F)C(F)(F)C(F)(F)C(F)(F)F)OC1(O)C(F)(F)C(F)(F)C(F)(F)C(F)(F)F,774.3920000000004,6.472600000000005,265.5912567851757,102.29000000000002,2.0,7.0,11.0,2.0,0.1923076923076923,0.22,-9.505744
OCC(F)(F)C(F)(C(F)(F)F)C(F)(F)F,250.06,2.4469000000000003,76.48307186394811,20.23,1.0,1.0,2.0,0.0,0.1851851851851851,0.1923076923076923,-4.6557193
OC/C=C/C(F)(C(F)(F)F)C(F)(F)F,226.091,2.3678,73.82734014030798,20.23,1.0,1.0,2.0,0.0,0.1666666666666666,0.1724137931034483,-4.7551174
Nc1cccc(C(F)(C(F)(F)F)C(F)(F)F)c1,261.14,3.5582000000000003,91.02486798018316,26.02,1.0,1.0,1.0,1.0,0.1111111111111111,0.1142857142857142,-5.3519292
F/C(=C(\C(F)(F)C(F)(F)F)C(F)(C(F)(F)F)C(F)(F)F)C(F)(F)F,400.0559999999999,5.802800000000001,119.2528092432413,0.0,0.0,0.0,2.0,0.0,0.1612903225806451,0.2068965517241379,-5.6724315
FC(F)(F)C(F)(c1cc(Cl)c(Br)c(Cl)c1)C(F)(F)F,393.91100000000006,6.045300000000002,120.15905734257512,0.0,0.0,0.0,1.0,1.0,0.1142857142857142,0.1176470588235294,-5.6076403
COC(=O)c1ccc(C(F)(C(F)(F)F)C(F)(F)F)cc1,304.16099999999994,3.7626000000000017,107.6899288415143,26.3,0.0,2.0,2.0,1.0,0.1578947368421052,0.1944444444444444,-5.7791514
N#Cc1ccnc(C(F)(C(F)(F)F)C(F)(F)F)c1,272.12299999999993,3.24268,95.66214705998226,36.68,0.0,2.0,1.0,1.0,0.0975609756097561,0.1,-5.6662154
Nc1c(I)cc(C(F)(C(F)(F)F)C(F)(F)F)cc1C(F)(F)F,455.033,5.181600000000001,129.1482544244021,26.02,1.0,1.0,1.0,1.0,0.1,0.1025641025641025,-6.0808721
O=[N+]([O-])c1c(F)c(F)c(C(F)(C(F)(F)F)C(F)(F)F)c(F)c1F,363.082,4.440600000000001,117.00009461737515,43.14,0.0,2.0,2.0,1.0,0.1388888888888889,0.1428571428571428,-5.8292842
O=S1(=O)C(CCC(F)(C(F)(F)F)C(F)(F)F)S(=O)(=O)C1CCC(F)(C(F)(F)F)C(F)(F)F,548.3140000000002,4.708000000000002,169.31607553720352,68.28,0.0,4.0,6.0,1.0,0.1515151515151515,0.15625,-7.5006618
CCC(C)Sc1c(C(F)(C(F)(F)F)C(F)(F)F)ccc(C(=O)O)c1C,392.33600000000007,5.8732200000000025,142.95349584715512,37.3,1.0,2.0,5.0,1.0,0.1176470588235294,0.1666666666666666,-6.8082371
CCc1c(C(=O)O)ccc(C(F)(C(F)(F)F)C(F)(F)F)c1SC(C)(C)C,406.363,6.127200000000003,149.31843796155172,37.3,1.0,2.0,4.0,1.0,0.1224489795918367,0.1739130434782608,-7.6330228
CCc1c(C(=O)O)ccc(C(F)(C(F)(F)F)C(F)(F)F)c1S(=O)C(C)C,408.335,4.752600000000003,146.2046400253658,54.37,1.0,2.0,5.0,1.0,0.1176470588235294,0.1666666666666666,-7.2982688
Cc1c(C(=O)O)ccc(C(F)(C(F)(F)F)C(F)(F)F)c1S(=O)CC(C)C,408.335,4.746220000000002,146.2046400253658,54.37,1.0,2.0,5.0,1.0,0.1176470588235294,0.1666666666666666,-7.667089
O=C1OC(F)(C(F)(C(F)(F)F)C(F)(F)F)c2c(F)c(F)c(F)c(F)c21,392.095,4.3686,127.51177470261624,26.3,0.0,2.0,1.0,2.0,0.1219512195121951,0.125,-5.8220806
CCCCS(=O)(=O)c1c(C(F)(C(F)(F)F)C(F)(F)F)ccc(C(=O)O)c1CC,438.3610000000001,4.810400000000003,155.82072631797303,71.44,1.0,3.0,7.0,1.0,0.16,0.1632653061224489,-7.5368142
Cc1cc(C(F)(C(F)(F)F)C(F)(F)F)cc(C)c1NC(=O)c1cccc(NC(=O)c2ccc(Cl)cc2[N+](=O)[O-])c1,591.8670000000002,7.659040000000004,225.63794466957,101.34,2.0,4.0,6.0,3.0,0.0895522388059701,0.1076923076923077,-9.7184019
Cc1cc(C(F)(C(F)(F)F)C(F)(F)F)cc(C)c1NC(=O)c1cccc(NC(=O)c2ccc(Cl)cc2[N+](=O)[O-])c1F,609.8570000000002,7.798140000000004,229.80348007249623,101.34,2.0,4.0,6.0,3.0,0.0895522388059701,0.1076923076923077,-9.4501343
C=CC1CC(F)(F)C1(F)OC(F)(F)C(F)(F)OC(F)(F)C(F)(F)OC(F)(F)C(F)(F)OC(F)(F)F,568.1510000000002,6.636400000000004,178.8569403855751,36.92,0.0,4.0,11.0,1.0,0.0652173913043478,0.0666666666666666,-7.9579129
Fc1c(F)c(F)c(OC(F)(F)C(F)(F)F)c(F)c1F,302.06699999999995,3.916,96.9301866070594,9.23,0.0,1.0,2.0,1.0,0.1290322580645161,0.1333333333333333,-5.0084929
OCC(F)(OC(F)(F)C(F)(OC(F)(F)C(F)(OC(F)(F)C(F)(F)C(F)(F)F)C(F)(F)F)C(F)(F)F)C(F)(F)F,648.1060000000002,6.688800000000004,194.69579799421228,47.92,1.0,4.0,10.0,0.0,0.2285714285714285,0.2,-7.7750559
COCCOC(=O)C(F)(OC(F)(F)C(F)(F)C(F)(F)F)C(F)(F)F,388.1289999999999,3.211100000000001,124.98183516375538,44.760000000000005,0.0,4.0,7.0,0.0,0.2,0.2368421052631578,-6.5154653
CCC(C)OC(=O)C(F)(OC(F)(F)C(F)(OC(F)(F)C(F)(F)C(F)(F)F)C(F)(F)F)C(F)(F)F,552.177,6.200700000000003,175.4348160388992,44.760000000000005,0.0,4.0,9.0,0.0,0.2,0.2045454545454545,-7.6232314
C=Cc1cccc(OC(F)(F)C(F)OC(F)(F)C(F)(F)C(F)(F)F)c1,386.185,5.403800000000002,133.17883937636506,18.46,0.0,2.0,7.0,1.0,0.12,0.1224489795918367,-6.5126433
O=C(OCc1ccccc1)C(F)(OC(F)(F)C(F)(OC(F)(F)C(F)(F)C(F)(F)F)C(F)(F)F)C(F)(F)F,586.1940000000001,6.602400000000003,191.39708390177347,44.760000000000005,0.0,4.0,9.0,1.0,0.1875,0.217391304347826,-7.7585273
O=C(NCCO)C(F)(OC(F)(F)C(F)(OC(F)(F)C(F)(F)C(F)(F)F)C(F)(F)F)C(F)(F)F,539.138,3.9675,167.9354825164032,67.79,2.0,4.0,9.0,0.0,0.2093023255813953,0.2142857142857142,-7.4776697
FC(F)(F)C(F)(OC(F)(F)C(F)(F)C(F)(F)F)C(N1CCCCC1)n1nnc2ccccc21,500.3120000000002,5.450900000000003,177.61120309427653,43.18,0.0,5.0,6.0,3.0,0.1071428571428571,0.109090909090909,-7.8312879
O=C(OC(F)(C(F)(F)F)C(F)(F)F)c1ccccc1,290.134,3.6338000000000017,101.3249867271177,26.3,0.0,2.0,2.0,1.0,0.1666666666666666,0.2424242424242424,-5.9141121
O=C(O)C(C(F)(F)F)(C(F)(F)F)C(F)(F)C(F)(C(F)(F)F)C(F)(F)F,414.064,4.6502,124.7326327247391,37.3,1.0,1.0,3.0,0.0,0.2413793103448276,0.4,-5.5039659
O=C(O)C(F)(F)C(F)(C(F)(F)F)C(C(F)(F)F)(C(F)(F)F)C(F)(F)F,414.064,4.6502,124.7326327247391,37.3,1.0,1.0,3.0,0.0,0.2,0.4583333333333333,-5.3391275
O=C(O)C(F)(F)C(F)(F)C(C(F)(F)F)(C(F)(F)F)C(F)(F)C(F)(F)F,414.064,4.6502,124.73263272473908,37.3,1.0,1.0,4.0,0.0,0.2758620689655172,0.6363636363636364,-5.4227796
C=C(C)C(=O)OC(C(F)(F)F)(C(F)(F)F)C(F)(F)C(F)(F)F,354.1149999999999,4.1667000000000005,114.06514167255736,26.3,0.0,2.0,3.0,0.0,0.2352941176470588,0.28125,-5.8938689
FC(F)(F)C(F)(F)C(F)(F)OC(F)(C(F)(F)F)C(F)(F)OC(F)(C(F)(F)F)C(F)(OC(F)(F)C(F)(OC(F)(F)C(F)(F)C(F)(F)F)C(F)(F)F)C(F)(F)F,902.1040000000006,10.731600000000004,266.2957673612982,36.92,0.0,4.0,13.0,0.0,0.25,0.2142857142857142,-8.067544
F/C=C(\F)C(F)(F)C(F)(F)C(F)(F)C(F)(F)F,282.052,4.235,85.69524799981691,0.0,0.0,0.0,3.0,0.0,0.2857142857142857,0.4,-4.9433045
FC(F)(F)C(F)(F)C(F)(F)/C=C/C(F)(F)C(F)(F)C(F)(F)F,364.076,5.208400000000001,110.92173843738884,0.0,0.0,0.0,4.0,0.0,0.25,0.2608695652173913,-5.5381494
FC(F)=NC(F)(F)C(F)(F)C(F)(F)C(F)(F)F,283.04,3.7071,84.91523140346469,12.36,0.0,1.0,3.0,0.0,0.2962962962962963,0.3076923076923077,-4.7845321
FC(F)(F)C(F)(F)C(F)(F)C(F)(F)C(F)(F)C(F)(F)C(F)(F)/C=C/C(F)(F)C(F)(F)C(F)(F)C(F)(F)C(F)(F)C(F)(F)C(F)(F)F,764.1320000000004,10.2908,228.4898417993814,0.0,0.0,0.0,12.0,0.0,0.3333333333333333,0.3478260869565217,-7.4635367
COP(=O)(CCC(F)(F)C(F)(F)C(F)(F)C(F)(F)C(F)(F)C(F)(F)C(F)(F)C(F)(F)F)OC,556.149,6.871800000000005,171.2577470112998,35.53,0.0,3.0,11.0,0.0,0.2571428571428571,0.2647058823529412,-7.8465281
O=S(=O)(C(S(=O)(=O)C(F)(F)C(F)(F)C(F)(F)C(F)(F)F)S(=O)(=O)C(F)(F)C(F)(F)C(F)(F)C(F)(F)F)C(F)(F)C(F)(F)C(F)(F)C(F)(F)F,862.2920000000005,6.791500000000004,247.46420742495687,102.42,0.0,6.0,12.0,0.0,0.5,0.2962962962962963,-6.8647122
NCC(=O)Nc1cc(B(O)O)ccc1C(F)(F)C(F)(F)C(F)(F)F,362.00999999999993,0.5530000000000002,129.94720801351372,95.58,4.0,4.0,5.0,1.0,0.1632653061224489,0.1914893617021276,-6.3838925
O=C(/C(F)=C(/F)C(F)(C(F)(F)F)C(F)(F)F)C(F)(F)C(F)(F)F,378.059,4.7366,115.0832605374326,17.07,0.0,1.0,3.0,0.0,0.1875,0.2758620689655172,-5.393692
CO[Si](CCCOC(F)(F)C(F)(F)C(F)(F)F)(OC)OC,348.28700000000003,3.061600000000001,117.02268951361545,36.92,0.0,4.0,9.0,0.0,0.1891891891891892,0.1621621621621621,-6.6242485
CC=CC(F)(F)C(F)(F)C(F)(F)C(F)(F)C(F)(F)C(F)(F)F,360.11299999999994,5.301300000000001,113.1211451488592,0.0,0.0,0.0,5.0,0.0,0.2857142857142857,0.2962962962962963,-5.9724998
FC(F)(F)C(F)(F)C(F)(F)C(F)(F)C(F)(F)C(F)(F)C(F)(F)C(F)(F)C(F)(F)C(F)(F)CCCCCCCCCCCCC(F)(F)C(F)(F)C(F)(F)C(F)(F)C(F)(F)C(F)(F)C(F)(F)C(F)(F)C(F)(F)C(F)(F)F,1206.4599999999998,18.22760000000001,381.0049434970262,0.0,0.0,0.0,29.0,0.0,0.2962962962962963,0.3076923076923077,-8.8121939
OC(c1ccc[nH]1)C(F)(F)C(F)(F)C(F)(F)F,265.128,2.881,90.05331357077735,36.02,2.0,1.0,3.0,1.0,0.1842105263157894,0.1891891891891892,-5.5745497
O=C(/C=C/C(=O)OCCC(F)(F)C(F)(F)C(F)(F)C(F)(F)C(F)(F)C(F)(F)F)OCCC(F)(F)C(F)(F)C(F)(F)C(F)(F)C(F)(F)C(F)(F)F,808.2440000000005,8.886800000000001,255.8376033043642,52.60000000000001,0.0,4.0,16.0,0.0,0.2857142857142857,0.3333333333333333,-8.7672071
CCOC(=O)C(CC(=O)O)NC(=O)C(F)(F)C(F)(F)C(F)(F)F,357.17799999999994,1.3419,123.12468534332488,92.70000000000002,2.0,4.0,7.0,0.0,0.1818181818181818,0.275,-7.0914211
FC(F)(F)C(F)(F)C(F)(F)C(F)(F)N1OC1(F)C(F)(F)C(F)(F)C(F)(F)F,449.06,5.115500000000001,133.92953392401077,15.54,0.0,2.0,5.0,1.0,0.2058823529411764,0.2121212121212121,-6.0002732
FC(F)(F)C(F)(F)[C](C(F)(C(F)(F)F)C(F)(F)F)C(F)(C(F)(F)F)C(F)(F)F,469.061,6.424290000000003,138.80396059860084,0.0,0.0,0.0,3.0,0.0,0.1923076923076923,0.25,-5.4572573
OC(c1ccc(C(F)(F)C(F)(F)C(F)(F)C(F)(F)C(F)(F)C(F)(F)C(F)(F)C(F)(F)F)cc1)(c1ccc(C(F)(F)C(F)(F)C(F)(F)C(F)(F)C(F)(F)C(F)(F)C(F)(F)C(F)(F)F)cc1)[C@@H]1CCCN1,1089.4370000000008,13.606299999999989,357.1187502096564,32.26,2.0,2.0,17.0,3.0,0.2045454545454545,0.2093023255813953,-8.8763151
C[C@]12CC[C@@H]3c4ccc(O)cc4C[C@@H](CCCCCCCCC(CCCC(F)(F)C(F)(F)C(F)(F)C(F)(F)F)C(=O)O)[C@H]3[C@@H]1CCC2=O,700.7230000000003,10.503599999999995,274.39856130722654,74.6,2.0,3.0,16.0,4.0,0.1153846153846153,0.1466666666666666,-9.9257498
O=C(F)C(F)=C(F)C(F)(C(F)(F)F)C(F)(F)F,278.045,3.466,85.69123469693444,17.07,0.0,1.0,2.0,0.0,0.2068965517241379,0.2592592592592592,-4.7094307
C[C@H](CCCC(F)(C(F)(F)F)C(F)(F)F)[C@H]1CC[C@H]2[C@@H]3[C@H](O)C=C4C[C@@H](O)CC[C@]4(C)[C@H]3CC[C@]12C,528.5930000000003,7.536400000000008,208.26203368071583,40.46,2.0,2.0,5.0,4.0,0.0746268656716417,0.0757575757575757,-8.3966684
CC(C)(C)c1cc(C(F)(F)C(F)(F)C(F)(F)C(F)(F)C(F)(F)C(F)(F)C(F)(F)C(F)(F)F)cc(/C=N/C2CCCC[C@H]2/N=C/c2cc(C(F)(F)C(F)(F)C(F)(F)C(F)(F)C(F)(F)C(F)(F)C(F)(F)C(F)(F)F)cc(C(C)(C)C)c2O)c1O,1270.7159999999997,17.473799999999997,436.16813000832747,65.18,2.0,4.0,18.0,3.0,0.1698113207547169,0.173076923076923,-9.8675642
CCC(C)(C)c1ccc(OCCCCCC(=O)Nc2ccc(NC(=O)C(F)(F)C(F)(F)C(F)C(F)(F)F)c(O)c2)c(C(C)(C)CC)c1,682.6929999999999,9.4548,268.8071125003061,87.66000000000001,3.0,4.0,16.0,2.0,0.0632911392405063,0.0921052631578947,-10.066925
O=S(=O)(O)C(F)(F)C(F)(F)C(F)(F)C(F)(F)C(F)(F)C(F)(F)C(F)(F)C(F)(F)C(F)(F)C(F)(F)C(F)(F)F,650.1470000000002,6.747000000000003,189.82462244913964,54.370000000000005,1.0,2.0,10.0,0.0,1.0,0.4,-7.4597716
O=S(=O)([O-])C(F)(F)C(F)(F)C(F)(F)C(F)(F)C(F)(F)C(F)(F)C(F)(F)C(F)(F)C(F)(F)C(F)(F)C(F)(F)F,649.1390000000001,6.404400000000003,189.82462244913964,57.2,0.0,3.0,10.0,0.0,0.5652173913043478,0.3461538461538461,-7.4764757
FC(F)OC(F)(F)[C@H](F)Cl,184.491,2.3528,57.71362372764249,9.23,0.0,1.0,3.0,0.0,0.1333333333333333,0.1379310344827586,-4.3641429
O=C(O)C(F)(OC(F)(F)C(F)(OC(F)(F)C(F)(F)S(=O)(=O)O)C(F)(F)F)C(F)(F)F,508.136,3.2266,152.42282379086726,110.13,2.0,5.0,8.0,0.0,0.3428571428571428,0.2432432432432432,-6.7295356
O=S(=O)(O)C(F)(F)C(F)OC(F)(F)C(F)(F)C(F)(F)F,348.1139999999999,2.5696000000000003,102.59655475422582,63.60000000000001,1.0,3.0,5.0,0.0,0.3870967741935484,0.2352941176470588,-5.5780444
Cc1cc(S(=O)C(F)(F)C(F)F)ccc1NC(=O)N=C(O)c1c(F)cccc1F,438.3490000000001,4.775420000000002,162.0816150403853,78.76,2.0,2.0,5.0,2.0,0.081967213114754,0.1206896551724138,-7.9132733
O=C(N=C(O)c1c(F)cccc1F)Nc1cc(Cl)c(S(=O)C(F)(F)C(F)F)cc1Cl,493.2120000000001,5.7738000000000005,176.323205379752,78.75999999999999,2.0,2.0,5.0,2.0,0.0806451612903225,0.1186440677966101,-7.7449722
CCOB1OC(C(C)(C)C)CC(C(F)(F)F)(C(F)(F)F)O1,322.0539999999999,3.722800000000003,118.64419623521935,27.69,0.0,3.0,2.0,1.0,0.0625,0.0638297872340425,-6.3067632
O=C1OCCC1CC(O)(C(F)(F)F)C(F)(F)F,266.13699999999994,1.7953000000000006,91.35052817438064,46.53,1.0,3.0,2.0,1.0,0.15,0.1538461538461538,-5.5088573
FC1(F)SSC2C3CCC(C3)C2C1(F)F,258.305,4.024200000000002,92.9496182311998,0.0,0.0,2.0,0.0,3.0,0.0238095238095238,0.024390243902439,-5.5973206
O=c1[nH]c(=O)c2cc(C(F)(C(F)(F)F)C(F)(F)F)ccc2[nH]1,330.15899999999993,2.5058,115.12898197688618,65.72,2.0,2.0,1.0,2.0,0.119047619047619,0.1219512195121951,-5.6611876
O=C(O)[C@@H]1[C@@H](C=C(Br)Br)C1(C(F)(F)F)C(F)(F)F,405.914,4.059200000000001,113.28247512397222,37.3,1.0,1.0,2.0,1.0,0.1282051282051282,0.1944444444444444,-5.6530104
COc1ccnc(CS(=O)c2nc3ccc(OC(F)(F)C(F)F)cc3[nH]2)c1,403.357,3.511000000000002,152.54187297208455,77.1,1.0,5.0,7.0,3.0,0.0597014925373134,0.0606060606060606,-7.7876663
COc1ccc(-c2c(C(=O)C(F)(F)C(F)(F)F)nnc3c(-c4ccccc4)cnn23)cc1F,466.34100000000007,4.986300000000003,180.9876512111808,69.38,0.0,6.0,5.0,4.0,0.0895522388059701,0.1428571428571428,-7.9913259
FC(F)(F)n1n2n1C(C(F)(F)F)(C(F)(F)F)CC21CCCCC1,357.22000000000025,4.450400000000002,123.0866791251804,14.79,0.0,3.0,0.0,3.0,0.073170731707317,0.075,-6.3250928
C[N+](C)(C)CC(CC(=O)[O-])OC(=O)CCCCC(F)(F)C(F)(F)C(F)(F)C(F)(F)C(F)(F)C(F)(F)F,563.3510000000001,4.043600000000003,195.29585554920203,66.43,0.0,4.0,14.0,0.0,0.196078431372549,0.2244897959183673,-8.3719091
Cc1ccc(N=C(O)OCC(F)(F)C(F)(F)C(F)(F)C(F)(F)C(F)(F)C(F)F)cc1N=C(O)OCC(F)(F)C(F)(F)C(F)(F)C(F)(F)C(F)(F)C(F)F,838.3270000000003,10.00242,275.2144716695949,83.64000000000001,2.0,4.0,16.0,1.0,0.1071428571428571,0.1296296296296296,-9.6224136
FCCC(F)(F)C(F)(F)F,166.064,2.5436000000000005,52.82728978857679,0.0,0.0,0.0,2.0,0.0,0.1481481481481481,0.1538461538461538,-4.3272839
FC(OC(F)(F)F)C(F)(F)F,186.026,2.3807,55.74142830661329,9.23,0.0,1.0,1.0,0.0,0.1034482758620689,0.1071428571428571,-4.2124748
CC1NC(C(F)(F)F)(C(F)(F)F)OC1c1ccccc1,299.214,3.556900000000001,110.27184448301972,21.26,1.0,2.0,1.0,2.0,0.0681818181818181,0.1219512195121951,-6.1949668
FC(F)(F)C(F)(F)N(C(F)(F)C(F)(F)F)C1(F)C(F)(F)C(F)(F)C(F)(F)C(F)(F)C1(F)F,533.075,6.454500000000003,158.25397603552406,3.24,0.0,1.0,3.0,1.0,0.1290322580645161,0.1333333333333333,-5.7867355
CCC(C(O)c1ccc(Cl)cc1)C(O)(C(F)(F)F)C(F)(F)F,350.686,4.255300000000003,126.87094406910433,40.46,2.0,2.0,4.0,1.0,0.1395348837209302,0.1428571428571428,-6.0575743
FC(F)OC(F)C(F)(F)C(F)F,200.053,2.4216000000000006,62.10637042100989,9.23,0.0,1.0,4.0,0.0,0.0967741935483871,0.1,-4.4894195
FC(F)(F)C(F)(F)C(F)(F)OC(F)(F)C(F)(F)C(F)(F)F,354.037,4.5838,103.99500247028676,9.23,0.0,1.0,4.0,0.0,0.25,0.2608695652173913,-5.3041558
N=C(O)C(F)(F)C(F)(F)C(=N)O,188.08,1.32754,63.45538848564592,88.16000000000001,4.0,2.0,3.0,0.0,0.16,0.2727272727272727,-4.710341
CC(F)(F)C(F)(F)C(F)(F)C(O)(F)F,232.07,2.4973,72.31753646102186,20.23,1.0,1.0,3.0,0.0,0.1851851851851851,0.1923076923076923,-4.779326
CCOP(=O)(OCC)C1=C(P(=O)(OCC)OCC)C(F)(F)C(F)(F)C1(F)F,448.23300000000006,5.649700000000004,151.79639638315595,71.06,0.0,6.0,10.0,1.0,0.0512820512820512,0.0526315789473684,-7.7517505
Cc1ccnc(N=C(O)C(C(F)(F)F)C(F)(F)F)c1,286.17499999999995,3.718820000000001,103.15853032804006,45.48,1.0,2.0,2.0,1.0,0.0869565217391304,0.1136363636363636,-5.8522501
O=C(O)CC(O)C(C(F)(F)F)C(F)(F)F,240.099,1.5628000000000002,79.30716362180578,57.53,2.0,2.0,3.0,0.0,0.1515151515151515,0.2333333333333333,-5.12924
CC(CO)C(F)(F)C(F)C(F)(F)F,210.117,2.1505,70.35140776956601,20.23,1.0,1.0,3.0,0.0,0.1176470588235294,0.1212121212121212,-5.1220264
FC(F)C(F)(F)COP1(OCC(F)(F)C(F)F)=NP(Cl)(Cl)=NP(OCC(F)(F)C(F)F)(OCC(F)(F)C(F)F)=N1,730.0410000000002,9.984199999999996,221.52565250960487,74.0,0.0,7.0,16.0,1.0,0.0714285714285714,0.073170731707317,-7.2397261
C#CC(OC(=O)C1(c2ccc(OCC)cc2)CC(F)(F)C1(F)F)c1cccc(Oc2ccccc2)c1,498.4720000000001,6.707400000000005,205.3527063141904,44.760000000000005,0.0,4.0,8.0,4.0,0.0422535211267605,0.0735294117647058,-9.852747
O=C(Oc1ccc2cc(Br)ccc2c1Br)C(F)(F)C(F)(F)C(F)(F)F,497.986,6.103100000000003,151.7417464701356,26.3,0.0,2.0,3.0,2.0,0.1702127659574468,0.2272727272727272,-6.4464645
N#CC1(C#N)C2CCC(C2)C1(C(F)(F)F)C(F)(F)F,282.1869999999999,3.5608600000000017,104.155381645232,47.58,0.0,2.0,0.0,2.0,0.0769230769230769,0.0789473684210526,-5.906498
C=CCOC(F)(F)C(F)(Cl)C(F)(F)F,242.546,3.2487000000000004,80.2843824415743,9.23,0.0,1.0,4.0,0.0,0.1111111111111111,0.1142857142857142,-5.0599785
FC(F)(Cl)C(F)(Cl)OC(F)(F)C(F)(F)Br,347.839,4.2772,96.58045048041458,9.23,0.0,1.0,4.0,0.0,0.0909090909090909,0.09375,-5.0348425
O=S(=O)(O)C(F)(F)C(F)(F)C(F)(F)C(F)(F)C(F)(F)C(F)(F)C(F)(F)C(F)(F)C(F)(F)C(F)(F)C(F)(F)C(F)(F)C(F)(F)C(F)(F)C(F)(F)C(F)(F)C(F)(F)C(F)(F)C(F)(F)C(F)(F)F,1100.2100000000007,12.4647,322.0887387313813,54.370000000000005,1.0,2.0,19.0,0.0,1.0,0.4,-8.4287024
O=S(=O)(O)C(F)(F)C(F)(F)C(F)(F)C(F)(F)C(F)(F)C(F)(F)C(F)(F)C(F)(F)C(F)(F)C(F)(F)C(F)(F)C(F)(F)C(F)(F)C(F)(F)C(F)(F)C(F)(F)F,900.1820000000005,9.923500000000004,263.304687050385,54.370000000000005,1.0,2.0,15.0,0.0,1.0,0.4,-8.9773998
O=C(O)C(F)(OC(F)(F)C(F)(OC(F)(F)F)C(F)(F)F)C(F)(F)F,396.055,3.673,120.26371026350378,55.760000000000005,1.0,3.0,5.0,0.0,0.2,0.28125,-6.3390031
CC(CCC(=O)OC(C(F)(F)F)C(F)(F)F)[C@H]1CC[C@H]2[C@@H]3[C@@H](OC(=O)C(F)(F)F)[C@@H](OC(=O)C(F)(F)F)[C@@H]4C[C@H](OC(=O)C(F)(F)F)CC[C@]4(C)[C@H]3CC[C@]12C,846.621,8.740100000000002,307.9773744365001,105.20000000000002,0.0,8.0,8.0,4.0,0.0694444444444444,0.0857142857142857,-9.1796799
O=S(=O)(O)C(F)(F)C(F)(C(F)(F)F)C(F)(F)C(F)(F)C(F)(F)C(F)(F)C(F)(F)F,500.1259999999999,4.841100000000001,145.7365836883924,54.370000000000005,1.0,2.0,6.0,0.0,0.6956521739130435,0.3571428571428571,-5.9677691
O=S(=O)(O)C(F)(F)C(F)(F)C(F)(F)C(F)(F)C(F)(F)C(F)(F)C(F)(F)C(F)F,482.1359999999999,4.543900000000001,141.57104828546616,54.370000000000005,1.0,2.0,8.0,0.0,0.6,0.21875,-6.2952657
CCOC(=O)C(F)(F)C(F)(F)C(F)(F)C(F)(F)C(F)(F)C(F)(F)C(F)(F)C(F)(F)C(F)(F)F,542.1320000000001,6.194200000000003,167.17385427134133,26.3,0.0,2.0,9.0,0.0,0.3125,0.4642857142857143,-6.9115591
C=C(C)C(=O)OCCNCS(=O)(=O)C(F)(F)C(F)(F)C(F)(F)C(F)(F)C(F)(F)C(F)(F)F,525.283,3.763900000000002,170.0312415013909,72.47,1.0,5.0,11.0,0.0,0.3255813953488372,0.2444444444444444,-7.6295815
CN(CC(=O)O)S(=O)(=O)c1ccc(OC(F)(F)C(F)(F)C(F)(F)C(F)(F)C(F)(F)C(F)(F)C(F)(F)C(F)(F)CF)cc1,677.3290000000002,5.779900000000002,221.2147209863673,83.91000000000001,1.0,4.0,14.0,1.0,0.1698113207547169,0.173076923076923,-8.5772228
C[N+](C)(C)CCCNS(=O)(=O)c1ccc(OC(=C(C(F)(C(F)(F)F)C(F)(F)F)C(F)(C(F)(F)F)C(F)(F)F)C(F)(F)F)cc1,703.4350000000004,6.922200000000004,236.42402211533656,55.400000000000006,1.0,3.0,10.0,1.0,0.1454545454545454,0.1071428571428571,-9.0532923
O=S(=O)(Cl)c1ccc(OC(=C(F)C(F)(C(F)(F)F)C(F)(F)F)C(F)(F)F)cc1,472.65899999999993,5.569200000000001,152.29835529725187,43.370000000000005,0.0,3.0,4.0,1.0,0.1818181818181818,0.1333333333333333,-7.0292263
FC(F)(F)C(F)(F)C(F)(F)C(F)(F)/C=C/C(F)(F)C(F)(F)C(F)(F)C(F)(F)F,464.09,6.479000000000003,140.31376427788695,0.0,0.0,0.0,6.0,0.0,0.2916666666666667,0.3043478260869565,-6.243206
O=P(O)(O)OC(F)(F)C(F)(F)C(F)(F)C(F)(F)C(F)(F)C(F)(F)C(F)(F)F,466.033,4.427300000000002,135.6635581664767,66.76,2.0,2.0,7.0,0.0,0.3448275862068966,0.3571428571428571,-6.4344144
CN(CCC[N+](C)(C)CCCS(=O)(=O)O)S(=O)(=O)C(F)(F)C(F)(F)C(F)(F)C(F)(F)C(F)(F)C(F)(F)F,621.4580000000002,3.6887000000000025,202.11945159688085,91.75,1.0,4.0,14.0,0.0,0.3571428571428571,0.2444444444444444,-8.72575
O=S(=O)(O)C(F)(F)C(F)(F)C(F)(F)C(F)C(F)=C(F)C(F)(F)F,394.133,3.7886,117.8543615271804,54.370000000000005,1.0,2.0,5.0,0.0,0.40625,0.1578947368421052,-5.9515829
COC(=O)c1ccc(OCc2ccc(OC(F)(F)C(F)OC(F)(F)C(F)(F)C(F)(F)F)c(OC(F)(F)C(F)OC(F)(F)C(F)(F)C(F)(F)F)c2)c(OCc2ccc(OC(F)(F)C(F)OC(F)(F)C(F)(F)C(F)(F)F)c(OC(F)(F)C(F)OC(F)(F)C(F)(F)C(F)(F)F)c2)c1,1476.5300000000009,16.927999999999994,487.3361380188124,118.60000000000004,0.0,12.0,31.0,3.0,0.1290322580645161,0.15,-12.808729
Oc1ccc(OCC(F)(F)C(F)(F)F)cc1,242.143,2.968600000000001,87.26168545902085,29.46,1.0,2.0,3.0,1.0,0.1351351351351351,0.1388888888888889,-5.2360258
FC(C(F)(F)F)C(F)(F)n1ccnc1,218.1,2.3328,74.15822176880033,17.82,0.0,2.0,2.0,1.0,0.0769230769230769,0.0789473684210526,-4.9942398
OCCOCCOc1ccc(C(F)(F)C(F)(F)c2ccc(OCCOCCO)cc2)cc1,462.43600000000026,3.3458000000000023,182.84270850365155,77.38000000000001,2.0,6.0,15.0,2.0,0.0952380952380952,0.0975609756097561,-8.8169031
C[Si](C)(C)OC(=O)C(F)(F)C(F)(F)C(F)(F)C(F)(F)C(F)(F)C(F)(F)C(F)(F)C(F)(F)F,536.254,6.373900000000004,166.34709923977422,26.3,0.0,2.0,8.0,0.0,0.3125,0.4642857142857143,-7.5685215
Oc1ccc(NCC(F)(F)C(F)(F)C(F)(F)F)cc1,291.166,3.637000000000001,102.3940153333711,32.26,2.0,2.0,4.0,1.0,0.1891891891891892,0.1944444444444444,-5.7472816
COCC(F)(F)C(F)(F)C(F)(F)C(F)(F)C(F)(F)F,314.09399999999994,3.736300000000001,97.86333837590466,9.23,0.0,1.0,5.0,0.0,0.2758620689655172,0.2857142857142857,-5.3306651
O=C(Br)C(F)(F)C(F)(F)C(F)(F)C(F)(F)C(F)(F)C(F)(F)C(F)(F)C(F)F,508.978,5.620100000000002,144.33642409550728,17.07,0.0,1.0,8.0,0.0,0.2121212121212121,0.3448275862068966,-6.1387949
N[C@@H](CCC(F)(F)C(F)(F)F)C(=O)O,221.125,1.3761,75.68728516369627,63.32000000000001,2.0,2.0,4.0,0.0,0.1714285714285714,0.25,-5.4190011
CO[C@](F)(C(N)=O)C(F)(F)F,175.081,0.3462000000000002,59.11117700928767,52.32,1.0,2.0,2.0,0.0,0.1935483870967742,0.2413793103448276,-4.4491587
CC(C)[C@H](NC(=O)c1ccc(C(=O)N2CCOCC2)cc1)C(=O)N1CCC[C@H]1C(=O)N[C@@H](C(=O)C(F)(F)C(F)(F)F)C(C)C,632.6270000000003,2.8119,251.18163389554024,125.12,2.0,6.0,10.0,3.0,0.0833333333333333,0.1159420289855072,-10.420721
Nc1ccccc1C(=O)C(F)(F)C(F)(F)C(F)(F)F,289.1499999999999,3.2844000000000007,101.5513321946235,43.09,1.0,2.0,3.0,1.0,0.2162162162162162,0.2941176470588235,-5.5156097
N#C[Se]c1ccc(C(F)(F)C(F)(F)C(F)(F)C(F)(F)C(F)(F)C(F)(F)F)cc1,500.116,4.692480000000001,152.81109892088912,23.79,0.0,1.0,6.0,1.0,0.2105263157894736,0.2162162162162162,-6.735146
Fc1c(Br)nc(Br)c(F)c1C(F)(C(F)(F)F)C(F)(F)F,440.885,5.174200000000002,120.97079128125212,12.89,0.0,1.0,1.0,1.0,0.1176470588235294,0.1212121212121212,-5.5493155
NCC(F)(F)C(F)(F)C(F)F,181.079,1.4808,58.1671804855895,26.02,1.0,1.0,3.0,0.0,0.0967741935483871,0.1,-3.9966323
CC(C)c1nc(C(F)(F)C(F)(F)C(F)(F)F)ncc1C(=O)O,334.19100000000003,3.587600000000002,118.53979755488966,63.08,1.0,3.0,4.0,1.0,0.1777777777777777,0.238095238095238,-6.4446607
Cc1nn(CC(F)(F)C(F)F)c(C)c1N,225.189,1.98254,83.86537945715853,43.84,1.0,3.0,3.0,1.0,0.0681818181818181,0.0697674418604651,-5.4929252
FC(F)(F)C(F)(F)c1nc2ccncc2[nH]1,237.13100000000009,2.612000000000001,85.31908527756386,41.57,1.0,2.0,1.0,2.0,0.0930232558139534,0.0952380952380952,-5.0711732
FC(F)(F)C(F)(F)c1cnc(Cl)c(I)c1,357.447,3.993700000000001,99.77371669179318,12.89,0.0,1.0,1.0,1.0,0.1,0.1025641025641025,-5.3175235
N#CCCOCC(F)(F)C(F)(F)F,203.11,2.11428,70.89776352541935,33.02,0.0,2.0,4.0,0.0,0.1111111111111111,0.1142857142857142,-5.0430899
FC(F)C(F)(F)C(F)(F)C(F)(F)C(=S)N1CCOCC1,331.2280000000002,2.817000000000002,113.2093991597982,12.47,0.0,2.0,4.0,1.0,0.119047619047619,0.15,-5.9054294
FC(F)(F)C1(F)CCNC1,157.11,1.2502999999999995,55.405192127199726,12.03,1.0,1.0,0.0,1.0,0.088235294117647,0.0909090909090909,-4.3397293
O=CC(F)(F)C(F)C(F)(F)F,180.04699999999997,1.721,56.98881188862055,17.07,0.0,1.0,2.0,0.0,0.1333333333333333,0.1379310344827586,-4.0268688
FC(Cl)O[C@@H](F)C(F)(F)F,184.491,2.3528,57.71362372764249,9.23,0.0,1.0,2.0,0.0,0.0967741935483871,0.1,-4.2545924
O=[N+]([O-])c1ccccc1S(=O)(=O)OCC(F)(F)C(F)F,317.2159999999999,2.2005,109.789294284243,86.51,0.0,5.0,6.0,1.0,0.125,0.0816326530612244,-5.9634147
FC(F)(F)C(F)(F)C(Cl)Br,247.38800000000003,3.1438,66.46762610377698,0.0,0.0,0.0,1.0,0.0,0.1428571428571428,0.1481481481481481,-4.3164907
OC(CNCc1ccccc1)COC(F)(F)C(F)F,281.249,2.0116,107.74083858289248,41.49,2.0,3.0,8.0,1.0,0.0816326530612244,0.1063829787234042,-6.1447845
O=S(=O)(F)C(F)(F)C(F)(F)OC(F)(F)C(F)=C(F)F,330.09899999999993,3.1583,97.19921113639492,43.370000000000005,0.0,3.0,5.0,0.0,0.2352941176470588,0.1388888888888889,-5.3014498
C=C(F)C(F)(F)OC(F)(C(=O)O)C(F)(F)F,256.073,2.3917,83.10240746985863,46.53,1.0,2.0,4.0,0.0,0.1714285714285714,0.2903225806451613,-4.9221048
FC(F)=C(F)OC(F)(F)C(F)(F)C(F)(Cl)C(F)(F)Cl,348.951,5.0024,107.24979028016092,9.23,0.0,1.0,5.0,0.0,0.1428571428571428,0.1470588235294117,-5.4987187
O=C(O)C(F)(OC(F)(F)C(F)(OC(F)(F)C(F)(OC(F)(F)F)C(F)(F)F)C(F)(F)F)C(F)(F)F,562.0750000000002,5.510500000000001,169.46529425375792,64.99000000000001,1.0,4.0,8.0,0.0,0.1944444444444444,0.2727272727272727,-6.9612365
O=P(O)(O)CCC(F)(OC(F)(F)C(F)(OC(F)(F)C(F)(OC(F)(F)C(F)(F)C(F)(F)F)C(F)(F)F)C(F)(F)F)C(F)(F)F,726.1130000000003,7.264300000000006,217.3179142771528,85.22000000000001,2.0,4.0,12.0,0.0,0.2195121951219512,0.1951219512195122,-8.6306458
COC(=O)C(F)(F)C(F)(F)OC(F)(F)C(C(F)(F)OC(F)(F)C(F)(F)C(=O)OC)(C(F)(F)OC(F)(F)C(F)(F)C(=O)OC)C(F)(F)OC(F)(F)C(F)(F)C(=O)OC,912.2670000000004,6.0148000000000055,293.5653932222214,142.12,0.0,12.0,20.0,0.0,0.1428571428571428,0.21875,-7.209022
CC(F)(F)C(F)(F)OC(F)(C(=O)O)C(F)(F)F,276.07899999999995,2.5637,87.95754590496912,46.53,1.0,2.0,4.0,0.0,0.1764705882352941,0.3,-4.9670682
Cc1cc(C(F)(C(F)(F)F)C(F)(F)F)ccc1NC(=O)c1cccc(O)c1C(=O)NC(C)(C)CS(C)(=O)=O,572.4990000000003,4.795320000000004,212.5040091056936,112.57,3.0,5.0,7.0,2.0,0.125,0.109375,-8.7615433
CN(CCOC(=O)CCCCCCCCCCCCCCCCC(=O)OCCN(C)S(=O)(=O)C(F)(F)C(F)(F)C(F)(F)C(F)(F)F)S(=O)(=O)C(F)(F)C(F)(F)C(F)(F)C(F)(F)F,992.824000000001,9.688999999999998,344.6234476111348,127.36,0.0,8.0,31.0,0.0,0.3095238095238095,0.2558139534883721,-8.1360722
O=P(O)(OCCC(F)(F)C(F)(F)C(F)(F)C(F)(F)C(F)(F)C(F)(F)C(F)(F)C(F)(F)C(F)(F)C(F)(F)F)OCCC(F)(F)C(F)(F)C(F)(F)C(F)(F)C(F)(F)C(F)(F)C(F)(F)C(F)(F)C(F)(F)C(F)(F)C(F)(F)C(F)(F)F,1290.236000000001,15.730799999999991,386.0483673080363,55.760000000000005,1.0,3.0,26.0,0.0,0.2941176470588235,0.303030303030303,-6.5118999
O=C(O)C=C(F)C(F)(F)C(F)(F)C(F)(F)C(F)(F)C(F)(F)C(F)(F)C(F)(F)C(F)(F)C(F)(F)C(F)(F)C(F)(F)F,658.1200000000002,7.839700000000005,199.72250100527057,37.3,1.0,1.0,11.0,0.0,0.3225806451612903,0.5384615384615384,-7.4976301
CCNS(=O)(=O)C(F)(F)C(F)(F)C(F)(F)C(F)(F)F,327.16799999999995,2.3514,100.3644183021718,46.17,1.0,2.0,5.0,0.0,0.4137931034482758,0.25,-5.9185414
O=C([O-])C(F)(F)C(F)(F)C(F)(F)C(F)(F)C(F)(F)C(F)(F)C(F)(F)C(F)(F)C(F)(F)C(F)(F)C(F)(F)C(F)(F)C(F)(F)C(F)(F)C(F)(F)C(F)(F)C(F)(F)F,913.1260000000004,9.463400000000004,271.6927619272298,40.13,0.0,2.0,16.0,0.0,0.3846153846153846,0.5909090909090909,-7.1038637
O=C([O-])C(F)(F)C(F)(F)C(F)(F)C(=O)[O-],238.039,-1.6079000000000006,77.10374360745296,80.25999999999999,0.0,4.0,4.0,0.0,0.2307692307692307,0.3478260869565217,-4.6268907
CCCOCC(F)(F)C(F)(F)F,192.127,2.6106000000000007,66.50518384395065,9.23,0.0,1.0,4.0,0.0,0.1212121212121212,0.125,-4.7232265
FCCCOCC(F)(F)C(F)(F)F,210.117,2.560200000000001,70.67071924687689,9.23,0.0,1.0,5.0,0.0,0.1176470588235294,0.1212121212121212,-4.7924938
O=S(=O)(O)C(F)(F)C(F)(F)C(F)(F)S(=O)(=O)O,312.165,0.5829000000000003,89.7196196942614,108.74,2.0,4.0,4.0,0.0,0.6842105263157895,0.24,-5.0155621
FC(F)(Cl)C(F)(Cl)C(F)(F)C(F)(Cl)I,395.295,4.655,102.99892659026544,0.0,0.0,0.0,3.0,0.0,0.1379310344827586,0.1428571428571428,-5.0927725
OC(CN(Cc1cccc(C(F)(F)C(F)(F)C(F)(F)F)c1)c1cccc(Oc2ccnc(C(F)(F)F)c2)c1)C(F)(F)F,624.3970000000002,8.111900000000006,227.5043493176917,45.59,1.0,4.0,9.0,3.0,0.1029411764705882,0.1044776119402985,-9.4494104
Nc1c(F)c(F)c(N)c(OC(F)=C(F)C(F)(F)C(F)(F)C(F)(F)C(F)(F)C(F)(F)C(F)(F)C(F)(F)F)c1F,608.1700000000002,7.129300000000002,193.1303137989392,61.27,2.0,3.0,8.0,1.0,0.225,0.2972972972972973,-7.8891544
C=CC(=O)OCC(F)(F)C(F)(F)COC(=O)C=C,270.178,1.7153999999999998,99.85680026383676,52.6,0.0,4.0,7.0,0.0,0.1470588235294117,0.1875,-5.9601221
C=CC(=O)OC(F)(F)C(F)(F)N(CC)S(=O)(=O)C(F)(F)C(F)(F)C(F)(F)C(F)(F)C(F)(F)C(F)(F)C(F)(F)C(F)(F)F,697.2570000000003,6.519800000000004,216.4307579508178,63.68,0.0,4.0,13.0,0.0,0.3181818181818182,0.2391304347826087,-7.4933009
C=CC(=O)OC(F)(F)C(F)(F)C(F)CC(F)(F)F,286.11799999999994,3.2342000000000013,95.20359334938207,26.3,0.0,2.0,5.0,0.0,0.119047619047619,0.15,-5.7213335
FC(F)(F)C(F)(F)Sc1ccc(Br)cc1,307.081,4.696300000000001,94.97962199392796,0.0,0.0,1.0,2.0,1.0,0.1142857142857142,0.1176470588235294,-5.2002974
O=C(OCF)OC(F)(F)C(F)(F)F,212.045,2.2217,67.2159023476343,35.53,0.0,3.0,2.0,0.0,0.1875,0.2333333333333333,-4.5511651
CCP(C)(F)(F)C(F)(F)C(F)(F)F,232.07899999999995,4.113500000000001,70.27192440728868,0.0,0.0,0.0,2.0,0.0,0.1290322580645161,0.1333333333333333,-5.1405659
FC(F)C(F)(F)C(F)(F)C(F)C(F)(F)F,252.051,3.4225000000000003,75.85437351467833,0.0,0.0,0.0,3.0,0.0,0.1034482758620689,0.1071428571428571,-4.7194633
C=CC(=O)OCCN(C)S(=O)(=O)CCC(F)(F)C(F)(F)C(F)(F)C(F)(F)F,439.296,2.835500000000001,147.34950677251317,63.68,0.0,4.0,10.0,0.0,0.2291666666666666,0.2083333333333333,-6.9609036
OC1C(F)(F)C(F)(F)C(F)(F)C1(F)F,230.054,1.9021,71.31170530749263,20.23,1.0,1.0,0.0,1.0,0.0714285714285714,0.074074074074074,-4.1898732
Oc1ccc(OC(F)(F)C(F)(F)C(F)(F)C(F)(F)C(F)(F)C(F)(F)F)cc1,428.144,5.4673000000000025,139.68079502562054,29.46,1.0,2.0,6.0,1.0,0.2647058823529412,0.2727272727272727,-6.443583
Nc1cc(N)cc(CC(C(F)(F)F)(C(F)(F)F)C(F)(F)C(F)(F)C(F)(F)F)c1,440.203,5.3374000000000015,146.81773955233967,52.04,2.0,2.0,4.0,1.0,0.2,0.2058823529411764,-6.483747
CC(OS(=O)(=O)C(F)(F)C(F)(F)F)OS(=O)(=O)C(F)(F)C(F)(F)F,426.206,2.3354,126.11521060377792,86.74000000000001,0.0,6.0,6.0,0.0,0.2666666666666666,0.15625,-6.1486187
O=S(=O)([O-])C(F)(F)C(F)(F)C(F)(F)C(F)(F)C(F)(F)CCCCCC(F)(F)F,469.23900000000015,5.178400000000002,148.1692684198773,57.2,0.0,3.0,10.0,0.0,0.2857142857142857,0.1578947368421052,-7.2047086
FC(F)(F)C(F)(F)C(F)(F)C(F)(F)CC(F)(F)C(F)(F)C(F)(F)C(F)(F)C(F)(F)CCI,638.046,7.846300000000004,177.16062506283433,0.0,0.0,0.0,10.0,0.0,0.2580645161290322,0.2666666666666666,-7.5707898
O=S(=O)(OCCC(F)(F)C(F)(F)F)C(F)(F)F,296.13499999999993,2.4403000000000006,89.47125019617735,43.370000000000005,0.0,3.0,4.0,0.0,0.2121212121212121,0.1818181818181818,-5.4574966
FC(C(F)(F)F)C(F)(F)C(F)(F)C(F)(F)C(F)(F)F,320.04799999999994,4.355,94.71592183785364,0.0,0.0,0.0,3.0,0.0,0.2592592592592592,0.2692307692307692,-5.2021451
FC=C(Cl)C(F)C(F)(F)C(F)C(F)(F)C(F)(C(F)F)C(F)(F)C(F)(F)C(F)(F)C(F)(C(F)(F)F)C(F)(F)F,644.5930000000002,8.695100000000002,196.90447597698628,0.0,0.0,0.0,10.0,0.0,0.1555555555555555,0.1590909090909091,-7.5123487
N=C(N)c1nn(CCC(F)(F)C(F)(F)F)c2ncc(F)cc12,325.216,2.442170000000001,118.7831137749575,80.58,2.0,4.0,4.0,2.0,0.0909090909090909,0.1132075471698113,-6.4420433
FC(c1ccccc1Br)C(F)(F)C(F)(F)C(F)(F)C(F)(F)F,407.045,5.927900000000002,124.77901532638369,0.0,0.0,0.0,4.0,1.0,0.1842105263157894,0.1891891891891892,-6.0192728
FC(F)(F)C(F)(F)Oc1ccc(Cl)cc1,246.56200000000004,3.873900000000001,86.40577581930991,9.23,0.0,1.0,2.0,1.0,0.1142857142857142,0.1176470588235294,-5.1528907
Oc1ccc(C(F)(F)C(F)(F)C(F)(F)C(F)(F)C(F)(F)C(F)(F)C(F)(F)C(F)(F)C(F)(F)C(F)(F)F)cc1,612.1730000000001,8.128700000000004,193.35130147711,20.23,1.0,1.0,9.0,1.0,0.2903225806451613,0.3,-8.243722
FC1(F)OCOC1(F)F,146.039,1.1763,47.35253617381223,18.46,0.0,2.0,0.0,1.0,0.0357142857142857,0.037037037037037,-3.9380853
O=C(Nc1c(Br)cc(C(F)(C(F)(F)F)C(F)(F)F)cc1C(F)(F)F)c1cccc(NC(=O)c2ccccc2F)c1,649.254,8.401000000000002,224.84644982313816,58.2,2.0,2.0,5.0,3.0,0.09375,0.1129032258064516,-9.1047945
O=C(Nc1cccc(C(=O)Nc2c(Br)cc(C(F)(C(F)(F)F)C(F)(F)C(F)(F)F)cc2C(F)(F)F)c1F)c1ccc(Cl)nc1,734.694,9.084699999999996,249.06537695121548,71.09,2.0,3.0,6.0,3.0,0.1111111111111111,0.1285714285714285,-8.849844
Oc1ccc(C(F)(F)C(F)(F)C(F)(F)C(F)(F)C(F)(F)C(F)(F)C(F)(F)C(F)(F)C(F)(F)C(F)(F)C(F)(F)C(F)(F)C(F)(F)F)cc1,762.1940000000003,10.0346,237.43934023785715,20.23,1.0,1.0,12.0,1.0,0.2903225806451613,0.3,-8.1221075
FC(F)COC(F)(F)C(F)(F)F,200.053,2.4232000000000005,62.10637042100989,9.23,0.0,1.0,3.0,0.0,0.1290322580645161,0.1333333333333333,-4.3965178
FC(F)OC(F)(F)C(F)(F)OC(F)(F)C(F)(F)OC(F)(F)C(F)(F)OC(F)F,466.068,5.054800000000002,140.39659319345307,36.92,0.0,4.0,11.0,0.0,0.1,0.1034482758620689,-6.3086848
FC(F)(F)C(F)(F)[C@]1(F)C(F)(F)C(F)(F)C(F)(F)C(F)(F)[C@]1(F)C(F)(F)F,450.063,5.717700000000002,133.6325940421454,0.0,0.0,0.0,1.0,1.0,0.1290322580645161,0.1333333333333333,-5.2805023
Fc1c(F)c(F)c2c(c1F)C(F)(F)C(F)(C(F)(F)F)C2(F)F,348.086,4.710800000000001,111.871765258669,0.0,0.0,0.0,0.0,2.0,0.0909090909090909,0.09375,-5.4740939
C=CC(=O)N(CC)S(=O)(=O)C(F)(F)C(F)(F)C(F)(F)C(F)(F)C(F)(F)C(F)(F)C(F)(F)C(F)(F)F,581.2440000000001,5.317600000000001,181.9251868808128,54.45,0.0,3.0,10.0,0.0,0.3783783783783784,0.282051282051282,-7.5120411
CCCNS(=O)(=O)C(F)(F)C(F)(F)C(F)(F)C(F)(F)C(F)(F)C(F)(F)C(F)(F)C(F)(F)F,541.2230000000001,5.282700000000002,165.5134120975647,46.17,1.0,2.0,10.0,0.0,0.4193548387096774,0.2647058823529412,-7.6285572
C=CNC(=O)C(F)(F)C(F)(F)C(F)(F)C(F)(F)C(F)(F)C(F)(F)C(F)(F)C(F)(F)F,489.125,5.255500000000001,152.22455527300917,29.1,1.0,1.0,8.0,0.0,0.3125,0.4642857142857143,-6.903368
O=C(F)C(F)(F)C(F)(F)OC(F)(F)C(F)(F)F,282.033,2.8823,85.12944084422897,26.3,0.0,2.0,4.0,0.0,0.1935483870967742,0.2857142857142857,-5.2305651
CC(OC(F)(F)C(F)(F)C(F)(F)F)C(=O)O,258.08899999999994,2.2665,83.79201050204291,46.53,1.0,2.0,4.0,0.0,0.2424242424242424,0.3333333333333333,-5.2827563
C[N+](C)(CCOCCCNS(=O)(=O)C(F)(F)C(F)(F)C(F)(F)C(F)(F)C(F)(F)C(F)(F)C(F)(F)C(F)(F)F)CC(=O)[O-],686.3810000000002,3.105700000000001,223.7421710224897,95.53,1.0,5.0,17.0,0.0,0.2857142857142857,0.2156862745098039,-8.704504
C[N+](C)(CCCN(CCCS(=O)(=O)O)S(=O)(=O)C(F)(F)C(F)(F)C(F)(F)F)CCCS(=O)(=O)[O-],578.5470000000003,1.0883000000000005,192.3899330749675,148.95,1.0,7.0,15.0,0.0,0.2553191489361702,0.16,-9.8516569
FC(F)(F)C(F)(F)C(F)(F)C(F)(F)C(F)(F)C(F)(F)C(F)(F)C(F)(F)C(F)(F)C(F)(F)SCC[Si](CCSC(F)(F)C(F)(F)C(F)(F)C(F)(F)C(F)(F)C(F)(F)C(F)(F)C(F)(F)C(F)(F)C(F)(F)F)(CCSC(F)(F)C(F)(F)C(F)(F)C(F)(F)C(F)(F)C(F)(F)C(F)(F)C(F)(F)C(F)(F)C(F)(F)F)CCSC(F)(F)C(F)(F)C(F)(F)C(F)(F)C(F)(F)C(F)(F)C(F)(F)C(F)(F)C(F)(F)C(F)(F)F,2344.842000000002,31.31800000000004,705.6699315971103,0.0,0.0,4.0,48.0,0.0,0.25,0.2580645161290322,-10.281767
C[N+](C)(CC[O-])CCCN(CCO)S(=O)(=O)C(F)(F)C(F)(F)C(F)(F)C(F)(F)C(F)(F)C(F)(F)F,572.3840000000001,2.133600000000001,190.07928309123227,80.67,1.0,4.0,14.0,0.0,0.3181818181818182,0.2127659574468085,-8.2852497
C[N+](C)(CCO)CCC[N-]S(=O)(=O)C(F)(F)C(F)(F)C(F)(F)F,378.31,1.9391,128.25715486290045,68.47,1.0,3.0,9.0,0.0,0.2682926829268293,0.1860465116279069,-6.8780441
O=S(=O)(O)C(F)(F)C(F)(F)C(F)(F)C(F)(F)C(F)(F)C(F)=C(F)C(F)(F)F,462.13,4.721100000000001,136.71590985035567,54.370000000000005,1.0,2.0,6.0,0.0,0.5555555555555556,0.28125,-6.2964101
O=S(=O)(O)C(F)(F)C(F)(F)C(F)C(F)=C(F)C(F)(F)F,344.1259999999999,3.1533,103.1583486069313,54.370000000000005,1.0,2.0,4.0,0.0,0.34375,0.1351351351351351,-5.6676154
CCN(CCNCCNCCN)S(=O)(=O)C(F)(F)C(F)(F)C(F)(F)C(F)(F)C(F)(F)C(F)(F)C(F)(F)C(F)(F)F,656.4030000000002,3.7429000000000032,213.98770922037184,87.45999999999998,3.0,5.0,17.0,0.0,0.3095238095238095,0.2,-8.8688774
CC(C)CCC(F)(F)C(F)(F)C(F)(F)C(F)(F)C(F)(F)C(F)(F)F,390.183,6.161400000000003,126.54063240983666,0.0,0.0,0.0,7.0,0.0,0.2580645161290322,0.2666666666666666,-6.4018583
O=S(=O)(O)CCC(F)(F)C(F)(F)C(F)(F)C(F)(F)C(F)(F)C(F)(F)C(F)(F)C(F)(F)C(F)(F)C(F)(F)C(F)(F)C(F)(F)C(F)(F)C(F)(F)F,828.2220000000004,9.085500000000003,246.6425454386801,54.370000000000005,1.0,2.0,15.0,0.0,0.4642857142857143,0.3333333333333333,-8.337532
C[N+](C)(CCCNS(=O)(=O)CCC(F)(F)C(F)(F)C(F)(F)C(F)(F)C(F)(F)C(F)(F)C(F)(F)C(F)(F)C(F)(F)C(F)(F)C(F)(F)C(F)(F)C(F)(F)C(F)(F)F)CC(=O)[O-],970.4240000000004,7.333500000000008,306.8047033144772,86.3,1.0,4.0,22.0,0.0,0.2448979591836734,0.2244897959183673,-8.8289547
FC(C(F)C(F)(F)C(F)(F)C(F)(F)F)C(F)(F)F,302.05799999999994,4.0578,90.5503864349274,0.0,0.0,0.0,3.0,0.0,0.2142857142857142,0.2222222222222222,-5.0457568
C=CC(=O)OC(CO)CC(F)(F)C(F)(F)C(F)(F)C(F)(F)C(F)(F)C(F)(F)C(F)(F)C(F)(F)F,548.189,5.476000000000003,175.67729841429383,46.53,1.0,3.0,11.0,0.0,0.2439024390243902,0.282051282051282,-7.4981055
CN(C)CCCNC(=O)CSCCC(F)(F)C(F)(F)C(F)(F)C(F)(F)C(F)(F)C(F)(F)F,522.371,4.916400000000004,177.5947288466435,32.34,1.0,3.0,13.0,0.0,0.2083333333333333,0.2391304347826087,-7.5717535
C[N+](C)(CCCNS(=O)(=O)C(F)(F)C(F)(F)C(F)(F)C(F)(F)C(F)(F)F)CCC(=O)[O-],506.3340000000001,1.5732999999999997,168.17564491783898,86.3,1.0,4.0,12.0,0.0,0.3181818181818182,0.2391304347826087,-8.3498211
COCCOCCO[Si](CCCOCC(F)(F)C(F)(F)C(F)(F)C(F)(F)C(F)(F)C(F)(F)C(F)(F)F)(OCCOCCOC)OCCOCCOC,826.6599999999996,5.744900000000006,289.2322600588089,92.30000000000004,0.0,10.0,32.0,0.0,0.2,0.1777777777777777,-10.622996
FC(F)(F)C(F)(F)C(F)(F)C(F)(Cl)C(F)(F)F,304.486,4.2862,90.32317514448624,0.0,0.0,0.0,2.0,0.0,0.2916666666666667,0.3043478260869565,-4.8907385
C#CC(C)(O)CCOC(=O)C(F)(F)OC(F)(F)C(F)(F)OC(F)(F)C(F)(F)OC(F)(F)C(F)(F)OC(F)(F)C(F)(F)OC(F)(F)C(F)(F)F,790.2160000000005,6.8772000000000055,251.3868338610156,92.68000000000002,1.0,8.0,18.0,0.0,0.125,0.1521739130434782,-9.5322704
CCCCCCCCCCCCCCC(CCCCCCCCCCCC)COCC(O)CSCCC(F)(F)C(F)(F)C(F)(F)C(F)(F)C(F)(F)C(F)(F)C(F)(F)C(F)(F)F,947.0180000000008,16.51499999999997,354.18192646050795,29.46,1.0,3.0,39.0,0.0,0.1698113207547169,0.173076923076923,-11.100606
O=P(O)(C(F)(F)C(F)(F)C(F)(F)C(F)(F)C(F)(F)C(F)(F)C(F)(C(F)(F)F)C(F)(F)F)C(F)(F)C(F)(F)C(F)(F)C(F)(F)C(F)(F)C(F)(F)C(F)(C(F)(F)F)C(F)(F)F,1002.1020000000008,12.461199999999998,291.4041161941854,37.3,1.0,1.0,14.0,0.0,0.2758620689655172,0.2857142857142857,-8.121171
OP(=S)(C(F)(F)C(F)(F)C(F)(F)C(F)(F)C(F)(F)C(F)(F)C(F)(C(F)(F)F)C(F)(F)F)C(F)(F)C(F)(F)C(F)(F)C(F)(F)C(F)(F)C(F)(F)C(F)(C(F)(F)F)C(F)(F)F,1018.1700000000006,12.5776,297.23443362292323,20.23,1.0,1.0,14.0,0.0,0.2258064516129032,0.2333333333333333,-7.9337215
C[N+](C)(CCCNC(=O)C(F)(F)C(F)(F)C(F)(F)C(F)(F)C(F)(F)C(F)(F)C(F)(F)C(F)(F)C(F)(F)C(F)(F)C(F)(F)C(F)(F)F)CC(=O)[O-],806.3010000000003,5.8696000000000055,258.4484815672112,69.23,1.0,3.0,17.0,0.0,0.2222222222222222,0.3170731707317073,-8.4863167
CCN(CCOCCOCCOCCOCCOCCO)S(=O)(=O)C(F)(F)C(F)(F)C(F)(F)C(F)(F)C(F)(F)C(F)(F)C(F)(F)C(F)(F)F,791.5140000000005,4.680300000000005,266.0997067422532,103.76,1.0,8.0,26.0,0.0,0.3414634146341463,0.2272727272727272,-8.9661131
CC(C)(CS(=O)(=O)O)NC(=O)CCSCCC(F)(F)C(F)(F)F,387.392,2.4800000000000004,134.6794795054845,83.47,2.0,4.0,9.0,0.0,0.1956521739130435,0.1489361702127659,-7.4075379
CCCCCCNS(=O)(=O)C(F)(F)C(F)(F)C(F)(F)C(F)(F)F,383.276,3.911800000000003,125.82418675975823,46.17,1.0,2.0,9.0,0.0,0.3823529411764705,0.2105263157894736,-6.6717911
CCC[Si](Cl)(CCC(F)(F)F)CCC(F)(F)C(F)(F)F,350.753,6.120800000000003,116.73762662383888,0.0,0.0,0.0,7.0,0.0,0.1025641025641025,0.1052631578947368,-6.7344203
FC(F)(F)CC[Si](Cl)(CCC(F)(F)F)CCC(F)(F)C(F)(F)C(F)(F)C(F)(F)C(F)(F)C(F)(F)F,604.7510000000003,9.204399999999998,188.01828451361388,0.0,0.0,0.0,11.0,0.0,0.2352941176470588,0.2424242424242424,-8.3887205
CCC[Si](CCC)(CCC(F)(F)C(F)(F)C(F)(F)C(F)(F)F)OC,392.37799999999993,6.256600000000004,135.22623603071716,9.23,0.0,1.0,10.0,0.0,0.1842105263157894,0.1891891891891892,-7.1729474
CCC[Si](CCC)(CCC(F)(F)C(F)(F)C(F)(F)C(F)(F)C(F)(F)C(F)(F)F)OC,492.392,7.527200000000006,164.6182618712153,9.23,0.0,1.0,12.0,0.0,0.2105263157894736,0.2162162162162162,-8.2224951
O=C(O)C(F)(F)C(F)(F)C(F)(F)C(F)(F)C(F)(F)C(F)(F)C(F)(F)C(F)(F)S(F)(F)(F)(F)F,572.1300000000001,7.409400000000002,163.56355594294934,37.3,1.0,1.0,9.0,0.0,0.21875,0.5833333333333334,-6.7659101
O=S(=O)(ON=C1c2ccccc2-c2ccccc21)C(F)(F)C(F)(F)C(F)(F)C(F)(F)F,477.304,5.191500000000002,167.59450384304048,55.73,0.0,4.0,5.0,3.0,0.3157894736842105,0.1951219512195122,-7.80266
CC[N+](CC)(CC=C(F)C(F)(F)C(F)(F)C(F)(F)C(F)(F)C(F)(F)C(F)(F)C(F)(F)F)CC(C)(C)CO[PH](=O)[O-],649.347,6.863300000000007,217.0228019769576,49.36,0.0,3.0,15.0,0.0,0.1886792452830188,0.24,-9.3617773
O=S(=O)(O)CC(F)(F)C(F)(F)C(F)(F)C(F)(F)C(F)(F)F,364.132,2.9777000000000005,108.01348704204176,54.370000000000005,1.0,2.0,5.0,0.0,0.5,0.3571428571428571,-5.8073273
C[N+](C)(CCO)CCCN(CC(O)CS(=O)(=O)O)S(=O)(=O)C(F)(F)C(F)(F)C(F)(F)C(F)(F)C(F)(F)C(F)(F)C(F)(F)C(F)(F)F,767.4970000000004,3.292600000000002,247.4648870561676,132.21,3.0,6.0,18.0,0.0,0.3061224489795918,0.1886792452830188,-9.202178
O=C(O)c1cc(OC(F)(F)C(F)C(F)(F)F)c(OC(F)(F)C(F)C(F)(F)F)c(OC(F)(F)C(F)C(F)(F)F)c1,620.1830000000002,7.000800000000004,200.3568530568957,64.99000000000001,1.0,4.0,10.0,1.0,0.1136363636363636,0.1707317073170731,-8.2070293
O=S(=O)(O)c1cc(OC(F)(F)C(F)C(F)(F)F)c(OC(F)(F)C(F)C(F)(F)F)c(OC(F)(F)C(F)C(F)(F)F)c1,656.2380000000003,6.549300000000002,206.6647911003,82.06000000000002,1.0,5.0,10.0,1.0,0.1904761904761904,0.1136363636363636,-8.3527908
CC(=O)OC(CC(F)(F)C(F)(F)C(F)(F)C(F)(F)C(F)(F)C(F)(F)C(F)(F)C(F)(F)C(F)(F)C(F)(F)C(F)(F)C(F)(F)F)C[N+](C)(C)CC(=O)[O-],821.312,6.685100000000009,264.37710672750666,66.43,0.0,4.0,17.0,0.0,0.2127659574468085,0.2444444444444444,-7.8073845
CC(=O)N(C)CCCNS(=O)(=O)C(F)(F)C(F)(F)C(F)(F)C(F)(F)C(F)(F)C(F)(F)F,512.288,3.470500000000002,165.13756837050354,66.48,1.0,3.0,10.0,0.0,0.35,0.2619047619047619,-7.8780584
O=C(O)C(F)C(F)(F)OC(F)(F)C(F)(F)C(F)(F)OC(F)(F)F,378.065,3.3758,116.09817486057754,55.760000000000005,1.0,3.0,7.0,0.0,0.1621621621621621,0.2352941176470588,-6.3583851
O=C(O)C(F)(F)C(F)C(F)(F)OC(F)(F)C(F)(F)OC(F)(F)OC(F)(F)OC(F)(F)F,510.07700000000006,4.509600000000001,155.71729116008947,74.22000000000001,1.0,5.0,11.0,0.0,0.119047619047619,0.2105263157894736,-7.2923579
O=C(O)COC(F)(F)C(F)(F)OC(F)(F)C(F)(F)OC(F)(F)C(F)(F)C(F)(F)F,476.088,4.2824,146.43821052765634,64.99000000000001,1.0,4.0,10.0,0.0,0.2285714285714285,0.3125,-6.8700418
O=C(O)C(F)(F)C(F)OC(F)(F)C(F)(F)OC(F)(F)OC(F)(F)F,394.064,3.3074000000000003,121.21172009008444,64.99000000000001,1.0,4.0,8.0,0.0,0.1219512195121951,0.2162162162162162,-6.0272822
O=S(=O)(O)C(O)CC(F)(F)C(F)(F)F,244.13699999999992,0.7803,75.08462414788718,74.60000000000001,2.0,3.0,3.0,0.0,0.3,0.1875,-5.4297886
CC[N+](C)(C)CCC(F)(F)C(F)(F)C(F)(F)C(F)(F)C(F)(F)C(F)(F)C(F)(F)C(F)(F)C(F)(F)C(F)(F)F,620.2610000000002,7.752800000000006,197.65943136202827,0.0,0.0,0.0,12.0,0.0,0.2352941176470588,0.2424242424242424,-8.2002945
CC[N+](C)(C)CCC(F)(F)C(F)(F)C(F)(F)C(F)(F)C(F)(F)C(F)(F)F,420.233,5.211600000000003,138.87537968103194,0.0,0.0,0.0,8.0,0.0,0.2352941176470588,0.2424242424242424,-6.8808546
CC[N+](C)(C)CCC(F)(F)C(F)(F)F,220.205,2.6704000000000008,80.09132800003567,0.0,0.0,0.0,4.0,0.0,0.1176470588235294,0.1212121212121212,-5.3503404
O=C(O)CC(F)(F)C(F)(F)C(F)(F)C(F)(F)C(F)(F)C(F)(F)C(F)(F)C(F)(F)C(F)(F)C(F)(F)C(F)(F)C(F)(F)C(F)(F)F,728.1330000000003,8.647000000000004,219.2736523606301,37.3,1.0,1.0,13.0,0.0,0.3571428571428571,0.48,-8.2207508
O=C(CC(F)(F)C(F)(F)F)CS(=O)(=O)O,256.148,1.031,80.81685461013154,71.44,1.0,3.0,4.0,0.0,0.2903225806451613,0.21875,-5.4330354
O=C(CC(F)(F)C(F)(F)C(F)(F)F)CS(=O)(=O)O,306.15500000000003,1.6663,95.5128675303806,71.44,1.0,3.0,5.0,0.0,0.3548387096774194,0.28125,-5.7689748
O=C(CC(F)(F)C(F)(F)C(F)(F)C(F)(F)C(F)(F)C(F)(F)C(F)(F)C(F)(F)F)CS(=O)(=O)O,556.19,4.842800000000003,168.99293213162602,71.44,1.0,3.0,10.0,0.0,0.4193548387096774,0.34375,-7.2590389
O=S(=O)(O)C(O)CC(F)(F)C(F)(F)C(F)(F)C(F)(F)C(F)(F)C(F)(F)C(F)(F)C(F)(F)C(F)(F)C(F)(F)C(F)(F)C(F)(F)C(F)(F)C(F)(F)F,844.2210000000003,8.403900000000004,251.43677919087605,74.60000000000001,2.0,3.0,15.0,0.0,0.4333333333333333,0.3125,-8.060936
O=C(CC(F)(F)C(F)(F)C(F)(F)C(F)(F)C(F)(F)C(F)(F)C(F)(F)C(F)(F)C(F)(F)C(F)(F)C(F)(F)C(F)(F)C(F)(F)F)CS(=O)(=O)O,806.2250000000004,8.019300000000007,242.4729967328714,71.44,1.0,3.0,15.0,0.0,0.4193548387096774,0.34375,-8.0588465
CN(CCCNS(=O)(=O)CCC(F)(F)C(F)(F)F)CC(=O)O,356.31300000000005,0.9000000000000001,123.87763467049646,86.71000000000001,2.0,4.0,10.0,0.0,0.1702127659574468,0.1739130434782608,-7.0880799
CN(CCCNS(=O)(=O)CCC(F)(F)C(F)(F)C(F)(F)C(F)(F)F)CC(=O)O,456.32700000000006,2.1706,153.26966051099458,86.71000000000001,2.0,4.0,12.0,0.0,0.2340425531914893,0.2391304347826087,-7.4677439
CN(C)CCC(NS(=O)(=O)C(F)(F)C(F)(F)C(F)(F)C(F)(F)C(F)(F)C(F)(F)C(F)(F)F)C(=O)O,578.2940000000001,3.6423000000000014,184.6278150429486,86.71000000000001,2.0,4.0,12.0,0.0,0.3414634146341463,0.2857142857142857,-8.0115795
CN(C)CCC(NS(=O)(=O)C(F)(F)C(F)(F)C(F)(F)C(F)(F)C(F)(F)C(F)(F)C(F)(F)C(F)(F)C(F)(F)F)C(=O)O,678.3080000000002,4.912900000000002,214.0198408834468,86.71000000000001,2.0,4.0,14.0,0.0,0.3414634146341463,0.2857142857142857,-8.8437338
CN(C)CCCNC(=O)C(F)(F)C(F)(F)C(F)(F)C(F)(F)C(F)(F)C(F)(F)C(F)(F)C(F)(F)C(F)(F)C(F)(F)C(F)(F)C(F)(F)C(F)(F)F,798.2720000000004,8.240200000000005,251.248882919832,32.34,1.0,2.0,16.0,0.0,0.2564102564102564,0.3714285714285714,-8.092783
CN(C)CCCN(CCC(=O)O)S(=O)(=O)C(F)(F)C(F)(F)C(F)(F)C(F)(F)C(F)(F)C(F)(F)C(F)(F)C(F)(F)C(F)(F)C(F)(F)F,756.3690000000004,6.282100000000003,241.65570951908435,77.92,1.0,4.0,17.0,0.0,0.35,0.2926829268292683,-9.3369541
CNS(=O)(=O)C(F)(F)C(F)(F)C(F)(F)C(F)(F)C(F)(F)C(F)(F)C(F)(F)C(F)(F)C(F)(F)C(F)(F)C(F)(F)C(F)(F)C(F)(F)F,763.2040000000003,7.679000000000005,226.26359247001687,46.17,1.0,2.0,13.0,0.0,0.5,0.3103448275862069,-8.5225067
CNS(=O)(=O)C(F)(F)C(F)(F)F,213.12699999999995,0.6907000000000003,64.60745034727707,46.17,1.0,2.0,2.0,0.0,0.2962962962962963,0.1724137931034483,-4.6538148
C[N+](C)(CCCNC(=O)C(F)(F)C(F)(F)C(F)(F)C(F)(F)F)CC(=O)[O-],406.24500000000006,0.7872000000000001,140.8803782052186,69.23,1.0,3.0,9.0,0.0,0.2,0.2926829268292683,-7.2763886
O=S(=O)(O)OC(F)(F)C(F)(F)C(F)(F)C(F)(F)C(F)(F)C(F)(F)C(F)(F)C(F)(F)F,516.125,4.7727,151.0591327939573,63.60000000000001,1.0,3.0,8.0,0.0,0.5,0.3571428571428571,-6.6656284
C[N+](C)(CCCNS(=O)(=O)C(F)(F)C(F)(F)C(F)(F)C(F)(F)C(F)(F)C(F)(F)C(F)(F)C(F)(F)C(F)(F)C(F)(F)C(F)(F)C(F)(F)C(F)(F)F)CCC(=O)[O-],906.3900000000004,6.655700000000007,285.74374827983155,86.3,1.0,4.0,20.0,0.0,0.3181818181818182,0.2391304347826087,-8.0758104
C[N+](C)(CCCN(CCC(=O)O)S(=O)(=O)C(F)(F)C(F)(F)C(F)(F)C(F)(F)C(F)(F)C(F)(F)C(F)(F)C(F)(F)C(F)(F)C(F)(F)C(F)(F)F)CCC(=O)[O-],878.4390000000003,5.572200000000005,284.6122761213583,114.81,1.0,5.0,21.0,0.0,0.2916666666666667,0.2448979591836734,-9.1549864
C[N+](C)(CCCN(CCC(=O)O)S(=O)(=O)C(F)(F)C(F)(F)C(F)(F)C(F)(F)C(F)(F)C(F)(F)C(F)(F)C(F)(F)C(F)(F)C(F)(F)C(F)(F)C(F)(F)F)CCC(=O)[O-],928.4460000000004,6.207500000000006,299.3082890416074,114.81,1.0,5.0,22.0,0.0,0.2916666666666667,0.2448979591836734,-9.3507681
O=C(O)C1(F)C(F)(F)C(F)(F)C(F)(C(F)(F)C(F)(F)C(F)(F)F)C1(F)F,426.075,4.239999999999999,130.09174368560647,37.3,1.0,1.0,3.0,1.0,0.2285714285714285,0.3125,-5.7829642
O=C(O)C1(F)C(F)(F)C(F)(F)C(F)(F)C(F)(C(F)(F)C(F)(F)C(F)(F)C(F)(F)F)C1(F)F,526.089,5.510600000000001,159.48376952610465,37.3,1.0,1.0,4.0,1.0,0.25,0.3333333333333333,-6.1246247
O=S(=O)([O-])C1(F)C(F)(F)C(F)(F)C(F)(F)C(F)(F)C1(F)F,361.108,2.3875,107.00765588851256,57.2,0.0,3.0,1.0,1.0,0.1379310344827586,0.1034482758620689,-4.6829233
O=S(=O)([O-])C1(F)C(F)(F)C(F)(F)C(F)(F)C(F)(C(F)(F)C(F)(F)C(F)(F)F)C1(F)F,511.129,4.2934,151.09569464925977,57.2,0.0,3.0,3.0,1.0,0.25,0.2222222222222222,-6.1200018
O=S(=O)(O)C1(F)C(F)(F)C(F)(F)C(F)(F)C(F)(C(F)(F)C(F)(F)C(F)(F)F)C1(F)F,512.137,4.636,151.09569464925977,54.370000000000005,1.0,2.0,3.0,1.0,0.3235294117647059,0.2571428571428571,-6.1217585
C[N+](C)(CCCN(CC(=O)O)S(=O)(=O)C(F)(F)C(F)(F)F)CC(O)CS(=O)(=O)O,481.43800000000016,-0.4268999999999983,163.45033163471695,149.28,3.0,6.0,12.0,0.0,0.1923076923076923,0.1509433962264151,-8.0856886
C[N+](C)(CCCN(CC(=O)O)S(=O)(=O)C(F)(F)C(F)(F)C(F)(F)C(F)(F)C(F)(F)C(F)(F)C(F)(F)C(F)(F)C(F)(F)C(F)(F)C(F)(F)C(F)(F)F)CC(O)CS(=O)(=O)O,981.5080000000004,5.926100000000007,310.41046083720767,149.28,3.0,6.0,22.0,0.0,0.2941176470588235,0.2264150943396226,-8.3416576
C[N+](C)(CCCNS(=O)(=O)C(F)(F)C(F)(F)C(F)(F)C(F)(F)C(F)(F)C(F)(F)C(F)(F)C(F)(F)C(F)(F)C(F)(F)F)CCCS(=O)(=O)[O-],806.4510000000001,5.545100000000004,254.3285896768853,103.37,1.0,5.0,18.0,0.0,0.3023255813953488,0.1956521739130435,-9.1689892
O=S(=O)(O)C(F)(F)C(F)(F)C(F)(F)C(F)(F)C(F)(F)C(F)/C(F)=C(\F)C(F)(F)C(F)(F)F,544.154,5.6945000000000014,161.94240028792763,54.370000000000005,1.0,2.0,8.0,0.0,0.4848484848484848,0.2307692307692307,-6.7391305
C[N+](C)(CCCN(CC(=O)O)S(=O)(=O)C(F)(F)C(F)(F)C(F)(F)C(F)(F)C(F)(F)F)CC(=O)[O-],550.3430000000001,0.9802,183.7063143710708,114.81,1.0,5.0,13.0,0.0,0.2978723404255319,0.25,-7.8715601
CN(CCC[N+](C)(C)CCCS(=O)(=O)[O-])S(=O)(=O)C(F)(F)C(F)(F)C(F)(F)C(F)(F)C(F)(F)F,570.4430000000002,2.7108000000000017,187.42343867663172,94.57999999999998,0.0,5.0,13.0,0.0,0.2954545454545454,0.217391304347826,-8.8352537
C[N+](C)(CCCN(CCCS(=O)(=O)O)S(=O)(=O)C(F)(F)C(F)(F)C(F)(F)C(F)(F)C(F)(F)C(F)(F)C(F)(F)C(F)(F)C(F)(F)C(F)(F)F)CCCS(=O)(=O)O,929.6040000000004,5.878000000000005,295.2620235167109,146.11999999999998,2.0,6.0,22.0,0.0,0.3658536585365853,0.2222222222222222,-8.2730589
O=S(=O)(O)C(F)(F)C(F)(F)C(F)(F)C(F)(F)C(F)(F)C(F)/C(F)=C(\F)C(F)(F)C(F)(F)C(F)(F)C(F)(F)C(F)(F)F,694.1750000000002,7.600400000000004,206.03043904867485,54.370000000000005,1.0,2.0,11.0,0.0,0.5454545454545454,0.3157894736842105,-7.6621032
O=C(O)C(F)(F)OC(F)(F)C(F)(F)C(F)(F)C(F)(F)C(F)(F)C(F)(F)/C(F)=C(\F)C(F)(F)F,542.0880000000001,6.162600000000002,164.91354287695648,46.53,1.0,2.0,9.0,0.0,0.1794871794871795,0.3636363636363636,-7.0510569
C[N+](C)(C)CCCNS(=O)(=O)C(F)(F)C(F)(F)C(F)(F)C(F)(F)C(F)(F)C(F)(F)C(F)(F)C(F)(F)C(F)(F)C(F)(F)C(F)(F)F,749.3480000000003,6.874900000000004,234.66608235830049,46.17,1.0,2.0,15.0,0.0,0.3611111111111111,0.2307692307692307,-8.9979639
C[N+](C)(C)CCCN(CCC(=O)[O-])S(=O)(=O)C(F)(F)C(F)(F)C(F)(F)C(F)(F)C(F)(F)C(F)(F)C(F)(F)F,620.3750000000002,3.186100000000001,204.1425843593291,77.51,0.0,4.0,14.0,0.0,0.3255813953488372,0.2444444444444444,-8.7637262
CN(CCC[N+](C)(C)C)S(=O)(=O)C(F)(F)C(F)(F)C(F)(F)C(F)(F)C(F)(F)C(F)(F)C(F)(F)C(F)(F)C(F)(F)C(F)(F)C(F)(F)F,763.3750000000003,7.217100000000005,241.24099595929235,37.38,0.0,2.0,15.0,0.0,0.3513513513513513,0.2564102564102564,-9.4422131
C[N+](C)(CCCN(CCC(=O)O)S(=O)(=O)C(F)(F)C(F)(F)C(F)(F)C(F)(F)C(F)(F)C(F)(F)C(F)(F)C(F)(F)F)CC(=O)[O-],714.3910000000002,3.276200000000001,234.15929524621453,114.81,1.0,5.0,17.0,0.0,0.2916666666666667,0.2448979591836734,-9.3160639
C[N+](C)(C)CCNCC(F)(F)C(F)(F)F,235.22,1.4798,85.6411901836437,12.03,1.0,1.0,5.0,0.0,0.1111111111111111,0.1142857142857142,-5.8392477
C[N+](C)(CCCN(CCC(=O)O)S(=O)(=O)C(F)(F)C(F)(F)C(F)(F)C(F)(F)C(F)(F)C(F)(F)C(F)(F)C(F)(F)C(F)(F)C(F)(F)F)CC(=O)[O-],814.4050000000003,4.546800000000004,263.5513210867127,114.81,1.0,5.0,19.0,0.0,0.2916666666666667,0.2448979591836734,-9.4076567
C[N+](C)(CCCN(CCC(=O)O)S(=O)(=O)C(F)(F)C(F)(F)C(F)(F)C(F)(F)C(F)(F)C(F)(F)C(F)(F)C(F)(F)C(F)(F)C(F)(F)C(F)(F)F)CC(=O)[O-],864.4120000000004,5.182100000000005,278.2473340069617,114.81,1.0,5.0,20.0,0.0,0.2916666666666667,0.2448979591836734,-8.8856621
O=S(=O)(O)C(F)(F)C(Cl)(Cl)C(F)(F)C(F)(F)C(F)(F)F,383.015,3.4738,113.92400657555604,54.370000000000005,1.0,2.0,4.0,0.0,0.625,0.3103448275862069,-5.4267664
CC[N+](C)(C)CC(F)(F)C(F)(F)C(F)(F)C(F)(F)C(F)(F)C(F)(F)C(F)F,438.223,5.159600000000003,143.0409150839582,0.0,0.0,0.0,9.0,0.0,0.1282051282051282,0.131578947368421,-7.0450449
CC[N+](C)(C)CC(F)(F)C(F)(F)C(F)(F)C(F)(F)C(F)(F)C(F)(F)C(F)(F)C(F)(F)C(F)(F)C(F)(F)C(F)(F)C(F)(F)C(F)(F)C(F)F,788.2720000000004,9.606699999999996,245.9130055257017,0.0,0.0,0.0,16.0,0.0,0.1282051282051282,0.131578947368421,-9.0444574
C[N+](C)(C)CC(F)(F)C(F)F,174.161,1.593,63.19590836831623,0.0,0.0,0.0,3.0,0.0,0.09375,0.0967741935483871,-4.9846773
C[N+](C)(C)CC(F)(F)C(F)(F)C(F)(F)C(F)(F)C(F)(F)C(F)(F)C(F)(F)C(F)(F)C(F)F,524.21,6.040100000000003,166.06799881005972,0.0,0.0,0.0,10.0,0.0,0.1388888888888889,0.1428571428571428,-7.0067778
C[N+](C)(CC(=O)O)CC(F)C(F)(F)C(F)(F)C(F)(F)C(F)(F)C(F)(F)F,418.1979999999999,3.589000000000002,137.30065801594887,37.3,1.0,1.0,8.0,0.0,0.2564102564102564,0.3333333333333333,-7.008945
C[N+](C)(CCCNS(=O)(=O)C(F)(F)C(F)(F)C(F)(F)C(F)(F)C(F)(F)C(F)(F)C(F)(F)C(F)(F)C(F)(F)F)CCC(O)CO,723.4130000000001,4.717800000000005,233.9573503653841,86.63000000000001,3.0,4.0,17.0,0.0,0.3043478260869565,0.2291666666666666,-9.5908146
C[N+](C)(CCC(CO)NS(=O)(=O)C(F)(F)C(F)(F)C(F)(F)C(F)(F)C(F)(F)C(F)(F)C(F)(F)C(F)(F)C(F)(F)C(F)(F)F)CC(O)CO,789.4190000000003,4.323900000000005,253.4475970378292,106.86,4.0,5.0,18.0,0.0,0.3043478260869565,0.2291666666666666,-8.397006
C[N+](C)(CCC(CO)NS(=O)(=O)C(F)(F)C(F)(F)C(F)(F)C(F)(F)C(F)(F)C(F)(F)C(F)(F)C(F)(F)C(F)(F)C(F)(F)C(F)(F)C(F)(F)F)CC(O)CO,889.4330000000004,5.594500000000007,282.8396228783274,106.86,4.0,5.0,20.0,0.0,0.3043478260869565,0.2291666666666666,-11.209929
C[N+](C)(CCC(CO)N(CCCS(=O)(=O)[O-])S(=O)(=O)C(F)(F)C(F)(F)C(F)(F)C(F)(F)C(F)(F)C(F)(F)C(F)(F)C(F)(F)C(F)(F)F)CC(O)CO,860.5490000000003,3.3363000000000027,279.68501795740593,155.26999999999998,3.0,8.0,21.0,0.0,0.25,0.1896551724137931,-9.5185003
CCN(CCC[N+](C)(C)CC)S(=O)(=O)C(F)(F)C(F)(F)C(F)(F)C(F)(F)C(F)(F)C(F)(F)C(F)(F)C(F)(F)C(F)(F)C(F)(F)F,741.4220000000004,7.362000000000005,239.2748672678365,37.38,0.0,2.0,16.0,0.0,0.35,0.2325581395348837,-9.9905396
C[N+](C)(CC(=O)O)CC(F)C(F)(F)C(F)(F)C(F)(F)C(F)(F)C(F)(F)C(F)(F)C(F)(F)C(F)(F)C(F)(F)C(F)(F)F,668.2330000000002,6.765500000000004,210.78072261719427,37.3,1.0,1.0,13.0,0.0,0.2564102564102564,0.3333333333333333,-7.7427649
O=S(=O)(O)CC(F)(F)C(F)(F)C(F)(F)C(F)(F)C(F)(F)C(F)(F)C(F)(F)C(F)(F)C(F)(F)C(F)(F)C(F)(F)C(F)(F)C(F)(F)F,764.1880000000003,8.060100000000004,225.5815904040344,54.370000000000005,1.0,2.0,13.0,0.0,0.5,0.3571428571428571,-8.890914
C[N+](C)(CCO)CC(O)CNS(=O)(=O)C(F)(F)C(F)(F)C(F)(F)C(F)(F)C(F)(F)C(F)(F)C(F)(F)F,595.3450000000001,2.6670000000000007,191.8354402960928,86.63,3.0,4.0,13.0,0.0,0.3255813953488372,0.217391304347826,-8.64713
C[N+](C)(CCO)CC(O)CNS(=O)(=O)C(F)(F)C(F)(F)C(F)(F)C(F)(F)C(F)(F)C(F)(F)C(F)(F)C(F)(F)C(F)(F)C(F)(F)C(F)(F)F,795.3730000000004,5.208200000000003,250.61949197708907,86.63,3.0,4.0,17.0,0.0,0.3255813953488372,0.217391304347826,-7.5602536
C[N+](C)(CCO)CCCNS(=O)(=O)C(F)(F)C(F)(F)C(F)(F)C(F)(F)C(F)(F)C(F)(F)C(F)(F)C(F)(F)C(F)(F)F,679.3600000000002,4.966800000000004,216.43323238439493,66.4,2.0,3.0,15.0,0.0,0.35,0.2325581395348837,-8.762702
O=C(O)C(F)(F)C(F)(Cl)C(F)(F)C(F)(F)C(F)(F)C(F)(F)C(F)(F)C(F)(F)F,480.526,5.349700000000001,145.5663764689436,37.3,1.0,1.0,7.0,0.0,0.3448275862068966,0.6521739130434783,-6.197926
C[N+](C)(CCO)CCCN(CC(O)CS(=O)(=O)[O-])S(=O)(=O)C(F)(F)C(F)(F)C(F)(F)F,516.4540000000001,-0.2264999999999994,173.98482245492227,135.04,2.0,7.0,13.0,0.0,0.2115384615384615,0.1481481481481481,-8.4185724
C[N+](C)(CCO)CCCN(CC(O)CS(=O)(=O)[O-])S(=O)(=O)C(F)(F)C(F)(F)C(F)(F)C(F)(F)C(F)(F)F,616.4680000000003,1.0441000000000005,203.3768482954204,135.04,2.0,7.0,15.0,0.0,0.2745098039215686,0.1851851851851851,-9.7364426
C[N+](C)(CCO)CCCN(CCCS(=O)(=O)[O-])S(=O)(=O)C(F)(F)C(F)(F)C(F)(F)C(F)(F)C(F)(F)C(F)(F)C(F)(F)C(F)(F)C(F)(F)F,800.4970000000005,4.614500000000005,257.3666662242207,114.81,1.0,6.0,19.0,0.0,0.3043478260869565,0.2040816326530612,-8.7725601
O=S(O)CCC(F)(F)C(F)(F)C(F)(F)C(F)(F)C(F)(F)C(F)(F)C(F)(F)C(F)(F)C(F)(F)C(F)(F)F,612.1950000000002,6.878200000000003,184.6073495794731,37.3,1.0,1.0,11.0,0.0,0.3225806451612903,0.3333333333333333,-7.8767109
O=C([O-])C(F)(F)C(F)(F)C(F)(F)C(F)(F)S(F)(F)(F)(F)F,371.0939999999999,3.533499999999999,104.77950426195297,40.13,0.0,2.0,5.0,0.0,0.1818181818181818,0.3103448275862069,-5.1573472
NS(=O)(=O)C(F)(F)C(F)(F)C(F)(F)C(F)(F)C(F)(F)C(F)(F)C(F)(F)C(F)(F)C(F)(F)C(F)(F)C(F)(F)C(F)(F)C(F)(F)C(F)(F)F,799.1840000000003,8.053600000000005,234.384691789274,60.16,1.0,2.0,13.0,0.0,0.5652173913043478,0.3461538461538461,-8.228261
O=C(O)CNS(=O)(=O)C(F)(F)C(F)(F)F,257.136,0.1455000000000003,79.92814831391344,83.47,2.0,3.0,4.0,0.0,0.28125,0.25,-5.1976666
O=C(O)CCS(=O)CCC(F)(F)C(F)(F)C(F)(F)C(F)(F)C(F)(F)C(F)(F)C(F)(F)C(F)(F)C(F)(F)C(F)(F)F,668.2590000000002,6.879900000000004,207.6546941466486,54.37,1.0,2.0,14.0,0.0,0.2702702702702703,0.3529411764705882,-8.2577648
C[N+](C)(C)CC(O)CS(=O)(=O)CCC(F)(F)C(F)(F)C(F)(F)C(F)(F)C(F)(F)C(F)(F)C(F)(F)C(F)(F)F,628.3650000000001,4.867800000000004,202.416921884306,54.37,1.0,3.0,13.0,0.0,0.3,0.2439024390243902,-8.9475079
O=C(O)CCS(=O)(=O)CCC(F)(F)C(F)(F)C(F)(F)C(F)(F)C(F)(F)C(F)(F)F,484.23,4.004800000000002,152.121786643863,71.44,1.0,3.0,10.0,0.0,0.3428571428571428,0.3529411764705882,-7.3205428
O=CCCCCCNC(=O)SCCC(F)(F)C(F)(F)C(F)(F)C(F)(F)F,421.32499999999993,5.046800000000003,146.60439143598575,46.17,1.0,3.0,11.0,0.0,0.217391304347826,0.2222222222222222,-7.4324479
O=CCCCCCNC(=O)SCCC(F)(F)C(F)(F)C(F)(F)C(F)(F)C(F)(F)C(F)(F)C(F)(F)C(F)(F)C(F)(F)C(F)(F)C(F)(F)C(F)(F)F,821.3810000000004,10.129199999999996,264.17249479797835,46.17,1.0,3.0,19.0,0.0,0.2391304347826087,0.2444444444444444,-8.8192577
O=C(O)CCCCNC(=O)SCCC(F)(F)C(F)(F)C(F)(F)C(F)(F)C(F)(F)C(F)(F)C(F)(F)C(F)(F)C(F)(F)C(F)(F)F,723.3390000000003,8.354200000000004,233.2097605952796,66.4,2.0,3.0,16.0,0.0,0.25,0.2857142857142857,-7.4569936
CN(C)CCCNC(=O)CC(SCCC(F)(F)C(F)(F)F)C(=O)O,380.379,2.2185,140.49631724668018,69.64,2.0,4.0,11.0,0.0,0.1111111111111111,0.1568627450980392,-7.8278475
C[N+](C)(C)CCCNC(=O)CSCCC(F)(F)C(F)(F)C(F)(F)C(F)(F)F,437.392,3.790400000000002,154.77761660713728,29.1,1.0,2.0,11.0,0.0,0.1875,0.217391304347826,-7.69801
O=C(O)CC(O)SCCC(F)(F)C(F)(F)C(F)(F)C(F)(F)C(F)(F)C(F)(F)C(F)(F)C(F)(F)C(F)(F)C(F)(F)C(F)(F)C(F)(F)C(F)(F)C(F)(F)F,868.2870000000005,9.724,267.98183540163024,57.53,2.0,3.0,18.0,0.0,0.2564102564102564,0.3333333333333333,-7.9864702
C[N+](C)(CCC(F)C(F)(F)C(F)(F)C(F)(F)C(F)(F)C(F)(F)C(F)(F)C(F)(F)C(F)(F)C(F)(F)C(F)(F)C(F)(F)C(F)(F)F)CC(=O)[O-],781.2660000000002,7.091500000000008,246.53769057208905,40.13,0.0,2.0,16.0,0.0,0.238095238095238,0.275,-7.5861044
O=C(O)CCSC(CO)C(O)C(F)(F)C(F)(F)C(F)(F)C(F)(F)C(F)(F)C(F)(F)C(F)(F)C(F)(F)C(F)(F)C(F)(F)F,698.2850000000003,6.196100000000004,220.3569595872266,77.76,3.0,4.0,15.0,0.0,0.238095238095238,0.3076923076923077,-7.9895563
O=C(O)C=C(F)C(F)(F)C(F)(F)F,208.057,2.122,67.45838472302891,37.3,1.0,1.0,2.0,0.0,0.1935483870967742,0.3333333333333333,-4.7069793
O=S(=O)(O)CC=C(F)C(F)(F)C(F)(F)C(F)(F)C(F)(F)C(F)(F)C(F)(F)F,458.1669999999999,4.4664,138.91531656182605,54.370000000000005,1.0,2.0,7.0,0.0,0.40625,0.375,-6.5492101
O=S(=O)(O)CC=C(F)C(F)(F)C(F)(F)C(F)(F)C(F)(F)C(F)(F)C(F)(F)C(F)(F)C(F)(F)C(F)(F)C(F)(F)C(F)(F)C(F)(F)C(F)(F)F,808.2160000000003,8.913500000000003,241.7874070035696,54.370000000000005,1.0,2.0,14.0,0.0,0.40625,0.375,-7.6685486
CC(=O)OC(C(CO)C(F)(F)C(F)(F)C(F)(F)C(F)(F)C(F)(F)C(F)(F)C(F)(F)C(F)(F)C(F)(F)C(F)(F)C(F)(F)C(F)(F)F)C(CO)[N+](C)(C)CC(=O)[O-],881.3640000000001,5.264400000000009,286.69545846069184,106.89,2.0,6.0,19.0,0.0,0.2,0.2291666666666666,-8.0715723
O=C(O)CCC(F)(F)C(F)(F)C(F)(F)C(F)(F)C(F)(F)C(F)(F)C(F)(F)C(F)(F)C(F)(F)C(F)(F)F,592.1390000000001,7.131200000000004,181.5505557142795,37.3,1.0,1.0,11.0,0.0,0.3333333333333333,0.4444444444444444,-7.2923646
O=C(CCC(F)(F)C(F)(F)C(F)(F)F)SC(=O)C(O)C(=O)O,360.2030000000001,1.8314,121.01367959337465,91.67,2.0,5.0,6.0,0.0,0.1951219512195122,0.2631578947368421,-6.689117
O=C(CCC(F)(F)C(F)(F)C(F)(F)C(F)(F)C(F)(F)C(F)(F)C(F)(F)C(F)(F)C(F)(F)C(F)(F)C(F)(F)F)SCC(O)C(=O)O,746.2760000000003,7.387200000000007,234.42026085532345,74.6,2.0,4.0,15.0,0.0,0.2439024390243902,0.3157894736842105,-8.4266167
CC(=O)OC(CC(F)(F)C(F)(F)C(F)(F)C(F)(F)F)C[N+](C)(C)CC(=O)[O-],421.25600000000014,1.6026999999999998,146.80900336551406,66.43,0.0,4.0,9.0,0.0,0.1914893617021276,0.2222222222222222,-7.4177446
CN(C)CC(O)CC(F)(F)C(F)(F)C(F)(F)C(F)(F)C(F)(F)C(F)(F)C(F)(F)C(F)(F)C(F)(F)C(F)(F)F,621.2250000000001,6.579000000000005,195.87875151323232,23.47,1.0,2.0,12.0,0.0,0.2571428571428571,0.2647058823529412,-7.887198
C[N+](C)(C)CC(O)CC(F)(F)C(F)(F)C(F)(F)C(F)(F)C(F)(F)C(F)(F)F,436.2319999999999,4.182400000000002,143.66961343322797,20.23,1.0,1.0,8.0,0.0,0.2647058823529412,0.2727272727272727,-6.7125077
C[N+](C)(C)CC(O)CC(F)(F)C(F)(F)C(F)(F)C(F)(F)C(F)(F)C(F)(F)C(F)(F)C(F)(F)C(F)(F)C(F)(F)F,636.2600000000001,6.723600000000005,202.45366511422424,20.23,1.0,1.0,12.0,0.0,0.2647058823529412,0.2727272727272727,-8.9137392
C[N+](C)(CCC(=O)O)CC(O)CC(F)(F)C(F)(F)C(F)(F)C(F)(F)C(F)(F)C(F)(F)C(F)(F)C(F)(F)C(F)(F)C(F)(F)C(F)(F)C(F)(F)C(F)(F)C(F)(F)C(F)(F)C(F)(F)F,994.3380000000006,10.380299999999997,312.3153827167516,57.53,2.0,2.0,21.0,0.0,0.2325581395348837,0.3,-8.9894285
C[N+](C)(CC(=O)[O-])CC(O)CC(F)(F)C(F)(F)F,279.2049999999999,-0.2387000000000003,100.20625971886804,60.36,1.0,3.0,6.0,0.0,0.1428571428571428,0.175,-5.9119215
CN(C)CC(O)C=C(F)C(F)(F)C(F)(F)C(F)(F)C(F)(F)C(F)(F)C(F)(F)C(F)(F)F,501.2049999999999,5.136400000000003,161.6315872376237,23.47,1.0,2.0,9.0,0.0,0.2307692307692307,0.3055555555555556,-7.1909714
C[N+](C)(CC(=O)[O-])CC(O)C=C(F)C(F)(F)C(F)(F)C(F)(F)C(F)(F)C(F)(F)C(F)(F)C(F)(F)C(F)(F)C(F)(F)C(F)(F)C(F)(F)C(F)(F)C(F)(F)F,859.2830000000005,7.212900000000006,271.70327632674645,60.36,1.0,3.0,17.0,0.0,0.217391304347826,0.3095238095238095,-8.0015383
C[N+](C)(CC(=O)[O-])CC(O)C=C(F)C(F)(F)C(F)(F)C(F)(F)C(F)(F)C(F)(F)C(F)(F)C(F)(F)C(F)(F)C(F)(F)C(F)(F)C(F)(F)C(F)(F)C(F)(F)C(F)(F)C(F)(F)C(F)(F)C(F)(F)F,1059.3110000000006,9.754099999999998,330.4873280077427,60.36,1.0,3.0,21.0,0.0,0.217391304347826,0.3095238095238095,-8.574069
O=S(=O)(O)C(F)(Cl)C(F)(F)C(F)(F)C(F)(F)C(F)(F)C(F)(F)C(F)(F)F,466.574,4.4751,137.17830159209873,54.370000000000005,1.0,2.0,6.0,0.0,0.5833333333333334,0.3703703703703703,-6.0616913
O=S(=O)(O)C(F)(Cl)C(F)(F)C(F)(F)C(F)(F)C(F)(F)C(F)(F)C(F)(F)C(F)(F)C(F)(F)C(F)(F)C(F)(F)C(F)(F)C(F)(F)C(F)(F)F,816.6230000000004,8.922200000000005,240.05039203384223,54.370000000000005,1.0,2.0,13.0,0.0,0.5833333333333334,0.3703703703703703,-7.7159452
O=C(Nc1ccc(N=Nc2ccccc2)c(NC(=O)C(F)(F)C(F)(F)C(F)(F)C(F)(F)C(F)(F)C(F)(F)F)c1)C(F)(F)C(F)(F)C(F)(F)C(F)(F)C(F)(F)C(F)(F)F,904.3400000000006,11.456599999999996,299.7711538149882,82.91999999999999,2.0,4.0,14.0,2.0,0.196078431372549,0.3043478260869565,-8.8560972
O=C(Nc1ccc(N=Nc2ccccc2)cc1)C(F)(F)C(F)(F)C(F)(F)C(F)(F)C(F)(F)C(F)(F)C(F)(F)C(F)(F)Cl,659.7520000000002,9.3192,226.8829711569728,53.82,1.0,3.0,11.0,2.0,0.1489361702127659,0.2619047619047619,-8.1204185
O=C(Nc1ccc(N=Nc2ccccc2)cc1)C(F)(F)C(F)(F)C(F)(F)C(F)(F)C(F)(F)C(F)F,525.293,7.482100000000004,187.18767908959296,53.82,1.0,3.0,9.0,2.0,0.14,0.2444444444444444,-7.7736187
O=C(Nc1ccc(N=Nc2ccccc2)c(NC(=O)C2(F)C(F)(F)C(F)(F)C(F)(F)C(F)(F)C2(F)F)c1)C1(F)C(F)(F)C(F)(F)C(F)(F)C(F)(F)C1(F)F,828.3480000000004,9.775799999999998,281.0973498962249,82.91999999999999,2.0,4.0,6.0,4.0,0.0545454545454545,0.0961538461538461,-8.8585854
O=C(Nc1ccc(N=Nc2ccccc2)cc1)C(F)(F)C(F)(F)F,343.255,5.238100000000002,132.5691628115229,53.82,1.0,3.0,4.0,2.0,0.1395348837209302,0.2307692307692307,-7.0811286
O=S(=O)(NCN1CCOCC1)C(F)(F)C(F)(F)C(F)(F)C(F)(F)C(F)(F)C(F)(F)C(F)(F)C(F)(F)F,598.2750000000001,4.1624000000000025,188.11084407253887,58.64,1.0,4.0,10.0,1.0,0.3421052631578947,0.2195121951219512,-8.0155468
Cc1cc(SC(F)(F)C(F)F)c(C)cc1NC(=O)NC(=O)c1c(F)cccc1F,436.3770000000001,5.493540000000003,165.2172410221669,58.2,2.0,3.0,5.0,2.0,0.0833333333333333,0.1034482758620689,-7.9172583
O=C(C=C(C(F)(F)F)C(F)(F)F)c1ccc(C(=O)C=C(C(F)(F)F)C(F)(F)F)cc1,458.198,6.154000000000004,158.0110872342969,34.14,0.0,2.0,4.0,1.0,0.1470588235294117,0.1875,-7.2024484
O=C(CC(O)(C(F)(F)F)C(F)(F)F)c1ccc(Cl)c([N+](=O)[O-])c1,365.61300000000006,3.676700000000001,128.16132391065867,80.44,1.0,4.0,4.0,1.0,0.1224489795918367,0.1489361702127659,-6.2549124
O=C(C=C(C(F)(F)F)C(F)(F)F)c1cccc(S(=O)(=O)F)c1,350.211,3.578500000000001,118.80767600421714,51.21,0.0,3.0,3.0,1.0,0.1590909090909091,0.1363636363636363,-6.2253628
N#CC(C#N)=Cc1cccc(CC(O)(C(F)(F)F)C(F)(F)F)n1,335.2069999999999,2.9103600000000003,125.45359051612292,80.7,1.0,4.0,3.0,1.0,0.1041666666666666,0.1063829787234042,-5.9481592
CC(C)CC(=O)CC(Cl)(C(F)(F)F)C(F)(F)F,284.62699999999995,4.093900000000002,99.11678868748524,17.07,0.0,1.0,4.0,0.0,0.1666666666666666,0.2058823529411764,-5.694581
Cc1cc(C(CO)(C(F)(F)F)C(F)(F)F)cc(C(CO)(C(F)(F)F)C(F)(F)F)n1,453.223,4.099420000000002,153.51042246951982,53.35,2.0,3.0,4.0,1.0,0.119047619047619,0.1219512195121951,-6.6992898
Cn1c(CC(O)(C(F)(F)F)C(F)(F)F)ccc1CC(O)(C(F)(F)F)C(F)(F)F,441.2120000000001,3.821500000000001,147.70990639618293,45.39,2.0,3.0,4.0,1.0,0.1388888888888889,0.1428571428571428,-6.8222041
COc1nc(C(F)(F)C(F)(F)F)cc(=O)n1-c1cc(C(=O)OC(C)C)c(Cl)cc1F,458.7420000000002,4.252900000000002,169.538972878366,70.42,0.0,6.0,5.0,2.0,0.0923076923076923,0.1111111111111111,-7.8077579
CS(=O)(=O)Nc1ncc(C(F)(F)F)cc1NC(=O)C(F)(F)C(F)(F)F,401.235,2.6080000000000005,133.82206725551134,88.16,2.0,4.0,4.0,1.0,0.16,0.1632653061224489,-6.5184865
CCS(=O)(=O)Nc1ncc(C(F)(F)F)cc1NC(=O)C(F)(F)C(F)(F)F,415.262,2.998100000000001,140.18700936990794,88.16,2.0,4.0,5.0,1.0,0.1538461538461538,0.1568627450980392,-7.0123873
CCOP(=O)(OCC)C(NC(=O)OCc1ccccc1)(C(F)(F)F)C(F)(F)F,437.273,4.999800000000003,156.22405495514417,73.86,1.0,5.0,8.0,1.0,0.1153846153846153,0.1632653061224489,-7.8332038
C[N+](C)(CCCCC(=O)[O-])CCCC(F)(F)C(F)(F)C(F)(F)C(F)(F)C(F)(F)C(F)(F)C(F)(F)C(F)(F)F,605.3290000000002,5.772600000000004,202.68292983135632,40.13,0.0,2.0,15.0,0.0,0.238095238095238,0.275,-8.4003897
O=C(CI)Nc1ccc(C(C(F)(F)F)(C(F)(F)F)C(F)(F)F)cc1,479.08,4.984800000000001,142.08409683690812,29.1,1.0,1.0,3.0,1.0,0.1463414634146341,0.1794871794871795,-6.2570481
FC(F)(F)C(F)(F)Oc1ccccc1,212.11700000000005,3.2205000000000013,76.10250959242823,9.23,0.0,1.0,2.0,1.0,0.1212121212121212,0.1612903225806451,-5.0293989
OC(c1ccc(Oc2ccc(C(O)(C(F)(F)F)C(F)(F)F)cc2)cc1)(C(F)(F)F)C(F)(F)F,502.2509999999999,6.103300000000004,175.3665875809544,49.69,2.0,3.0,4.0,2.0,0.1470588235294117,0.1515151515151515,-7.7605162
CC(=O)OC(F)(F)OC(F)(F)F,194.055,1.6362,63.05036694470808,35.53,0.0,3.0,2.0,0.0,0.15625,0.2,-4.7249455
FC(F)(F)N(C(F)(F)F)C(F)(F)C(F)(F)Br,331.93499999999995,3.9085,89.11681267612644,3.24,0.0,1.0,2.0,0.0,0.1034482758620689,0.1071428571428571,-5.0306587
Fc1c(F)c(F)c2c(c1F)C(F)(F)C(F)(F)C(F)(F)C2(F)F,348.086,4.710800000000001,111.87176525866896,0.0,0.0,0.0,0.0,2.0,0.032258064516129,0.0333333333333333,-5.5026646
NC1=NC(C(F)(F)F)(C(F)(F)F)NC1(C(F)(F)F)C(F)(F)F,357.098,2.6311,111.69457276227566,50.41,2.0,3.0,0.0,1.0,0.0833333333333333,0.0857142857142857,-5.7542105
FC(F)OC(F)(F)C(Cl)Cl,200.94600000000003,2.6221000000000005,63.85135455159793,9.23,0.0,1.0,3.0,0.0,0.0967741935483871,0.1,-4.5217195
FC(F)(F)C1(C(F)(F)F)C(F)(F)C(F)(F)C(F)(F)C(F)(F)C1(F)F,400.0559999999999,5.287500000000001,118.93658112189632,0.0,0.0,0.0,0.0,1.0,0.1111111111111111,0.1153846153846153,-4.902082
OCCNCCC(F)(F)C(F)(F)C(F)(F)C(F)(F)C(F)(F)C(F)(F)C(F)(F)C(F)(F)F,507.184,4.967800000000001,159.91181207174228,32.26,2.0,2.0,11.0,0.0,0.2727272727272727,0.28125,-6.978857
NCC(F)(F)C(F)(F)C(F)(F)C(F)(F)C(F)(F)C(F)(F)C(F)(F)F,399.0969999999999,4.3192,121.11676756951202,26.02,1.0,1.0,6.0,0.0,0.3076923076923077,0.32,-5.5994182
O=C(O)C(F)(F)C(F)(F)C(F)(F)C(F)(F)C(F)(F)C(F)(F)C(F)(F)C(F)(F)C(=O)O,490.09,4.238,150.5838082086983,74.6,2.0,2.0,9.0,0.0,0.28,0.8235294117647058,-6.3819008
C=CC(=O)OCC(F)(F)C(F)(F)C(F)(F)C(F)(F)F,304.10799999999995,3.1838000000000006,99.3691287523083,26.3,0.0,2.0,5.0,0.0,0.2571428571428571,0.303030303030303,-5.659008
CCC12COC(C(F)(F)C(F)(F)C(F)(F)F)(OC1)OC2,312.18100000000004,2.946500000000001,108.51145125934484,27.69,0.0,3.0,3.0,3.0,0.1621621621621621,0.1666666666666666,-5.9773736
O=C(Nc1ccccc1)C(F)(F)C(F)(F)C(F)(F)F,289.1499999999999,3.458000000000001,101.76130368121883,29.1,1.0,1.0,3.0,1.0,0.2222222222222222,0.34375,-5.4523683
O=S(=O)(N(CCO)CCO)C(F)(F)C(F)(F)C(F)(F)C(F)(F)F,387.22,1.0284999999999995,122.89274152195236,77.84,2.0,4.0,8.0,0.0,0.4333333333333333,0.2727272727272727,-6.369453
O=C(O)CCC(F)(F)C(F)(F)C(F)(F)C(F)(F)C(F)(F)C(F)(F)C(F)(F)C(F)(F)F,492.125,5.8606000000000025,152.15852987378136,37.3,1.0,1.0,9.0,0.0,0.3333333333333333,0.4444444444444444,-6.7450237
FC(F)(F)C(F)(C(F)(F)F)C(F)(F)F,238.024,3.3816,69.48943140028172,0.0,0.0,0.0,0.0,0.0,0.1904761904761904,0.2,-4.2064919
O=C(C=C(C(F)(F)F)C(F)(F)F)c1ccco1,258.117,3.513300000000001,90.51557444097377,30.21,0.0,2.0,2.0,1.0,0.1219512195121951,0.1538461538461538,-5.333179
CCO[Si](CCCNC(=O)C(F)(F)C(F)(F)C(F)(F)C(F)(F)C(F)(F)C(F)(F)C(F)(F)F)(OCC)OCC,617.4219999999998,5.915200000000004,205.8643487063431,56.790000000000006,1.0,4.0,16.0,0.0,0.2325581395348837,0.3333333333333333,-9.1294308
O=C(O)C(F)(F)C(F)(F)C(F)(F)C(F)F,246.053,2.242,76.47905856106564,37.3,1.0,1.0,4.0,0.0,0.1935483870967742,0.5,-4.756372
CC(C)(N)c1ccc(C(F)(F)C(F)(F)c2ccccc2)cc1,311.32199999999995,4.764200000000003,126.31524020626172,26.02,1.0,1.0,4.0,2.0,0.081081081081081,0.1142857142857142,-6.8546572
C=C(C)C(=O)OCC(F)(F)C(F)F,200.131,2.0061,72.17650962328052,26.3,0.0,2.0,4.0,0.0,0.1282051282051282,0.1621621621621621,-5.0181913
FC(F)(F)C(F)(F)C(F)(C(F)(C(F)(F)F)C(F)(F)F)C(F)(C(F)(F)F)C(F)(F)F,488.059,6.558100000000003,142.96949600152712,0.0,0.0,0.0,3.0,0.0,0.2608695652173913,0.2727272727272727,-5.4415812
C=CC(=O)OCCC(F)(F)C(F)(F)C(F)(F)C(F)(F)C(F)(F)C(F)(F)C(F)(F)C(F)(F)C(F)(C(F)(F)F)C(F)(F)F,668.1840000000002,8.021000000000004,208.6061613084485,26.3,0.0,2.0,12.0,0.0,0.1951219512195122,0.2307692307692307,-8.2345371
FC(F)(F)C(F)(F)C(F)(F)c1nnc(-c2ccccc2)o1,314.16,4.026000000000002,111.94415028360906,38.92,0.0,3.0,3.0,2.0,0.1463414634146341,0.1794871794871795,-5.9826813
O=P(O)(OCCC(F)(F)C(F)(F)C(F)(F)C(F)(F)C(F)(F)C(F)(F)C(F)(F)C(F)(F)C(F)(F)C(F)(F)C(F)(F)C(F)(F)F)OCCC(F)(F)C(F)(F)C(F)(F)C(F)(F)C(F)(F)C(F)(F)C(F)(F)C(F)(F)C(F)(F)C(F)(F)C(F)(F)C(F)(F)F,1390.2500000000011,17.0014,415.4403931485344,55.760000000000005,1.0,3.0,28.0,0.0,0.2941176470588235,0.303030303030303,-9.3552132
FC(F)C(F)(F)COC(F)(F)C(F)C(F)(F)F,282.07699999999994,3.3966000000000003,87.3328608585818,9.23,0.0,1.0,5.0,0.0,0.0833333333333333,0.0857142857142857,-5.1654072
COC(O)(C(F)(F)F)C(F)(F)F,198.062,1.446,62.73506877027968,29.46,1.0,2.0,1.0,0.0,0.1851851851851851,0.1923076923076923,-4.5122085
O=C(F)C(F)(F)C(F)(F)C(F)(F)C(=O)F,244.03699999999995,1.8845,75.84634690891339,34.14,0.0,2.0,4.0,0.0,0.24,0.3636363636363636,-4.7654161
O=C(c1nnc2c(-c3ccccc3)cnn2c1-c1ccc(F)cc1)C(F)(F)C(F)(F)F,436.31500000000005,4.977700000000001,169.50916386727738,60.150000000000006,0.0,5.0,4.0,4.0,0.1034482758620689,0.1666666666666666,-7.5889258
O=NN(CCCl)C(=O)NC1C(F)(F)C(F)(F)C(F)(F)C(F)(F)C1(F)F,413.599,3.4769000000000005,135.7476630039378,61.77,1.0,3.0,4.0,1.0,0.0851063829787234,0.1111111111111111,-6.1763287
O=C(Nc1ccc(-c2ccccc2)cc1)C(F)(F)C(F)(F)C(F)(F)F,365.248,5.125000000000002,136.81839788728286,29.1,1.0,1.0,4.0,2.0,0.2,0.3055555555555556,-6.5890083
O=C(O)C(F)(F)C(F)(F)C(F)(F)C(F)(F)C(F)(F)C(F)(F)C(F)(F)C(F)F,446.081,4.783200000000001,135.2631102420619,37.3,1.0,1.0,8.0,0.0,0.21875,0.5833333333333334,-5.9633999
CCOC(=C=C(C(F)(F)F)C(F)(F)F)OCC,264.165,3.5507000000000017,93.49988475520507,18.46,0.0,2.0,4.0,0.0,0.1142857142857142,0.1176470588235294,-5.8069119
FC(F)(F)C(F)(F)C(F)(F)C(F)(F)C(F)(F)C(F)(F)CC[Si](Cl)(Cl)Cl,481.539,6.770600000000001,144.85267160498256,0.0,0.0,0.0,7.0,0.0,0.2580645161290322,0.2666666666666666,-6.5776219
C=CCOC(F)(F)C(F)(F)Cl,192.539,2.6134000000000004,65.58836952132522,9.23,0.0,1.0,4.0,0.0,0.0857142857142857,0.1212121212121212,-4.7777548
C=COC(=O)C(F)(F)C(F)(F)Cl,206.522,2.140000000000001,69.74989162136899,26.3,0.0,2.0,3.0,0.0,0.1764705882352941,0.21875,-4.8799462
FC(F)(F)C(F)(F)C(F)(C(F)(F)F)C(F)(F)C(F)(F)F,338.03799999999995,4.652200000000001,98.88145724077988,0.0,0.0,0.0,2.0,0.0,0.2727272727272727,0.2857142857142857,-5.0659204
C#CCN(CC)S(=O)(=O)C(F)(F)C(F)(F)C(F)(F)C(F)(F)C(F)(F)C(F)(F)C(F)(F)C(F)(F)F,565.2450000000001,5.238200000000003,177.45249320481253,37.38,0.0,2.0,10.0,0.0,0.3611111111111111,0.2307692307692307,-7.6277747
FC(F)(F)C(F)(F)C(F)(F)c1nc(C(F)(F)C(F)(F)C(F)(F)F)nc(C(F)(F)C(F)(F)C(F)(F)F)n1,585.1110000000001,6.739800000000003,179.8510695533569,38.67,0.0,3.0,6.0,1.0,0.2222222222222222,0.2307692307692307,-6.9744081
CC/C(C)=N/O[Si](CCCOC(F)(F)C(F)F)(O/N=C(\C)CC)O/N=C(\C)CC,445.5300000000002,5.597400000000006,169.99370317602393,74.0,0.0,7.0,15.0,0.0,0.1063829787234042,0.0851063829787234,-8.8795929
C[Si](C)(C)O[Si](Cl)(CCC(F)(F)C(F)(F)C(F)(F)C(F)(F)C(F)(F)C(F)(F)F)O[Si](C)(C)C,589.0129999999998,7.996000000000007,188.50745116145745,18.46,0.0,2.0,11.0,0.0,0.2105263157894736,0.2162162162162162,-9.0189161
C=CC(=O)OCC(COC(=O)C=C)(COC(=O)C=C)CO[Si](C)(C)CCC(F)(F)C(F)(F)C(F)(F)C(F)(F)C(F)(F)C(F)(F)F,702.5330000000006,6.511000000000005,247.659133792884,88.13000000000001,0.0,7.0,19.0,0.0,0.2083333333333333,0.2391304347826087,-9.4925213
O=S(=O)(F)C(F)(F)C(F)(F)C(F)(F)C(F)(F)C(F)(F)C(F)(F)C(F)(F)C(F)(F)F,502.117,5.252600000000001,145.19437850567198,34.14,0.0,2.0,7.0,0.0,0.5909090909090909,0.36,-6.2332282
CC(S)=CC(=O)C(F)(F)C(F)(F)C(F)(F)C(F)F,302.1859999999999,3.5601000000000003,101.2451147832769,17.07,1.0,2.0,5.0,0.0,0.1538461538461538,0.2222222222222222,-5.6584334
CC(C)(C)C(=O)C=C(O)C(F)(F)C(F)(F)C(F)(F)F,296.1819999999999,3.876400000000002,103.44863069793816,37.3,1.0,2.0,3.0,0.0,0.2352941176470588,0.3666666666666666,-5.927433
Cc1nc(=O)c(F)c(C(F)(F)C(F)(F)F)[nH]1,246.11,1.87152,84.12025994218098,45.75,1.0,2.0,1.0,1.0,0.125,0.1282051282051282,-5.1121902
CC(C)CC(=O)CC(=O)C(F)(F)C(F)(F)C(F)(F)F,296.1819999999999,3.3937000000000017,103.50552207797016,34.14,0.0,2.0,6.0,0.0,0.2222222222222222,0.303030303030303,-6.1695352
CCCCC(=O)C(F)(F)C(F)(F)F,204.13799999999995,2.9433000000000016,71.91810282888413,17.07,0.0,1.0,4.0,0.0,0.1818181818181818,0.2666666666666666,-4.9945593
FC(F)(F)C(F)(F)c1nc(C(F)(F)C(F)(F)C(F)(F)c2noc(C(F)(F)C(F)(F)F)n2)no1,524.1150000000001,5.279900000000001,166.06162163663532,77.84,0.0,6.0,6.0,2.0,0.1388888888888889,0.1428571428571428,-7.1933603
COC(=N)C(F)(F)C(F)(F)C(F)(F)F,227.07899999999995,2.44297,73.1566635346713,33.08,1.0,2.0,2.0,0.0,0.2333333333333333,0.2857142857142857,-4.7415071
NCC(O)C(F)(F)C(F)(F)C(F)(F)F,229.095,1.1389,73.49189175510836,46.25,2.0,2.0,3.0,0.0,0.2333333333333333,0.2413793103448276,-4.67591
CCCC1=C(CCC)C(F)(F)C1(F)F,210.214,4.167400000000002,80.99043748339047,0.0,0.0,0.0,4.0,1.0,0.03125,0.032258064516129,-5.5035648
CCOP(=O)(OCC)C(I)CC(F)(F)C(F)(F)C(F)(F)C(F)(F)C(F)(F)C(F)(F)C(F)(F)F,660.0920000000003,7.777800000000005,188.5534564408876,35.53,0.0,3.0,12.0,0.0,0.225,0.2307692307692307,-8.1048841
O=[N+]([O-])c1cccc(C(O)(C(F)(F)F)C(F)(F)F)c1,289.1309999999999,2.907,100.96665135494,63.370000000000005,1.0,3.0,2.0,1.0,0.1463414634146341,0.15,-5.7710543
O=S(=O)(O)C(F)(F)C(F)(F)C(F)(F)C(F)(F)F,300.0979999999999,2.2999,86.95253200739612,54.370000000000005,1.0,2.0,3.0,0.0,0.9444444444444444,0.36,-4.8553643
O=C(O)CSC(CC(=O)O)C(F)(F)C(F)(F)C(F)(F)F,332.193,2.4803999999999995,110.48721537893424,74.6,2.0,3.0,7.0,0.0,0.2162162162162162,0.2941176470588235,-6.0622854
CC(C(Nc1ccc(C(=O)O)cc1)C(F)(F)C(F)(F)C(F)(F)F)[N+](=O)[O-],392.227,3.663400000000002,140.30333949910445,92.47,2.0,4.0,7.0,1.0,0.16,0.2127659574468085,-6.9109836
Cc1ccc(C(=O)C=C(C(F)(F)F)C(F)(F)F)cc1,282.18299999999994,4.228720000000002,104.08618729129353,17.07,0.0,1.0,2.0,1.0,0.1282051282051282,0.1621621621621621,-5.702682
COc1ccccc1C(=O)C=C(C(F)(F)F)C(F)(F)F,298.1819999999999,3.9289000000000014,109.1997325208004,26.3,0.0,2.0,3.0,1.0,0.1136363636363636,0.1428571428571428,-5.8280611
O=[N+]([O-])c1ccc(C(O)CC(O)(C(F)(F)F)C(F)(F)F)cc1,333.1839999999999,2.874000000000001,118.49076933592924,83.60000000000001,2.0,4.0,4.0,1.0,0.1363636363636363,0.1395348837209302,-6.1001678
O=C(C=C(C(F)(F)F)C(F)(F)F)c1cc(Cl)ccc1Cl,337.04600000000005,5.227100000000001,118.32777763066028,17.07,0.0,1.0,2.0,1.0,0.1162790697674418,0.1463414634146341,-5.7242508
CCCC(C(O)c1ccc(OC)cc1)C(O)(C(F)(F)F)C(F)(F)F,360.2939999999999,4.000600000000003,134.41110730052273,49.69,2.0,3.0,6.0,1.0,0.1276595744680851,0.1304347826086956,-6.6543226
CC(=O)Oc1ccc(C(F)(F)C(F)(F)C(F)(F)c2ccc(OC(C)=O)cc2)cc1,420.3050000000001,5.056300000000004,160.5864392029959,52.6,0.0,4.0,6.0,2.0,0.1578947368421052,0.1944444444444444,-7.8359752
Cc1ccc(S(=O)(=O)OCC(F)(F)C(F)(F)C(F)(F)C(F)(F)C(F)(F)C(F)(F)C(F)(F)F)cc1,554.271,6.074420000000003,179.1468606803114,43.370000000000005,0.0,3.0,9.0,1.0,0.275,0.2195121951219512,-7.0911908
O=[N+]([O-])CC(O)C(F)(F)C(F)(F)C(F)(F)F,259.07699999999994,1.4569,82.80497678059544,63.370000000000005,1.0,3.0,4.0,0.0,0.2352941176470588,0.2424242424242424,-5.2131934
O=c1[nH]c(=O)n(C2OC(CO)C(O)C2O)cc1CC(F)(F)C(F)(F)F,376.234,-1.1117999999999997,134.64134403044255,124.78000000000002,4.0,7.0,4.0,2.0,0.1071428571428571,0.109090909090909,-6.8462977
O=S(=O)(C(Br)S(=O)(=O)C(F)(F)C(F)(F)C(F)(F)C(F)(F)F)C(F)(F)C(F)(F)C(F)(F)C(F)(F)F,659.1050000000002,5.345900000000001,181.7567695648892,68.28,0.0,4.0,8.0,0.0,0.4615384615384615,0.2758620689655172,-6.6373339
O=S(=O)(Cl)C(F)(F)C(F)(F)F,218.53,1.7101000000000002,62.36433801872143,34.14,0.0,2.0,1.0,0.0,0.3333333333333333,0.1923076923076923,-4.3084922
Cc1ccc(I)c(C(O)(C(F)(F)F)C(F)(F)F)c1,384.057,3.911820000000001,111.94045586788044,20.23,1.0,1.0,1.0,1.0,0.1282051282051282,0.131578947368421,-5.8115296
COC(c1cc(C(O)(C(F)(F)F)C(F)(F)F)cc(C(OC)(C(F)(F)F)C(F)(F)F)c1)(C(F)(F)F)C(F)(F)F,604.2280000000002,6.9314000000000044,197.44672784174168,38.69,1.0,3.0,5.0,1.0,0.1351351351351351,0.1388888888888889,-7.1116948
FC1(F)C(Cl)=[C]([Hg][C]2=C(Cl)C(F)(F)C(F)(F)C(F)(F)C2(F)F)C(F)(F)C(F)(F)C1(F)F,719.5960000000003,7.079300000000004,181.17264394775668,0.0,0.0,0.0,2.0,2.0,0.0285714285714285,0.0294117647058823,-6.5558662
NCC(F)(F)C(F)(F)C(F)(F)CN,210.12099999999995,0.8097000000000001,69.87201329699882,52.04,2.0,2.0,4.0,0.0,0.1538461538461538,0.16,-4.740788
CCOC(=O)C(F)(F)C(F)(F)C(F)(F)C(F)(F)F,292.0969999999999,3.0177000000000005,93.69378967009597,26.3,0.0,2.0,4.0,0.0,0.28125,0.4285714285714285,-5.4534698
FC(F)(I)C(F)(F)C(F)(F)C(F)(F)C(F)(F)C(F)(F)C(F)(F)C(F)(F)I,653.864,6.853800000000002,158.46608851751282,0.0,0.0,0.0,7.0,0.0,0.217391304347826,0.2272727272727272,-6.3816309
OCC(F)(F)C(F)(F)C(F)(F)C(F)(F)C(F)(F)C(F)(F)C(F)(F)C(F)(F)C(F)(F)C(F)(F)C(F)(F)C(F)F,632.1260000000002,7.232100000000005,189.8856398230145,20.23,1.0,1.0,12.0,0.0,0.1875,0.1935483870967742,-6.9307718
O=C(Nc1cccc2ccccc12)C(F)(F)C(F)(F)F,289.2029999999999,3.975900000000001,109.74695529270495,29.1,1.0,1.0,2.0,2.0,0.1428571428571428,0.2051282051282051,-6.1673923
O=C(O)c1cccc(OC(F)(F)C(F)F)c1,238.136,2.6215,87.25767215613838,46.53,1.0,2.0,4.0,1.0,0.1162790697674418,0.175,-5.2692752
Cc1cc(C)c(C(=O)OCC(F)(F)C(F)(F)C(F)(F)C(F)F)c(C)c1,378.259,4.939660000000003,137.31523270202695,26.3,0.0,2.0,6.0,1.0,0.125,0.1521739130434782,-6.809021
O=C(NC(=O)c1c(F)cccc1F)Nc1cc(Cl)c(OC(F)(F)C(F)C(F)(F)F)cc1Cl,511.152,6.105500000000001,182.78033737152776,67.43,2.0,3.0,5.0,2.0,0.081967213114754,0.1016949152542373,-8.0281124
FC(F)(F)C1(C(F)(F)F)C=CC2C=CC21,228.135,3.469400000000001,81.26113198913283,0.0,0.0,0.0,0.0,2.0,0.0857142857142857,0.088235294117647,-5.2578964
FC(F)(F)C(c1ccccc1)(C(F)(F)F)C(F)(F)F,296.13199999999995,4.6113,100.3809902034195,0.0,0.0,0.0,1.0,1.0,0.1333333333333333,0.1785714285714285,-5.1403093
Fc1ccc(C(C(F)(F)F)(C(F)(F)F)C(F)(F)F)cc1,314.122,4.750400000000001,104.54652560634575,0.0,0.0,0.0,1.0,1.0,0.1290322580645161,0.1333333333333333,-5.5053134
CNc1ccc(C(O)(C(F)(F)F)C(F)(F)F)cc1,273.176,3.0405000000000006,98.22847993044486,32.26,2.0,2.0,2.0,1.0,0.1388888888888889,0.1428571428571428,-5.4017978
OCC(F)(F)C(F)(F)C(F)(F)C(F)(F)C(F)(F)C(F)(F)C(F)(F)C(F)(F)CO,462.124,4.053400000000002,142.26076400861078,40.46,2.0,2.0,9.0,0.0,0.24,0.25,-6.3921475
O=C(CCCCC(=O)OCC(I)CC(F)(F)C(F)(F)C(F)(F)C(F)(F)C(F)(F)C(F)(F)C(F)(F)C(F)(F)F)OCC(I)CC(F)(F)C(F)(F)C(F)(F)C(F)(F)C(F)(F)C(F)(F)C(F)(F)C(F)(F)F,1318.1880000000008,14.039399999999988,379.29470271721846,52.60000000000001,0.0,4.0,25.0,0.0,0.2439024390243902,0.282051282051282,-9.4568262
CC(C(=O)F)(C(F)(F)F)C(F)(F)F,212.064,2.6134000000000004,67.5192894059434,17.07,0.0,1.0,1.0,0.0,0.2222222222222222,0.28,-4.4435897
FC(F)(F)C(F)(F)C(F)(F)C(F)(F)CCBr,326.9839999999999,4.2396,91.92132783179004,0.0,0.0,0.0,4.0,0.0,0.25,0.2592592592592592,-5.2652407
FC(F)(Cl)C(F)(F)C(F)(F)C(F)(F)C(F)(F)C(F)(F)I,462.399,5.3870000000000005,120.11549078285272,0.0,0.0,0.0,5.0,0.0,0.1851851851851851,0.1923076923076923,-5.6484289
FC1(F)C(F)(F)C(F)(F)C(F)(Cl)C(F)(F)C1(F)F,316.497,4.0811,95.6822861053536,0.0,0.0,0.0,0.0,1.0,0.037037037037037,0.0384615384615384,-4.4835119
Cc1[nH]nc(C(F)(F)C(F)(F)C(F)(F)C(F)(F)C(F)(F)F)c1Cl,384.576,4.931520000000001,124.1424734353124,28.68,1.0,1.0,4.0,1.0,0.2162162162162162,0.2222222222222222,-6.0103049
FC1(F)CC(Cl)C1(F)F,162.51299999999998,2.2681000000000004,53.79365405607676,0.0,0.0,0.0,0.0,1.0,0.03125,0.032258064516129,-4.0353003
COC(=O)C(F)(F)C(F)(F)C(F)(F)C(F)(F)C(F)(F)C(F)(F)C(=O)OC,418.13000000000005,3.144200000000001,134.5602895516151,52.60000000000001,0.0,4.0,7.0,0.0,0.2413793103448276,0.4,-6.424439
FC(F)(F)C(F)(F)P(Cl)Cl,220.892,3.930999999999999,63.62269731172202,0.0,0.0,0.0,1.0,0.0,0.1538461538461538,0.16,-4.2016778
COc1ccc(C(=O)C(F)(F)C(F)(F)F)cc1,254.154,3.0755000000000017,92.99391592126524,26.3,0.0,2.0,3.0,1.0,0.1578947368421052,0.2285714285714285,-5.3900733
O=C(O)C(F)(F)OC(F)(F)C(F)(F)OC(F)(F)C(F)(F)OC(F)(F)C(F)(F)C(F)(F)C(F)(F)F,562.0750000000002,5.510500000000001,169.46529425375786,64.99000000000001,1.0,4.0,11.0,0.0,0.28125,0.4285714285714285,-7.0983481
COC(=O)C(F)(F)C(F)(F)C(F)(F)C(F)(F)C(F)(F)C(F)(F)C(F)(F)C(F)(F)C(F)(F)C(F)(F)C(F)(F)C(F)(F)C(F)(F)F,728.1330000000003,8.345300000000003,219.592963837941,26.3,0.0,2.0,12.0,0.0,0.3448275862068966,0.52,-7.3142266
CCCCCCC(F)(F)C(F)(F)Br,265.088,4.579800000000002,83.8235350459521,0.0,0.0,0.0,6.0,0.0,0.0857142857142857,0.088235294117647,-5.2918458
FC(F)=C(F)C(F)(F)C(F)F,182.038,2.9644000000000004,56.30322215931877,0.0,0.0,0.0,2.0,0.0,0.1379310344827586,0.1428571428571428,-4.1970601
CCO[Si](CCCOC(F)(C(F)(F)F)C(F)(F)F)(OCC)OCC,390.3680000000001,4.231900000000003,136.11751585680528,36.92,0.0,4.0,11.0,0.0,0.1282051282051282,0.1025641025641025,-8.0591097
O=NC(F)(C(F)(F)F)C(F)(F)F,199.025,2.5432,60.32261506133689,29.43,0.0,2.0,1.0,0.0,0.2,0.2083333333333333,-4.1441598
CC(O)C(F)(F)C(F)C(F)(F)F,196.09,1.9029,63.98646565516941,20.23,1.0,1.0,2.0,0.0,0.1290322580645161,0.1333333333333333,-4.6492596
C=CC(F)(C(F)(F)F)C(F)(F)C(F)(F)F,246.07199999999995,3.6406,77.36417719396445,0.0,0.0,0.0,2.0,0.0,0.2222222222222222,0.2307692307692307,-4.9329314
COC(=O)C(F)(F)C(F)(F)C(F)(F)C(F)F,260.08,2.3304,83.16331215277312,26.3,0.0,2.0,4.0,0.0,0.1714285714285714,0.25,-5.1265912
COC(=O)C(F)(C(F)(F)F)C(F)(F)F,228.063,1.9923,72.63283463545027,26.3,0.0,2.0,1.0,0.0,0.2068965517241379,0.2592592592592592,-4.6299973
O=[N+]([O-])C=CC(F)(F)C(F)(F)C(F)(F)C(F)(F)F,291.069,3.245,92.01715291646424,43.14,0.0,2.0,4.0,0.0,0.25,0.2580645161290322,-5.4467068
CC1CC(C(=O)O)(C(=O)O)CC1CC(F)(F)C(F)(F)C(F)(F)C(F)(F)F,404.2249999999999,4.046400000000002,139.51405557787527,74.6,2.0,2.0,6.0,1.0,0.2142857142857142,0.282051282051282,-6.8912272
Cc1ccc(S(=O)(=O)OCC(F)(F)C(F)(F)C(F)(F)C(F)F)cc1,386.25999999999993,3.8713200000000025,130.89328651663797,43.370000000000005,0.0,3.0,7.0,1.0,0.1521739130434782,0.1063829787234042,-6.6203666
O=S(=O)(O)C(F)(F)C(F)(F)OC(F)(F)C(F)(F)F,316.0969999999999,2.2315,92.06607723690298,63.60000000000001,1.0,3.0,4.0,0.0,0.4615384615384615,0.1935483870967742,-5.1460481
OC(O)C(F)(F)C(F)(F)C(F)(F)C(F)(F)C(F)(F)C(F)F,348.0829999999999,2.7387,106.50379605371604,40.46,2.0,2.0,6.0,0.0,0.2068965517241379,0.2142857142857142,-5.3938818
FC(F)C(F)(F)C(F)(F)C(F)(F)C(F)(F)C(F)(F)COCC1CO1,388.14800000000014,3.8434000000000017,125.23141419799836,21.76,0.0,2.0,9.0,1.0,0.1136363636363636,0.1162790697674418,-6.5445352
OCCCCCCC(F)(F)C(F)(F)C(F)(F)C(F)(F)C(F)(F)C(F)(F)F,420.209,5.668000000000004,137.69980827642928,20.23,1.0,1.0,10.0,0.0,0.2903225806451613,0.3,-6.8239393
FC(F)(F)C1(I)C(F)(F)C(F)(F)C(F)(F)C1(F)F,407.948,4.2773,104.64085799951556,0.0,0.0,0.0,0.0,1.0,0.1034482758620689,0.1071428571428571,-4.9500871
C=C(C)C(=O)OCCC(F)(F)C(F)(F)C(F)(C(F)(F)F)C(F)(F)F,382.1689999999999,4.599300000000001,126.7950259013506,26.3,0.0,2.0,6.0,0.0,0.1707317073170731,0.2051282051282051,-6.3030286
C=CC(=O)OCCC(F)(F)C(F)(F)C(F)(F)C(F)(F)C(F)(C(F)(F)F)C(F)(F)F,468.156,5.479800000000002,149.82210962745214,26.3,0.0,2.0,8.0,0.0,0.1951219512195122,0.2307692307692307,-6.757854
OCCC(F)(F)C(F)(F)C(F)(F)C(F)(F)C(F)(C(F)(F)F)C(F)(F)F,414.108,4.7429000000000014,126.93605273909196,20.23,1.0,1.0,6.0,0.0,0.2258064516129032,0.2333333333333333,-6.1782207
O=S1(=O)OC(F)(F)C1(F)C(F)(F)F,230.08499999999995,1.1673,67.40446400800244,43.370000000000005,0.0,3.0,0.0,1.0,0.1212121212121212,0.125,-4.4910631
NCC(F)(F)C(F)(F)C(F)(F)C(F)(F)C(F)(F)C(F)(F)C(F)(F)C(F)(F)F,449.1039999999999,4.9545,135.8127804897611,26.02,1.0,1.0,7.0,0.0,0.3076923076923077,0.32,-5.9602432
C=CC(=O)OCC(O)CC(F)(F)C(F)(F)C(F)(F)C(F)(F)C(F)(F)C(F)(F)C(F)(F)C(F)(F)F,548.189,5.476000000000003,175.67729841429383,46.53,1.0,3.0,11.0,0.0,0.2439024390243902,0.282051282051282,-7.7684784
FC(F)(F)C(C(F)(F)F)(C(F)(F)F)C(C(F)(F)F)(C(F)(F)F)C(F)(F)F,438.0519999999999,6.333000000000002,128.27348308127802,0.0,0.0,0.0,1.0,0.0,0.1904761904761904,0.2,-4.5569491
O=C(OCC(F)(F)C(F)F)C(F)(F)F,228.063,1.9923,72.63283463545027,26.3,0.0,2.0,3.0,0.0,0.1428571428571428,0.1818181818181818,-5.0093627
C=Cc1ccc(COC(=O)C(F)(F)C(F)(F)C(F)(F)C(F)(F)C(F)(F)C(F)(F)C(F)(F)F)cc1,530.227,6.746900000000004,178.5142617191195,26.3,0.0,2.0,9.0,1.0,0.2272727272727272,0.325,-7.8090544
O=S(=O)(F)C(F)(F)C(F)(F)OC(F)(F)C(F)(F)S(=O)(=O)F,382.153,1.9728,108.44476747857652,77.51,0.0,5.0,6.0,0.0,0.2592592592592592,0.1379310344827586,-5.3605289
FC(C(F)(F)F)C(F)(F)OCC(F)(F)C(F)(F)F,300.06699999999995,3.6938,91.49839626150803,9.23,0.0,1.0,4.0,0.0,0.1142857142857142,0.1176470588235294,-5.3416514
OCC(F)(F)OC(F)(F)C(F)(F)OC(F)(F)C(F)(F)C(F)(F)C(F)(F)F,432.079,4.216,130.79820108370905,38.69,1.0,3.0,8.0,0.0,0.25,0.2580645161290322,-6.2952733
O=C(O)C(F)(F)OC(F)(F)C(F)(F)OC(F)(F)C(F)(F)C(F)(F)C(F)(F)F,446.062,4.3083,134.95972318375283,55.760000000000005,1.0,3.0,8.0,0.0,0.28125,0.4285714285714285,-6.4153938
C=C(C)C(=O)OCC(O)CC(F)(F)C(F)(F)C(F)(F)C(F)(F)F,362.18799999999993,3.3249000000000013,123.25818884769411,46.53,1.0,3.0,7.0,0.0,0.2142857142857142,0.25,-6.4152522
O=C(CC(O)C(F)(F)C(F)(F)C(F)(F)C(F)F)c1ccccc1,350.20500000000004,3.7913000000000014,124.2660369959229,37.3,1.0,2.0,7.0,1.0,0.1363636363636363,0.1951219512195122,-6.3006239
FC(F)(F)C(F)(F)CNCC(F)(F)C(F)(F)F,281.093,2.9712000000000005,87.76917781268297,12.03,1.0,1.0,4.0,0.0,0.1481481481481481,0.1538461538461538,-5.231719
Cc1ccc(S(=O)(=O)OCC(F)(F)C(F)(F)C(F)(F)C(F)(F)F)cc1,404.25,4.168520000000002,135.0588219195642,43.370000000000005,0.0,3.0,6.0,1.0,0.25,0.1951219512195122,-6.7015882
CC(C)(C)OC(F)(F)C(F)F,174.137,2.6594000000000007,62.33964844102441,9.23,0.0,1.0,2.0,0.0,0.0967741935483871,0.1,-4.9003162
FC(F)C(F)(F)C(F)(F)C(F)(F)C(F)(F)C(F)(F)Cl,336.503,4.6243,100.85365266180906,0.0,0.0,0.0,5.0,0.0,0.1724137931034483,0.1785714285714285,-5.3393788
OCCC(F)(F)C(F)(F)C(F)(F)F,214.08,2.2017,68.15200105809564,20.23,1.0,1.0,3.0,0.0,0.2592592592592592,0.2692307692307692,-4.5995655
O=C(CC(=O)C(F)(F)C(F)(F)C(F)(F)C(F)(F)C(F)(F)C(F)(F)F)c1ccccc1,466.193,5.567300000000002,157.19088658719497,34.14,0.0,2.0,8.0,1.0,0.2631578947368421,0.4242424242424242,-7.1584649
CCOC(=O)C(F)(OC(F)(F)C(F)(F)C(F)(F)F)C(F)(F)F,358.10299999999995,3.584600000000001,113.5033478198519,35.53,0.0,3.0,5.0,0.0,0.2162162162162162,0.2571428571428571,-5.887362
OCCCC(F)(F)C(F)(F)C(F)(F)C(F)(F)C(F)(F)C(F)(F)C(F)(F)F,428.135,5.133000000000002,133.30099485348853,20.23,1.0,1.0,8.0,0.0,0.3103448275862069,0.3214285714285714,-6.2521887
CCCCCCCCC(F)(F)C(F)(F)C(F)(F)C(F)(F)C(F)(F)C(F)(F)C(F)(F)C(F)(F)F,532.278,8.746400000000001,175.02748459352463,0.0,0.0,0.0,13.0,0.0,0.25,0.2580645161290322,-7.8195257
O=C(O)/C(F)=C(\F)C(F)(C(F)(F)F)C(F)(F)F,276.054,3.0545,86.31993304620423,37.3,1.0,1.0,2.0,0.0,0.2,0.2962962962962963,-5.0680971
O=C(O)c1ccc(SC(F)(F)C(F)(F)C(F)(F)F)cc1,322.2009999999999,4.2673000000000005,111.12878527517206,37.3,1.0,2.0,4.0,1.0,0.2162162162162162,0.2941176470588235,-6.1144428
CO[Si](CCCOC(F)(C(F)(F)F)C(F)(F)F)(OC)OC,348.28700000000003,3.061600000000001,117.02268951361545,36.92,0.0,4.0,8.0,0.0,0.1351351351351351,0.1081081081081081,-6.6691723
CCCN(CC1CO1)S(=O)(=O)C(F)(F)C(F)(F)C(F)(F)C(F)(F)C(F)(F)C(F)(F)C(F)(F)C(F)(F)F,597.2870000000001,5.393900000000003,188.9259240033276,49.91,0.0,3.0,12.0,1.0,0.3170731707317073,0.2045454545454545,-8.2409258
O=C(O)C(F)(OC(F)(F)C(F)(F)C(F)(F)F)C(F)(F)F,330.049,3.1061,100.45415211374782,46.53,1.0,2.0,4.0,0.0,0.2580645161290322,0.4074074074074074,-5.1782808
O=C(Nc1ccccn1)C(F)(F)C(F)(F)C(F)(F)C(F)(F)C(F)(F)C(F)F,422.1689999999999,4.4617,140.90345501998632,41.99,1.0,2.0,7.0,1.0,0.1458333333333333,0.2272727272727272,-6.7435565
Nc1nc(F)c(C(F)(F)F)c(C(F)(F)C(F)(F)F)n1,299.09599999999995,2.8708,97.79523474792865,51.8,1.0,3.0,1.0,1.0,0.1052631578947368,0.1081081081081081,-5.5406084
O=P(c1ccccc1)(c1ccccc1)c1ccccc1C(F)(F)C(F)(F)C(F)(F)C(F)(F)C(F)(F)C(F)(F)F,596.3230000000002,7.521300000000005,211.17680435613912,17.07,0.0,1.0,8.0,3.0,0.225,0.2631578947368421,-7.969099
NC(=O)c1ccc(NC(=O)C(F)(F)C(F)(F)C(F)(F)F)cc1,332.1749999999999,2.5569,117.62765859267192,72.19,2.0,2.0,4.0,1.0,0.2,0.2702702702702703,-5.8263583
CCCC/C=C/C(F)(F)C(F)(F)Br,263.07199999999995,4.355800000000002,83.13393201376783,0.0,0.0,0.0,5.0,0.0,0.081081081081081,0.0833333333333333,-5.3339787
CCC(=CC(F)(F)C(F)(F)C(F)(F)F)[N+](=O)[O-],269.116,3.3899000000000017,90.05102422500838,43.14,0.0,2.0,4.0,0.0,0.2162162162162162,0.2222222222222222,-5.7003565
FC(C(F)(F)Cl)C(F)(F)Cl,202.937,2.9877,62.90334472501729,0.0,0.0,0.0,2.0,0.0,0.1153846153846153,0.12,-4.2240129
O=S(=O)(O/C1=C/CCCCCC1)C(F)(F)C(F)(F)C(F)(F)C(F)(F)F,408.2819999999999,4.996600000000003,136.49594621416637,43.370000000000005,0.0,3.0,5.0,1.0,0.3076923076923077,0.1904761904761904,-6.6458445
CP(C(F)(F)C(F)(F)F)C(F)(F)C(F)(F)F,284.033,4.4083000000000006,83.35405889555159,0.0,0.0,0.0,2.0,0.0,0.1538461538461538,0.16,-4.9746265
COC(F)(F)C(F)(C(F)(F)F)C(F)(F)F,250.06,3.0585000000000004,76.80238334125897,9.23,0.0,1.0,2.0,0.0,0.1428571428571428,0.1481481481481481,-4.8786459
Nc1cc(Cl)c(OC(F)(F)C(F)C(F)(F)F)cc1Cl,328.039,4.447600000000001,112.57941026052713,35.25,1.0,2.0,3.0,1.0,0.0681818181818181,0.0697674418604651,-5.9737821
Nc1cc(Cl)c(OC(F)(F)C(F)C(F)(F)F)c(Cl)c1,328.039,4.447600000000001,112.57941026052713,35.25,1.0,2.0,3.0,1.0,0.0714285714285714,0.073170731707317,-5.4880018
CCOC(F)(F)C1(F)C(F)(F)C(F)(F)C(F)(F)C(F)(F)C1(F)F,376.112,4.514100000000001,117.91846225702108,9.23,0.0,1.0,3.0,1.0,0.0857142857142857,0.088235294117647,-5.4433866
FC(F)(F)C1(F)C(F)(F)C(F)(F)C1(C(F)(F)F)C(F)(F)F,350.0489999999999,4.652200000000001,104.24056820164724,0.0,0.0,0.0,0.0,1.0,0.1,0.1034482758620689,-4.7273726
C[C@]1(c2ccc(O)cc2)CCc2cc(O)ccc2[C@H]1CCCCCCCCCS(=O)CCCC(F)(F)C(F)(F)F,588.7230000000006,8.932800000000002,236.20696506816645,57.53,2.0,3.0,15.0,3.0,0.0895522388059701,0.0909090909090909,-9.1129236
COC(=O)CCC(F)(F)C(F)(F)C(F)(F)C(F)(F)F,306.124,3.407800000000001,100.05873178449256,26.3,0.0,2.0,5.0,0.0,0.2647058823529412,0.3125,-6.0965877
FC(F)(F)C(F)(F)C(F)(F)C(F)(F)C(F)(F)C(F)(F)CCNCc1ccccc1,453.2420000000001,5.905100000000003,154.4177045707155,12.03,1.0,1.0,9.0,1.0,0.2,0.2368421052631578,-7.1843152
FC(C(F)(F)F)C(F)(F)C1CCCC1,220.15599999999995,3.7123000000000017,77.28122709263398,0.0,0.0,0.0,2.0,1.0,0.088235294117647,0.0909090909090909,-5.3592319
FC(F)C1(F)OC(F)(F)C(F)(F)C1(F)F,248.04399999999995,2.8109,75.79655218772974,9.23,0.0,1.0,1.0,1.0,0.0294117647058823,0.0303030303030303,-4.6105204
OCCC(F)(F)C(F)(F)C(F)(F)C(F)(F)C(F)(F)C(F)(F)F,364.101,4.107600000000001,112.24003981884286,20.23,1.0,1.0,6.0,0.0,0.3333333333333333,0.3461538461538461,-5.6627955
CC(C)CC(C)(c1ccc(OC(F)(F)C(F)F)cc1)c1ccc(OC(F)(F)C(F)F)cc1,470.4,7.512100000000006,179.6892921519507,18.46,0.0,2.0,10.0,2.0,0.0666666666666666,0.0681818181818181,-8.8177767
FC(F)(F)C(F)(F)C(F)(F)c1ccnc2ccccc12,297.17300000000006,4.524200000000002,107.58628979585215,12.89,0.0,1.0,2.0,2.0,0.15,0.1538461538461538,-5.7633624
C[Si](C)(c1ccccc1)C(F)(F)C(F)(F)[Si](C)(C)c1ccccc1,370.538,4.566600000000004,142.10226611439978,0.0,0.0,0.0,5.0,2.0,0.088235294117647,0.125,-7.7626634
C=CC(F)(F)C(F)(F)OC(F)(F)C(F)(F)S(=O)(=O)F,326.136,2.902,99.39861784786528,43.370000000000005,0.0,3.0,6.0,0.0,0.2058823529411764,0.1111111111111111,-5.7585449
C=CCC(F)(F)C(F)(F)C(F)(F)C(F)(F)C(F)(F)C(F)(F)CC=C,382.1880000000001,5.950400000000002,127.36083305693852,0.0,0.0,0.0,9.0,0.0,0.1724137931034483,0.1785714285714285,-6.22755
CC(O)C(F)(F)C(F)(F)C(F)(F)C(F)(F)F,264.087,2.8354000000000004,82.84801397834472,20.23,1.0,1.0,3.0,0.0,0.2962962962962963,0.3076923076923077,-5.0221853
FC(F)(Br)C(F)(F)C(F)(F)Br,309.82899999999995,3.5971,74.19744288546289,0.0,0.0,0.0,2.0,0.0,0.1739130434782608,0.1818181818181818,-4.3028197
O=C(O)CC(F)(F)C(F)(F)C(F)(F)C(F)(F)C(F)(F)C(F)(F)C(F)(F)C(F)(F)F,478.098,5.470500000000001,145.7935877593848,37.3,1.0,1.0,8.0,0.0,0.3571428571428571,0.48,-6.3908896
O=C(OOC(=O)C(F)(F)C(F)(F)C(F)(F)F)C(F)(F)C(F)(F)C(F)(F)F,426.056,3.6536,130.09077144441267,52.6,0.0,4.0,4.0,0.0,0.2962962962962963,0.4166666666666667,-6.0095325
FC(F)(F)C(c1nc2ccccc2s1)C(F)(F)F,285.212,4.5045,101.0611176633374,12.89,0.0,2.0,1.0,2.0,0.0714285714285714,0.073170731707317,-5.3135185
FC(F)(F)C(F)(F)CCCS,194.168,2.894000000000001,66.18176316344888,0.0,1.0,1.0,3.0,0.0,0.1333333333333333,0.1379310344827586,-4.9659758
O=C(O)CC1SC(C(F)(F)F)(C(F)(F)F)OC1=O,298.16,1.9406000000000003,99.27021818539306,63.6,1.0,4.0,2.0,1.0,0.1162790697674418,0.175,-5.680027
OC(CBr)(C(F)(F)F)C(F)(F)F,260.95899999999995,2.237,71.48907114641415,20.23,1.0,1.0,1.0,0.0,0.1851851851851851,0.1923076923076923,-4.7411003
OCC(I)CC(F)(F)C(F)(F)C(F)(F)C(F)(F)C(F)(F)C(F)(F)CC(I)CO,670.01,5.170200000000003,176.85218286778633,40.46,2.0,2.0,11.0,0.0,0.1875,0.1935483870967742,-7.6561341
O=C1C=CC(=O)N1CCCC(F)(F)C(F)(F)C(F)(F)C(F)(F)C(F)(F)C(F)(F)F,457.186,4.4304000000000014,151.65796032320728,37.38,0.0,2.0,8.0,1.0,0.2368421052631578,0.2432432432432432,-6.9723358
C[C@]12CC[C@@H]3c4ccc(O)cc4C[C@@H](CCCCCCCCCSCCCC(F)(F)C(F)(F)F)[C@H]3[C@@H]1CC[C@@H]2O,590.7830000000002,9.667099999999996,240.44165917760952,40.46,2.0,3.0,14.0,4.0,0.0675675675675675,0.0684931506849315,-9.645031
COC(=O)C(F)(F)C(F)F,160.066,1.0598,53.77128631227496,26.3,0.0,2.0,2.0,0.0,0.15625,0.2,-4.4181161
OC(CCl)(C(F)(F)F)C(F)(F)F,216.50799999999995,2.0809,67.92478976765447,20.23,1.0,1.0,1.0,0.0,0.1851851851851851,0.1923076923076923,-4.675705
FC(F)(F)C(F)(F)C(F)(F)C(F)(F)C(F)(F)C(F)(F)C(F)(F)C(F)(F)Br,498.958,6.348200000000002,137.97549528399315,0.0,0.0,0.0,6.0,0.0,0.3478260869565217,0.3636363636363636,-6.0951848
NS(=O)(=O)C(F)(F)C(F)(F)C(F)(F)C(F)(F)C(F)(F)C(F)(F)F,399.12799999999993,2.9712,116.81658842728142,60.16,1.0,2.0,5.0,0.0,0.5652173913043478,0.3461538461538461,-5.5475593
CCO[Si](OCC)(OCC)C(F)(F)C(F)(F)C(F)(F)C(F)(F)C(F)(F)C(F)(F)C(F)(F)C(F)(F)F,582.3230000000001,6.583400000000004,185.3892088853539,27.69,0.0,3.0,13.0,0.0,0.25,0.2580645161290322,-7.9884758
O=C(O)CC(F)(F)C(F)(F)C(F)(F)C(F)(F)C(F)(F)C(F)(F)F,378.084,4.1999,116.40156191888664,37.3,1.0,1.0,6.0,0.0,0.3571428571428571,0.48,-5.9221072
O=C1OCC(F)(F)C1(F)F,158.04999999999998,0.8138000000000001,52.76545515874573,26.3,0.0,2.0,0.0,1.0,0.0588235294117647,0.0606060606060606,-4.072598
O=C(O)CCCC(F)(F)C(F)(F)F,206.11,2.438900000000001,70.34739446668354,37.3,1.0,1.0,4.0,0.0,0.1875,0.2758620689655172,-5.0514326
O=C1CCC(CC(F)(F)C(F)(F)Cl)O1,234.576,2.5490000000000004,82.16354772881722,26.3,0.0,2.0,3.0,1.0,0.0952380952380952,0.0975609756097561,-5.5214152
Cc1nc(C(F)(F)C(F)(F)C(F)(F)C(F)(F)C(F)(F)C(F)(F)C(F)(F)C(F)(F)F)n[nH]1,501.13999999999993,5.5790200000000025,157.14689395012445,41.57,1.0,2.0,7.0,1.0,0.2222222222222222,0.2285714285714285,-7.1089292
FC(F)(I)C(F)(F)c1nc(C(F)(F)C(F)(F)I)nc(C(F)(F)C(F)(F)I)n1,758.8080000000001,6.230400000000001,181.05193894696183,38.67,0.0,3.0,6.0,1.0,0.1,0.1034482758620689,-7.1324797
CNC(=O)C(F)(F)C(F)(F)C(F)(F)C(F)(F)C(F)(F)C(F)(F)C(F)(F)F,427.107,4.1065000000000005,131.8532032705477,29.1,1.0,1.0,6.0,0.0,0.3448275862068966,0.52,-6.2508011
FC1(F)OC(F)(F)C2(F)OC12F,194.03,1.564,61.04271794053208,21.76,0.0,2.0,0.0,2.0,0.0357142857142857,0.037037037037037,-4.4958506
FC(F)(F)C(c1cc(-c2ccccc2)nnc1-c1ccccc1)C(F)(F)F,382.307,6.018800000000004,150.04137982267002,25.78,0.0,2.0,3.0,3.0,0.0666666666666666,0.0930232558139534,-7.0078077
O=C(N=C(C(F)(F)F)C(F)(F)F)c1ccc(Cl)cc1,303.589,4.045800000000002,107.24449480742638,29.43,0.0,1.0,1.0,1.0,0.1282051282051282,0.1621621621621621,-5.8425765
FC(F)(F)C(F)(F)OC(F)(F)C(F)(F)OC(F)(F)C(F)(F)F,370.036,4.5154000000000005,109.10854769979365,18.46,0.0,2.0,5.0,0.0,0.16,0.1666666666666666,-5.4994717
CCCCC(=O)CC(=O)C(F)(F)C(F)F,228.185,2.6053000000000006,84.64397375479487,34.14,0.0,2.0,7.0,0.0,0.125,0.1578947368421052,-5.6642146
FC(F)(F)C(F)(F)C(F)(F)C(F)(F)C(F)(F)C(F)(F)[I+]c1ccccc1,523.0500000000001,2.6415000000000006,146.1587310229003,0.0,0.0,0.0,6.0,1.0,0.2424242424242424,0.2903225806451613,-6.5496712
FC(F)=C(F)OC(F)(F)C(F)(F)C(F)(F)C(F)(F)C(F)(F)C(F)(F)OC(F)=C(F)F,494.072,6.816600000000004,149.85125170471647,18.46,0.0,2.0,9.0,0.0,0.2068965517241379,0.2142857142857142,-6.7745476
N#CC(C(F)(F)F)C(F)(F)F,177.047,2.25078,57.219869470045495,23.79,0.0,1.0,0.0,0.0,0.1071428571428571,0.1111111111111111,-4.3342538
FC(F)C(F)(F)C(F)(Cl)C(F)(F)Cl,252.944,3.623,77.59935764526635,0.0,0.0,0.0,3.0,0.0,0.1,0.1034482758620689,-4.4982047
O=S(=O)(F)OC(F)(F)C(F)(I)C(F)(F)F,375.987,2.4732000000000003,92.13316572810892,43.370000000000005,0.0,3.0,3.0,0.0,0.2333333333333333,0.1612903225806451,-5.0528708
CC(=O)C(F)(F)C(F)(F)C(F)(F)C(F)(F)C(F)(F)C(F)(F)C(F)(F)F,412.0919999999999,4.949500000000001,126.30334108693968,17.07,0.0,1.0,6.0,0.0,0.3846153846153846,0.5909090909090909,-5.7101746
CCCNC(=O)C(F)(F)C(F)(F)F,205.12599999999995,1.7102,71.10302289809556,29.1,1.0,1.0,3.0,0.0,0.1764705882352941,0.2580645161290322,-5.1867485
O=S(=O)(F)OC(F)(F)C(F)(F)Cl,234.529,1.6417000000000002,68.47858091369787,43.370000000000005,0.0,3.0,3.0,0.0,0.2068965517241379,0.1724137931034483,-4.3473535
O=S(=O)(F)C(F)(F)C(O)(F)F,200.084,0.4636000000000002,57.64699933344731,54.370000000000005,1.0,3.0,2.0,0.0,0.32,0.1851851851851851,-4.2237639
FC1(F)Cc2ccccc2C1(F)F,190.13899999999995,2.969800000000001,72.18253992086248,0.0,0.0,0.0,0.0,2.0,0.0263157894736842,0.027027027027027,-4.8329301
CCC(CC)C(=O)CC(=O)C(F)(F)C(F)(F)C(F)(F)F,310.20899999999995,3.783800000000003,109.87046419236678,34.14,0.0,2.0,7.0,0.0,0.2222222222222222,0.303030303030303,-6.0561285
Cc1ccc(SC(F)(F)C(F)(F)C(F)(F)F)cc1,292.21899999999994,4.877520000000001,102.17302942293227,0.0,0.0,1.0,3.0,1.0,0.1714285714285714,0.1764705882352941,-5.4735422
COC(=O)C(=O)C(F)(F)C(F)F,188.076,0.6288999999999998,64.29775052671533,43.370000000000005,0.0,3.0,3.0,0.0,0.1470588235294117,0.1875,-4.6177707
FCC(F)(F)C(F)C(F)(F)F,184.054,2.4916,56.99282519150302,0.0,0.0,0.0,2.0,0.0,0.1,0.1034482758620689,-4.402514
FC(F)(F)C(F)(F)C(F)(F)SCc1ccccc1,292.219,4.710200000000002,102.17302942293232,0.0,0.0,1.0,4.0,1.0,0.1666666666666666,0.2058823529411764,-5.3658686
FC1=C(F)C(F)(F)C(F)(Br)C(F)(F)C1(F)F,322.952,4.1172,90.22589364607656,0.0,0.0,0.0,0.0,1.0,0.0303030303030303,0.03125,-4.6684427
O=S(O)C(F)(F)C(F)(F)OC(F)(F)C(F)F,282.10799999999995,2.2682,84.64939765576608,46.53,1.0,2.0,5.0,0.0,0.1388888888888889,0.1428571428571428,-5.0681624
FC(F)(F)C(F)(F)C(F)(F)C1(F)C(F)(F)C(F)(F)C(F)(F)C(F)(F)C1(F)F,450.063,5.717700000000002,133.6325940421454,0.0,0.0,0.0,2.0,1.0,0.2142857142857142,0.2222222222222222,-5.3797436
O=C(O)C(F)(F)C(F)(F)C(F)(F)OC(F)(Cl)C(F)(F)Cl,362.959,3.6447,112.72961376165873,46.53,1.0,2.0,6.0,0.0,0.1666666666666666,0.4137931034482758,-5.4954495
FC(F)C(F)(F)C(F)(F)C(F)(F)C(F)(F)C(F)(F)CBr,394.981,4.822900000000001,110.78287615496536,0.0,0.0,0.0,6.0,0.0,0.1515151515151515,0.15625,-5.4776645
COc1ccc(C(=O)C#CC(F)(F)C(F)(F)C(F)(F)F)cc1,328.18299999999994,3.7142000000000017,119.41903846216675,26.3,0.0,2.0,3.0,1.0,0.1860465116279069,0.2195121951219512,-6.122138
FC(F)(F)OC1(F)C(F)(F)C(F)(F)C(F)(F)C(F)(F)C1(F)F,366.048,4.3787,109.35411343115412,9.23,0.0,1.0,1.0,1.0,0.1,0.1034482758620689,-5.1226826
FC(F)(I)C(F)(F)OC(F)(F)C(F)(F)I,469.835,4.2442,104.7955820660234,9.23,0.0,1.0,4.0,0.0,0.1111111111111111,0.1153846153846153,-5.5767517
O=CC(F)(F)C(F)F,130.04,1.0857,42.29279896837147,17.07,0.0,1.0,2.0,0.0,0.1428571428571428,0.1481481481481481,-3.7936945
FC1=CC(F)(F)C(F)(F)C(F)(F)C=C1F,238.077,3.6127,77.86814971972133,0.0,0.0,0.0,0.0,1.0,0.032258064516129,0.0333333333333333,-4.7870111
C=C(CC(F)(F)C(F)(F)C(F)(F)F)C(=O)OC,268.128,2.938600000000001,91.03805794645584,26.3,0.0,2.0,4.0,0.0,0.2222222222222222,0.2647058823529412,-5.9443712
Fc1c(F)c2c(c(F)c1Cl)C(F)(F)C(F)(F)C2(Cl)Cl,347.444,5.1284,115.5889448102862,0.0,0.0,0.0,0.0,2.0,0.025,0.0256410256410256,-5.3425779
COC(=O)CC(O)(O)C(F)(F)C(F)(F)C(F)(F)F,288.11499999999995,1.0633,94.9511863686355,66.76,2.0,4.0,4.0,0.0,0.2727272727272727,0.3225806451612903,-5.5929971
OCC(Br)C(F)(F)C(F)(F)C(F)(F)C(F)(F)C(F)(F)C(F)(F)F,442.997,4.481000000000001,126.1075874244842,20.23,1.0,1.0,6.0,0.0,0.3,0.3103448275862069,-5.7227798
FC1=NC(F)(F)C(F)(F)N1C(F)(F)F,228.042,2.3328999999999995,70.80768559696352,15.6,0.0,2.0,0.0,1.0,0.1142857142857142,0.0857142857142857,-4.659831
O=C(Cl)C(F)(F)OC(F)(F)C(F)(F)S(=O)(=O)F,312.546,1.8461,93.49205417232928,60.440000000000005,0.0,4.0,5.0,0.0,0.2352941176470588,0.1714285714285714,-4.9235353
CC(C)(Cc1ccccc1)C(F)(F)C(F)C(F)(F)F,284.24299999999994,4.791000000000003,106.97921033783062,0.0,0.0,0.0,4.0,1.0,0.0714285714285714,0.1,-6.2835789
FC(F)(F)C(F)(F)C(F)(F)C(F)(F)C(F)(F)C(F)(F)Sc1ccccc1,428.213,6.475000000000002,139.89612606928293,0.0,0.0,1.0,6.0,1.0,0.2424242424242424,0.2903225806451613,-6.0859537
Oc1ccc(OC(F)(F)C(F)F)cc1Br,289.022,3.391400000000001,90.59875554733937,29.46,1.0,2.0,3.0,1.0,0.0952380952380952,0.0975609756097561,-5.3390794
CCOC(=O)C(Br)(C(F)(F)F)C(F)(F)F,302.9959999999999,2.807800000000001,88.69978895256199,26.3,0.0,2.0,2.0,0.0,0.1764705882352941,0.21875,-5.3646126
CSC(F)(F)C(F)(F)C(=O)O,192.133,1.6621,63.575084860329326,37.3,1.0,2.0,3.0,0.0,0.1612903225806451,0.4,-4.5063877
[N-]=[N+]=NC(F)(F)C(F)(OC(F)(F)C(F)(F)C(F)(F)F)C(=O)O,353.072,3.4469,111.42233872959642,95.29,1.0,3.0,6.0,0.0,0.2,0.3055555555555556,-5.5428705
CC(C)(C)c1cc(C(F)(F)C(F)(F)F)cc(C(C)(C)C)c1O,324.333,5.641300000000005,126.70273503029024,20.23,1.0,1.0,1.0,1.0,0.1388888888888889,0.1428571428571428,-6.3822112
FC(F)(F)C(F)(F)C(F)(F)C(F)(F)C(F)(F)C(F)(F)C[CH2][Sn]([CH2]CC(F)(F)C(F)(F)C(F)(F)C(F)(F)C(F)(F)C(F)(F)F)([c]1ccccc1)[c]1ccccc1,967.1110000000006,11.507399999999986,293.2488440822002,0.0,0.0,0.0,16.0,2.0,0.2105263157894736,0.25,-5.9015474
O=C1CCCCC1C(F)(F)C(F)(F)C(F)(F)F,266.15599999999995,3.5786000000000016,91.9732267100006,17.07,0.0,1.0,2.0,1.0,0.1944444444444444,0.2352941176470588,-5.5970149
FC(F)(F)C(F)(F)C(F)(F)C(F)(F)C(F)(F)C(F)(F)C(F)(F)C(F)(F)C1OCOO1,494.0970000000001,5.257800000000004,151.10193175787472,27.69,0.0,3.0,7.0,1.0,0.2352941176470588,0.2424242424242424,-6.7365336
COC(=O)C#CC(F)(F)C(F)(F)F,202.078,1.3603999999999998,69.66593133585367,26.3,0.0,2.0,0.0,0.0,0.1764705882352941,0.21875,-4.7147427
COC(=O)C(F)(F)C(F)(F)SCl,226.578,2.2745,73.7014658177177,26.3,0.0,3.0,3.0,0.0,0.1428571428571428,0.21875,-4.9430737
CCSC(F)(F)C(F)(F)C(=O)F,208.151,2.4637,69.31132862545616,17.07,0.0,2.0,4.0,0.0,0.1470588235294117,0.2258064516129032,-5.0011811
OC1(OOC2(O)C(F)(F)C(F)(F)C(F)(F)C2(F)F)C(F)(F)C(F)(F)C(F)(F)C1(F)F,490.09,3.4214,150.40548747630436,58.92,2.0,4.0,3.0,2.0,0.0689655172413793,0.0714285714285714,-5.9669642
O=[N+]([O-])C(C(F)(F)F)C(F)(F)F,197.034,1.7562999999999998,61.115323396679976,43.14,0.0,2.0,1.0,0.0,0.1379310344827586,0.1428571428571428,-4.1496243
FCC1=C(F)C(F)(F)C(F)(F)C(F)(F)C1(F)F,276.073,3.7343,86.88882355775806,0.0,0.0,0.0,1.0,1.0,0.0285714285714285,0.0294117647058823,-4.8909302
Fc1c(F)c(F)c(C(F)(F)C(F)(F)F)c(C(F)(F)F)c1F,336.07499999999993,4.9159000000000015,106.51265429780162,0.0,0.0,0.0,1.0,1.0,0.1290322580645161,0.1333333333333333,-5.312664
CC(=O)CCC(F)(F)C(F)(F)C(F)(F)C(F)(F)C(F)(F)C(F)(F)F,390.139,5.094400000000002,124.33721239548382,17.07,0.0,1.0,7.0,0.0,0.3225806451612903,0.3793103448275862,-6.4394588
FC(F)(F)C(F)(F)P(F)(F)(c1ccccc1)C(F)(F)C(F)(F)F,384.1,5.944400000000003,119.79175351358728,0.0,0.0,0.0,3.0,1.0,0.1176470588235294,0.15625,-5.6275454
Nc1ccc(C(F)(F)C(F)(F)F)cc1,211.133,2.9229000000000003,76.32885505993409,26.02,1.0,1.0,1.0,1.0,0.125,0.1290322580645161,-4.9302793
O=C(F)C(F)(F)OC(F)(F)C(F)(F)OC(F)(F)C(F)(F)OC(F)(F)C(=O)F,442.055,3.5851999999999995,135.27502135818122,61.830000000000005,0.0,5.0,10.0,0.0,0.1666666666666666,0.2142857142857142,-6.2122698
CCCCC#CC(=C(C)C)C(F)(F)C(F)(F)F,254.242,4.714000000000003,97.8909136604984,0.0,0.0,0.0,3.0,0.0,0.125,0.1578947368421052,-6.0218983
O=C(CC(C(=O)OCC(F)(F)C(F)(F)C(F)(F)C(F)F)S(=O)(=O)O)OCC(F)(F)C(F)(F)C(F)(F)C(F)F,626.2620000000003,4.061300000000002,198.31083563094708,106.97,1.0,6.0,14.0,0.0,0.2093023255813953,0.1590909090909091,-8.1584291
CCCCC(I)CC(F)(F)C(F)(F)C(F)(F)C(F)(F)Cl,446.547,6.107800000000003,128.9131176287342,0.0,0.0,0.0,8.0,0.0,0.0975609756097561,0.1,-6.3066654
CN(C)CCN(C)CC(F)(F)C(F)F,216.222,1.3802,81.47565478071748,6.48,0.0,2.0,6.0,0.0,0.081081081081081,0.0833333333333333,-5.774106
CCOC(=O)C(C(C)=O)C(=O)C(F)(F)C(F)F,258.167,1.2242,93.91904108434552,60.440000000000005,0.0,4.0,6.0,0.0,0.1219512195121951,0.1538461538461538,-5.8961778
CCCCCCC(=O)C(F)C(F)(F)C(F)(F)F,264.20899999999995,4.061600000000003,95.17846457500018,17.07,0.0,1.0,7.0,0.0,0.1538461538461538,0.1891891891891892,-6.0187798
Cc1cc(N)c(N)cc1OC(F)(F)C(F)F,238.184,2.39612,88.98169769792403,61.27,2.0,3.0,3.0,1.0,0.073170731707317,0.075,-5.6369677
FC(F)(F)C(F)(F)C(F)(F)C(F)(F)CC(I)Cc1ccccc1,464.1090000000001,5.891000000000003,138.73765466765298,0.0,0.0,0.0,6.0,1.0,0.175,0.2105263157894736,-6.5579729
FC(F)(F)C(OC1CCCCO1)C(F)(F)F,252.1539999999999,3.022800000000001,87.50831755164774,18.46,0.0,2.0,2.0,1.0,0.0769230769230769,0.0789473684210526,-5.6379623
FC(F)(F)C(F)(F)c1cc(Cl)ccc1Cl,265.00800000000004,4.647500000000001,91.5954968166847,0.0,0.0,0.0,1.0,1.0,0.1111111111111111,0.1142857142857142,-5.1886034
O=S(=O)(F)C(F)C(F)(F)C(F)(F)C(F)S(=O)(=O)F,330.174,1.4468,95.00015144321716,68.28,0.0,4.0,5.0,0.0,0.2222222222222222,0.1428571428571428,-5.1435151
N#CSCCC(F)(F)C(F)(F)F,205.151,2.788380000000001,69.54238620688112,23.79,0.0,2.0,3.0,0.0,0.1176470588235294,0.1212121212121212,-4.8675594
OCCC(O)C(F)(F)C(F)(F)F,194.099,0.9273,64.61516400443918,40.46,2.0,2.0,3.0,0.0,0.1666666666666666,0.1724137931034483,-4.9546366
C=COCCC(F)(F)C(F)(F)C(F)(F)C(F)(F)C(F)(F)C(F)(F)F,390.139,5.275400000000001,124.59963249276268,9.23,0.0,1.0,8.0,0.0,0.2352941176470588,0.2424242424242424,-6.216455
OC(F)(F)C(F)F,118.029,0.8366,36.56056850612711,20.23,1.0,1.0,1.0,0.0,0.1666666666666666,0.1739130434782608,-3.6713905
O=P(O)(OCCC(F)(F)C(F)(F)C(F)(F)C(F)(F)C(F)(F)C(F)(F)F)OCCC(F)(F)C(F)(F)C(F)(F)C(F)(F)C(F)(F)C(F)(F)F,790.1660000000005,9.3778,239.0882381055456,55.760000000000005,1.0,3.0,16.0,0.0,0.2941176470588235,0.303030303030303,-8.9339552
O=C(O)C(F)(F)C(F)(F)C(F)(F)C(F)(F)C(F)(C(F)(F)F)C(F)(F)F,414.064,4.4451,124.7326327247391,37.3,1.0,1.0,5.0,0.0,0.2758620689655172,0.7142857142857143,-5.5255146
FN(F)C(F)(F)C(F)(F)C(F)(F)C(F)(F)F,271.02899999999994,3.4831,79.28535661449138,3.24,0.0,1.0,3.0,0.0,0.28,0.2916666666666667,-4.8597212
FC(F)=NC(F)(F)C(F)(F)F,183.026,2.4365,55.52320556296653,12.36,0.0,1.0,1.0,0.0,0.2307692307692307,0.1923076923076923,-4.2323136
FC(F)(F)C(F)(F)C(F)(F)C(F)(F)C(F)(F)C(F)(F)C(F)(Cl)C(F)(Cl)Cl,487.4169999999999,6.730700000000001,146.68667555314434,0.0,0.0,0.0,6.0,0.0,0.32,0.3333333333333333,-5.9186683
FC1C(F)(F)C1(F)F,132.031,1.6087,41.29098111772471,0.0,0.0,0.0,0.0,1.0,0.04,0.0416666666666666,-3.6710806
FC(OC(F)(F)C(F)(F)F)(OC(F)(F)C(F)(F)F)OC(F)(F)C(F)(F)F,436.042,5.082300000000001,128.91810584954956,27.69,0.0,3.0,6.0,0.0,0.1538461538461538,0.16,-5.8719187
CCc1cc(C(F)(F)C(F)F)n[nH]1,196.147,2.329,71.95057515915387,28.68,1.0,1.0,3.0,1.0,0.0714285714285714,0.073170731707317,-4.8689156
C[C@@H](ON1CC1(C(F)(F)F)C(F)(F)F)C(N)=O,266.141,0.9708,91.2451151744821,55.33,1.0,3.0,3.0,1.0,0.119047619047619,0.15,-5.5522866
O=S(=O)(Cc1ccccc1)CC(F)(F)C(F)(F)C(F)(F)C(F)F,370.261,3.772400000000002,125.57073741107304,34.14,0.0,2.0,7.0,1.0,0.1904761904761904,0.1666666666666666,-6.3755274
CC(C)(C)CC(C)(C)c1ccc(OC(F)(F)C(F)F)cc1,306.343,5.637100000000005,122.85651110467488,9.23,0.0,1.0,5.0,1.0,0.0930232558139534,0.0697674418604651,-6.770349
O=S(=O)(F)C(F)(F)C(F)(F)OC(F)(F)C(F)(F)Cl,334.5429999999999,2.9123,97.661602878138,43.370000000000005,0.0,3.0,5.0,0.0,0.21875,0.1515151515151515,-5.1380672
CCCCC(F)(F)C(F)C(F)(F)F,208.14499999999995,3.7123000000000017,71.9221161317666,0.0,0.0,0.0,4.0,0.0,0.0857142857142857,0.088235294117647,-5.3976336
O=C(N(Cl)Cl)C(F)(F)C(F)(F)C(F)(F)F,281.94199999999995,2.9555,87.74405508061953,20.31,0.0,1.0,2.0,0.0,0.2758620689655172,0.3846153846153846,-5.1016884
O=C(O)c1cccc(SC(F)(C(F)(F)F)C(F)(F)F)c1,322.2009999999999,4.2673000000000005,111.12878527517204,37.3,1.0,2.0,3.0,1.0,0.1463414634146341,0.2105263157894736,-6.0620918
FC1=C(OCc2ccccc2)C(F)(F)C(F)(F)C1(F)F,300.17299999999994,4.303800000000001,108.19791467015364,9.23,0.0,1.0,3.0,2.0,0.0222222222222222,0.0465116279069767,-5.8611488
Cc1csc(C)c1C1=C(c2c(C)csc2C)C(F)(F)C(F)(F)C1(F)F,396.421,6.873580000000005,148.35148112779734,0.0,0.0,2.0,2.0,3.0,0.024390243902439,0.025,-6.9065084
O=C(C(F)(Cl)Cl)C(F)(F)C(F)(F)F,248.93699999999995,2.854,77.59534434238388,17.07,0.0,1.0,2.0,0.0,0.2142857142857142,0.32,-4.6728683
FC(F)(Cl)C(F)(F)C(Cl)(Cl)Br,298.288,3.9796,82.90862315461408,0.0,0.0,0.0,2.0,0.0,0.1923076923076923,0.2,-4.5366888
O=S(CCO)CCC(F)(F)C(F)(F)C(F)(F)C(F)(F)C(F)(F)C(F)(F)F,440.221,3.856300000000001,138.34417825121196,37.3,1.0,2.0,9.0,0.0,0.2941176470588235,0.303030303030303,-6.5112939
N#CC1(C#N)C2C=CC(C2)C1(C(F)(F)F)C(F)(F)F,280.1709999999999,3.3368600000000006,103.46577861304772,47.58,0.0,2.0,0.0,2.0,0.075,0.0769230769230769,-5.8007698
CC(C)[SiH](CCC(F)(F)C(F)(F)C(F)(F)C(F)(F)C(F)(F)C(F)(F)F)C(C)C,462.366,7.162400000000005,153.61312061720682,0.0,0.0,0.0,9.0,0.0,0.2352941176470588,0.2424242424242424,-7.9722533
CC1(C)[C@H]2CC[C@]1(C)C(=O)C2C(=O)C(F)(F)C(F)(F)C(F)(F)F,348.258,4.029800000000003,126.95362822849816,34.14,0.0,2.0,3.0,2.0,0.1818181818181818,0.2439024390243902,-6.1343961
Oc1ccc(SCCC(F)(F)C(F)(F)C(F)(F)C(F)(F)F)cc1,372.252,5.342600000000003,128.02821820977397,20.23,1.0,2.0,6.0,1.0,0.2051282051282051,0.2105263157894736,-6.3660884
COC(=O)OCC(F)(F)C(F)(F)F,208.082,1.967,69.41530905910469,35.53,0.0,3.0,2.0,0.0,0.1764705882352941,0.21875,-5.179491
OCc1ccc(OCC(F)(F)C(F)F)nc1,239.168,1.8531,88.68074015143772,42.35,1.0,3.0,5.0,1.0,0.1111111111111111,0.1136363636363636,-5.4769726
*C(*)(*)C(*)(*)C(*)(*)S(=O)(=O)O,117.10499999999998,-0.437,43.09777126666339,54.370000000000005,1.0,2.0,3.0,0.0,0.2592592592592592,0.1,-5.7072225
Nc1ccc(C(F)(C(F)(F)F)C(F)(F)F)c(N)c1,276.155,3.1404000000000005,96.36475867719588,52.04,2.0,2.0,1.0,1.0,0.1111111111111111,0.1142857142857142,-5.5832958
C=COCC(F)(F)C(F)(F)C(F)(F)F,226.09099999999995,2.979400000000001,74.14665161761886,9.23,0.0,1.0,4.0,0.0,0.1875,0.1935483870967742,-5.0160184
OCC(F)(F)C(F)(F)C(F)(F)C(F)(F)C(F)(F)C(F)(F)C(F)(F)F,400.081,4.352800000000001,120.57111062469532,20.23,1.0,1.0,6.0,0.0,0.36,0.375,-5.6735749
O=S(=O)(F)C(F)(F)C(F)(F)C(F)(F)C(F)(F)C(F)(F)C(F)(F)C(F)(F)C(F)(F)C(F)(F)C(F)(F)F,602.1310000000002,6.523200000000003,174.58640434617016,34.14,0.0,2.0,9.0,0.0,0.5909090909090909,0.36,-6.7977719
FC(F)(F)C(F)(F)C(F)(F)C(F)(F)C(F)(F)C(F)(F)C(F)(F)C(F)(F)C(F)(F)C(F)(F)C(F)(F)C(F)(F)C(F)(F)C(F)(F)I,846.0000000000002,10.200100000000004,231.54586332088988,0.0,0.0,0.0,12.0,0.0,0.3478260869565217,0.3636363636363636,-7.8552904
C=CC(=O)OCC(F)(F)C(F)(F)C(F)(F)C(F)(F)C(F)(F)C(F)(F)C(F)(F)F,454.129,5.0897000000000014,143.45716751305554,26.3,0.0,2.0,8.0,0.0,0.2857142857142857,0.3333333333333333,-6.7701964
FC(F)(F)C(F)(F)C(F)(F)C(F)(F)C(F)(F)C(F)(F)C(F)(F)I,495.951,5.753000000000001,128.67377287914638,0.0,0.0,0.0,5.0,0.0,0.3478260869565217,0.3636363636363636,-5.8292542
FC(F)(F)C(F)(F)CI,259.943,2.619,61.55865039229757,0.0,0.0,0.0,1.0,0.0,0.1538461538461538,0.16,-4.5266519
FC(F)C(F)(F)[Si](Cl)(Cl)Cl,235.467,3.0813,69.17320029226681,0.0,0.0,0.0,2.0,0.0,0.1034482758620689,0.1071428571428571,-4.5619664
FC(F)(F)C1(F)C(F)(F)C(F)(F)C(F)(F)C(F)(F)C1(F)F,350.0489999999999,4.447100000000001,104.24056820164724,0.0,0.0,0.0,0.0,1.0,0.1111111111111111,0.1153846153846153,-4.9086118
FC(F)(F)C(F)(F)C(F)(F)C(F)(F)F,238.024,3.3816,69.48943140028172,0.0,0.0,0.0,1.0,0.0,0.3888888888888889,0.4117647058823529,-4.4577918
FC(F)(F)C(F)(F)C(F)(F)C(F)(F)C(F)(F)C(F)(F)C(F)(F)C(F)(F)C(F)(F)C(F)(F)C(F)(F)C(F)(F)C(F)(F)C(F)(F)C(F)(F)C(F)(F)I,946.0140000000004,11.4707,260.937889161388,0.0,0.0,0.0,14.0,0.0,0.3478260869565217,0.3636363636363636,-7.8423533
FC(F)(F)C1(F)C(F)(F)C(F)(F)C(F)(F)C(F)(F)C1(C(F)(F)F)C(F)(F)F,450.06299999999993,5.922800000000002,133.6325940421454,0.0,0.0,0.0,0.0,1.0,0.0967741935483871,0.1,-4.815361
CC(I)CC(F)(F)C(F)(F)C(F)(F)C(F)(F)F,388.011,4.668200000000001,103.68056046158895,0.0,0.0,0.0,4.0,0.0,0.2258064516129032,0.2333333333333333,-5.676158
C=CCC1(F)C(=O)C(F)(F)C1(F)F,200.106,2.1241000000000003,70.22266864317065,17.07,0.0,1.0,2.0,1.0,0.0526315789473684,0.054054054054054,-4.8499851
O=C(O)COC(F)(F)C(F)(F)C(F)(F)C(F)(F)F,294.069,2.5133,92.12308130789536,46.53,1.0,2.0,5.0,0.0,0.2903225806451613,0.3928571428571428,-5.5498714
C=CCCC(F)(F)C(F)(F)F,174.11199999999997,3.1502000000000017,60.70203558225951,0.0,0.0,0.0,3.0,0.0,0.1290322580645161,0.1333333333333333,-4.8515768
FC(F)(F)C(F)(F)C(F)(F)C(F)(F)S,252.101,3.3419,76.4789626607572,0.0,1.0,1.0,2.0,0.0,0.3043478260869565,0.3181818181818182,-4.5006533
COC(F)(F)C(F)(F)C#N,157.066,1.38448,54.0023438936999,33.02,0.0,2.0,2.0,0.0,0.09375,0.0967741935483871,-3.9908285
OC(COC1CC2C=CC1C2)(C(F)(F)F)C(F)(F)F,290.2029999999999,2.823300000000001,104.5883982318132,29.46,1.0,2.0,3.0,2.0,0.1162790697674418,0.119047619047619,-6.1953483
FC(F)(F)C(F)(F)C(F)(F)C(F)(F)C(F)(F)I,395.937,4.4824,99.2817470386482,0.0,0.0,0.0,3.0,0.0,0.3478260869565217,0.3636363636363636,-5.2305698
FC(F)(F)C(F)(I)C(F)(F)F,295.923,3.2118,69.88972119815004,0.0,0.0,0.0,0.0,0.0,0.1739130434782608,0.1818181818181818,-4.3989635
FC(F)(F)C(F)(C(F)(F)F)C(F)(F)C(F)(F)C(F)(F)C(F)(F)C(F)(F)C(F)(F)C(F)(F)C(F)(F)I,695.979,8.294200000000005,187.45782456014263,0.0,0.0,0.0,8.0,0.0,0.2222222222222222,0.2307692307692307,-7.1779752
C=CC(=O)OCC(F)(F)C(F)(F)C(F)(F)COC(=O)C=C,320.18500000000006,2.3507,114.55281318408584,52.6,0.0,4.0,8.0,0.0,0.1714285714285714,0.2121212121212121,-6.5432091
FC1(F)[C@@H]2[C@@H]([C@@H]3C=C[C@H]2O3)C1(F)F,194.12699999999995,1.8402,71.36243617704567,9.23,0.0,1.0,0.0,3.0,0.0303030303030303,0.03125,-5.1593003
FCC(F)(F)C(F)(F)C(F)(F)C(F)(F)C(F)(F)C(F)(F)C(F)(F)F,402.072,5.330000000000002,119.94241227542554,0.0,0.0,0.0,6.0,0.0,0.32,0.3333333333333333,-5.6272354
OCCC(F)(F)C(F)(F)C(F)(F)C(F)(F)C(F)(F)C(F)(F)C(F)(F)C(F)F,446.125,5.081000000000002,137.4665302564148,20.23,1.0,1.0,9.0,0.0,0.1764705882352941,0.1818181818181818,-6.3574924
FC(F)C(F)(F)C(F)(F)C(F)(F)C(F)(F)C(F)(F)C(F)(F)C(F)(F)C(F)(F)C(F)(F)C(F)(F)C(F)(F)C(F)(F)C(F)(F)C(F)(F)F,770.1110000000003,10.072700000000005,226.9800381200953,0.0,0.0,0.0,13.0,0.0,0.32,0.3333333333333333,-8.1681643
O=C(O)CC(F)(F)C(F)(F)C(F)(F)F,228.063,2.2940000000000005,72.3135231581394,37.3,1.0,1.0,3.0,0.0,0.2857142857142857,0.4,-4.7916403
CCN(CC)C(=O)C(F)C(F)(F)C(F)(F)C(F)(F)C(F)(F)C(=O)N(CC)CC,432.3270000000001,3.6025000000000027,155.18097079621248,40.620000000000005,0.0,2.0,10.0,0.0,0.1428571428571428,0.2368421052631578,-7.8702765
C=CCOC1=C(F)C(F)(F)C1(F)F,200.106,2.654300000000001,70.48508874044951,9.23,0.0,1.0,3.0,1.0,0.0512820512820512,0.0256410256410256,-4.9026909
O=S(NS(=O)(=O)c1ccccc1)C(F)(F)C(F)(F)C(F)(F)C(F)(F)C(F)(F)C(F)(F)F,523.292,4.3249,165.59328583414518,63.24,1.0,3.0,8.0,1.0,0.282051282051282,0.2564102564102564,-7.321269
FC(F)N1C(F)(F)C(F)(F)OC(F)(F)C1(F)F,281.049,2.9124,85.72192126085935,12.47,0.0,2.0,1.0,1.0,0.0294117647058823,0.0303030303030303,-5.090909
O=S(=O)(F)OC(F)(F)C(F)(F)C(F)(F)C(F)(F)I,425.9939999999999,3.1085000000000003,106.829178648358,43.370000000000005,0.0,3.0,5.0,0.0,0.2258064516129032,0.15625,-5.6098714
FC(F)C(F)C(F)(F)C(F)(F)F,202.04399999999995,2.7872000000000003,61.15836059442925,0.0,0.0,0.0,2.0,0.0,0.1481481481481481,0.1538461538461538,-4.4027014
O=C(O)C(F)(F)C(F)(F)C(F)(F)C(F)(F)C(F)(F)C(F)(F)C(F)(F)C(F)(F)C(F)(F)C(F)F,546.095,6.0538000000000025,164.65513608256006,37.3,1.0,1.0,10.0,0.0,0.21875,0.5833333333333334,-6.839829
NCC(F)(F)C(F)(F)C(F)(F)C(F)(F)C(F)(F)F,299.0829999999999,3.0486000000000004,91.72474172901389,26.02,1.0,1.0,4.0,0.0,0.3076923076923077,0.32,-5.0103598
FC(I)CC(F)(F)C(F)(F)C(F)(F)C(F)(F)C(F)(F)C(F)(F)C(F)(F)C(F)(F)F,592.0020000000001,7.116500000000004,160.26520543111488,0.0,0.0,0.0,8.0,0.0,0.2666666666666666,0.2758620689655172,-6.5870562
O=C(OOC(=O)C(F)(F)C(F)(F)C(F)(F)Cl)C(F)(F)C(F)(F)C(F)(F)Cl,458.966,4.1922,142.36623309232354,52.6,0.0,4.0,6.0,0.0,0.1935483870967742,0.2857142857142857,-6.2662072
C=CC(F)(F)C(F)(F)OC(F)=C(F)F,224.075,3.4522000000000004,73.4570485854346,9.23,0.0,1.0,4.0,0.0,0.1470588235294117,0.1176470588235294,-5.044591
FC(CC(F)(F)C(F)(F)C(F)(F)C(F)(F)C(F)(F)C(F)(F)F)[Si](Cl)(Cl)Cl,499.5289999999999,6.647900000000001,149.0182070079088,0.0,0.0,0.0,7.0,0.0,0.2424242424242424,0.25,-6.6294489
CCN(CC(=O)O)S(=O)(=O)C(F)(F)C(F)(F)C(F)(F)C(F)(F)C(F)(F)C(F)(F)C(F)(F)C(F)(F)F,585.2320000000001,4.689600000000001,181.0440815507964,74.68,1.0,3.0,11.0,0.0,0.4,0.3333333333333333,-8.0448751
O=C(O)c1cnc(C(F)(F)C(F)(F)F)nc1C1CC1,282.16800000000006,2.7063000000000006,102.83795348111136,63.08,1.0,3.0,3.0,2.0,0.1304347826086956,0.1860465116279069,-6.1442957
CCOC(=O)C(F)(F)C(F)(F)C(F)(F)C(F)(F)C(F)(F)C(F)(F)C(F)(F)F,442.118,4.923600000000001,137.78182843084315,26.3,0.0,2.0,7.0,0.0,0.3125,0.4642857142857143,-6.6862669
O=C(F)C(F)(C(F)(F)F)C(F)(F)C(F)(F)F,266.03399999999993,2.9507,80.01589561472208,17.07,0.0,1.0,2.0,0.0,0.3076923076923077,0.375,-4.7811599
FC(F)(F)C(F)(F)[Se][Se]C(F)(F)C(F)(F)F,395.944,2.62,92.6029076677199,0.0,0.0,0.0,3.0,0.0,0.1666666666666666,0.1739130434782608,-5.4921765
FC1(F)OC(F)(F)C(F)(F)O1,182.019,1.7691,55.6836069796647,18.46,0.0,2.0,0.0,1.0,0.037037037037037,0.0384615384615384,-4.0588307
FC(F)(F)C1(C(F)(F)F)OB(c2ccccc2)OC1(C(F)(F)F)C(F)(F)F,419.958,4.155399999999999,141.7213439629695,18.46,0.0,2.0,1.0,2.0,0.0789473684210526,0.1111111111111111,-5.7995396
COP(=O)(OC)OC(C#N)C(F)(F)C(F)(F)C(F)(F)F,333.09599999999995,3.128980000000001,107.37047757915724,68.55000000000001,0.0,5.0,6.0,0.0,0.175,0.1794871794871795,-6.0975256
C[Si](C)(C)C(F)(F)C(F)C(F)(F)F,224.22,3.399500000000001,72.93816126274712,0.0,0.0,0.0,2.0,0.0,0.0967741935483871,0.1,-5.4770393
C=C(C)C(=O)OCC(F)(F)C(F)(F)C(F)(F)C(F)(F)C(F)(F)C(F)(F)C(F)(F)F,468.1559999999999,5.479800000000002,149.8221096274521,26.3,0.0,2.0,8.0,0.0,0.2777777777777778,0.3235294117647059,-6.8353968
O=C(CCCCc1ccccc1)C(F)(F)C(F)(F)F,280.236,4.166100000000003,106.97519703494817,17.07,0.0,1.0,6.0,1.0,0.1463414634146341,0.2432432432432432,-6.1233468
CCCOCCC(F)(F)C(F)(F)C(F)(F)C(F)(F)C(F)(F)C(F)(F)F,406.182,5.541900000000003,131.65417763934354,9.23,0.0,1.0,9.0,0.0,0.2352941176470588,0.2424242424242424,-6.5093307
O=C(F)C(F)(F)C(F)(F)C(F)(F)C(F)(F)C(F)(F)C(F)(F)C(F)(F)C(F)(C(F)(F)F)C(F)(F)F,566.0760000000001,6.762500000000004,168.19197313621655,17.07,0.0,1.0,8.0,0.0,0.2758620689655172,0.44,-6.9213018
FC1(F)C(c2ccccc2)C1(F)F,190.13899999999995,3.0544,72.18253992086248,0.0,0.0,0.0,1.0,2.0,0.0294117647058823,0.0625,-5.1290665
CC(C)CC(=O)OC(C(F)(F)F)(C(F)(F)F)C(F)(F)F,320.1509999999999,4.001400000000002,106.42367389888916,26.3,0.0,2.0,3.0,0.0,0.1714285714285714,0.2121212121212121,-5.65518
FC(F)(F)C(F)(F)C(F)(F)CCCCI,352.03099999999995,4.424600000000001,95.34948965573648,0.0,0.0,0.0,5.0,0.0,0.1935483870967742,0.2,-5.5382466
COC(=O)C(F)(F)C(F)(F)C(F)(F)Br,288.96899999999994,2.417700000000001,82.33484683816539,26.3,0.0,2.0,3.0,0.0,0.1818181818181818,0.2666666666666666,-4.8541179
FC(OC(F)(F)C(F)(F)C(CI)C(F)(F)F)C(F)(F)F,439.99,4.702500000000001,117.12517649694828,9.23,0.0,1.0,5.0,0.0,0.0769230769230769,0.0789473684210526,-5.7025986
C=CC(=O)OCCC(F)(F)C(F)(F)C(F)(F)C(F)(F)C(F)(F)C(F)(F)C(F)(F)C(F)(F)F,518.163,6.115100000000003,164.5181225477012,26.3,0.0,2.0,10.0,0.0,0.2702702702702703,0.3142857142857143,-6.9276028
C=C(C)C(=O)SCCC(F)(F)C(F)(F)C(F)(F)C(F)(F)C(F)(F)C(F)(F)C(F)(C(F)(F)F)C(F)(F)F,598.2650000000001,7.857100000000005,190.5886423782053,17.07,0.0,2.0,10.0,0.0,0.1904761904761904,0.225,-8.314888
C=CC(=O)OCCC(F)(F)C(F)(F)C(F)(F)C(F)(F)C(F)(F)C(F)(F)C(F)(F)C(F)(F)C(F)(F)C(F)(F)C(F)(F)C(F)(F)F,718.1910000000003,8.656300000000002,223.3021742286975,26.3,0.0,2.0,14.0,0.0,0.2702702702702703,0.3142857142857143,-8.7898283
CCN(CCO)S(=O)(=O)C(F)(F)C(F)(F)C(F)(F)C(F)(F)C(F)(F)C(F)(F)F,471.235,3.326700000000002,147.49053361025452,57.61,1.0,3.0,9.0,0.0,0.4117647058823529,0.2702702702702703,-6.8986325
FC(F)(F)C(F)(F)C1(F)C(F)(F)C(F)(F)C(F)(F)C(F)(F)C1(F)C(F)(F)C(F)(F)F,500.07,6.353000000000003,148.32860696239447,0.0,0.0,0.0,2.0,1.0,0.1428571428571428,0.1481481481481481,-5.6526432
OCc1ccc(OCCCC(F)(F)C(F)(F)C(F)(F)C(F)(F)C(F)(F)C(F)(F)F)cc1,484.252,6.076700000000004,165.14056348320696,29.46,1.0,2.0,10.0,1.0,0.2142857142857142,0.2195121951219512,-7.5088515
CC(=O)C1OC(C)=C(S(=O)(=O)C(F)(F)C(F)(F)C(F)(F)C(F)(F)Cl)C1c1ccc([N+](=O)[O-])cc1,545.788,5.007500000000004,189.9313230762748,103.58,0.0,6.0,8.0,2.0,0.175438596491228,0.1186440677966101,-8.5048704
FC(Oc1ccc(CCl)cc1)=C(F)C(F)(F)C(F)(F)C(F)(F)C(F)(F)C(F)(F)C(F)(F)C(F)(F)F,572.6420000000002,8.286400000000004,186.62213453741333,9.23,0.0,1.0,9.0,1.0,0.2093023255813953,0.275,-7.2239265
NC(F)(F)C(F)(F)CF,149.06199999999998,1.1427,47.636702968266654,26.02,1.0,1.0,2.0,0.0,0.1071428571428571,0.1111111111111111,-4.1414919
FC(C(F)(F)F)C(F)(F)OCCl,216.508,2.692500000000001,68.24410124496534,9.23,0.0,1.0,3.0,0.0,0.088235294117647,0.0909090909090909,-4.6212754
O=C(C=CC(=O)OCCC(F)(F)C(F)(F)C(F)(F)C(F)(F)F)OCCC(F)(F)C(F)(F)C(F)(F)C(F)(F)F,608.2160000000002,6.345600000000004,197.0535516233679,52.60000000000001,0.0,4.0,12.0,0.0,0.2571428571428571,0.303030303030303,-8.4802351
CCCCCCCCCCC(CCCCCCCC)COC(F)(F)C(F)F,398.569,8.758500000000002,164.17872227137016,9.23,0.0,1.0,20.0,0.0,0.0714285714285714,0.073170731707317,-9.6572399
CSc1ccc(OS(=O)(=O)C(F)(F)C(F)(F)F)cc1C,336.303,3.5806200000000024,115.7899061044313,43.370000000000005,0.0,4.0,4.0,1.0,0.1860465116279069,0.1111111111111111,-5.9650788
Nc1ccc(SCC(F)(F)C(F)(F)F)cc1N,272.242,3.1407000000000007,98.15679789670864,52.04,2.0,3.0,3.0,1.0,0.0975609756097561,0.1,-5.7918105
CN(CCCCO)S(=O)(=O)C(F)(F)C(F)(F)C(F)(F)C(F)(F)C(F)(F)F,435.255,3.0815000000000023,139.15946280440204,57.61,1.0,3.0,9.0,0.0,0.4,0.2972972972972973,-6.7767501
CN(CCCCO)S(=O)(=O)C(F)(F)C(F)(F)C(F)(F)C(F)(F)C(F)(F)C(F)(F)F,485.262,3.7168000000000014,153.85547572465114,57.61,1.0,3.0,10.0,0.0,0.4,0.2972972972972973,-7.5148354
CCN(CC(=O)O)S(=O)(=O)C(F)(F)C(F)(F)C(F)(F)C(F)(F)C(F)(F)F,435.211,2.7837000000000005,136.95604279004917,74.68,1.0,3.0,8.0,0.0,0.4,0.3333333333333333,-6.78263
O=C(c1ccc(OC(F)C(F)(F)F)cc1)c1cccc(Cl)c1,332.67999999999995,4.807700000000002,127.82379883688807,26.3,0.0,2.0,4.0,2.0,0.1224489795918367,0.125,-6.3686495
O=S(=O)(F)C(F)(F)C(F)(F)OC(F)(F)C(F)(F)C=CI,452.0319999999999,3.6647,118.66045596890892,43.370000000000005,0.0,3.0,6.0,0.0,0.1891891891891892,0.131578947368421,-5.87883
CCN(CCCP(=O)(O)O)S(=O)(=O)C(F)(F)C(F)(F)C(F)(F)C(F)(F)C(F)(F)C(F)(F)C(F)(F)C(F)(F)F,649.2560000000002,5.172800000000003,199.50467573369312,94.91,2.0,3.0,13.0,0.0,0.358974358974359,0.238095238095238,-8.8680983
CCOP(=O)(CCCN(CC)S(=O)(=O)C(F)(F)C(F)(F)C(F)(F)C(F)(F)C(F)(F)C(F)(F)C(F)(F)C(F)(F)F)OCC,705.3640000000001,7.261200000000006,225.6030671459013,72.91,0.0,5.0,17.0,0.0,0.3255813953488372,0.217391304347826,-10.087989
O=C(O)C(F)(F)OC(F)(F)OC(F)(F)OC(F)(F)OC(F)(F)OC(F)(F)F,444.052,3.4678,135.6043459520244,83.45000000000002,1.0,6.0,10.0,0.0,0.1515151515151515,0.2758620689655172,-6.5237308
CN(C)CCCN(CCOCCOCCO)S(=O)(=O)C(F)(F)C(F)(F)C(F)(F)C(F)(F)C(F)(F)C(F)(F)F,616.4370000000002,3.291700000000002,208.0320525402479,79.31,1.0,6.0,18.0,0.0,0.3181818181818182,0.2127659574468085,-8.7774582
C=C(Cl)C(=O)OCC(F)(F)C(F)(F)C(F)(F)F,288.54599999999994,3.115,94.9763820589409,26.3,0.0,2.0,4.0,0.0,0.2222222222222222,0.2647058823529412,-5.4592814
CCOC(F)(F)C(F)(C(F)(F)F)C(F)(F)F,264.087,3.4486000000000008,83.16732545565559,9.23,0.0,1.0,3.0,0.0,0.1290322580645161,0.1333333333333333,-5.3179636
FC(F)(I)C(F)(F)I,353.822,3.042,70.29001099601837,0.0,0.0,0.0,1.0,0.0,0.1363636363636363,0.1428571428571428,-4.6144915
COC(F)=C(C(F)(F)F)C(F)(F)F,212.064,2.9385000000000003,67.78170950322225,9.23,0.0,1.0,1.0,0.0,0.1333333333333333,0.1379310344827586,-4.7112894
OC(C(F)(F)F)(C(F)(F)F)C(F)(F)F,236.033,2.4044,70.1181297495515,20.23,1.0,1.0,0.0,0.0,0.2272727272727272,0.238095238095238,-4.2798839
FC1(F)C2(F)C(F)(F)C3(F)C(F)(F)C1(F)C(F)(F)C(F)(C2(F)F)C3(F)F,424.078,4.672200000000001,129.6548030436311,0.0,0.0,0.0,0.0,4.0,0.0416666666666666,0.0434782608695652,-4.1393461
O=C(Nc1ccc([N+](=O)[O-])cc1Br)C(F)(F)C(F)(F)C(F)(F)F,413.043,4.1287,130.28182700935997,72.24,1.0,3.0,4.0,1.0,0.1666666666666666,0.2222222222222222,-6.4178138
FC(F)(F)C(F)(F)CCl,168.49200000000002,2.4228000000000005,52.600078498135616,0.0,0.0,0.0,1.0,0.0,0.1538461538461538,0.16,-4.0441685
FC1(F)OC(F)(F)C1(F)F,166.01999999999998,1.8375,50.57006175015783,9.23,0.0,1.0,0.0,1.0,0.037037037037037,0.0384615384615384,-3.9277661
COC(=O)C1CCC(C(F)(F)C(F)(F)C(F)(F)C(F)(F)C(F)(F)C(F)(F)F)CC1,460.23,5.704600000000003,153.9046949290479,26.3,0.0,2.0,6.0,1.0,0.2631578947368421,0.3055555555555556,-7.2024617
Fc1cc2c(cc1F)C(F)(F)C(F)(Cl)C2(F)F,278.554,4.0666,94.98241235652286,0.0,0.0,0.0,0.0,2.0,0.0285714285714285,0.0294117647058823,-5.148808
O=C(Oc1c(Cl)cc(Cl)cc1Cl)C(F)(F)C(F)(F)C(F)(F)F,393.469,5.385100000000001,132.23478540776267,26.3,0.0,2.0,3.0,1.0,0.2051282051282051,0.2777777777777778,-5.9802895
FC(F)C(F)(F)C(F)(F)C(F)(F)C(F)(F)C(F)F,302.05799999999994,4.0578,90.5503864349274,0.0,0.0,0.0,5.0,0.0,0.16,0.1666666666666666,-5.0742073
FC1(F)C(F)(F)C(F)(F)C(F)(F)C(F)(F)C1(F)F,300.0419999999999,3.8118,89.54455528139817,0.0,0.0,0.0,0.0,1.0,0.0454545454545454,0.0476190476190476,-4.479351
C=CC(=O)OCC(F)(F)C(F)(F)C(F)(F)C(F)F,286.11799999999994,2.8866000000000005,95.20359334938207,26.3,0.0,2.0,6.0,0.0,0.1463414634146341,0.1794871794871795,-5.5720863
OCCC(I)=CC(F)(F)C(F)(F)C(F)(F)F,366.014,3.520600000000001,99.45412037574822,20.23,1.0,1.0,4.0,0.0,0.2058823529411764,0.2121212121212121,-5.4832864
FC(=C(C(F)(F)F)C(F)(F)C(F)(F)C(F)(F)F)N1CCCC1,351.1590000000001,4.658500000000002,115.9090189740775,3.24,0.0,1.0,3.0,1.0,0.1944444444444444,0.2352941176470588,-5.9673696
CC(O)CC(=O)C(F)(F)C(F)(F)F,206.11,1.524,70.34739446668354,37.3,1.0,2.0,3.0,0.0,0.1818181818181818,0.3103448275862069,-5.1715212
N/C(=C\C(=O)c1ccccc1)C(F)(F)C(F)(F)C(F)(F)F,315.188,3.5448000000000013,113.59161339123246,43.09,1.0,2.0,4.0,1.0,0.2,0.3055555555555556,-6.0314837
FC(F)C(F)(F)C(C(F)F)(C(F)F)C(F)F,266.078,3.6685000000000008,82.21931562907493,0.0,0.0,0.0,5.0,0.0,0.1111111111111111,0.1153846153846153,-4.6752853
Nc1ccc(OC(F)(F)C(F)(F)C(F)(F)C(F)(F)C(F)(F)C(F)(F)C(F)(F)C(F)(F)F)c(N)c1,542.1889999999999,6.196700000000002,174.95836850794814,61.27,2.0,3.0,8.0,1.0,0.2051282051282051,0.2105263157894736,-7.0636053
CCOC(=O)C(F)(F)OC(F)(F)C(F)(F)I,365.995,2.7795000000000005,99.20762469747116,35.53,0.0,3.0,5.0,0.0,0.1282051282051282,0.1621621621621621,-5.8961658
FC(C(F)=C(F)C(F)(F)C(F)(F)F)=C(F)C(F)(F)C(F)(F)F,362.06,5.682800000000002,110.2321354052046,0.0,0.0,0.0,3.0,0.0,0.1923076923076923,0.25,-5.5293007
C[Si](C)(C)OC(F)(F)C(F)(F)C(F)(F)F,258.20899999999995,3.628300000000001,82.34057042408847,9.23,0.0,1.0,3.0,0.0,0.2068965517241379,0.2142857142857142,-5.5706797
FC1(F)N2CCN(CC2)C1(F)F,184.136,0.8032000000000001,66.7341082448658,6.48,0.0,2.0,0.0,3.0,0.0357142857142857,0.037037037037037,-4.6895642
CC(C=O)C(F)(F)C(F)(F)C(F)(F)C(F)(F)C(F)(F)C(F)(F)F,376.112,4.560200000000001,117.9722702810872,17.07,0.0,1.0,6.0,0.0,0.3,0.3103448275862069,-5.9820828
OCCSC(F)=C(F)C(F)(F)C(F)(F)F,258.158,3.0176000000000007,83.95045016567323,20.23,1.0,2.0,4.0,0.0,0.1428571428571428,0.1818181818181818,-5.3648057
CCOP(=O)(OCC)OC(CCC(C)C)=C(F)C(F)(F)C(F)(F)F,386.269,5.999000000000004,136.3124121489577,44.760000000000005,0.0,4.0,10.0,0.0,0.125,0.1521739130434782,-7.6015334
FC(F)(F)C(OC1CCCCCCCCCCC1)C(F)(F)F,334.3439999999999,6.169500000000004,126.94936712291714,9.23,0.0,1.0,2.0,1.0,0.0857142857142857,0.088235294117647,-6.8497682
CC(=O)C=C(S)C(F)C(F)(F)F,202.172,2.2895000000000003,71.85308894277875,17.07,1.0,2.0,2.0,0.0,0.1388888888888889,0.1764705882352941,-4.7252569
FC(=C(OC(F)(F)C(F)(F)C(F)(F)F)C(F)(F)F)C(F)(F)C(F)(F)F,416.055,5.734400000000002,124.36635447274818,9.23,0.0,1.0,4.0,0.0,0.2058823529411764,0.25,-5.8505182
FC(F)(F)C(Br)(Br)C(F)(F)C(F)(F)Br,420.742,4.6578,98.59546800842708,0.0,0.0,0.0,2.0,0.0,0.1923076923076923,0.2,-5.0302076
FC(F)(F)N(CCC(F)(F)C(F)(F)C(F)(F)C(F)(F)C(F)(F)C(F)(F)N(C(F)(F)F)C(F)(F)F)C(F)(F)F,632.1300000000002,7.829000000000005,190.2461312968286,6.48,0.0,2.0,9.0,0.0,0.1351351351351351,0.1388888888888889,-8.0170937
O=C(OCc1c([N+](=O)[O-])cccc1[N+](=O)[O-])C(F)(F)C(F)(F)C(F)(F)C(F)(F)C(F)(F)C(F)(F)F,544.176,5.285000000000001,181.08391904726108,112.58,0.0,6.0,9.0,1.0,0.217391304347826,0.3095238095238095,-7.7122526
O=c1cccccc1OCCC(F)(F)C(F)(F)C(F)(F)C(F)(F)F,368.1949999999999,4.283900000000002,128.39642932169554,26.3,0.0,2.0,6.0,1.0,0.1904761904761904,0.225,-6.3574772
C=CCOCC(F)(F)C(F)C(F)(F)C(F)(F)C(F)(F)C(F)(F)C(F)(F)F,422.156,5.265900000000002,135.1301100100855,9.23,0.0,1.0,9.0,0.0,0.2,0.2051282051282051,-6.3988695
O=C(Cl)CCCCC(F)(F)C(F)(F)F,238.583,3.509800000000001,82.22136905576582,17.07,0.0,1.0,5.0,0.0,0.1764705882352941,0.21875,-5.1859598
FC(F)C(F)(F)C(F)(F)C(F)(F)C(F)(F)OC(F)(F)C(F)(F)C(F)(F)C(F)(F)F,486.068,6.192500000000003,143.91750582810772,9.23,0.0,1.0,8.0,0.0,0.2258064516129032,0.2333333333333333,-6.1892052
O=C(O)CCCCCCCCC(I)CC(F)(F)C(F)(F)C(F)(F)C(F)(F)F,530.2090000000001,6.853700000000004,163.5558532290016,37.3,1.0,1.0,13.0,0.0,0.225,0.2972972972972973,-8.0033083
C=CC(=O)OC(F)(F)C(F)(F)C(F)(F)C(F)(F)C(F)(F)C(F)(F)CCCC(F)(F)F,482.1830000000001,6.217500000000003,156.18705174184876,26.3,0.0,2.0,10.0,0.0,0.1904761904761904,0.1951219512195122,-7.5564122
C[Si](C)(C)OC(C=Cc1ccccc1)(C(F)(F)F)C(F)(F)F,342.355,5.4147000000000025,125.27241042383524,9.23,0.0,1.0,4.0,1.0,0.0930232558139534,0.1219512195121951,-7.0117893
O=C(CCF)C(F)(F)C(F)(F)F,194.074,2.1127,63.35375400301716,17.07,0.0,1.0,3.0,0.0,0.2413793103448276,0.3461538461538461,-4.7893524
C=CC(=O)OCCNCCCS(=O)(=O)C(F)(F)C(F)(F)C(F)(F)C(F)(F)F,439.296,2.535800000000001,147.00415777528934,72.47,1.0,5.0,11.0,0.0,0.2888888888888888,0.2127659574468085,-7.1666694
FC(F)(F)C(F)(F)C(F)(F)C(F)(F)C(F)(F)C(F)(F)C(F)(F)OC(F)(F)C1(F)OC1(F)F,532.0680000000001,6.216200000000004,158.55569742140824,21.76,0.0,2.0,8.0,1.0,0.2352941176470588,0.2424242424242424,-6.7603922
FC(F)(C(Cl)(Cl)Cl)C(F)(Cl)C(F)(F)C(Cl)(Cl)Cl,403.216,5.901999999999999,127.14956008821883,0.0,0.0,0.0,2.0,0.0,0.2083333333333333,0.217391304347826,-5.5150023
CCN=C=C(C(F)(F)F)C(F)(F)F,205.101,2.727000000000001,69.76289347104587,12.36,0.0,1.0,1.0,0.0,0.1212121212121212,0.125,-5.1127539
Oc1ccc(CCCNCC(F)(F)C(F)(F)F)cc1O,299.239,2.817600000000001,111.58706250850784,52.49,3.0,3.0,6.0,1.0,0.108695652173913,0.1111111111111111,-6.5418429
CCCCOC(=O)C(F)(F)C(F)(F)C(F)(F)C(C)F,298.1979999999999,3.593600000000003,104.4575452074333,26.3,0.0,2.0,7.0,0.0,0.1395348837209302,0.2,-6.3163867
FC(F)(F)C(F)(F)C(F)(F)C(F)(Cl)I,362.385,4.1164,90.72346494235455,0.0,0.0,0.0,2.0,0.0,0.28,0.2916666666666667,-5.09832
FC(F)C(F)(F)c1cc(Cl)ccc1Cl,247.018,4.350300000000001,87.42996141375846,0.0,0.0,0.0,2.0,1.0,0.0769230769230769,0.0789473684210526,-5.1503019
CC(=O)CC(=O)C(F)(F)C(F)(F)C(=O)CC(C)=O,270.17799999999994,1.3534000000000002,99.33196006927903,68.28,0.0,4.0,7.0,0.0,0.1666666666666666,0.2592592592592592,-5.9773259
O=C([O-])C=CC(=O)OCC(F)(F)C(F)F,229.105,-0.2639000000000001,81.1322654755203,66.42999999999999,0.0,4.0,5.0,0.0,0.1219512195121951,0.1538461538461538,-5.4482183
O=C(OCCO)c1ccc(OC(F)=C(F)C(F)(F)C(F)(F)C(F)(F)C(F)(F)C(F)(F)C(F)(F)C(F)(F)F)cc1,612.2320000000001,6.696700000000004,203.1180536210715,55.760000000000005,1.0,4.0,11.0,1.0,0.2040816326530612,0.2888888888888888,-8.444128
FC(F)(F)C1(C(F)(F)F)CC(OC2CC(C(F)(F)F)(C(F)(F)F)S2)S1,434.267,5.6558,139.3582578656927,9.23,0.0,3.0,2.0,2.0,0.088235294117647,0.0909090909090909,-6.6517997
Nc1nc(=O)n([C@@H]2O[C@H](CO)[C@@H](O)[C@H]2O)cc1COCC(F)(F)C(F)F,387.28600000000006,-1.1459999999999997,143.13266456838878,140.06,4.0,9.0,7.0,2.0,0.0757575757575757,0.0769230769230769,-7.4627652
FC(F)(F)C1(C(F)(F)F)OC(c2ccccc2)=CN1c1ccccc1,359.26900000000006,5.342700000000003,138.48436502909823,12.47,0.0,2.0,2.0,3.0,0.0666666666666666,0.0930232558139534,-6.3588185
CCN(CC)C(=S)C(F)(F)C(F)(F)C(F)(F)C(F)(F)C(F)(F)C(F)(F)F,435.249,5.394400000000003,142.65924632724492,3.24,0.0,1.0,7.0,0.0,0.2727272727272727,0.3666666666666666,-6.6922369
FC1(F)OC(F)(F)[C](F)([Hg][C]2(F)OC(F)(F)C(F)(F)OC2(F)F)OC1(F)F,626.6460000000002,3.9659,148.6086592129505,36.92,0.0,4.0,2.0,2.0,0.03125,0.032258064516129,-6.3894882
N#Cc1ccc(OC(=O)c2ccc(C(F)(F)C(F)(F)C(F)(F)C(F)(F)F)cc2)cc1,441.249,5.702180000000002,161.83561564929605,50.09,0.0,3.0,5.0,2.0,0.1914893617021276,0.2222222222222222,-7.3665276
OCC(F)(F)C(F)(F)C(F)(F)OC(F)=C(F)F,278.06999999999994,2.8938,87.27195617566733,29.46,1.0,2.0,5.0,0.0,0.1428571428571428,0.1470588235294117,-5.1804614
O=C(NS(=O)(=O)C(F)(F)C(F)(F)C(F)(F)C(F)(F)C(F)(F)C(F)(F)C(F)(F)C(F)(F)F)c1ccccc1,603.25,5.713100000000002,192.00214417487925,63.24,1.0,3.0,9.0,1.0,0.3888888888888889,0.3243243243243243,-8.0299273
CCOC(=S)C(C(F)(F)F)C(F)(F)F,240.16799999999995,3.091100000000001,81.02949949408176,9.23,0.0,2.0,2.0,0.0,0.1470588235294117,0.1176470588235294,-5.1104922
O=S(=O)(C=Cc1ccco1)C(F)(F)C(F)(F)C(F)(F)C(F)(F)C(F)(F)C(F)(F)F,476.2099999999999,5.3614000000000015,151.23302488639,47.28,0.0,3.0,7.0,1.0,0.3333333333333333,0.2142857142857142,-6.7781701
O=C(O)CC(=O)C(F)(F)C(F)(F)C(F)(F)F,256.073,1.8631,82.83998737257978,54.37,1.0,2.0,4.0,0.0,0.2666666666666666,0.48,-5.1791201
O=C(F)C(F)(F)COC(F)(F)C(F)(F)C(F)(F)C(F)(F)F,346.06699999999995,3.5601000000000003,106.19039587887464,26.3,0.0,2.0,6.0,0.0,0.2727272727272727,0.3225806451612903,-5.4824157
NC(=CC(=O)C(F)(F)C(F)F)c1ccccc1,247.19100000000003,2.4557,94.7300650680572,43.09,1.0,2.0,4.0,1.0,0.1162790697674418,0.175,-5.3878865
FC1(F)Cc2c(ccc3ccccc23)C1(F)F,240.199,4.123000000000001,94.86420445259768,0.0,0.0,0.0,0.0,3.0,0.0227272727272727,0.0232558139534883,-5.3698039
Nc1ccc(CCC(F)(F)C(F)(F)C(F)(F)C(F)(F)F)cc1,339.201,4.669600000000002,118.45076512922545,26.02,1.0,1.0,5.0,1.0,0.1891891891891892,0.1944444444444444,-5.9929953
O=C(O)CCOC(F)(F)C(F)(F)C(F)(F)C(F)(F)F,308.09599999999995,2.9034000000000004,98.48802342229196,46.53,1.0,2.0,6.0,0.0,0.3125,0.3666666666666666,-5.7490439
O=C(O)C(F)(F)C(F)C(F)(F)OC(F)(F)F,262.052,2.1736000000000004,81.59260379057251,46.53,1.0,2.0,4.0,0.0,0.1428571428571428,0.2580645161290322,-4.8138537
N#[N+]C=C=C(C(F)(F)F)C(F)(F)F,203.065,3.00308,67.77327684320537,28.15,0.0,1.0,0.0,0.0,0.1212121212121212,0.125,-4.1663799
O=[N+]([O-])c1ccc(OC(C(F)(F)F)C(F)(F)F)nc1,290.1189999999999,2.861800000000001,100.50561081319736,65.26,0.0,4.0,3.0,1.0,0.0869565217391304,0.0888888888888888,-5.7589355
O=C(NCC(F)(F)C(F)(F)C(F)(F)F)c1cccc(NC(=O)c2ccccc2)c1,422.30000000000007,4.5016000000000025,159.2596663997279,58.2,2.0,2.0,6.0,2.0,0.1632653061224489,0.217391304347826,-7.5304661
CCCCSCC=C(F)C(F)(F)C(F)(F)C(F)(F)F,316.2569999999999,5.206000000000002,108.78152027398988,0.0,0.0,1.0,7.0,0.0,0.1707317073170731,0.2051282051282051,-6.5789618
CCN(CCP(=O)(O)O)S(=O)(=O)C(F)(F)C(F)(F)C(F)(F)C(F)(F)C(F)(F)C(F)(F)C(F)(F)C(F)(F)F,635.2290000000003,4.782700000000003,193.1397336192965,94.91,2.0,3.0,12.0,0.0,0.3684210526315789,0.2439024390243902,-8.1983614
FC(F)(Cl)C(F)(Cl)C(F)(F)C(F)(Cl)C(F)(Cl)C(F)(F)Cl,420.313,5.998700000000001,129.57011136055706,0.0,0.0,0.0,5.0,0.0,0.1923076923076923,0.1538461538461538,-5.5299258
FC(F)(F)CCC(F)(F)OC(F)(F)CCC(F)(F)F,310.1309999999999,4.873600000000001,100.06274508737503,9.23,0.0,1.0,6.0,0.0,0.1034482758620689,0.1071428571428571,-6.0122213
O=C(O)CCCCCSCCC(F)(F)C(F)(F)C(F)(F)C(F)(F)F,394.299,5.222900000000003,135.32229879013337,37.3,1.0,2.0,11.0,0.0,0.225,0.2972972972972973,-7.2622237
Cc1ccc2c(c1)C(C(F)(F)F)(C(F)(F)F)OS2=O,304.211,3.3677200000000003,105.57535615025238,26.3,0.0,2.0,0.0,2.0,0.0888888888888888,0.0909090909090909,-5.9957581
CCCc1ccc(C(F)(F)C(F)(F)F)cc1,238.199,4.293200000000002,90.0837907061112,0.0,0.0,0.0,3.0,1.0,0.1081081081081081,0.1111111111111111,-5.5395265
O=C(O)[C@H]1O[C@@H](OCCC(F)(F)C(F)(F)C(F)(F)C(F)(F)C(F)(F)C(F)(F)C(F)(F)C(F)(F)F)[C@H](O)[C@@H](O)[C@@H]1O,640.2390000000003,3.294700000000002,207.5872010078369,116.45000000000002,4.0,6.0,11.0,1.0,0.217391304347826,0.2790697674418604,-8.8704634
CN(CCCNS(=O)(=O)CCC(F)(F)C(F)(F)C(F)(F)C(F)(F)C(F)(F)C(F)(F)C(F)(F)C(F)(F)F)CC(=O)O,656.3550000000001,4.711800000000003,212.05371219199088,86.71000000000001,2.0,4.0,16.0,0.0,0.2553191489361702,0.2608695652173913,-9.1471863
CC1(C)C(C=CC(=O)OC(C(F)(F)F)C(F)(F)F)C1C(=O)OC(C#N)c1cccc(Oc2ccccc2)c1,541.4440000000002,6.451580000000004,212.95172472903428,85.62000000000002,0.0,6.0,8.0,3.0,0.0704225352112676,0.1029411764705882,-9.7042656
O=C(F)C(F)(OC(F)(F)C(F)(F)F)C(F)(F)F,282.033,2.8823,85.12944084422898,26.3,0.0,2.0,3.0,0.0,0.1935483870967742,0.2413793103448276,-5.016397
C[N+](C)(CCO)CCCN(CCCS(=O)(=O)O)S(=O)(=O)C(F)(F)C(F)(F)C(F)(F)C(F)(F)C(F)(F)C(F)(F)F,651.4840000000003,3.051200000000001,213.27862746347344,111.98,2.0,5.0,16.0,0.0,0.3409090909090909,0.2083333333333333,-9.9336891
C[N+](C)(C)CCCNS(=O)(=O)C(F)(F)C(F)(F)C(F)(F)C(F)(F)C(F)(F)C(F)(F)F,499.313,3.698400000000003,161.18601775705508,46.17,1.0,2.0,10.0,0.0,0.3611111111111111,0.2307692307692307,-7.5778432
C[N+](C)(C)CCCNS(=O)(=O)C(F)(F)C(F)(F)C(F)(F)C(F)(F)C(F)(F)C(F)(F)C(F)(F)F,549.32,4.333700000000003,175.88203067730416,46.17,1.0,2.0,11.0,0.0,0.3611111111111111,0.2307692307692307,-8.2584591
O=[N+]([O-])C(F)(F)C(F)(F)[N+](=O)[O-],192.024,0.7253999999999999,61.0722861989307,86.28,0.0,4.0,3.0,0.0,0.1538461538461538,0.16,-4.3784909
FC(F)(F)C(F)(F)C(F)(F)C(F)(F)C(F)(F)C(F)(F)C(F)(F)Cl,404.5,5.556800000000001,119.71520098498438,0.0,0.0,0.0,5.0,0.0,0.3636363636363636,0.3809523809523809,-5.5211596
CCOc1ccc(C2(C(=O)OC)CC(F)(F)C2(F)F)cc1,306.25499999999994,3.1704000000000017,118.39586305190306,35.53,0.0,3.0,4.0,2.0,0.0576923076923076,0.08,-6.3329763
FC(F)(F)C1(F)OC(F)(F)C(F)(F)C(F)(F)C1(F)F,316.04099999999994,3.7434,94.65810051090504,9.23,0.0,1.0,0.0,1.0,0.0909090909090909,0.09375,-4.9607878
O=S(=O)(F)C(F)(F)C(F)(F)C(F)(F)C(F)(F)C(F)(F)F,352.09599999999995,3.3467,101.10633974492475,34.14,0.0,2.0,4.0,0.0,0.5909090909090909,0.36,-5.1560955
FC1(F)COC1(F)F,130.04,1.2447,42.23899094430535,9.23,0.0,1.0,0.0,1.0,0.0714285714285714,0.0357142857142857,-3.6870584
C=CC(=O)OCCC(F)(F)C(F)(F)C(F)(F)C(F)(F)C(F)(F)C(F)(F)C(F)(F)F,468.156,5.479800000000002,149.82210962745214,26.3,0.0,2.0,9.0,0.0,0.2702702702702703,0.3142857142857143,-6.8600836
O=S(=O)(F)C(F)C(F)(F)F,184.085,1.1436000000000002,52.852765581251305,34.14,0.0,2.0,1.0,0.0,0.2222222222222222,0.1428571428571428,-4.1897869
FC(OC(F)(F)C(F)(OC(F)(F)C(F)(F)C(F)(F)F)C(F)(F)F)C(F)(F)F,452.06,5.488800000000001,134.33503813736553,18.46,0.0,2.0,6.0,0.0,0.2,0.1714285714285714,-5.9603386
COC(=O)C(F)(OC(F)(F)C(F)(F)C(F)(F)F)C(F)(F)F,344.076,3.194500000000001,107.1384057054553,35.53,0.0,3.0,4.0,0.0,0.2352941176470588,0.28125,-5.6765451
FC1CC(F)(F)C(F)(F)C1(F)F,196.065,2.6341,62.3519361523704,0.0,0.0,0.0,0.0,1.0,0.0303030303030303,0.03125,-4.3731866
FC(F)(F)C(F)(F)C(F)(F)C(F)(F)C(F)(F)C(F)(I)C(F)(F)F,495.951,5.753000000000001,128.67377287914636,0.0,0.0,0.0,4.0,0.0,0.3333333333333333,0.3478260869565217,-5.6457081
FC(F)(F)[C@]1(F)C(F)(F)[C@@](F)(C(F)(F)F)C1(F)F,300.0419999999999,3.8118,89.54455528139817,0.0,0.0,0.0,0.0,1.0,0.1153846153846153,0.12,-4.8166432
FC(F)(F)C(F)(F)C(F)(F)C(F)(F)C(F)(F)C(F)(F)C(F)(F)C(F)(F)CC1CO1,476.1260000000001,5.784700000000004,147.31048809751923,12.53,0.0,1.0,8.0,1.0,0.25,0.2580645161290322,-6.5029521
C=CCOC(F)(F)C(F)C(F)(F)F,208.101,2.682200000000001,69.98111621469263,9.23,0.0,1.0,4.0,0.0,0.081081081081081,0.0833333333333333,-5.0395226
O=P(O)(O)OCC(O)CC(F)(F)C(F)(F)C(F)(F)C(F)(F)C(F)(F)C(F)(F)C(F)(F)C(F)(F)C(F)(F)C(F)(F)C(F)(F)C(F)(F)C(F)(C(F)(F)F)C(F)(F)F,924.1690000000006,9.3032,277.12072162385505,86.99000000000001,3.0,3.0,17.0,0.0,0.1951219512195122,0.2,-8.2697735
CCN(CCOP(=O)(OCCN(CC)S(=O)(=O)C(F)(F)C(F)(F)C(F)(F)C(F)(F)C(F)(F)C(F)(F)C(F)(F)F)OCCN(CC)S(=O)(=O)C(F)(F)C(F)(F)C(F)(F)C(F)(F)C(F)(F)C(F)(F)C(F)(F)F)S(=O)(=O)C(F)(F)C(F)(F)C(F)(F)C(F)(F)C(F)(F)C(F)(F)C(F)(F)F,1607.675000000001,14.094199999999985,494.3185668710525,156.89999999999998,0.0,10.0,36.0,0.0,0.325,0.2093023255813953,-8.6570978
O=S(=O)(F)C1(F)C(F)(F)C(F)(F)C(F)(F)C(F)(F)C1(F)C(F)(F)F,414.114,3.7769,121.1614636260412,34.14,0.0,2.0,1.0,1.0,0.1818181818181818,0.1515151515151515,-5.3145385
FC(F)(F)C(C1OC(F)(F)C(F)(F)C1(F)F)(C(F)(F)F)C(F)(F)F,398.065,4.9219,119.88459094847695,9.23,0.0,1.0,1.0,1.0,0.1142857142857142,0.1176470588235294,-5.1471562
FC(F)(F)C(F)(F)OC1(F)OC(F)(C(F)(F)F)C(F)(F)OC1(F)C(F)(F)F,448.053,4.877200000000001,134.27721681041697,27.69,0.0,3.0,2.0,1.0,0.1025641025641025,0.1052631578947368,-6.0100904
FC(F)C(F)(F)OCC1CO1,174.093,1.2596999999999998,60.08242040260544,21.76,0.0,2.0,4.0,1.0,0.0789473684210526,0.081081081081081,-4.5944018
COCCOCCOCCOCCOCCOCCOCCOCCOCCOCC(O)CC(F)(F)C(F)(F)C(F)(F)C(F)(F)C(F)(F)C(F)(F)C(F)(C(F)(F)F)C(F)(F)F,954.6520000000012,6.177900000000011,334.762373162591,112.53000000000004,1.0,11.0,37.0,0.0,0.1590909090909091,0.1627906976744186,-10.215968
O=S(=O)(O)C(F)(Cl)C(F)(F)C(F)(F)C(F)(F)C(F)(F)C(F)(F)F,416.567,3.8398,122.48228867184967,54.370000000000005,1.0,2.0,5.0,0.0,0.5833333333333334,0.3703703703703703,-5.6908479
CC1(C)OCC(CC(F)(F)C(F)(F)C(F)(F)C(F)(F)C(F)(F)C(F)(F)C(F)(C(F)(F)F)C(F)(F)F)O1,584.2130000000001,7.172700000000004,186.21487259046503,18.46,0.0,2.0,8.0,1.0,0.1363636363636363,0.1395348837209302,-8.1774197
O=P(O)(O)OCC(O)CC(F)(F)C(F)(F)C(F)(F)C(F)(F)C(F)(F)C(F)(F)C(F)(F)C(F)(F)C(F)(F)C(F)(F)C(F)(F)C(F)(F)C(F)(F)C(F)(F)F,874.1620000000005,8.667900000000001,262.424708703606,86.99000000000001,3.0,3.0,17.0,0.0,0.2631578947368421,0.2702702702702703,-8.2097998
C=CC(=O)OCC(COC(=O)C=C)(COC(=O)C=C)CO[Si](C)(CCC(F)(F)C(F)(F)C(F)(F)C(F)(F)C(F)(F)C(F)(F)F)OCC(COC(=O)C=C)(COC(=O)C=C)COC(=O)C=C,984.781,6.568500000000007,361.3966479305541,176.26,0.0,14.0,31.0,0.0,0.2083333333333333,0.2391304347826087,-9.3755674
FC(F)(F)OC(F)(F)C(F)(F)C(F)(F)C(F)(F)C(F)(F)C(F)(F)C(F)(F)F,454.05099999999993,5.854400000000002,133.38702831078487,9.23,0.0,1.0,6.0,0.0,0.3076923076923077,0.32,-5.7253084
F[C@H]([C@H](F)C(F)(F)C(F)(F)F)C(F)(F)F,252.051,3.4225000000000003,75.85437351467833,0.0,0.0,0.0,2.0,0.0,0.1428571428571428,0.1481481481481481,-4.8381433
O=P(O)(O)OCC(O)CC(F)(F)C(F)(F)C(F)(F)C(F)(F)C(F)(F)C(F)(F)C(F)(F)C(F)(F)C(F)(F)F,624.1270000000002,5.491400000000004,188.94464410236063,86.99000000000001,3.0,3.0,12.0,0.0,0.2631578947368421,0.2702702702702703,-7.6748476
CCCCCCCCCCCCCCCCCCCCC(F)(F)C(F)(F)C(F)(F)C(F)(F)C(F)(F)C(F)(F)C(F)(F)F,650.5950000000003,12.792299999999978,236.7107770460349,0.0,0.0,0.0,24.0,0.0,0.25,0.2580645161290322,-8.9340191
Cc1ccc(NC(=O)OCCNCCCS(=O)(=O)C(F)(F)C(F)(F)C(F)(F)C(F)(F)C(F)(F)C(F)(F)C(F)(F)C(F)(F)F)cc1NC(=O)OCCNCS(=O)(=O)C(F)(F)C(F)(F)C(F)(F)C(F)(F)C(F)(F)C(F)(F)C(F)(F)C(F)(F)F,1316.6570000000006,11.382219999999991,424.9134240648039,168.99999999999997,4.0,10.0,28.0,1.0,0.2258064516129032,0.171875,-7.994916
C[N+](C)(CCCNS(=O)(=O)C(F)(F)C(F)(F)C(F)(F)C(F)(F)C(F)(F)C(F)(F)C(F)(F)C(F)(F)F)CC(=O)[O-],642.3280000000001,3.089100000000001,205.8987415641896,86.3,1.0,4.0,14.0,0.0,0.3255813953488372,0.2444444444444444,-8.2888975
CCOC(O)C(F)(F)C(F)(F)F,194.099,1.5389,64.93447548175006,29.46,1.0,2.0,3.0,0.0,0.1515151515151515,0.15625,-4.9633088
C=C(C)C(=O)OC(C(F)(F)F)C(F)(F)F,236.1109999999999,2.5989000000000004,80.507580429133,26.3,0.0,2.0,2.0,0.0,0.1428571428571428,0.1818181818181818,-5.2066617
C=COCCCCOC(=O)C(CCC(F)(F)C(F)(F)C(F)(F)C(F)(F)C(F)(F)C(F)(F)F)C(=O)OCCCCOC=C,646.4369999999997,7.088600000000006,230.3179568363425,71.06,0.0,6.0,21.0,0.0,0.217391304347826,0.25,-9.8356295
O=C(O)C(F)(F)OC(F)(F)OC(F)(F)F,246.034,1.7671,76.17567150275656,55.760000000000005,1.0,3.0,4.0,0.0,0.15625,0.2857142857142857,-4.9136753
O=C(O)C(F)(F)C(F)(F)C(F)F,196.046,1.6067000000000002,61.78304564081656,37.3,1.0,1.0,3.0,0.0,0.1666666666666666,0.4166666666666667,-4.0820646
O=[13C](O)[13C](F)(OC(F)(F)C(F)(F)C(F)(F)F)[13C](F)(F)F,333.0260645199999,3.1061,100.45415211374782,46.53,1.0,2.0,4.0,0.0,0.2580645161290322,0.4074074074074074,-5.1618676
C[N+](C)(CCC(F)C(F)(F)C(F)(F)C(F)(F)C(F)(F)C(F)(F)C(F)(F)C(F)(F)F)CC(=O)[O-],531.231,3.915000000000002,173.05762597084365,40.13,0.0,2.0,11.0,0.0,0.238095238095238,0.275,-7.6832852
CCN([O-])CCCNS(=O)(=O)C(F)(F)C(F)(F)C(F)(F)C(F)(F)C(F)(F)C(F)(F)C(F)(F)C(F)(F)F,599.2830000000001,5.082500000000002,188.7514022482353,72.47,1.0,4.0,13.0,0.0,0.325,0.2093023255813953,-7.691062
O=S(=O)(O)CCC(F)(F)C(F)(F)C(F)(F)C(F)(F)C(F)(F)C(F)(F)C(F)(F)C(F)(F)C(F)(F)C(F)(F)F,628.1940000000002,6.544300000000003,187.85849375768376,54.370000000000005,1.0,2.0,11.0,0.0,0.4642857142857143,0.3333333333333333,-8.1063251
C[N+](C)(C)CC([O-])CS(=O)CCC(F)(F)C(F)(F)C(F)(F)C(F)(F)C(F)(F)C(F)(F)F,511.344,3.299100000000002,169.7737518655971,40.13,0.0,2.0,11.0,0.0,0.2045454545454545,0.2093023255813953,-8.0612392
C[N+](C)(C)CC([O-])CSCCC(F)(F)C(F)(F)C(F)(F)C(F)(F)C(F)(F)C(F)(F)C(F)(F)C(F)(F)F,595.359,5.554200000000004,195.9146335278845,23.06,0.0,2.0,13.0,0.0,0.1860465116279069,0.1904761904761904,-8.6364126
C[N+](C)(CCC(F)C(F)(F)C(F)(F)C(F)(F)C(F)(F)C(F)(F)C(F)(F)C(F)(F)C(F)(F)C(F)(F)C(F)(F)C(F)(F)F)CC(=O)[O-],731.2590000000001,6.456200000000007,231.84167765184,40.13,0.0,2.0,15.0,0.0,0.238095238095238,0.275,-9.0831671
O=C([O-])C(F)(F)C(F)(F)C(F)(F)C(F)(F)C(F)(F)C(F)(F)C(F)(F)C(F)(F)C(F)(F)C(F)(F)C(F)(F)Cl,629.5390000000001,5.9209000000000005,189.65441522969084,40.13,0.0,2.0,11.0,0.0,0.2333333333333333,0.3846153846153846,-6.9753895
O=C([O-])C(F)(F)C(F)(F)C(F)(F)C(F)(F)C(F)(F)C(F)(F)Cl,379.5039999999999,2.7444,116.17435062844544,40.13,0.0,2.0,6.0,0.0,0.2333333333333333,0.3846153846153846,-5.5273337
O=C([O-])C(F)(F)C(F)(F)C(F)(F)C(F)(F)Cl,279.48999999999995,1.4737999999999996,86.78232478794732,40.13,0.0,2.0,4.0,0.0,0.2,0.3461538461538461,-4.775425
O=C(O)C(F)(F)C(F)(F)C(F)(F)C(F)(F)C(F)(F)C(F)(F)C(F)(F)C(F)(F)C(F)(F)C(F)(F)C(F)(F)C(F)(F)C(F)(F)C(F)F,746.1230000000004,8.595000000000004,223.4391877635564,37.3,1.0,1.0,14.0,0.0,0.21875,0.5833333333333334,-7.9838376
C[N+](C)(CCCNC(=O)C(F)(F)C(F)(F)C(F)(F)C(F)(F)C(F)(F)C(F)(F)C(F)(F)C(F)(F)C(F)(F)C(F)(F)C(F)(F)F)CC(=O)[O-],756.2940000000002,5.234300000000005,243.7524686469621,69.23,1.0,3.0,16.0,0.0,0.2222222222222222,0.3170731707317073,-8.8342829
C[N+](C)([O-])CCCNS(=O)(=O)C(F)(F)C(F)(F)C(F)(F)C(F)(F)C(F)(F)C(F)(F)C(F)(F)F,550.2840000000001,4.201700000000002,174.26536081458156,69.22999999999999,1.0,3.0,11.0,0.0,0.3421052631578947,0.2195121951219512,-7.3752484
O=[13C]([O-])[13C](F)(F)[13C](F)(F)[13C](F)(F)C(F)(F)C(F)(F)C(F)(F)C(F)(F)F,417.02541936,3.1103999999999994,124.73263272473908,40.13,0.0,2.0,6.0,0.0,0.3846153846153846,0.5909090909090909,-5.6067123
O=P([O-])(O)O[13CH2][13CH2]C(F)(F)C(F)(F)C(F)(F)C(F)(F)C(F)(F)C(F)(F)F,445.05670968,3.592600000000001,133.69742947502084,69.59,1.0,3.0,8.0,0.0,0.2777777777777778,0.2857142857142857,-6.9652815
C=C(C)C(=O)OCC(C)OC(=O)Nc1cc(NC(=O)OCCCCN(C)S(=O)(=O)C(F)(F)C(F)(F)C(F)(F)C(F)(F)C(F)(F)C(F)(F)F)ccc1C,803.5910000000006,7.337920000000007,286.003080646169,140.33999999999995,2.0,8.0,17.0,1.0,0.1866666666666666,0.1578947368421052,-8.3680344
FC(F)(F)C(F)(C(F)(F)F)C(F)(F)C1(F)C(F)(F)C(F)(F)C2(F)C(F)(F)C(F)(F)C(F)(F)C(F)(F)C2(F)C1(F)F,662.1020000000002,8.053800000000006,197.77575668400908,0.0,0.0,0.0,2.0,2.0,0.1176470588235294,0.1212121212121212,-5.9239149
FC(F)(F)C(F)(F)C(F)(F)N(C(F)(F)C(F)(F)C(F)(F)F)C(F)(F)C(F)(F)C(F)(F)C(F)(F)C(F)(F)C(F)(F)N(C(F)(F)C(F)(F)C(F)(F)F)C(F)(F)C(F)(F)C(F)(F)F,1004.1320000000006,12.478799999999998,295.08435043002794,6.48,0.0,2.0,15.0,0.0,0.28,0.2916666666666667,-6.9152985
O=C(N1CCc2ccccc21)C(F)(F)C(F)(F)C(F)(F)F,315.188,3.4086000000000016,113.69532824307817,20.31,0.0,1.0,2.0,2.0,0.1860465116279069,0.25,-6.0397925
O=P(OCCC(F)(F)C(F)(F)C(F)(F)C(F)(F)C(F)(F)C(F)(F)C(F)(F)C(F)(F)C(F)(F)C(F)(F)C(F)(F)C(F)(F)F)(OCCC(F)(F)C(F)(F)C(F)(F)C(F)(F)C(F)(F)C(F)(F)C(F)(F)C(F)(F)C(F)(F)C(F)(F)C(F)(F)C(F)(F)F)OCCC(F)(F)C(F)(F)C(F)(F)C(F)(F)C(F)(F)C(F)(F)C(F)(F)C(F)(F)C(F)(F)C(F)(F)C(F)(F)C(F)(F)F,2036.3780000000013,25.96640000000002,609.0072793005528,44.760000000000005,0.0,4.0,42.0,0.0,0.2727272727272727,0.28125,-7.8118324
C=C(Cl)C(=O)OCCC(F)(F)C(F)(F)C(F)(F)C(F)(F)C(F)(F)C(F)(F)F,452.594,5.411000000000001,145.42936293408474,26.3,0.0,2.0,8.0,0.0,0.2631578947368421,0.3055555555555556,-6.6754794
C[N+](C)([O-])CCCNS(=O)(=O)C(F)(F)C(F)(F)C(F)(F)C(F)(F)F,400.263,2.2958,130.1773220538343,69.22999999999999,1.0,3.0,8.0,0.0,0.3157894736842105,0.1951219512195122,-6.3153243
CC(NC(=O)C(C)NC(=O)CCSCCC(F)(F)C(F)(F)C(F)(F)C(F)(F)C(F)(F)C(F)(F)F)C(=O)[O-],593.3820000000001,2.9979000000000013,203.2319195411249,98.33,2.0,5.0,14.0,0.0,0.196078431372549,0.25,-9.0248432
CN(C(=O)c1ccccc1)c1cccc(C(=O)Nc2c(Br)cc(C(F)(C(F)(F)F)C(F)(F)F)cc2C(F)(F)F)c1F,663.2810000000002,8.425300000000004,231.42136342413025,49.41,1.0,2.0,5.0,3.0,0.088235294117647,0.123076923076923,-9.4171209
CC(F)(F)C(F)(F)C(F)(F)F,184.054,2.8392,56.99282519150302,0.0,0.0,0.0,1.0,0.0,0.2608695652173913,0.3333333333333333,-4.1993303
FC(F)C(F)(F)C(F)(F)C(F)(F)C(F)(F)F,270.04099999999994,3.7197,80.01990891760455,0.0,0.0,0.0,3.0,0.0,0.28,0.2916666666666667,-4.6214905
CCCCC(F)(F)C(F)(F)C(F)(F)C(F)(F)F,276.14199999999994,4.644800000000002,90.78366445494191,0.0,0.0,0.0,5.0,0.0,0.2333333333333333,0.2413793103448276,-5.3700156
C=CCC(F)(F)C(F)(F)C(F)(F)C(F)(F)F,260.09899999999993,4.0307,83.72911930836106,0.0,0.0,0.0,4.0,0.0,0.2413793103448276,0.25,-5.1728721
C[C@H](O)C(F)(F)C(F)(F)C(F)(F)F,214.08,2.2001000000000004,68.15200105809564,20.23,1.0,1.0,2.0,0.0,0.2592592592592592,0.2692307692307692,-4.7340803
CCCCCCCCCCCCC(F)(F)C(F)(F)C(F)(F)C(F)(F)F,388.358,7.765600000000005,141.70320137011475,0.0,0.0,0.0,13.0,0.0,0.21875,0.2258064516129032,-8.0184498
FC(F)(F)C(F)(F)C(F)(F)c1ccccc1,246.12500000000003,3.9760000000000018,85.68497728317045,0.0,0.0,0.0,2.0,1.0,0.2,0.25,-5.1887307
CCCCCCCC(F)(F)C(F)(F)C(F)(F)C(F)(F)C(F)(F)C(F)(F)F,418.2369999999999,7.0857000000000046,139.27051663862989,0.0,0.0,0.0,10.0,0.0,0.25,0.2580645161290322,-7.008316
FC(F)(F)C(F)(F)C(F)(F)C(F)(F)C(F)(F)C(F)(F)C(Cl)CCl,416.992,5.571400000000001,128.0523385204102,0.0,0.0,0.0,6.0,0.0,0.2666666666666666,0.2758620689655172,-5.690886
CCCCCCCC(F)(F)C(F)(F)C(F)(F)C(F)(F)C(F)(F)C(F)(F)C(F)(F)F,468.2439999999999,7.721000000000005,153.96652955887896,0.0,0.0,0.0,11.0,0.0,0.25,0.2580645161290322,-7.167665
CCCCCC(F)(F)C(F)(F)C(F)(F)C(F)(F)C(F)(F)C(F)(F)C(F)(F)C(F)(F)F,490.197,7.576100000000005,155.9326582503348,0.0,0.0,0.0,10.0,0.0,0.2580645161290322,0.2666666666666666,-7.188868
FC(=CC(F)(F)C(F)(F)C(F)(F)F)C(F)(F)C(F)(F)F,332.059,4.8703,100.391260920066,0.0,0.0,0.0,3.0,0.0,0.2333333333333333,0.2857142857142857,-5.5164351
OCCCCC(F)(F)C(F)(F)C(F)(F)C(F)(F)C(F)(F)C(F)(F)F,392.155,4.887800000000001,124.96992404763608,20.23,1.0,1.0,8.0,0.0,0.3,0.3103448275862069,-6.4817634
CCCCCC=C(C)C(F)(F)C(F)(F)C(F)(F)C(F)(F)F,330.2339999999999,5.981200000000003,115.55382988034408,0.0,0.0,0.0,7.0,0.0,0.2162162162162162,0.2941176470588235,-6.4160681
CCCCC(I)CC(F)(F)C(F)(F)C(F)(F)C(F)(F)C(F)(F)C(F)(F)C(F)(F)C(F)(F)F,630.1200000000002,8.379700000000003,181.55943848577505,0.0,0.0,0.0,11.0,0.0,0.2162162162162162,0.2222222222222222,-7.4491601
CC(I)CC(F)(F)C(F)(F)C(F)(F)C(F)(F)C(F)(F)C(F)(F)C(F)(F)C(F)(F)C(F)(F)C(F)(F)F,688.0530000000002,8.480000000000002,191.8566379830834,0.0,0.0,0.0,10.0,0.0,0.2580645161290322,0.2666666666666666,-7.4761238
FC(=CCC(F)(F)C(F)(F)F)C(F)(F)C(F)(F)C(F)(F)F,346.086,5.2604000000000015,106.7562030344626,0.0,0.0,0.0,4.0,0.0,0.2121212121212121,0.2580645161290322,-5.5811691
CCCCCCCCCCCCCCCCC(F)(F)C(F)(F)C(F)(F)C(F)(F)C(F)(F)C(F)(F)C(F)(F)F,594.4870000000001,11.231899999999987,211.25100858844849,0.0,0.0,0.0,20.0,0.0,0.25,0.2580645161290322,-8.6707487
FC(F)(F)C(F)(F)C(F)(F)C(F)(F)C(F)(F)CCCCCCC(F)(F)C(F)(F)C(F)(F)C(F)(F)C(F)(F)F,622.2280000000004,9.533999999999995,195.85516160815584,0.0,0.0,0.0,13.0,0.0,0.2962962962962963,0.3076923076923077,-7.6218114
FC(F)C(F)(F)C(F)(F)C(F)(F)C(F)(F)C(F)(F)C(F)(F)C(F)(F)C(F)(F)C(F)(F)C(F)(F)C(F)(F)C(F)(F)C(F)(F)F,720.1040000000003,9.437400000000004,212.2840251998462,0.0,0.0,0.0,12.0,0.0,0.32,0.3333333333333333,-7.3948388
CCCCC(I)CC(F)(F)C(F)(F)C(F)(F)C(F)(F)C(F)(F)C(F)(F)C(F)(F)C(F)(F)C(F)(F)C(F)(F)F,730.1340000000004,9.650299999999996,210.9514643262732,0.0,0.0,0.0,13.0,0.0,0.2162162162162162,0.2222222222222222,-8.4196386
FC(F)(F)C(F)(F)C(F)(F)C#Cc1ccccc1,270.147,3.871000000000001,97.41408690382292,0.0,0.0,0.0,1.0,1.0,0.1714285714285714,0.2121212121212121,-5.3842897
FC(F)(F)C(F)(F)C(F)(F)c1ccc(I)cc1,372.021,4.580600000000001,104.94681540421408,0.0,0.0,0.0,2.0,1.0,0.1875,0.1935483870967742,-5.2456589
FC(=C(F)C(F)(F)C(F)(F)C(F)(F)C(F)(F)C(F)(F)F)C(F)(F)F,400.0559999999999,5.802800000000001,119.25280924324127,0.0,0.0,0.0,4.0,0.0,0.3333333333333333,0.4583333333333333,-5.8817515
CCCCCCCCCCCCCCCCCCC(F)(F)C(F)(F)C(F)(F)C(F)(F)C(F)(F)C(F)(F)C(F)(F)C(F)(F)C(F)(F)C(F)(F)F,772.5620000000002,13.917999999999978,268.0689315779889,0.0,0.0,0.0,25.0,0.0,0.25,0.2580645161290322,-8.414403
C=C(Cl)C(F)(F)C(F)(F)C(F)(F)C(F)(F)C(F)(F)C(F)(F)C(F)(F)C(F)(F)F,480.545,6.748300000000003,146.45149510184245,0.0,0.0,0.0,7.0,0.0,0.3333333333333333,0.4583333333333333,-5.0689902
FC(F)(F)C(F)(F)C(F)(F)C(F)(F)C(F)(F)CCCCCCCCCCCCCC(F)(F)C(F)(F)C(F)(F)C(F)(F)C(F)(F)F,720.4170000000008,12.264699999999984,240.4097564089321,0.0,0.0,0.0,20.0,0.0,0.2962962962962963,0.3076923076923077,-7.8118138
CCCCCCCCCC(I)CC(F)(F)C(F)(F)C(F)(F)C(F)(F)C(F)(F)C(F)(F)C(F)(F)C(F)(F)C(F)(F)C(F)(F)F,800.2690000000005,11.600799999999987,242.77617489825624,0.0,0.0,0.0,18.0,0.0,0.2051282051282051,0.2105263157894736,-7.658401
CCCCCCCCCCCCCCCCC(F)(F)C(F)(F)C(F)(F)C(F)(F)C(F)(F)C(F)(F)C(F)(F)C(F)(F)C(F)(F)C(F)(F)C(F)(F)F,794.5150000000003,13.77309999999998,270.0350602694447,0.0,0.0,0.0,24.0,0.0,0.25,0.2580645161290322,-8.9132538
CC(C#N)CC(F)(F)C(F)(F)C(F)(F)C(F)(F)C(F)(F)C(F)(F)F,387.139,5.274980000000002,124.56826997690877,23.79,0.0,1.0,6.0,0.0,0.2352941176470588,0.2424242424242424,-6.056715
CCCCCCCCCCCCCCCCCC(F)(F)C(F)(F)C(F)(F)C(F)(F)C(F)(F)C(F)(F)C(F)(F)C(F)(F)C(F)(F)C(F)(F)C(F)(F)C(F)(F)F,858.5490000000004,14.798499999999978,291.0960153040904,0.0,0.0,0.0,26.0,0.0,0.25,0.2580645161290322,-8.8447161
CCSC(SCC)C(F)(F)C(F)(F)C(F)(F)F,304.29599999999994,4.651600000000002,102.69881369981992,0.0,0.0,2.0,6.0,0.0,0.1875,0.1935483870967742,-5.3848748
OCC(I)CC(F)(F)C(F)(F)C(F)(F)C(F)(F)C(F)(F)C(F)(F)C(F)(F)C(F)(F)F,604.0380000000001,6.181800000000004,167.25884589478125,20.23,1.0,1.0,9.0,0.0,0.28125,0.2903225806451613,-6.6246362
O=C(O)CC(CC(=O)O)C(F)(F)C(F)(F)C(F)(F)F,300.1259999999999,2.3849,100.364105353569,74.6,2.0,2.0,6.0,0.0,0.2580645161290322,0.3571428571428571,-5.6729102
CCCCCCCCCCCCCCCCCCC(I)CC(F)(F)C(F)(F)C(F)(F)C(F)(F)C(F)(F)C(F)(F)C(F)(F)C(F)(F)C(F)(F)C(F)(F)F,926.5120000000004,15.111699999999974,300.06065392782574,0.0,0.0,0.0,27.0,0.0,0.2051282051282051,0.2105263157894736,-8.7681017
CCCCCCCCCCCCC=CC(F)(F)C(F)(F)C(F)(F)C(F)(F)C(F)(F)C(F)(F)F,514.41,9.592399999999998,183.1355084072219,0.0,0.0,0.0,16.0,0.0,0.2222222222222222,0.2285714285714285,-8.1125212
FC(F)(F)C(F)(F)C(F)(F)C(F)(F)C(F)(F)C(F)(F)C(F)(F)C(F)(F)C(F)(F)C(F)(F)CCCCCCC(F)(F)C(F)(F)C(F)(F)C(F)(F)C(F)(F)C(F)(F)C(F)(F)C(F)(F)C(F)(F)C(F)(F)F,1122.2980000000002,15.886999999999986,342.81529081064656,0.0,0.0,0.0,23.0,0.0,0.2962962962962963,0.3076923076923077,-8.9168787
OCCOCC(F)(F)C(F)(F)C(F)(F)C(F)(F)C(F)(F)F,344.11999999999995,3.0988000000000007,109.02251424249728,29.46,1.0,2.0,7.0,0.0,0.28125,0.2903225806451613,-5.5986681
O=C(Br)C(F)(F)C(F)(F)C(F)(F)C(F)(F)C(F)(F)C(F)(F)C(F)(F)F,476.961,5.282000000000001,133.8059465781844,17.07,0.0,1.0,6.0,0.0,0.3846153846153846,0.5909090909090909,-4.9354916
FC(F)(F)C(F)(F)C(F)(F)C(F)(F)C(F)(F)C(F)(F)C(F)(F)C(F)(F)C(F)(F)C(F)(F)CCCCCCCCCCC(F)(F)C(F)(F)C(F)(F)C(F)(F)C(F)(F)C(F)(F)C(F)(F)C(F)(F)C(F)(F)C(F)(F)F,1178.406,17.447400000000002,368.275059268233,0.0,0.0,0.0,27.0,0.0,0.2962962962962963,0.3076923076923077,-8.5988836
CC(=O)OC(C)CC(F)(F)C(F)(F)C(F)(F)F,270.14399999999995,3.1610000000000014,91.72766097864007,26.3,0.0,2.0,4.0,0.0,0.2222222222222222,0.2647058823529412,-5.301805
CCCCCCOC(=O)C(F)(F)C(F)(F)C(F)(F)F,298.1979999999999,3.9428000000000014,104.45754520743328,26.3,0.0,2.0,7.0,0.0,0.2105263157894736,0.2857142857142857,-5.7030706
CCC(C(=O)O)C(F)(F)C(F)(F)C(F)(F)C(F)(F)C(F)(F)C(F)(F)F,406.1379999999999,4.836000000000001,129.1314461476798,37.3,1.0,1.0,7.0,0.0,0.303030303030303,0.4,-6.0166078
FC(F)(F)C(F)(F)C(F)(F)C(F)(F)C(F)(F)C(F)(F)C(F)(F)C(F)(F)C(F)(F)C(F)(F)CC(I)CCCCC(I)CC(F)(F)C(F)(F)C(F)(F)C(F)(F)C(F)(F)C(F)(F)C(F)(F)C(F)(F)C(F)(F)C(F)(F)F,1402.1440000000002,17.494200000000006,394.06885128152703,0.0,0.0,0.0,25.0,0.0,0.2424242424242424,0.25,-9.4083796
CN(C)[Si](C)(CCC(F)(F)C(F)(F)C(F)(F)C(F)(F)C(F)(F)C(F)(F)C(F)(F)C(F)(F)F)N(C)C,578.3829999999999,6.5811000000000055,187.7230986646084,6.48,0.0,2.0,11.0,0.0,0.2285714285714285,0.2352941176470588,-7.3818021
COc1ccc(C(F)(F)C(F)(F)C(F)(F)C(F)(F)F)cc1,326.158,4.619900000000001,111.859477547323,9.23,0.0,1.0,4.0,1.0,0.2,0.2058823529411764,-5.4412298
CC(=O)C(C(C)=O)C(=O)C(F)(F)C(F)(F)C(F)(F)C(F)(F)F,346.1449999999999,2.8179000000000007,115.9981149838664,51.21,0.0,3.0,6.0,0.0,0.2903225806451613,0.4444444444444444,-6.2534695
Fc1c(F)c(F)c(C(F)(F)C(F)(F)C(F)(F)F)c(F)c1F,336.075,4.671500000000001,106.51265429780162,0.0,0.0,0.0,2.0,1.0,0.2142857142857142,0.2222222222222222,-4.8151693
FC(F)(F)C(F)(F)C(F)(F)C(CC1CO1)(C(F)(F)F)C(F)(F)F,376.112,4.719200000000001,117.9184622570211,12.53,0.0,1.0,4.0,1.0,0.2121212121212121,0.21875,-5.1854763
FC(F)(F)C(F)(F)C(F)(F)C(F)(F)C(F)(F)C(F)(F)c1ccc(I)cc1,522.042,6.486500000000001,149.03485416496127,0.0,0.0,0.0,5.0,1.0,0.25,0.2580645161290322,-5.8845248
C[Si](C)(CCC(F)(F)C(F)(F)C(F)(F)C(F)(F)C(F)(F)C(F)(F)C(F)(F)C(F)(F)F)O[Si](C)(C)CCC(F)(F)C(F)(F)C(F)(F)C(F)(F)C(F)(F)C(F)(F)C(F)(F)C(F)(F)F,1026.5270000000005,14.212199999999989,316.88330013652103,9.23,0.0,1.0,20.0,0.0,0.2352941176470588,0.2424242424242424,-7.7410884
FC(F)(F)C(F)(F)C(F)(F)C(F)(F)c1cccs1,302.161,4.672800000000001,98.021353473831,0.0,0.0,1.0,3.0,1.0,0.2058823529411764,0.2121212121212121,-5.3281984
FC(=NC(F)(F)C(F)(F)C(F)(F)C(F)(F)F)C(F)(F)C(F)(F)C(F)(F)F,433.061,5.613000000000001,129.00327016421193,12.36,0.0,1.0,5.0,0.0,0.2666666666666666,0.3214285714285714,-5.8458056
C=CC(=O)OCC(F)(F)C(F)(F)C(F)(F)C(F)(F)C(F)(F)F,354.11499999999995,3.8191000000000006,114.06514167255736,26.3,0.0,2.0,6.0,0.0,0.2857142857142857,0.3333333333333333,-5.9493136
CCOC(=O)C(I)CC(F)(F)C(F)(F)C(F)(F)C(F)(F)C(F)(F)C(F)(F)F,546.061,5.482000000000002,155.07753786043094,26.3,0.0,2.0,8.0,0.0,0.2631578947368421,0.3055555555555556,-6.9449191
Nc1ccc(OCC(F)(F)C(F)(F)C(F)(F)F)cc1,291.166,3.480500000000001,102.50335532408664,35.25,1.0,2.0,4.0,1.0,0.1578947368421052,0.1621621621621621,-5.721169
C=CCOC(=O)C(F)(F)C(F)(F)C(F)(F)C(F)(F)C(F)(F)C(F)(F)F,404.122,4.454400000000001,128.76115459280643,26.3,0.0,2.0,7.0,0.0,0.2857142857142857,0.4193548387096774,-6.2247343
O=S(=O)(OCCC(F)(F)C(F)(F)C(F)(F)C(F)(F)F)C(F)(F)F,396.149,3.710900000000001,118.8632760366755,43.370000000000005,0.0,3.0,6.0,0.0,0.303030303030303,0.2727272727272727,-5.8798656
FC(F)(F)C(F)(F)C(F)(F)c1nccc(Cl)n1,282.546,3.4194000000000004,94.42753947194512,25.78,0.0,2.0,2.0,1.0,0.1578947368421052,0.1621621621621621,-5.1347561
COC(=O)C(F)(F)C(F)(F)C(F)(F)C(F)(F)C(F)(F)C(F)(F)C(F)(F)C(F)(F)C(F)(F)C(F)(F)C(F)(F)C(F)(F)F,678.1260000000002,7.710000000000004,204.89695091769192,26.3,0.0,2.0,11.0,0.0,0.3448275862068966,0.52,-7.4374185
O=S(=O)(OCC(F)(F)C(F)(F)C(F)(F)C(F)(F)C(F)(F)F)C(F)(F)F,432.1289999999999,3.9561,127.19434684252798,43.370000000000005,0.0,3.0,6.0,0.0,0.3548387096774194,0.3225806451612903,-6.0357885
FC(F)(F)C(F)(F)C(F)(F)c1cc2ccccc2[nH]1,285.16200000000003,4.457300000000002,101.57580223591997,15.79,1.0,0.0,2.0,2.0,0.1538461538461538,0.1578947368421052,-5.5284338
CCC(C)NCC(O)C(F)(F)C(F)(F)C(F)(F)C(F)(F)C(F)(F)C(F)(F)C(F)(F)C(F)(F)C(F)(F)F,585.2450000000001,6.380100000000004,187.3377092207845,32.26,2.0,2.0,12.0,0.0,0.2368421052631578,0.2432432432432432,-7.8431416
CCOC(=O)c1ccccc1C(F)(F)C(F)(F)C(F)(F)F,318.188,4.152700000000002,114.05487095591089,26.3,0.0,2.0,4.0,1.0,0.1904761904761904,0.225,-5.9619598
CCCCCCCCCCCNC(=O)C(F)(F)C(F)(F)C(F)(F)F,367.34899999999993,5.466300000000005,136.7185727335175,29.1,1.0,1.0,12.0,0.0,0.2432432432432432,0.2857142857142857,-7.7305622
O=Cc1ccc(C(F)(F)C(F)(F)C(F)(F)F)[nH]1,263.1119999999999,3.1166,89.4206019186251,32.86,1.0,1.0,3.0,1.0,0.1891891891891892,0.1944444444444444,-5.3189945
CCN(C)S(=O)(=O)C(F)(F)C(F)(F)C(F)(F)C(F)(F)F,341.19499999999994,2.6936000000000018,106.93933190316372,37.38,0.0,2.0,5.0,0.0,0.4,0.2424242424242424,-6.0273957
FC(F)(F)C(F)(F)C(F)(F)C(c1ccc[nH]1)c1ccc[nH]1,314.20400000000006,4.307600000000002,113.52533444565968,31.58,2.0,0.0,4.0,2.0,0.1621621621621621,0.1666666666666666,-6.1016603
CN(C)CCCNC(=O)C(F)(F)C(F)(F)C(F)(F)C(F)(F)F,348.20899999999995,2.522500000000001,118.9847666375903,32.34,1.0,2.0,7.0,0.0,0.2307692307692307,0.3428571428571428,-6.4514432
Cc1c(C(F)(F)C(F)(F)C(F)(F)F)[nH]c2ccccc12,299.189,4.765720000000002,107.94074435031656,15.79,1.0,0.0,2.0,2.0,0.1463414634146341,0.15,-5.6859403
CCOC(=O)/C=C/S(=O)C(F)(F)C(F)(F)C(F)(F)C(F)(F)F,366.2009999999999,3.2376000000000014,119.1083250702808,43.370000000000005,0.0,3.0,6.0,0.0,0.25,0.2564102564102564,-6.3264322
O=C(NN=Cc1ccccc1)C(F)(F)C(F)(F)C(F)(F)F,316.176,2.9696000000000007,112.99170430171051,41.46,1.0,2.0,4.0,1.0,0.1904761904761904,0.2894736842105263,-5.8232746
CCN(C)S(=O)(=O)C(F)(F)C(F)(F)C(F)(F)C(F)(F)C(F)(F)C(F)(F)F,441.209,3.9642000000000017,136.33135774366187,37.38,0.0,2.0,7.0,0.0,0.4333333333333333,0.2727272727272727,-6.833312
FC(F)(F)C(F)(F)C(F)(F)C(F)(F)C(F)(F)c1nc(C(F)(F)C(F)(F)C(F)(F)C(F)(F)C(F)(F)F)nc(C(F)(F)C(F)(F)C(F)(F)C(F)(F)C(F)(F)F)n1,885.1530000000004,10.5516,268.02714707485137,38.67,0.0,3.0,12.0,1.0,0.2962962962962963,0.3076923076923077,-7.7932916
O=S(=O)(Oc1ccc(O)cc1)C(F)(F)C(F)(F)C(F)(F)C(F)(F)F,392.195,3.5265000000000004,127.123171442967,63.60000000000001,1.0,4.0,5.0,1.0,0.3939393939393939,0.25,-6.2449684
Cc1cc(C(F)(F)C(F)(F)C(F)(F)F)c(C=O)[nH]1,277.13899999999995,3.425020000000001,95.78554403302172,32.86,1.0,1.0,3.0,1.0,0.1794871794871795,0.1842105263157894,-5.6777673
N#Cc1ccc(OS(=O)(=O)C(F)(F)C(F)(F)C(F)(F)C(F)(F)F)cc1,401.206,3.692580000000001,133.0864594866363,67.16,0.0,4.0,5.0,1.0,0.3243243243243243,0.2,-6.6021991
CC(C)[C@H](N)CNS(=O)(=O)C(F)(F)C(F)(F)C(F)(F)C(F)(F)F,384.264,2.3148,124.79913534237434,72.19,2.0,3.0,7.0,0.0,0.3333333333333333,0.2051282051282051,-6.6706343
N=C(NNS(=O)(=O)c1ccccc1)C(F)(F)C(F)(F)C(F)(F)F,367.246,2.2796699999999994,124.56590667669796,82.05000000000001,3.0,3.0,5.0,1.0,0.2439024390243902,0.25,-6.2717767
O=C(N(C1CCCCC1)C1CCCCC1)C(F)(F)C(F)(F)C(F)(F)F,377.344,5.313300000000004,141.281824027451,20.31,0.0,1.0,4.0,2.0,0.2222222222222222,0.303030303030303,-7.7855787
O=C(NN=Cc1ccncc1)C(F)(F)C(F)(F)C(F)(F)F,317.164,2.3646000000000003,112.21135228265705,54.35,1.0,3.0,4.0,1.0,0.1818181818181818,0.2439024390243902,-5.7888041
CN(C)c1ccc(OS(=O)(=O)C(F)(F)C(F)(F)C(F)(F)C(F)(F)F)cc1,419.26499999999993,3.8869000000000025,140.81865558976753,46.61,0.0,4.0,6.0,1.0,0.3243243243243243,0.2,-6.5971642
FC(F)(F)C(F)(F)C(F)(F)C(F)(F)C(F)(F)C(F)(F)c1ccc(-c2ccc(Br)s2)s1,563.1980000000001,8.4344,173.9783843964461,0.0,0.0,2.0,6.0,2.0,0.2368421052631578,0.2105263157894736,-7.0464234
O=C(Nc1ccc(F)cc1)C(F)(F)C(F)(F)C(F)(F)C(F)(F)C(F)(F)C(F)(F)C(F)(F)C(F)(F)F,557.1750000000001,6.773600000000003,179.40690368539043,29.1,1.0,1.0,8.0,1.0,0.2702702702702703,0.3939393939393939,-7.5532427
CN1CCN(C(=O)C(F)(F)C(F)(F)C(F)(F)C(F)(F)C(F)(F)C(F)(F)F)CC1,446.207,3.499200000000002,147.58093281115455,23.55,0.0,2.0,5.0,1.0,0.2857142857142857,0.4193548387096774,-7.0438943
CC(=O)Nc1nnc(C(F)(F)C(F)(F)C(F)(F)F)s1,311.182,2.7859,104.1743585963247,54.88,1.0,4.0,3.0,1.0,0.1951219512195122,0.2307692307692307,-5.9698734
O=C(CCCCCc1nc2cc3ccccc3cc2[nH]1)C(F)(F)C(F)(F)C(F)(F)C(F)(F)C(F)(F)C(F)(F)F,584.3760000000002,8.126900000000006,209.9163282957723,45.75,1.0,2.0,11.0,3.0,0.1818181818181818,0.2549019607843137,-8.4630728
CC(=O)Nc1ncnc2[nH]c(C(F)(F)C(F)(F)C(F)(F)F)nc12,345.17799999999994,2.6007,121.67601469120449,83.56,2.0,4.0,3.0,2.0,0.1632653061224489,0.1914893617021276,-6.2971725
CCOC(=O)Cc1cc(C(F)(F)C(F)(F)C(F)(F)F)nn1C,336.20699999999994,2.815100000000001,119.39198864166497,44.12,0.0,4.0,5.0,1.0,0.1632653061224489,0.1914893617021276,-6.4519186
CC(C)COC(=O)C(CC(C(=O)OCC(C)C)C(=O)OCC(C)C)NC(=O)C(F)(F)C(F)(F)C(F)(F)F,555.4840000000003,3.908000000000002,209.0983695229457,108.00000000000004,1.0,7.0,14.0,0.0,0.1739130434782608,0.2325581395348837,-9.5807467
O=C1CCCCCCC1NS(=O)(=O)C(F)(F)C(F)(F)C(F)(F)C(F)(F)C(F)(F)C(F)(F)C(F)(F)C(F)(F)F,623.3250000000002,6.164600000000003,200.49381361606228,63.24,1.0,3.0,9.0,1.0,0.325,0.2093023255813953,-8.2344322
O=C1c2ccccc2C(=O)c2c(NC(=O)C(F)(F)C(F)(F)C(F)(F)F)cccc21,419.252,4.233400000000001,156.86549516263435,63.24,1.0,3.0,3.0,3.0,0.2,0.2325581395348837,-7.253274
O=C(Nc1nc(-c2ccc(F)c(F)c2)cs1)C(F)(F)C(F)(F)C(F)(F)F,408.245,4.859700000000001,142.00947994449334,41.99,1.0,3.0,4.0,2.0,0.1538461538461538,0.2040816326530612,-6.5119944
CCOC(=O)c1c(C(F)(F)C(F)(F)C(F)(F)C(F)(F)C(F)(F)C(F)(F)C(F)(F)F)nc2ccccn12,558.241,6.341600000000003,188.17673101306605,43.6,0.0,4.0,8.0,2.0,0.196078431372549,0.2244897959183673,-8.203701
FC(F)(F)C(F)(CCBr)C(F)(F)F,276.977,3.6043,77.22531491154098,0.0,0.0,0.0,2.0,0.0,0.1428571428571428,0.1481481481481481,-4.8605285
FC(F)=CC(F)(C(F)(F)F)C(F)(F)F,232.045,3.5996999999999995,70.99923507956784,0.0,0.0,0.0,1.0,0.0,0.1851851851851851,0.1923076923076923,-4.5791597
FC(F)(F)C(F)(c1ccc(Br)cc1)C(F)(F)F,325.021,4.738500000000001,99.5525248888118,0.0,0.0,0.0,1.0,1.0,0.125,0.1290322580645161,-5.0763326
FC(F)(F)C(F)(c1ccc2ccccc2c1)C(F)(F)F,296.185,5.129200000000003,108.36664181490563,0.0,0.0,0.0,1.0,2.0,0.1111111111111111,0.1142857142857142,-5.4138937
OCCCCCCC(F)(F)C(F)(F)C(F)(F)C(F)(F)C(F)(F)C(F)(F)C(F)(C(F)(F)F)C(F)(F)F,570.2300000000001,7.573900000000006,181.78784703717653,20.23,1.0,1.0,12.0,0.0,0.2,0.2058823529411764,-7.8236108
Cc1cc(C(F)(C(F)(F)F)C(F)(F)F)cc(C)c1Br,353.075,5.355340000000002,112.282409117605,0.0,0.0,0.0,1.0,1.0,0.1176470588235294,0.1212121212121212,-5.5807958
FC(F)(F)C(F)(c1ccc2c(c1)CCN2)C(F)(F)F,287.178,3.944000000000001,102.95889254204246,12.03,1.0,1.0,1.0,2.0,0.0975609756097561,0.1,-5.3887124
N#Cc1ccc(N)cc1C(F)(C(F)(F)F)C(F)(F)F,286.1499999999999,3.42988,101.78238977604846,49.81,1.0,2.0,1.0,1.0,0.0975609756097561,0.1,-5.729907
O=C(C(F)(OC(F)(F)C(F)(F)C(F)(F)F)C(F)(F)F)C(F)(C(F)(F)F)C(F)(F)F,482.0609999999999,5.4235000000000015,143.91349252522528,26.3,0.0,2.0,5.0,0.0,0.2424242424242424,0.2903225806451613,-6.3039908
O=C(O)c1c(F)c(F)c(C(F)(C(F)(F)F)C(F)(F)F)c(F)c1F,362.094,4.230599999999999,117.66781686151177,37.3,1.0,1.0,2.0,1.0,0.1764705882352941,0.2580645161290322,-5.7855287
O=c1[nH]c2ccc(C(F)(C(F)(F)F)C(F)(F)F)cc2o1,303.133,3.4105000000000008,104.54214115997274,46.0,1.0,2.0,1.0,2.0,0.1463414634146341,0.1219512195121951,-5.6714134
CCc1c(C(=O)O)ccc(C(F)(C(F)(F)F)C(F)(F)F)c1SC(C)C,392.336,5.7371000000000025,142.9534958471551,37.3,1.0,2.0,5.0,1.0,0.12,0.1702127659574468,-7.3062983
O=C(Nc1c(F)c(F)c(F)c(F)c1F)C(F)(C(F)(F)F)C(F)(F)F,379.0999999999999,4.1535,122.58898069585004,29.1,1.0,1.0,2.0,1.0,0.1764705882352941,0.2580645161290322,-5.6685677
O=C(O)c1ccc(OC(=C(C(F)(C(F)(F)F)C(F)(F)F)C(F)(C(F)(F)F)C(F)(F)F)C(F)(F)F)cc1,568.179,7.245800000000004,185.27462416277143,46.53,1.0,2.0,5.0,1.0,0.1395348837209302,0.2,-7.3277111
CCc1c(C(=O)O)ccc(C(F)(C(F)(F)F)C(F)(F)F)c1S(=O)C(C)(C)C,422.362,5.142700000000003,152.5695821397624,54.37,1.0,2.0,4.0,1.0,0.12,0.1702127659574468,-7.200489
O=C(O)c1cc(OC(=C(C(F)(C(F)(F)F)C(F)(F)F)C(F)(C(F)(F)F)C(F)(F)F)C(F)(F)F)cc(C(=O)O)c1,612.188,6.944000000000004,200.5953221294078,83.83,2.0,3.0,6.0,1.0,0.1395348837209302,0.2,-7.6386094
O=C1OC(O)(C(F)(C(F)(F)F)C(F)(F)F)c2c(F)c(F)c(F)c(F)c21,390.104,3.3914,128.140473051886,46.53,1.0,3.0,1.0,2.0,0.1463414634146341,0.15,-5.9165359
Cc1cc(C(F)(C(F)(F)F)C(F)(F)F)cc(C)c1NC(=O)c1cccc(NC(=O)c2cc(F)ccc2F)c1,548.4050000000002,7.375640000000004,209.01277352604097,58.2,2.0,2.0,5.0,3.0,0.1,0.1206896551724138,-8.9534712
Cc1cc(C(F)(C(F)(F)F)C(F)(F)F)cc(C)c1NC(=O)c1cccc(N(C)C(=O)c2ccc(F)cc2[N+](=O)[O-])c1F,607.4290000000002,7.308140000000005,230.2406628495328,92.55,1.0,4.0,6.0,3.0,0.0857142857142857,0.1029411764705882,-8.4755068
FC(F)(F)OC(F)(F)C(F)(F)OC(F)(F)I,377.928,3.7103,94.81282457741288,18.46,0.0,2.0,4.0,0.0,0.1,0.1034482758620689,-5.1831212
FC(F)(F)C(F)(F)OC(F)(F)C(F)(OC(F)(F)C(F)(OC(F)(F)C(F)(OC(F)(F)C(F)(F)Br)C(F)(F)F)C(F)(F)F)C(F)(F)F,812.9890000000004,9.251100000000005,231.9097408032661,36.92,0.0,4.0,12.0,0.0,0.1515151515151515,0.1212121212121212,-8.385849
OCCCC(F)(OC(F)(F)C(F)(F)C(F)(F)F)C(F)(F)F,344.11999999999995,3.794000000000001,109.02251424249728,29.46,1.0,2.0,6.0,0.0,0.2,0.2058823529411764,-5.5750513
FC(F)=C(F)OC(F)(F)C(F)(OC(F)(F)C(F)(OC(F)(F)C(F)(F)C(F)(F)F)C(F)(F)F)C(F)(F)F,598.0740000000001,7.503500000000004,178.68148369250918,27.69,0.0,3.0,9.0,0.0,0.2285714285714285,0.2,-7.2602282
CCCOC(=O)C(F)(OC(F)(F)C(F)(OC(F)(F)C(F)(F)C(F)(F)F)C(F)(F)F)C(F)(F)F,538.15,5.8122000000000025,169.06987392450264,44.760000000000005,0.0,4.0,9.0,0.0,0.2093023255813953,0.2142857142857142,-7.2144313
C=CC(=O)OC(C(F)(F)F)(C(F)(F)F)C(F)(OC(F)(F)C(F)(F)C(F)(F)F)C(F)(F)F,506.108,5.614100000000002,156.90178354841487,35.53,0.0,3.0,6.0,0.0,0.2,0.2368421052631578,-6.6746788
CCN(CC)C(=O)C(F)(OC(F)(F)C(F)(F)C(F)(F)F)C(F)(F)F,385.1729999999999,3.8899000000000017,126.8795204893416,29.540000000000003,0.0,2.0,6.0,0.0,0.2105263157894736,0.25,-6.3560543
O=C(N1CCOCC1)C(F)(OC(F)(F)C(F)(F)C(F)(F)F)C(F)(F)F,399.156,2.880300000000002,130.98723456531923,38.77,0.0,3.0,4.0,1.0,0.1951219512195122,0.2307692307692307,-6.1586928
O=C(N1CCCCC1)C(F)(OC(F)(F)C(F)(OC(F)(F)C(F)(F)C(F)(F)F)C(F)(F)F)C(F)(F)F,563.2040000000001,5.871500000000003,181.4402154404632,38.77,0.0,3.0,7.0,1.0,0.2093023255813953,0.2142857142857142,-7.9537539
O=C(O)C(F)(C(F)(C(F)(F)F)C(F)(F)F)C(F)(C(F)(F)F)C(F)(F)F,414.064,4.4451,124.73263272473912,37.3,1.0,1.0,3.0,0.0,0.2222222222222222,0.391304347826087,-5.3863783
O=C(O)C(F)(C(F)(F)F)C(F)(C(F)(F)C(F)(F)F)C(F)(F)C(F)(F)F,414.064,4.4451,124.7326327247391,37.3,1.0,1.0,4.0,0.0,0.2962962962962963,0.4782608695652174,-5.2853684
O=C(O)C(F)(F)C(F)(C(F)(F)F)C(F)(C(F)(F)F)C(F)(F)C(F)(F)F,414.064,4.4451,124.7326327247391,37.3,1.0,1.0,4.0,0.0,0.2758620689655172,0.5652173913043478,-5.6049223
O=C(O)C(F)(F)C(F)(F)C(F)(F)C(F)(C(F)(F)F)C(F)(F)C(F)(F)F,414.064,4.4451,124.7326327247391,37.3,1.0,1.0,5.0,0.0,0.2666666666666666,0.6818181818181818,-5.6810756
FC(F)(COCC1CO1)C(F)(F)C(F)(F)COCC1CO1,324.21700000000004,1.7231,115.8244032003221,43.52,0.0,4.0,10.0,2.0,0.1081081081081081,0.1111111111111111,-6.5103087
C=C/C=C/C(F)(F)C(F)(F)C(F)(F)C(F)(F)C(F)(F)C(F)(F)F,372.1239999999999,5.467400000000002,118.79648423107156,0.0,0.0,0.0,6.0,0.0,0.2758620689655172,0.2857142857142857,-5.842988
CCCCCCCCCC/C=C/C(F)(F)C(F)(F)C(F)(F)C(F)(F)C(F)(F)C(F)(F)F,486.356,8.8122,170.40562417842867,0.0,0.0,0.0,14.0,0.0,0.2222222222222222,0.2285714285714285,-8.0836849
FC(F)(F)C(F)(F)C(F)(F)C(F)(F)C(F)(F)C(F)(F)C(F)(F)C(F)(F)/C=C/C(F)(F)C(F)(F)C(F)(F)C(F)(F)C(F)(F)C(F)(F)C(F)(F)C(F)(F)F,864.1460000000005,11.5614,257.88186763987954,0.0,0.0,0.0,14.0,0.0,0.3333333333333333,0.3478260869565217,-8.219348
O=S(=O)(OO)C(F)(F)C(F)(F)C(F)(F)C(F)(F)F,316.0969999999999,2.2315,91.99537255264129,63.60000000000001,1.0,4.0,4.0,0.0,0.52,0.3214285714285714,-4.9554629
O=C(O)/C=C(/c1ccccc1)C(F)(F)C(F)(F)C(F)(F)F,316.1719999999999,3.9875000000000007,113.04595644641576,37.3,1.0,1.0,4.0,1.0,0.2105263157894736,0.3235294117647059,-6.2946472
CCCCCCCCCCCCCCCCOC[C@H](COC(=O)C(F)(F)C(F)(F)C(F)(F)F)OC(C)=O,554.5840000000001,7.792100000000008,214.32028948244,61.830000000000005,0.0,5.0,22.0,0.0,0.16,0.2127659574468085,-10.071733
Nc1ncnc2c1nc(C(F)(F)C(F)(F)C(F)(F)F)n2[C@@H]1O[C@H](CO)[C@@H](O)[C@H]1O,435.256,0.3093999999999997,155.0997342669162,139.54000000000002,4.0,9.0,4.0,3.0,0.1166666666666666,0.1186440677966101,-7.1739888
N[S@](=O)C(F)(F)C(F)(F)C(F)(F)C(F)(F)F,283.11499999999995,2.0345000000000004,84.17341840857262,43.09,1.0,1.0,3.0,0.0,0.2962962962962963,0.3076923076923077,-4.9837232
C=CCNC(=O)C(F)(F)C(F)(F)C(F)(F)F,253.117,2.1215,85.10943278616038,29.1,1.0,1.0,4.0,0.0,0.2285714285714285,0.3125,-5.2458248
O=C(O)/C=C\C(=O)OC(F)(F)C(F)(F)C(F)(F)C(F)(F)C(F)(F)C(F)(F)C(F)(F)C(F)(F)F,534.118,5.137300000000001,167.10893628554436,63.6,1.0,3.0,9.0,0.0,0.2941176470588235,0.3870967741935484,-6.6950798
O=C(Nc1ccccn1)C(F)(F)C(F)(F)C(F)(F)F,290.1379999999999,2.8530000000000006,100.98095166216535,41.99,1.0,2.0,3.0,1.0,0.1951219512195122,0.2631578947368421,-5.351932
O=C(/C=C/C(=O)OC(F)(F)C(F)(F)C(F)(F)C(F)(F)C(F)(F)C(F)(F)C(F)(F)C(F)(F)F)OC(F)(F)C(F)(F)C(F)(F)C(F)(F)C(F)(F)C(F)(F)C(F)(F)C(F)(F)F,952.1640000000006,10.5628,289.1618865277741,52.60000000000001,0.0,4.0,16.0,0.0,0.3333333333333333,0.3928571428571428,-8.4105787
O=[S@](/N=C/c1cccc(F)c1)C(F)(F)C(F)(F)C(F)(F)C(F)(F)F,389.214,4.3340000000000005,129.31642192080685,29.43,0.0,1.0,5.0,1.0,0.1777777777777777,0.1818181818181818,-6.1857553
O=S(=O)(N[n+]1ccccc1)C(F)(F)C(F)(F)C(F)(F)C(F)(F)C(F)(F)C(F)(F)F,477.222,3.543700000000001,151.4834096077176,50.05,1.0,2.0,7.0,1.0,0.3939393939393939,0.2857142857142857,-6.8367114
CC(C)(C)C(=O)/C(=N/Nc1ccc([N+](=O)[O-])cc1)C(=O)C(F)(F)C(F)(F)C(F)(F)F,445.29100000000005,4.379900000000002,163.63091269623715,101.67,1.0,6.0,7.0,1.0,0.1538461538461538,0.2040816326530612,-8.0583744
O=S(=O)(C(=Ic1ccccc1)S(=O)(=O)C(F)(F)C(F)(F)C(F)(F)C(F)(F)F)C(F)(F)C(F)(F)C(F)(F)C(F)(F)F,782.2030000000005,6.595300000000004,218.4418639962553,68.28,0.0,4.0,9.0,1.0,0.3714285714285714,0.2702702702702703,-7.7249117
O=C(C(C(=O)C(F)(F)C(F)(F)C(F)(F)F)=P(c1ccccc1)(c1ccccc1)c1ccccc1)N1CCCCC1,583.4839999999997,5.567400000000006,226.13844053068107,37.38,0.0,2.0,7.0,4.0,0.1632653061224489,0.2444444444444444,-8.2561474
CCCCCCCC/C=C\CCCCCCCC(=O)OCCC(F)(F)C(F)(F)C(F)(F)C(F)(F)C(F)(F)C(F)(F)C(F)(F)C(F)(F)C(F)(F)C(F)(F)F,828.5820000000004,13.23719999999998,289.38428010414844,26.3,0.0,2.0,26.0,0.0,0.2083333333333333,0.2391304347826087,-9.8649197
C[C@@H](O)C(F)(F)C(F)(F)C(F)(F)F,214.08,2.2001000000000004,68.15200105809564,20.23,1.0,1.0,2.0,0.0,0.2592592592592592,0.2692307692307692,-4.6773143
Cc1c(NC(=O)N=C(O)c2c(F)cccc2F)ccc(S(=O)C(F)(F)C(F)F)c1C,452.3760000000001,5.083840000000002,168.44655715478194,78.75999999999999,2.0,2.0,5.0,2.0,0.081967213114754,0.1206896551724138,-8.0913858
OC(C=C(C(F)(F)F)C(F)(F)F)c1cccc(Cl)c1,304.617,4.424400000000001,108.65722305593086,20.23,1.0,1.0,2.0,1.0,0.1162790697674418,0.0930232558139534,-5.8655705
OC1C2CCC(C2)C1C(O)(C(F)(F)F)C(F)(F)F,278.19199999999995,2.2491000000000008,98.59374767228998,40.46,2.0,2.0,1.0,2.0,0.1388888888888889,0.1428571428571428,-5.6768909
CC(O)C(CCCCC#N)C(O)(C(F)(F)F)C(F)(F)F,307.234,2.923080000000002,111.36293177521378,64.25,2.0,3.0,6.0,0.0,0.119047619047619,0.1219512195121951,-6.3070188
CC(O)(CCc1ccccc1)CC(O)(C(F)(F)F)C(F)(F)F,330.268,3.616000000000002,122.93261995661926,40.46,2.0,2.0,5.0,1.0,0.119047619047619,0.15,-6.5937462
OC(Cc1ccccc1)CC(O)(C(F)(F)F)C(F)(F)F,302.2139999999999,2.835800000000001,110.20273572782604,40.46,2.0,2.0,4.0,1.0,0.125,0.1578947368421052,-6.0697088
CC1=CC(=O)C(C(=O)CC(O)(C(F)(F)F)C(F)(F)F)C(=O)O1,334.168,1.4471999999999998,118.07879568547374,80.67,1.0,5.0,3.0,1.0,0.1276595744680851,0.1555555555555555,-6.2291436
FC1(F)[Se]C2C3CCC(C3)C2C1(F)F,273.131,2.7669000000000006,85.58399717522583,0.0,0.0,0.0,0.0,3.0,0.025,0.0256410256410256,-5.7066588
FC(F)(F)C(F)(F)c1nc2cc(Cl)c(Cl)cc2[nH]1,305.0330000000001,4.5238000000000005,106.7059697503807,28.68,1.0,1.0,1.0,2.0,0.0952380952380952,0.0975609756097561,-5.6069818
CC1(c2ccccc2)CC(C(F)(F)F)(C(F)(F)F)n2n(C(F)(F)F)n21,379.226,4.554500000000002,133.68983602718717,14.79,0.0,3.0,1.0,3.0,0.0638297872340425,0.0888888888888888,-6.2762241
O=C(F)C(F)(F)OC(F)(F)OC(F)(F)OC(F)(F)OC(F)(F)F,380.037,3.3124,115.16608945299868,53.99000000000001,0.0,5.0,8.0,0.0,0.1515151515151515,0.1935483870967742,-5.9917088
FC1(F)CC(C2CC3(Cl)C(Cl)=C(Cl)C2(Cl)C3(Cl)Cl)C1(F)F,426.8790000000001,6.128700000000002,147.16331465201864,0.0,0.0,0.0,1.0,3.0,0.0222222222222222,0.0227272727272727,-7.4914126
CCOC1=C(F)C(F)(F)C(F)(F)C(F)(F)C1(F)F,288.1089999999999,3.758800000000001,94.20177549873532,9.23,0.0,1.0,2.0,1.0,0.0256410256410256,0.0263157894736842,-5.1668539
Cc1ccc(S(=O)(=O)OCC(F)(F)C(F)(F)C(F)(F)CO)cc1,366.279,2.5985200000000006,127.35644946298152,63.60000000000001,1.0,4.0,7.0,1.0,0.1818181818181818,0.1333333333333333,-6.4831915
O=C(CC(=O)C(F)(F)C(F)(F)C(F)(F)F)c1ccc(Cl)s1,356.646,4.3763000000000005,121.04647732374096,34.14,0.0,3.0,5.0,1.0,0.1860465116279069,0.25,-6.1465454
FC(F)OC(F)(F)C(F)F,168.036,2.0835,51.575892903687055,9.23,0.0,1.0,3.0,0.0,0.1034482758620689,0.1071428571428571,-4.3606625
O[C@H]1CCCCCCCCCC[C@H]1C(O)(C(F)(F)F)C(F)(F)F,350.343,4.733800000000005,131.42428939780228,40.46,2.0,2.0,1.0,1.0,0.1428571428571428,0.1470588235294117,-6.9788499
CC(C)(C)C(O)CC(O)(C(F)(F)F)C(F)(F)F,268.19699999999995,2.639200000000001,94.24046786495184,40.46,2.0,2.0,2.0,0.0,0.1515151515151515,0.15625,-5.772738
CC(C(O)c1cccs1)C(O)(C(F)(F)F)C(F)(F)F,308.24299999999994,3.273300000000001,107.84309899823752,40.46,2.0,3.0,3.0,1.0,0.1162790697674418,0.119047619047619,-5.9330854
N=C(NO)C(F)(F)C(F)(F)C(F)(F)C(=N)NO,268.117,0.8044399999999998,89.15920277206706,112.22,6.0,4.0,4.0,0.0,0.1724137931034483,0.2222222222222222,-5.0706801
CCOC(=O)C(C(C)=O)C(O)(C(F)(F)F)C(F)(F)F,296.16299999999995,1.6104,102.88282354235022,63.60000000000001,1.0,4.0,4.0,0.0,0.1578947368421052,0.1944444444444444,-5.6955299
COc1cccc(OC)c1C(O)=Nc1nnc(-c2ccc(OC(F)(F)C(F)(F)F)cc2)s1,475.395,5.392500000000003,181.27628384552523,86.06,1.0,7.0,7.0,3.0,0.1,0.1016949152542373,-8.5883255
Nc1ccc(C(O)(C(F)(F)F)C(F)(F)F)cc1,259.14899999999994,2.5809999999999995,91.65356632945294,46.25,2.0,2.0,1.0,1.0,0.1515151515151515,0.15625,-5.4016767
FC(=CC(F)(F)F)C(F)(F)F,182.038,2.9644000000000004,56.30322215931877,0.0,0.0,0.0,0.0,0.0,0.1428571428571428,0.1481481481481481,-4.3433967
FC(F)(F)C1(F)C(F)(F)C(F)(F)C(F)(N2C(F)(F)C(F)(F)C(F)(F)C(F)(F)C2(F)F)C(F)(F)C1(F)F,595.0930000000001,6.884700000000003,178.3090999166405,3.24,0.0,1.0,1.0,2.0,0.0833333333333333,0.0857142857142857,-6.2328315
C[N+](C)(CCCN(CCC(=O)O)S(=O)(=O)C(F)(F)C(F)(F)C(F)(F)C(F)(F)C(F)(F)C(F)(F)F)CCC(=O)O,629.412,3.730400000000002,211.13221152011292,111.98,2.0,4.0,16.0,0.0,0.3181818181818182,0.2666666666666666,-9.2165051
O=S(=O)(O)C(F)(F)C(F)(F)C(F)(F)C(F)(F)C(F)(F)C(F)(F)C(F)(F)C(F)(F)C(F)(F)C(F)(F)C(F)(F)C(F)(F)C(F)(F)C(F)(F)C(F)(F)F,850.1750000000004,9.288200000000003,248.608674130136,54.370000000000005,1.0,2.0,14.0,0.0,1.0,0.4,-8.2507544
O=CC(F)(F)C(F)(F)OC(F)(C(F)(F)F)C(F)(F)OC(F)C(F)(F)F,412.073,4.1254,125.9999540286306,35.53,0.0,3.0,7.0,0.0,0.15,0.125,-5.9797063
O=C(O)C(F)(F)OC(F)(F)C(F)(OC(F)(OC(F)(F)C(F)(F)C(F)(F)Cl)C(F)(F)F)C(F)(F)F,578.5300000000001,5.779800000000002,175.60302507771334,64.99000000000001,1.0,4.0,10.0,0.0,0.1904761904761904,0.2564102564102564,-6.8871241
COC(=O)C(F)(F)C(F)(F)OC(F)(F)C(F)(OC(F)=C(F)F)C(F)(F)F,422.093,4.2767,132.62330293742363,44.760000000000005,0.0,4.0,7.0,0.0,0.1395348837209302,0.2,-6.2250123
CC(CCC(=O)OC(C(F)(F)F)C(F)(F)F)[C@H]1CC[C@H]2[C@@H]3CC[C@@H]4C[C@@H](OC(=O)C(F)(F)F)CC[C@]4(C)[C@H]3CC[C@]12C,622.6089999999999,8.572100000000004,238.97425890225503,52.6,0.0,4.0,6.0,4.0,0.0694444444444444,0.0857142857142857,-9.6042023
O=C(Nn1cnnc1)C(F)(F)C(F)(F)F,230.09599999999995,0.5457999999999998,78.86230821911212,59.81,1.0,4.0,2.0,1.0,0.1666666666666666,0.2424242424242424,-5.2965989
O=P(O)(OCCC(F)(F)C(F)(F)C(F)(F)C(F)(F)F)OCCC(F)(F)C(F)(F)C(F)(F)C(F)(F)C(F)(F)C(F)(F)F,690.1520000000004,8.107200000000006,209.69621226504745,55.760000000000005,1.0,3.0,14.0,0.0,0.2941176470588235,0.303030303030303,-8.2141142
FC1C(F)C(F)(F)C(F)(F)C(F)(F)C1(F)F,264.06199999999995,3.2174000000000005,81.2134844755457,0.0,0.0,0.0,0.0,1.0,0.0357142857142857,0.037037037037037,-4.5259395
O=C(O)c1cc(OC(F)(F)C(F)(F)C(F)(F)C(F)(F)C(F)(F)C(F)(F)C(F)(F)C(F)(F)CF)cc(C(=O)O)c1,614.2040000000001,6.471200000000003,201.284925161592,83.83,2.0,3.0,12.0,1.0,0.1590909090909091,0.2195121951219512,-7.6948695
O=S(=O)(O)c1ccc(OC(F)(F)C(F)(F)C(F)(F)C(F)(F)C(F)(F)C(F)(F)C(F)(F)C(F)(F)C(F)(F)C(F)(F)F)cc1,692.2370000000002,7.549600000000004,215.2992489644614,63.60000000000001,1.0,3.0,11.0,1.0,0.3714285714285714,0.2702702702702703,-8.1216812
CCN(CCOS(=O)(=O)O)S(=O)(=O)C(F)(F)C(F)(F)C(F)(F)C(F)(F)C(F)(F)C(F)(F)C(F)(F)C(F)(F)F,651.3130000000002,4.424400000000002,199.03951081416216,100.98,1.0,5.0,13.0,0.0,0.3947368421052631,0.238095238095238,-8.3258295
CCCCCCCCCC(CCC(F)(F)C(F)(F)C(F)(F)C(F)(F)C(F)(F)C(F)(F)C(F)(F)C(F)(F)F)OP(=O)(O)OC[C@@H](O)[C@H](O)[C@H](O)[C@@H](O)C=O,846.5050000000006,7.061400000000015,288.5862977320034,153.75,5.0,8.0,26.0,0.0,0.1612903225806451,0.1639344262295081,-11.192308
FC(F)(F)C(F)(F)C(F)(F)C(F)(F)C(F)(F)C(F)(F)/C=C\C(F)(F)C(F)(F)C(F)(F)C(F)(F)C(F)(F)C(F)(F)F,664.1180000000003,9.020200000000004,199.09781595888327,0.0,0.0,0.0,10.0,0.0,0.3333333333333333,0.3478260869565217,-7.625257
O=S(=O)(O)CCCNS(=O)(=O)C(F)(F)C(F)(F)C(F)(F)F,371.252,0.9741000000000002,113.66198350635996,100.54,2.0,4.0,7.0,0.0,0.3529411764705882,0.2162162162162162,-6.6415234
C[N+](C)(CCCNS(=O)(=O)C(F)(F)C(F)(F)C(F)(F)C(F)(F)F)CC(O)CS(=O)(=O)O,523.4160000000002,1.0467,170.9467459075868,120.77,3.0,5.0,12.0,0.0,0.3043478260869565,0.18,-7.9695959
C[N+](CCO)(CCCNS(=O)(=O)C(F)(F)C(F)(F)C(F)(F)C(F)(F)F)CCCS(=O)(=O)O,537.4430000000002,1.4384000000000003,177.31168802198343,120.77,3.0,5.0,14.0,0.0,0.3111111111111111,0.1836734693877551,-8.922389
O=C(OCCC(F)(F)C(F)(F)C(F)(F)C(F)(F)F)C(F)(F)F,360.09399999999994,3.9502000000000006,112.55533799327124,26.3,0.0,2.0,5.0,0.0,0.2647058823529412,0.3125,-5.761919
C[N+](C)(CCCNS(=O)(=O)C(F)(F)C(F)(F)C(F)(F)C(F)(F)C(F)(F)C(F)(F)F)CCC(=O)[O-],556.341,2.2086,182.87165783808808,86.3,1.0,4.0,13.0,0.0,0.3181818181818182,0.2391304347826087,-8.2069197
CC(=O)c1cccc(C(F)(F)C(F)(F)F)c1,238.15499999999992,3.543300000000001,87.88037069175834,17.07,0.0,1.0,2.0,1.0,0.1538461538461538,0.1891891891891892,-5.7848358
FC1(F)NC(F)(F)C(F)(F)C(F)(F)C1(F)F,265.04999999999995,2.6811,80.39840454475713,12.03,1.0,1.0,0.0,1.0,0.074074074074074,0.0769230769230769,-4.4117165
NCc1ccc2c(c1)OC(F)(F)C(F)(F)O2,237.152,2.1021,87.74952107688897,44.48,1.0,3.0,1.0,2.0,0.0238095238095238,0.024390243902439,-5.1848893
Oc1ccc(C(F)(F)C(F)(F)F)nc1,213.105,2.4413,75.00284609606388,33.120000000000005,1.0,2.0,1.0,1.0,0.1388888888888889,0.1428571428571428,-4.911458
Cn1cc(CNCC(F)(F)C(F)F)cn1,225.189,1.4101,84.07535094375385,29.85,1.0,3.0,5.0,1.0,0.0625,0.0638297872340425,-5.7272363
FC(F)(F)C(F)(F)c1ccc(Cl)nc1Cl,265.99600000000004,4.0425,90.8151447976312,12.89,0.0,1.0,1.0,1.0,0.1081081081081081,0.1111111111111111,-5.1720757
O=C(O)c1ccnc(C(F)(F)C(F)(F)F)c1,241.11499999999995,2.4339000000000004,85.52931031050427,50.19,1.0,2.0,2.0,1.0,0.15,0.2162162162162162,-5.1025386
O=C1CCCCC1C(=O)C(F)(F)C(F)F,226.16899999999995,2.2152000000000003,83.63814260126564,34.14,0.0,2.0,3.0,1.0,0.119047619047619,0.15,-5.3647861
FC(F)(F)C1(F)C(F)(F)OC(F)(F)C1(F)F,266.03399999999993,3.1081,79.96208759065597,9.23,0.0,1.0,0.0,1.0,0.09375,0.0967741935483871,-4.541306
CCC(F)(F)C(F)(F)I,255.98,3.0595000000000008,63.758057103767946,0.0,0.0,0.0,2.0,0.0,0.1034482758620689,0.1071428571428571,-5.1043649
COCOC(c1ccccc1Br)C(F)(F)C(F)(F)C(F)(F)C(F)(F)C(F)(F)C(F)(F)C(F)(F)F,599.1280000000002,7.484800000000005,187.6584933720117,18.46,0.0,2.0,10.0,1.0,0.1702127659574468,0.1739130434782608,-8.0414305
O=C(c1coc2ccccc2c1=O)C(F)(F)C(F)F,274.1689999999999,2.876100000000001,102.99789663022352,47.28,0.0,3.0,3.0,2.0,0.1041666666666666,0.1304347826086956,-5.5438514
CC1(F)C(F)(F)C(F)(F)C(F)(F)C(C)(F)C(F)(F)C(F)(F)C1(F)F,392.13,5.268200000000002,123.33539454483706,0.0,0.0,0.0,0.0,1.0,0.037037037037037,0.0384615384615384,-5.3116846
O=S(=O)(OCCCF)C(F)(F)C(F)(F)C(F)(F)C(F)(F)F,360.1689999999999,3.118100000000001,110.53220523082302,43.370000000000005,0.0,3.0,7.0,0.0,0.3870967741935484,0.2352941176470588,-6.1004829
Fc1c(F)c(F)c(C(F)(F)C(F)(Br)C(F)(F)Br)c(F)c1F,457.887,5.522300000000001,125.91667870323188,0.0,0.0,0.0,3.0,1.0,0.0909090909090909,0.09375,-5.5861006
O=C1CCc2c1cccc2C(F)(F)C(F)(F)F,250.1659999999999,3.4696000000000016,93.23948165262571,17.07,0.0,1.0,1.0,2.0,0.1219512195121951,0.125,-5.475203
CC(=O)Nc1ccc(C(F)(F)C(F)(F)F)nc1,254.158,2.6941,92.64988085631286,41.99,1.0,2.0,2.0,1.0,0.1395348837209302,0.1707317073170731,-5.5262747
OCC(I)CC(F)(F)C(F)(F)C(F)(F)C(F)(F)C(F)(F)F,454.017,4.275900000000001,123.17080713403404,20.23,1.0,1.0,6.0,0.0,0.28125,0.2903225806451613,-5.942482
O=C(CCC(F)(F)C(F)(F)F)OC(=O)c1ccccc1,296.191,3.347800000000001,109.88532225010223,43.370000000000005,0.0,3.0,4.0,1.0,0.1395348837209302,0.2,-6.117002
FC(F)(F)C(F)(F)SCCCl,214.586,3.113500000000001,69.08813063789746,0.0,0.0,1.0,3.0,0.0,0.1290322580645161,0.1333333333333333,-4.7794118
O=C(O)C1CCN(CC(F)(F)C(F)F)CC1,243.2,1.6834,90.03068792362127,40.54,1.0,2.0,4.0,1.0,0.119047619047619,0.1794871794871795,-5.6857338
OC1(C#CC(F)(F)C(F)(F)F)CCCCC1,242.1869999999999,2.882600000000001,89.63903506255626,20.23,1.0,1.0,0.0,1.0,0.1388888888888889,0.1428571428571428,-5.7925725
CCOP(=O)(CC)C(F)(F)C(F)(F)C(F)(F)F,290.11499999999995,4.111300000000002,92.57746692242034,26.3,0.0,2.0,5.0,0.0,0.2,0.2058823529411764,-5.8727565
CCCCOP(=O)(CC)C(F)(F)C(F)(F)C(F)(F)F,318.1689999999999,4.891500000000002,105.30735115121354,26.3,0.0,2.0,7.0,0.0,0.1794871794871795,0.1842105263157894,-6.602519
CC(CCC(=O)O)(SCCC(F)(F)C(F)(F)C(F)(F)C(F)(F)C(F)(F)C(F)(F)F)SCCC(F)(F)C(F)(F)C(F)(F)C(F)(F)C(F)(F)C(F)(F)F,858.4390000000003,11.291599999999992,273.54398969481406,37.3,1.0,3.0,19.0,0.0,0.25,0.3243243243243243,-10.052221
C=CC(=O)OCC(F)(F)C(F)(F)OC(F)(F)C(C(F)(F)OC(F)(F)C(F)(F)COC(=O)C=C)(C(F)(F)OC(F)(F)C(F)(F)COC(=O)C=C)C(F)(F)OC(F)(F)C(F)(F)COC(=O)C=C,1016.4190000000002,8.239600000000008,341.72651800865725,142.12,0.0,12.0,28.0,0.0,0.1219512195121951,0.1538461538461538,-8.9901075
COC(=O)C(F)(OC(F)(F)C(F)(OC(F)(F)C(F)(F)CI)C(F)(F)F)C(F)(F)F,582.0220000000002,4.904700000000001,163.10522160797436,44.760000000000005,0.0,4.0,8.0,0.0,0.1590909090909091,0.1627906976744186,-6.8868194
FC(F)(F)C(F)(F)C(F)(F)OC(F)(C(F)(F)F)C(F)(F)OCCC[Si](Cl)(Cl)Cl,527.5640000000001,6.676300000000001,161.44470417839293,18.46,0.0,2.0,9.0,0.0,0.2,0.1463414634146341,-7.4016752
FC(F)(F)C(F)(F)C(F)(F)OC(F)(C(F)(F)F)C(F)(F)OC(F)(F)C(F)(F)I,577.956,6.251500000000002,153.5968762584092,18.46,0.0,2.0,7.0,0.0,0.2121212121212121,0.1818181818181818,-6.4992108
C=C(F)C(F)(F)OC(F)(C(F)(F)F)C(F)(F)OC(F)(C(=O)O)C(F)(F)F,422.093,4.2292000000000005,132.30399146011277,55.760000000000005,1.0,3.0,7.0,0.0,0.175,0.2432432432432432,-6.7201257
O=C(OC(F)(C(F)(F)F)C(F)(F)C(F)(Cl)C(F)(F)Cl)C(F)(OC(F)(F)C(F)(F)C(F)(F)F)C(F)(F)F,630.9840000000003,7.164300000000003,190.6945252431412,35.53,0.0,3.0,8.0,0.0,0.1904761904761904,0.225,-6.7911835
O=C(F)C(F)(F)C(F)(F)OC(F)(F)C(F)(F)C(=O)F,310.043,2.4514,95.65590505866932,43.370000000000005,0.0,3.0,6.0,0.0,0.1724137931034483,0.2692307692307692,-5.1509914
O=C(O)C(F)(F)OC(F)(F)C(F)(OC(F)(F)C(F)(F)S(=O)(=O)O)C(F)(F)F,458.129,2.5913000000000004,137.72681087061815,110.13,2.0,5.0,8.0,0.0,0.3529411764705882,0.25,-6.933105
FC(F)(F)C(F)(C(F)(F)F)C1(F)OC(F)(F)C(F)(F)C(F)(F)C1(F)F,416.055,5.014000000000001,124.0501263514032,9.23,0.0,1.0,1.0,1.0,0.1176470588235294,0.1212121212121212,-5.4252992
O=C(O)CC(F)(F)C(F)(F)C(F)(F)C(F)(F)C(F)(F)C(F)(F)C(F)(F)C(F)(F)C(F)(F)C(F)(F)C(F)(F)C(F)(F)F,678.1260000000002,8.011700000000005,204.57763944038103,37.3,1.0,1.0,12.0,0.0,0.3571428571428571,0.48,-7.9876971
NS(=O)(=O)C(F)(F)C(F)(F)C(F)(F)C(F)(F)C(F)(F)C(F)(F)C(F)(F)F,449.13499999999993,3.6065,131.51260134753048,60.16,1.0,2.0,6.0,0.0,0.5652173913043478,0.3461538461538461,-6.0167027
O=S(=O)(O)C(F)(F)C(F)OC(F)(F)C(F)(F)F,298.1069999999999,1.9343,87.90054183397675,63.60000000000001,1.0,3.0,4.0,0.0,0.3225806451612903,0.1764705882352941,-5.1787782
FC(F)(F)C1(F)C2CC(C3C4C=CC(C4)C32)C1(F)F,282.22700000000003,3.9803000000000015,105.39884117184504,0.0,0.0,0.0,0.0,4.0,0.073170731707317,0.075,-6.0591173
O[C@H](CN(Cc1cccc(C(F)(F)C(F)(F)C(F)(F)F)c1)c1cccc(OCc2cccc(OC(F)(F)F)c2)c1)C(F)(F)F,653.4350000000004,8.383400000000005,239.76318868064868,41.93000000000001,1.0,4.0,11.0,3.0,0.106060606060606,0.1076923076923077,-9.4786234
COc1cc(N)c(N)cc1OC(F)=C(F)C(F)(F)C(F)(F)C(F)(F)C(F)(F)C(F)(F)C(F)(F)C(F)(F)F,584.2260000000001,6.720600000000003,192.11219493406395,70.5,2.0,4.0,9.0,1.0,0.2045454545454545,0.2682926829268293,-7.8950815
Nc1c(I)cc(C(F)(C(F)(F)F)C(F)(F)F)cc1I,512.932,4.7674,129.5485442222704,26.02,1.0,1.0,1.0,1.0,0.1142857142857142,0.1176470588235294,-5.874198
CCCC(C)(CC(F)(F)C(F)(F)F)OP(=O)([O-])[O-],298.144,1.9782,100.373146251611,72.42,0.0,4.0,6.0,0.0,0.119047619047619,0.1219512195121951,-5.9114919
CCOP(=O)(OCC)OCC(F)(F)C(F)(F)C(F)(F)F,336.14,4.017000000000002,109.34284001208516,44.760000000000005,0.0,4.0,8.0,0.0,0.1944444444444444,0.2,-6.5485082
CCC(OC(C)=O)C(F)(F)C(F)(F)C(F)(F)F,270.14399999999995,3.1610000000000014,91.72766097864007,26.3,0.0,2.0,4.0,0.0,0.2222222222222222,0.2647058823529412,-6.0982409
FC1(F)COC(F)(F)C(F)(F)O1,196.046,1.8116,62.04854909406131,18.46,0.0,2.0,0.0,1.0,0.0303030303030303,0.03125,-4.2903376
O=S(=O)(O)C(F)(F)C(F)(F)Sc1ccc(F)cc1F,326.239,3.1303,106.90624580125348,54.370000000000005,1.0,3.0,4.0,1.0,0.2894736842105263,0.1162790697674418,-5.6998873
CCCC(CC)(CC(F)(F)C(F)(F)F)OP(=O)([O-])[O-],312.171,2.3683,106.73808836600756,72.42,0.0,4.0,7.0,0.0,0.1428571428571428,0.119047619047619,-6.2325768
O=C(OC1C2CCC(C2)C1O)C(F)(C(F)(F)F)S(=O)(=O)O,336.259,0.8049000000000002,116.37214645383276,100.9,2.0,5.0,3.0,2.0,0.238095238095238,0.1590909090909091,-6.2937055
CC1(C(=O)Cl)CC(F)(F)C1(F)F,204.55,2.4324000000000003,70.68506038491374,17.07,0.0,1.0,1.0,1.0,0.0833333333333333,0.1176470588235294,-4.7659302
O=S1(=O)CC(F)(F)C(F)(C(F)F)C1(F)F,260.12999999999994,1.6163,78.97733453415698,34.14,0.0,2.0,1.0,1.0,0.054054054054054,0.0555555555555555,-4.8628922
O=S(=O)(CCCC(CC(F)(C(F)(F)F)C(F)(F)F)CC(F)(C(F)(F)F)C(F)(F)F)NCCO,545.3329999999999,4.740500000000004,176.9058659841719,66.4,2.0,3.0,11.0,0.0,0.1860465116279069,0.1363636363636363,-7.5625606
O=S1(=O)CC(F)(C(F)(F)F)C(F)C1(F)F,260.12999999999994,1.6163,78.97733453415698,34.14,0.0,2.0,0.0,1.0,0.1081081081081081,0.1111111111111111,-4.8937416
O=S([O-])C(F)(F)C(F)(F)C(F)(F)C(F)(F)C(F)(F)C(F)(F)F,383.105,3.5618,113.09341366968358,40.13,0.0,2.0,5.0,0.0,0.3333333333333333,0.3461538461538461,-5.6910758
O=S(=O)([O-])C(F)(F)C(F)(F)OCc1ccc2ccccc2c1,337.27000000000004,3.087200000000001,122.61221684567448,66.43,0.0,4.0,5.0,2.0,0.1521739130434782,0.0833333333333333,-6.1808019
C=C(C)C(=O)OC(C)C(F)(F)C(F)(F)C(F)(F)C(F)(F)C(F)(F)C(F)(F)C(F)(F)C(F)(F)F,532.19,6.503600000000003,170.8830646620978,26.3,0.0,2.0,9.0,0.0,0.2777777777777778,0.3235294117647059,-7.3788915
CCC1(F)C(F)(F)C(F)(F)C(F)(S(=O)(=O)[O-])C(F)(F)C1(F)F,371.172,2.8705000000000016,115.57200471437952,57.2,0.0,3.0,2.0,1.0,0.1111111111111111,0.0833333333333333,-5.4212627
FCC(F)C(F)(F)C(F)(F)C(F)(F)C(F)(F)F,284.0679999999999,3.7622,86.38485103200117,0.0,0.0,0.0,4.0,0.0,0.2413793103448276,0.25,-5.1807408
CCCCCCCCC(F)(F)C(F)(F)F,232.236,4.934600000000003,86.8514070720302,0.0,0.0,0.0,7.0,0.0,0.125,0.1290322580645161,-5.9686818
O=S(=O)(N1CCNCC1)C(F)(F)C(F)(F)C(F)(F)C(F)(F)F,368.221,1.6471,117.84830504763914,49.41,1.0,3.0,4.0,1.0,0.375,0.2285714285714285,-6.1647325
CCCCCCCCCCN(CC(=O)O)S(=O)(=O)C(F)(F)C(F)(F)C(F)(F)C(F)(F)C(F)(F)C(F)(F)C(F)(F)C(F)(F)F,697.4480000000003,7.810400000000006,231.9636184659693,74.68,1.0,3.0,19.0,0.0,0.35,0.2926829268292683,-10.651199
FC(F)(F)C(F)(F)CCCCCCCOCc1ccccc1,324.333,5.741400000000004,127.02204650760116,9.23,0.0,1.0,10.0,1.0,0.0909090909090909,0.119047619047619,-7.1422606
CN(C(=O)c1c(F)cccc1F)c1cccc(C(=O)Nc2c(I)cc(C(F)(C(F)(F)F)C(F)(F)F)cc2C(F)(F)F)c1,728.2710000000004,8.406500000000003,240.98118934245872,49.41,1.0,2.0,5.0,3.0,0.0895522388059701,0.1076923076923077,-8.8628445
O=S(=O)(ON=C(c1ccc2c(c1)-c1cccc3cccc-2c13)C(F)(F)C(F)(F)C(F)(F)C(F)F)C(F)(F)C(F)(F)C(F)(F)C(F)(F)F,727.3920000000004,9.134399999999998,249.06022005577205,55.73,0.0,4.0,10.0,4.0,0.2280701754385964,0.1694915254237288,-8.5682526
FC(F)(F)C(F)(F)CCCCCCCCOCc1ccccc1,338.36,6.131500000000004,133.38698862199774,9.23,0.0,1.0,11.0,1.0,0.0909090909090909,0.119047619047619,-7.0686436
O=C(O)CCN1CCC2(CC1)COc1c2ccc(OCCCC(F)(F)C(F)(F)F)c1F,455.39500000000015,4.3830000000000044,174.46482281300533,59.0,1.0,4.0,8.0,3.0,0.1044776119402985,0.123076923076923,-8.0641232
Cc1n(C(F)(F)C(F)C(F)(F)C(F)(F)F)cc[n+]1C,297.169,2.706020000000001,101.79409040443794,8.809999999999999,0.0,1.0,3.0,1.0,0.0909090909090909,0.0930232558139534,-5.7319784
OC(F)(CF)C(F)(F)F,150.046,1.1763,47.09104602344996,20.23,1.0,1.0,1.0,0.0,0.1923076923076923,0.2,-4.3637953
O=S(=O)(CCCCCOc1ccc(C2=C(c3ccccc3)CCCc3cc(OC4CCCCO4)ccc32)cc1)CCCC(F)(F)C(F)(F)F,706.8140000000004,9.829099999999997,284.9368795652529,61.83000000000001,0.0,5.0,15.0,5.0,0.0875,0.075,-10.00453
FC(F)(F)C(F)(F)C(F)(Br)C(F)(F)Br,359.836,4.2324,88.89345580571195,0.0,0.0,0.0,2.0,0.0,0.24,0.25,-4.8470607
FC(F)OC(F)(F)OC(F)F,184.035,2.0151,56.68943813319393,18.46,0.0,2.0,4.0,0.0,0.1111111111111111,0.1153846153846153,-4.2275925
C=C1/C(=C\C=C2/CCC[C@]3(C)[C@@H]([C@H](C)CCCC(O)(C(F)(F)F)C(F)(F)F)CC[C@@H]23)C[C@@H](O)C[C@@H]1O,524.5860000000001,6.789500000000008,208.5173571191464,60.69,3.0,3.0,6.0,3.0,0.0833333333333333,0.0694444444444444,-9.1723595
FC(F)(F)C1(C(F)(F)F)C2(F)C(F)(F)C3(F)C(F)(F)C(F)(C2(F)F)C(F)(F)C1(F)C3(F)F,524.092,6.147900000000004,159.0468288841292,0.0,0.0,0.0,0.0,4.0,0.1034482758620689,0.1071428571428571,-4.4597239
C=CC(=O)OCCN(C)C(=O)C(F)(F)C(F)(F)OC(F)(F)C(F)(F)OC(F)(F)C(F)(F)OC(F)(F)C(F)(F)OC(F)(F)C(F)(F)F,739.2250000000004,6.180400000000003,237.0155693052672,83.53000000000002,0.0,7.0,17.0,0.0,0.12,0.1702127659574468,-8.1877909
O=[13C](O)[13C](F)(F)C(F)(F)C(F)(F)C(F)(F)C(F)(F)C(F)(F)C(F)(F)C(F)(F)C(F)(F)C(F)(F)C(F)(F)C(F)(F)C(F)(F)C(F)(F)C(F)(F)F,816.1047096800004,9.527500000000003,242.3007360867317,37.3,1.0,1.0,14.0,0.0,0.4,1.0,-7.804987
CCCCCCCCCCCCCCCCCC(=O)OCCC(F)(F)C(F)(F)C(F)(F)C(F)(F)C(F)(F)C(F)(F)C(F)(F)C(F)(F)F,730.5840000000004,12.190599999999982,260.6818572958346,26.3,0.0,2.0,25.0,0.0,0.238095238095238,0.275,-8.6488867
O=S(=O)(O)C(F)(F)C(F)(F)C(F)(F)C(F)(F)C(F)(F)C(F)(F)C(F)(F)OC(F)(F)F,516.125,4.7727,150.85012891789927,63.60000000000001,1.0,3.0,8.0,0.0,0.5769230769230769,0.2121212121212121,-6.3443995
O=S(=O)(O)C(F)(F)C(F)(F)C(F)(F)C(F)(F)C(F)(F)C(F)(F)C(F)(F)C(F)(F)C(F)(F)S(F)(F)(F)(F)F,658.1920000000002,7.805400000000003,184.5675069066027,54.370000000000005,1.0,2.0,10.0,0.0,0.6,0.21875,-7.4110403
CN(C)CCCN(CCC(=O)O)S(=O)(=O)C(F)(F)C(F)(F)F,356.313,1.1996999999999995,124.08760615709178,77.92,1.0,4.0,9.0,0.0,0.2195121951219512,0.1951219512195122,-6.9445133
O=C(C(F)(F)F)C(F)(F)C(F)(F)C(F)(F)C(F)(F)C(F)(F)S(=O)(=O)O,428.122,3.1396,126.87102206233462,71.44,1.0,3.0,6.0,0.0,0.5769230769230769,0.3333333333333333,-5.9029822
OCCOCCOCCC(F)(F)C(F)(F)C(F)(F)C(F)(F)C(F)(F)C(F)(F)C(F)(F)C(F)(F)C(F)(F)C(F)(F)C(F)(F)C(F)(F)C(F)(F)C(F)(F)F,852.2630000000005,9.2232,265.4950020974356,38.69,1.0,3.0,20.0,0.0,0.2647058823529412,0.2727272727272727,-8.1751471
C[N+](C)(CCCN(CCCS(=O)(=O)O)S(=O)(=O)C(F)(F)C(F)(F)C(F)(F)C(F)(F)F)CCCS(=O)(=O)[O-],628.554,1.723600000000001,207.08594599521652,148.95,1.0,7.0,16.0,0.0,0.3043478260869565,0.18,-9.3300152
C[N+](C)(CCCN(CCCS(=O)(=O)O)S(=O)(=O)C(F)(F)C(F)(F)C(F)(F)C(F)(F)C(F)(F)F)CCCS(=O)(=O)[O-],678.561,2.358900000000001,221.78195891546565,148.95,1.0,7.0,17.0,0.0,0.3260869565217391,0.2,-9.7162819
C[N+](C)(CC[O-])CCCN(CCO)S(=O)(=O)C(F)(F)C(F)(F)C(F)(F)C(F)(F)C(F)(F)C(F)(F)C(F)(F)C(F)(F)F,672.3980000000003,3.4042000000000026,219.4713089317304,80.67,1.0,4.0,16.0,0.0,0.3181818181818182,0.2127659574468085,-9.7468243
C[N+](C)(CCO)CCC[N-]S(=O)(=O)C(F)(F)C(F)(F)C(F)(F)C(F)(F)C(F)(F)C(F)(F)C(F)(F)F,578.3380000000002,4.480300000000003,187.0412065438968,68.47,1.0,3.0,13.0,0.0,0.35,0.2325581395348837,-8.3184977
CC(F)(F)C(F)(F)C(F)(F)C(F)(F)C(F)(F)C(F)(F)C(F)(F)F,384.082,5.380400000000002,115.77687687249932,0.0,0.0,0.0,5.0,0.0,0.3478260869565217,0.3636363636363636,-5.5270042
C[N+](C)(CCCNS(=O)(=O)C(F)(F)C(F)(F)C(F)(F)C(F)(F)C(F)(F)C(F)(F)F)CC(=O)O,543.3220000000001,3.153200000000001,176.50671572369146,83.47,2.0,3.0,12.0,0.0,0.3333333333333333,0.2790697674418604,-7.8958573
OCC(O)COCC(F)(F)C(F)(F)C(F)(F)C(F)(F)C(F)(F)C(F)(F)C(F)(F)F,474.16,3.7303000000000006,149.57371594958803,49.69,2.0,3.0,10.0,0.0,0.25,0.2941176470588235,-6.7354913
O=S(=O)(O)C(F)(F)C(F)(F)C(F)(F)C(F)(F)C(F)(F)C(F)(F)C(F)(F)C(F)(F)C(F)=C(F)C(F)(F)F,612.1510000000001,6.627000000000002,180.80394861110287,54.370000000000005,1.0,2.0,9.0,0.0,0.5555555555555556,0.28125,-7.3817711
O=S(=O)(O)C(F)(F)C(F)(F)C(F)(F)C(F)(F)C(F)(F)C(F)C(F)=C(F)C(F)(F)F,494.14699999999993,5.059200000000001,147.24638736767855,54.370000000000005,1.0,2.0,7.0,0.0,0.46875,0.1794871794871795,-6.6038089
O=C(O)C(F)(F)C(F)(F)C(F)(F)C(F)(F)C(F)(F)C(F)(F)C(F)(F)C(F)(F)C(F)(F)C(F)(F)C(F)(F)C(F)(F)C(F)(F)C(F)(F)C(F)(F)C(F)(F)C(F)(F)C(F)(F)C(F)(F)C(F)(F)C(F)(F)F,1114.1620000000007,13.339299999999998,330.47681360822605,37.3,1.0,1.0,20.0,0.0,0.4,1.0,-8.200922
O=CCC(F)(F)C(F)(F)F,162.057,1.773,52.82327648569432,17.07,0.0,1.0,2.0,0.0,0.1785714285714285,0.1851851851851851,-4.1999373
CCN(CC1CO1)C(=O)C(F)(F)C(F)(F)C(F)(F)C(F)(F)F,347.1769999999999,2.701900000000001,117.5426185299599,32.84,0.0,2.0,6.0,1.0,0.2142857142857142,0.3157894736842105,-5.9713707
CCCCCCCCCCCCCCCCCCCCC(=O)OCC(O)COCC(F)(F)C(F)(F)C(F)(F)C(F)(F)C(F)(F)C(F)(F)C(F)(F)F,782.7100000000006,11.712999999999983,287.71833392927147,55.760000000000005,1.0,4.0,30.0,0.0,0.2040816326530612,0.2340425531914893,-10.629145
CN(C)CCCNC(=O)C(F)(F)C(F)(F)C(F)(F)C(F)(F)C(F)(F)C(F)(F)C(F)(F)C(F)(F)C(F)(F)C(F)(F)C(F)(F)C(F)(F)F,748.2650000000003,7.604900000000005,236.55286999958287,32.34,1.0,2.0,15.0,0.0,0.2564102564102564,0.3714285714285714,-7.9347019
C[N+](C)(CCCNS(=O)(=O)CCC(F)(F)C(F)(F)C(F)(F)C(F)(F)F)CC(=O)[O-],470.354,0.9804999999999996,159.8445741119865,86.3,1.0,4.0,12.0,0.0,0.2244897959183673,0.2040816326530612,-7.9719062
FC(F)(F)C(F)(F)C(F)(F)C(F)(F)CCCCC(F)(F)C(F)(F)C(F)(F)C(F)(F)F,494.16,7.483200000000004,153.7332515388645,0.0,0.0,0.0,9.0,0.0,0.2692307692307692,0.28,-6.8364744
C[N+](C)(CCNS(=O)(=O)CCC(F)(F)C(F)(F)C(F)(F)C(F)(F)C(F)(F)C(F)(F)C(F)(F)C(F)(F)F)CCC(=O)[O-],670.382,3.521700000000002,218.62862579298283,86.3,1.0,4.0,16.0,0.0,0.25,0.2291666666666666,-8.8821297
CO[Si](O)(O)CCC(F)(F)C(F)(F)C(F)(F)C(F)(F)C(F)(F)C(F)(F)F,440.228,3.685200000000001,136.26373374704423,49.69,2.0,3.0,8.0,0.0,0.2571428571428571,0.2647058823529412,-6.9743619
CO[Si](CCCNC(=O)C(F)(F)C(F)(F)C(F)(F)C(F)(F)C(F)(F)C(F)(F)C(F)(F)C(F)(F)C(F)(F)F)(OC)OC,675.3550000000001,6.015500000000004,216.16154820365145,56.790000000000006,1.0,4.0,15.0,0.0,0.2439024390243902,0.3513513513513513,-8.6686516
C[N+](C)(C)CCC[N-]S(=O)(=O)C(F)(F)C(F)(F)C(F)(F)C(F)(F)C(F)(F)C(F)(F)C(F)(F)C(F)(F)F,598.3190000000001,5.753100000000003,190.57804359755323,48.24,0.0,2.0,12.0,0.0,0.3611111111111111,0.2307692307692307,-8.0660706
O=P(O)(OCCC(F)(F)C(F)(F)C(F)(F)C(F)(F)C(F)(F)C(F)(F)F)OCCC(F)(F)C(F)(F)C(F)(F)C(F)(F)C(F)(F)C(F)(F)C(F)(F)C(F)(F)C(F)(F)C(F)(F)F,990.1940000000008,11.918999999999995,297.87228978654184,55.760000000000005,1.0,3.0,20.0,0.0,0.2941176470588235,0.303030303030303,-9.4726381
C#CC(C)(O)CCO[Si](C)(C)CCCC(F)(F)C(F)(F)C(F)(F)C(F)(F)C(F)(F)C(F)(F)F,532.413,6.501400000000005,181.14160524406384,29.46,1.0,2.0,12.0,0.0,0.1875,0.1914893617021276,-8.4357395
O=CC(F)(F)C(F)(F)C(F)(F)C(F)(F)C(F)(F)C(F)(F)C(F)(F)C(F)(F)C(F)(F)C(F)(F)C(F)(F)F,598.0930000000001,7.1006000000000045,178.72245065353937,17.07,0.0,1.0,10.0,0.0,0.36,0.375,-6.9669709
FC(F)(F)C(F)(F)CCCCCCC(F)(F)C(F)(F)F,322.1859999999999,5.722200000000002,107.67908408666138,0.0,0.0,0.0,7.0,0.0,0.1481481481481481,0.1538461538461538,-5.936223
O=C(O)CC(F)(F)C(F)(F)C(F)(F)C(F)(F)C(F)(F)C(F)(F)C(F)(F)C(F)(F)C(F)(F)F,528.105,6.105800000000002,160.48960067963387,37.3,1.0,1.0,9.0,0.0,0.3571428571428571,0.48,-6.9401774
CC[Si](Cl)(CC)CCC(F)(F)C(F)(F)C(F)(F)F,318.73599999999993,5.433500000000002,106.207149106516,0.0,0.0,0.0,6.0,0.0,0.1714285714285714,0.1764705882352941,-6.1302824
CCC[Si](Cl)(CCC(F)(F)F)CCC(F)(F)C(F)(F)C(F)(F)C(F)(F)C(F)(F)F,500.774,8.026700000000005,160.8256653845861,0.0,0.0,0.0,10.0,0.0,0.2051282051282051,0.2105263157894736,-7.6029739
CO[Si](C)(C)CCC(F)(F)C(F)(F)C(F)(F)C(F)(F)C(F)(F)F,386.27699999999993,5.331500000000002,124.46248049337984,9.23,0.0,1.0,7.0,0.0,0.2285714285714285,0.2352941176470588,-6.7872996
CC[Si](CC)(CCC(F)(F)C(F)(F)F)OC,264.30999999999995,4.205800000000004,93.10432596142584,9.23,0.0,1.0,6.0,0.0,0.1081081081081081,0.1111111111111111,-6.5046625
CCC[Si](CCC(F)(F)F)(CCC(F)(F)C(F)(F)C(F)(F)C(F)(F)F)OC,446.348,6.799000000000005,147.72284223949586,9.23,0.0,1.0,10.0,0.0,0.1707317073170731,0.175,-7.9302578
CCCN(CCC[N+](C)(C)C)S(=O)(=O)C(F)(F)C(F)(F)C(F)(F)C(F)(F)C(F)(F)C(F)(F)C(F)(F)C(F)(F)F,641.4080000000002,6.0914000000000055,209.8828414273384,37.38,0.0,2.0,14.0,0.0,0.358974358974359,0.238095238095238,-9.2278442
CCC[Si](CCC(F)(F)F)(CCC(F)(F)C(F)(F)C(F)(F)C(F)(F)C(F)(F)C(F)(F)F)OC,546.362,8.069600000000007,177.11486807999404,9.23,0.0,1.0,12.0,0.0,0.1951219512195122,0.2,-8.4097023
CCO[Si](C)(C)CCC(F)(F)C(F)(F)F,250.283,3.815700000000003,86.7393838470292,9.23,0.0,1.0,5.0,0.0,0.1081081081081081,0.1111111111111111,-5.9629679
CC(C)c1ccc2sc3c4c(ccc3c(=O)c2c1)C(=O)N(OS(=O)(=O)C(F)(F)C(F)(F)C(F)(F)C(F)(F)F)C4=O,621.4550000000003,5.821200000000004,220.36043547285163,97.82,0.0,7.0,6.0,4.0,0.1904761904761904,0.1212121212121212,-8.607522
C=C(C)C(=O)OCCNC(=O)OCC(F)(F)OC(F)(F)C(F)(F)OC(F)(F)C(F)(F)OC(F)(F)C(F)(F)OC(F)(F)C(F)(F)C(F)(F)C(F)(F)F,819.2580000000005,7.473600000000005,262.98009808282444,101.55,1.0,8.0,19.0,0.0,0.18,0.2083333333333333,-9.4688749
O=C(OCCOCCOCCOCCOCCOCCOCCOCCOCCO)c1cc(OC(F)(F)C(F)C(F)(F)F)c(OC(F)(F)C(F)C(F)(F)F)c(OC(F)(F)C(F)C(F)(F)F)c1,1016.6600000000012,6.584500000000009,360.9477181815967,148.06,1.0,14.0,36.0,1.0,0.0909090909090909,0.1132075471698113,-11.104905
O=C(OCCOCCOCCOCCO)c1cc(OC(F)(F)C(F)C(F)(F)F)c(OC(F)(F)C(F)C(F)(F)F)c(OC(F)(F)C(F)C(F)(F)F)c1,796.3950000000004,6.5015000000000045,271.73057089009615,101.91000000000004,1.0,9.0,21.0,1.0,0.0909090909090909,0.1132075471698113,-9.9916916
CN(CCC[N+](C)(C)C)S(=O)(=O)C(F)(F)C(F)(F)C(F)(F)C(F)(F)C(F)(F)C(F)(F)F,513.34,4.040600000000003,167.760931358047,37.38,0.0,2.0,10.0,0.0,0.3513513513513513,0.2564102564102564,-7.9160352
FC(F)C(F)(F)OC[C@H](Cn1cncn1)c1ccc(Cl)cc1Cl,372.1490000000001,4.2432000000000025,138.52230863042655,39.94,0.0,4.0,7.0,2.0,0.0491803278688524,0.05,-6.9070392
O=C(O)C(F)OC(F)(F)C(F)(F)OC(F)(F)OC(F)(F)OC(F)(F)OC(F)(F)F,476.069,3.8059,146.13482346934728,83.45000000000002,1.0,6.0,11.0,0.0,0.125,0.1891891891891892,-7.044991
O=C(O)C(F)(F)C(F)C(F)(F)OC(F)(F)C(F)(F)C(F)(F)F,362.066,3.4442000000000004,110.98462963107066,46.53,1.0,2.0,6.0,0.0,0.2222222222222222,0.34375,-5.5447421
O=S(=O)([O-])C(O)CC(F)(F)C(F)(F)C(F)(F)C(F)(F)F,343.1429999999999,1.7083000000000002,104.47664998838532,77.43,1.0,4.0,5.0,0.0,0.34375,0.2727272727272727,-5.8092704
C[N+](C)(CCCNS(=O)(=O)C(F)(F)C(F)(F)C(F)(F)C(F)(F)C(F)(F)C(F)(F)C(F)(F)C(F)(F)C(F)(F)C(F)(F)C(F)(F)C(F)(F)F)CC(O)CS(=O)(=O)[O-],922.4640000000004,5.786500000000006,288.5148492695793,123.6,2.0,6.0,20.0,0.0,0.2916666666666667,0.196078431372549,-8.4019909
O=C(O)CCSC(CO)C(CO)C(F)(F)C(F)(F)C(F)(F)C(F)(F)C(F)(F)C(F)(F)C(F)(F)C(F)(F)C(F)(F)C(F)(F)F,712.3120000000004,6.443700000000005,226.7219017016232,77.76,3.0,4.0,16.0,0.0,0.238095238095238,0.3076923076923077,-8.2457094
O=C(CC(F)(F)C(F)(F)C(F)(F)C(F)(F)C(F)(F)F)CS(=O)(=O)O,406.169,2.9369000000000005,124.90489337087875,71.44,1.0,3.0,7.0,0.0,0.4193548387096774,0.34375,-6.110549
O=S(=O)(O)C(O)CC(F)(F)C(F)(F)C(F)(F)C(F)(F)C(F)(F)C(F)(F)C(F)(F)C(F)(F)C(F)(F)C(F)(F)C(F)(F)C(F)(F)C(F)(F)C(F)(F)C(F)(F)C(F)(F)C(F)(F)F,994.2420000000004,10.3098,295.5248179516232,74.60000000000001,2.0,3.0,18.0,0.0,0.4333333333333333,0.3125,-7.7823982
O=S(=O)(O)OCCC(F)(F)C(F)(F)C(F)(F)C(F)(F)F,344.15099999999995,2.6641000000000004,105.00496534175424,63.60000000000001,1.0,3.0,6.0,0.0,0.3870967741935484,0.2727272727272727,-6.1842904
CN(C)CCC(NS(=O)(=O)C(F)(F)C(F)(F)F)C(=O)O,328.259,0.4658000000000004,111.14775044170324,86.71000000000001,2.0,4.0,7.0,0.0,0.2142857142857142,0.1904761904761904,-5.9903755
CN(CCCNS(=O)(=O)CCC(F)(F)C(F)(F)C(F)(F)C(F)(F)C(F)(F)C(F)(F)C(F)(F)C(F)(F)C(F)(F)C(F)(F)F)CC(=O)O,756.3690000000003,5.982400000000004,241.44573803248903,86.71000000000001,2.0,4.0,18.0,0.0,0.2553191489361702,0.2608695652173913,-8.9178619
CN(C)CCC(NS(=O)(=O)C(F)(F)C(F)(F)C(F)(F)C(F)(F)C(F)(F)C(F)(F)C(F)(F)C(F)(F)C(F)(F)C(F)(F)F)C(=O)O,728.3150000000003,5.548200000000002,228.7158538036958,86.71000000000001,2.0,4.0,15.0,0.0,0.3414634146341463,0.2857142857142857,-8.9547987
CN(C)CCCNS(=O)(=O)CCC(F)(F)C(F)(F)C(F)(F)C(F)(F)C(F)(F)C(F)(F)C(F)(F)C(F)(F)C(F)(F)C(F)(F)C(F)(F)C(F)(F)C(F)(F)C(F)(F)F,912.3880000000004,9.0688,284.90909174684896,49.41,1.0,3.0,20.0,0.0,0.2619047619047619,0.2093023255813953,-7.4831743
CC(C)OC(=O)C[N+](C)(C)CCCNC(=O)C(F)(F)C(F)(F)C(F)(F)C(F)(F)C(F)(F)C(F)(F)C(F)(F)F,599.3550000000001,4.8948000000000045,204.38255478646653,55.4,1.0,3.0,13.0,0.0,0.2,0.2826086956521739,-8.8775053
CN(C)CCCN(CCC(=O)O)S(=O)(=O)C(F)(F)C(F)(F)C(F)(F)C(F)(F)C(F)(F)C(F)(F)C(F)(F)C(F)(F)C(F)(F)C(F)(F)C(F)(F)F,806.3760000000004,6.917400000000004,256.35172243933346,77.92,1.0,4.0,18.0,0.0,0.35,0.2926829268292683,-8.1417379
C[N+](C)([O-])CCCNS(=O)(=O)C(F)(F)C(F)(F)C(F)(F)C(F)(F)C(F)(F)C(F)(F)C(F)(F)C(F)(F)C(F)(F)C(F)(F)C(F)(F)F,750.3120000000004,6.742900000000003,233.04941249557783,69.22999999999999,1.0,3.0,15.0,0.0,0.3421052631578947,0.2195121951219512,-7.5803285
C[N+](C)(CCCNS(=O)(=O)C(F)(F)C(F)(F)F)CCC(=O)[O-],356.3130000000001,-0.3325999999999993,124.0876061570918,86.3,1.0,4.0,9.0,0.0,0.2,0.1521739130434782,-7.0334249
O=S(=O)(O)OC(F)(F)C(F)(F)C(F)(F)C(F)(F)C(F)(F)F,366.1039999999999,2.8668,106.97109403321008,63.60000000000001,1.0,3.0,5.0,0.0,0.5,0.3571428571428571,-5.6454659
C[N+](C)(CCCNS(=O)(=O)C(F)(F)C(F)(F)C(F)(F)C(F)(F)C(F)(F)C(F)(F)C(F)(F)C(F)(F)C(F)(F)F)CCC(=O)[O-],706.3620000000001,4.114500000000003,226.95969659883528,86.3,1.0,4.0,16.0,0.0,0.3181818181818182,0.2391304347826087,-9.4113064
C[N+](C)(CCCN(CCC(=O)O)S(=O)(=O)C(F)(F)C(F)(F)F)CCC(=O)[O-],428.37600000000015,-0.1454999999999986,152.3481598391167,114.81,1.0,5.0,12.0,0.0,0.1836734693877551,0.1632653061224489,-8.0053339
CCN(CCC[N+](C)(C)CCC(=O)[O-])S(=O)(=O)C(F)(F)C(F)(F)F,384.367,0.3996999999999993,137.02746187248033,77.51,0.0,4.0,10.0,0.0,0.1914893617021276,0.1458333333333333,-7.8637004
CCN(CCC[N+](C)(C)CCC(=O)[O-])S(=O)(=O)C(F)(F)C(F)(F)C(F)(F)C(F)(F)C(F)(F)C(F)(F)C(F)(F)C(F)(F)C(F)(F)C(F)(F)F,784.4230000000003,5.482100000000004,254.5955652344729,77.51,0.0,4.0,18.0,0.0,0.3043478260869565,0.2291666666666666,-8.9105873
O=C(O)C1(F)C(F)(F)C(F)(F)C(F)(F)C(F)(C(F)(F)C(F)(F)F)C1(F)F,426.075,4.239999999999999,130.09174368560647,37.3,1.0,1.0,2.0,1.0,0.1666666666666666,0.2424242424242424,-5.4564939
O=S(=O)([O-])C1(F)C(F)(F)C(F)(F)C(F)(F)C(F)(C(F)(F)C(F)(F)F)C1(F)F,461.122,3.6581,136.3996817290107,57.2,0.0,3.0,2.0,1.0,0.1944444444444444,0.1666666666666666,-5.5048108
O=S(=O)([O-])C1(F)C(F)(F)C(F)(F)C(F)(F)C(F)(C(F)(F)C(F)(F)C(F)(F)C(F)(F)C(F)(F)F)C1(F)F,611.1430000000001,5.564000000000002,180.48772048975795,57.2,0.0,3.0,5.0,1.0,0.3055555555555556,0.2777777777777778,-6.9333725
C[N+](C)(CCCN(CC(O)CS(=O)(=O)O)S(=O)(=O)C(F)(F)C(F)(F)C(F)(F)C(F)(F)F)CC(O)CS(=O)(=O)O,661.5600000000002,0.0078000000000013,216.67441349960856,186.58,4.0,8.0,16.0,0.0,0.2916666666666667,0.173076923076923,-9.2575207
C[N+](C)(CCCN(CC(O)CS(=O)(=O)O)S(=O)(=O)C(F)(F)C(F)(F)C(F)(F)C(F)(F)C(F)(F)C(F)(F)C(F)(F)C(F)(F)C(F)(F)F)CC(O)CS(=O)(=O)O,911.5950000000004,3.1843000000000004,290.1544781008539,186.58,4.0,8.0,21.0,0.0,0.3125,0.1923076923076923,-10.572659
C[N+](CCO)(CCCNS(=O)(=O)C(F)(F)C(F)(F)C(F)(F)F)CCCS(=O)(=O)O,487.43600000000015,0.8031000000000004,162.61567510173435,120.77,3.0,5.0,13.0,0.0,0.2608695652173913,0.1632653061224489,-8.4661922
C[N+](C)(CCCN(CC(=O)O)S(=O)(=O)C(F)(F)C(F)(F)C(F)(F)C(F)(F)C(F)(F)F)CC(O)CS(=O)(=O)O,631.4590000000002,1.479,207.53837039546423,149.28,3.0,6.0,15.0,0.0,0.2941176470588235,0.2264150943396226,-9.2601986
O=S(=O)(O)CCCNS(=O)(=O)C(F)(F)C(F)(F)C(F)(F)C(F)(F)C(F)(F)C(F)(F)C(F)(F)C(F)(F)C(F)(F)C(F)(F)F,721.3010000000003,5.421200000000002,216.5340739481035,100.54,2.0,4.0,14.0,0.0,0.4545454545454545,0.2702702702702703,-8.0545311
C[N+](C)(CCCNS(=O)(=O)C(F)(F)C(F)(F)C(F)(F)C(F)(F)C(F)(F)C(F)(F)C(F)(F)C(F)(F)C(F)(F)C(F)(F)C(F)(F)F)CCCS(=O)(=O)[O-],856.4580000000002,6.180400000000005,269.0246025971342,103.37,1.0,5.0,19.0,0.0,0.3023255813953488,0.1956521739130435,-8.3968744
C[N+](C)(CCCN(CC(=O)O)S(=O)(=O)C(F)(F)C(F)(F)C(F)(F)C(F)(F)C(F)(F)C(F)(F)F)CCCS(=O)(=O)[O-],664.459,2.8009000000000013,217.4401495635173,131.88,1.0,6.0,16.0,0.0,0.2916666666666667,0.2448979591836734,-9.3632946
C[N+](C)(CCCN(CC(=O)O)S(=O)(=O)C(F)(F)C(F)(F)C(F)(F)C(F)(F)F)CC(=O)O,501.3440000000001,1.6796,169.01030145082163,111.98,2.0,4.0,12.0,0.0,0.2954545454545454,0.2444444444444444,-7.5811934
C[N+](C)(CCCN(CC(=O)O)S(=O)(=O)C(F)(F)C(F)(F)C(F)(F)C(F)(F)C(F)(F)C(F)(F)F)CC(=O)[O-],600.35,1.6154999999999995,198.40232729131972,114.81,1.0,5.0,14.0,0.0,0.2978723404255319,0.25,-8.7130203
O=S(=O)(O)c1ccc(O/C(F)=C(\F)C(F)(F)C(F)(F)C(F)(F)C(F)(F)C(F)(F)C(F)(F)C(F)(F)C(F)(F)F)cc1,654.2410000000002,7.429600000000004,206.2785751264247,63.60000000000001,1.0,3.0,10.0,1.0,0.325,0.3,-8.6176147
O=C(O)C(F)C(F)(F)C(F)(F)C(F)(F)C(F)(F)C(F)(F)C(F)(F)F,396.074,4.1479,120.56709732181284,37.3,1.0,1.0,6.0,0.0,0.3448275862068966,0.4615384615384615,-5.7128172
O=C(O)C(F)(F)OC(F)(F)/C(F)=C(\F)C(F)(F)F,292.05299999999994,2.9861,91.4334782757111,46.53,1.0,2.0,4.0,0.0,0.1470588235294117,0.2666666666666666,-5.5008106
O=C(O)C(F)C(F)(F)C(F)(F)C(F)(F)F,246.053,2.242,76.47905856106564,37.3,1.0,1.0,3.0,0.0,0.2758620689655172,0.3846153846153846,-4.6380172
C[N+](C)(C)CCCN(CCC(=O)[O-])S(=O)(=O)C(F)(F)C(F)(F)C(F)(F)C(F)(F)C(F)(F)C(F)(F)C(F)(F)C(F)(F)C(F)(F)F,720.3890000000004,4.456700000000004,233.53461019982728,77.51,0.0,4.0,16.0,0.0,0.3255813953488372,0.2444444444444444,-10.024207
C[N+](C)(CCCN(CCC(=O)O)S(=O)(=O)C(F)(F)C(F)(F)C(F)(F)C(F)(F)C(F)(F)F)CC(=O)[O-],564.37,1.3703,190.0712564854673,114.81,1.0,5.0,14.0,0.0,0.2916666666666667,0.2448979591836734,-8.1554565
CN(CCC[N+](C)(C)C)S(=O)(=O)C(F)(F)C(F)(F)C(F)(F)C(F)(F)C(F)(F)C(F)(F)C(F)(F)F,563.3470000000001,4.675900000000004,182.45694427829608,37.38,0.0,2.0,11.0,0.0,0.3513513513513513,0.2564102564102564,-7.867321
O=S(=O)(O)OC(F)C(F)(F)C(F)(F)F,248.0999999999999,1.2990000000000004,73.4135327897857,63.60000000000001,1.0,3.0,3.0,0.0,0.3,0.1875,-4.8550138
C[N+](C)(C)CCNCC(F)(F)C(F)(F)C(F)(F)C(F)(F)F,335.2339999999999,2.750400000000001,115.03321602414184,12.03,1.0,1.0,7.0,0.0,0.1944444444444444,0.2,-5.9991479
C[N+](C)(C)CCNCC(F)(F)C(F)(F)C(F)(F)C(F)(F)C(F)(F)C(F)(F)C(F)(F)C(F)(F)C(F)(F)C(F)(F)C(F)(F)C(F)(F)C(F)(F)F,785.2970000000004,8.468100000000003,247.2973323063835,12.03,1.0,1.0,16.0,0.0,0.2222222222222222,0.2285714285714285,-7.5335488
CN(C)CCC(CO)N(CCCS(=O)(=O)O)S(=O)(=O)C(F)(F)C(F)(F)C(F)(F)F,486.428,0.9991,162.6156751017343,115.22,2.0,6.0,12.0,0.0,0.2553191489361702,0.16,-8.2388306
C[N+](C)(CCCNS(=O)(=O)C(F)(F)C(F)(F)C(F)(F)C(F)(F)F)CCC(O)CO,473.3780000000001,1.5413,160.47728576413874,86.63000000000001,3.0,4.0,12.0,0.0,0.2826086956521739,0.2083333333333333,-7.8460436
CCC[N+](C)(C)CC(F)(F)C(F)F,202.21499999999995,2.3732000000000006,75.92579259710945,0.0,0.0,0.0,5.0,0.0,0.081081081081081,0.0833333333333333,-5.666553
C[N+](C)(C)CC(F)(F)C(F)(F)C(F)(F)C(F)(F)C(F)(F)C(F)(F)C(F)(F)C(F)(F)C(F)(F)C(F)(F)C(F)F,624.2240000000002,7.310700000000005,195.46002465055787,0.0,0.0,0.0,12.0,0.0,0.1388888888888889,0.1428571428571428,-7.4290338
C[N+](C)(C)CC(F)(F)C(F)(F)C(F)(F)C(F)(F)C(F)(F)C(F)(F)C(F)(F)C(F)(F)C(F)(F)C(F)(F)C(F)(F)C(F)F,674.2310000000002,7.946000000000006,210.1560375708069,0.0,0.0,0.0,13.0,0.0,0.1388888888888889,0.1428571428571428,-7.764607
C[N+](C)(CCCNS(=O)(=O)C(F)(F)C(F)(F)C(F)(F)C(F)(F)C(F)(F)C(F)(F)C(F)(F)C(F)(F)C(F)(F)C(F)(F)C(F)(F)C(F)(F)F)CCC(O)CO,873.4340000000003,6.623700000000007,278.0453891261314,86.63000000000001,3.0,4.0,20.0,0.0,0.3043478260869565,0.2291666666666666,-8.4496517
C[N+](C)(CCC(CO)N(CCCS(=O)(=O)[O-])S(=O)(=O)C(F)(F)C(F)(F)C(F)(F)C(F)(F)C(F)(F)C(F)(F)C(F)(F)C(F)(F)C(F)(F)C(F)(F)C(F)(F)C(F)(F)F)CC(O)CO,1010.5700000000004,5.242200000000008,323.7730567181531,155.26999999999998,3.0,8.0,24.0,0.0,0.25,0.1896551724137931,-9.1803608
CCN(CC(=O)O)S(=O)(=O)C(F)(F)C(F)(F)C(F)(F)C(F)(F)C(F)(F)C(F)(F)C(F)(F)C(F)(F)C(F)(F)C(F)(F)C(F)(F)F,735.2530000000003,6.595500000000003,225.13212031154364,74.68,1.0,3.0,14.0,0.0,0.4,0.3333333333333333,-7.8133159
C[N+](C)(CC(=O)O)CC(F)C(F)(F)C(F)(F)C(F)(F)C(F)(F)C(F)(F)C(F)(F)C(F)(F)C(F)(F)C(F)(F)C(F)(F)C(F)(F)C(F)(F)C(F)(F)F,818.2540000000004,8.671400000000004,254.86876137794147,37.3,1.0,1.0,16.0,0.0,0.2564102564102564,0.3333333333333333,-7.1774163
C[N+](C)(CCO)CC(O)CNS(=O)(=O)C(F)(F)C(F)(F)C(F)(F)C(F)(F)C(F)(F)C(F)(F)C(F)(F)C(F)(F)F,645.3520000000002,3.3023000000000016,206.53145321634184,86.63,3.0,4.0,14.0,0.0,0.3255813953488372,0.217391304347826,-8.2516279
C[N+](C)(CCO)CCCNS(=O)(=O)C(F)(F)C(F)(F)C(F)(F)C(F)(F)C(F)(F)C(F)(F)C(F)(F)C(F)(F)C(F)(F)C(F)(F)C(F)(F)F,779.3740000000004,6.237400000000004,245.82525822489308,66.4,2.0,3.0,17.0,0.0,0.35,0.2325581395348837,-7.7846341
C[N+](C)(CCO)CCCNS(=O)(=O)C(F)(F)C(F)(F)C(F)(F)C(F)(F)C(F)(F)C(F)(F)C(F)(F)C(F)(F)C(F)(F)C(F)(F)C(F)(F)C(F)(F)F,829.3810000000004,6.8727000000000045,260.5212711451421,66.4,2.0,3.0,18.0,0.0,0.35,0.2325581395348837,-7.7305851
C[N+](C)(CCO)CCCN(CC(O)CS(=O)(=O)[O-])S(=O)(=O)C(F)(F)C(F)(F)C(F)(F)C(F)(F)C(F)(F)C(F)(F)C(F)(F)C(F)(F)C(F)(F)C(F)(F)F,866.5030000000006,4.220600000000005,276.85691289666573,135.04,2.0,7.0,20.0,0.0,0.2745098039215686,0.1851851851851851,-8.852582
O=C(O)C(F)C(F)(F)C(F)(F)C(F)(F)C(F)(F)C(F)(F)C(F)(F)C(F)(F)C(F)(F)F,496.088,5.418500000000001,149.959123162311,37.3,1.0,1.0,8.0,0.0,0.3448275862068966,0.4615384615384615,-6.5940986
O=C([O-])C(F)(F)C(F)(F)S(F)(F)(F)(F)F,271.08,2.2628999999999992,75.38747842145482,40.13,0.0,2.0,3.0,0.0,0.1612903225806451,0.25,-4.4677143
C[N+](C)(C)CCCNC(=O)CS(=O)CCC(F)(F)C(F)(F)C(F)(F)C(F)(F)C(F)(F)C(F)(F)C(F)(F)C(F)(F)C(F)(F)C(F)(F)C(F)(F)C(F)(F)F,853.4470000000005,7.888300000000005,275.5968641473405,46.17,1.0,2.0,19.0,0.0,0.2083333333333333,0.2391304347826087,-8.3542452
C[N+](C)(C)CCCNC(=O)CS(=O)CCC(F)(F)C(F)(F)C(F)(F)C(F)(F)C(F)(F)C(F)(F)C(F)(F)C(F)(F)C(F)(F)C(F)(F)C(F)(F)C(F)(F)C(F)(F)C(F)(F)F,953.4610000000006,9.1589,304.98888998783866,46.17,1.0,2.0,21.0,0.0,0.2083333333333333,0.2391304347826087,-8.2746382
O=S(=O)(O)C(F)(F)C(F)(F)C(F)(F)C(F)(F)C(F)(F)C(F)(F)C(F)(F)C(F)(F)C(F)(F)C(F)(F)C(F)(F)C(F)(F)C(F)(F)S(F)(F)(F)(F)F,858.2200000000005,10.346600000000002,243.35155858759896,54.370000000000005,1.0,2.0,14.0,0.0,0.6,0.21875,-8.384037
O=C(O)CNS(=O)(=O)C(F)(F)C(F)(F)C(F)(F)C(F)(F)C(F)(F)C(F)(F)C(F)(F)C(F)(F)C(F)(F)F,607.1850000000002,4.5926,182.8002387556569,83.47,2.0,3.0,11.0,0.0,0.4516129032258064,0.375,-7.9157519
C[N+](C)(C)CC(O)CS(=O)(=O)CCC(F)(F)C(F)(F)C(F)(F)C(F)(F)C(F)(F)C(F)(F)C(F)(F)C(F)(F)C(F)(F)C(F)(F)C(F)(F)C(F)(F)F,828.3930000000004,7.409000000000006,261.2009735653022,54.37,1.0,3.0,17.0,0.0,0.3,0.2439024390243902,-9.3726387
CN(C)CCCNC(=O)CC(SCCC(F)(F)C(F)(F)C(F)(F)C(F)(F)C(F)(F)C(F)(F)C(F)(F)C(F)(F)C(F)(F)C(F)(F)C(F)(F)C(F)(F)F)C(=O)O,880.4490000000005,8.571500000000006,287.4564464491709,69.64,2.0,4.0,21.0,0.0,0.1851851851851851,0.2352941176470588,-8.9776688
C[N+](C)(C)CC(O)CSCCC(F)(F)C(F)(F)C(F)(F)C(F)(F)C(F)(F)C(F)(F)C(F)(F)C(F)(F)C(F)(F)C(F)(F)F,696.3810000000002,7.4568000000000065,225.3066593683827,20.23,1.0,2.0,15.0,0.0,0.2195121951219512,0.225,-8.9691877
O=C(O)CSCCC(F)(F)C(F)(F)F,238.177,2.3919000000000006,80.47050449204878,37.3,1.0,2.0,5.0,0.0,0.1714285714285714,0.25,-5.3475866
C[N+](C)(CCC(F)C(F)(F)C(F)(F)C(F)(F)C(F)(F)F)CC(=O)[O-],381.21,2.0091,128.96958721009645,40.13,0.0,2.0,8.0,0.0,0.2142857142857142,0.25,-6.7076292
C[N+](C)(CCC(F)C(F)(F)C(F)(F)C(F)(F)C(F)(F)C(F)(F)C(F)(F)C(F)(F)C(F)(F)C(F)(F)C(F)(F)C(F)(F)C(F)(F)C(F)(F)C(F)(F)C(F)(F)F)CC(=O)O,932.2950000000004,10.332099999999995,290.6257293328362,37.3,1.0,1.0,19.0,0.0,0.2439024390243902,0.3157894736842105,-7.8684816
O=C(O)CCSC(CO)C(O)C(F)(F)C(F)(F)C(F)(F)C(F)(F)F,398.243,2.384300000000001,132.18088206573216,77.76,3.0,4.0,9.0,0.0,0.2142857142857142,0.282051282051282,-6.5164294
O=C(O)C=C(F)C(F)(F)C(F)(F)C(F)(F)C(F)(F)C(F)(F)C(F)(F)C(F)(F)C(F)(F)C(F)(F)C(F)(F)C(F)(F)C(F)(F)F,708.1270000000003,8.475000000000005,214.41851392551965,37.3,1.0,1.0,12.0,0.0,0.3225806451612903,0.5384615384615384,-7.9817119
O=S(=O)(O)CC=C(F)C(F)(F)C(F)(F)C(F)(F)F,308.1459999999999,2.5605,94.82727780107884,54.370000000000005,1.0,2.0,4.0,0.0,0.34375,0.2727272727272727,-5.7547631
O=S(=O)(O)CC=C(F)C(F)(F)C(F)(F)C(F)(F)C(F)(F)C(F)(F)C(F)(F)C(F)(F)C(F)(F)C(F)(F)C(F)(F)F,658.1950000000002,7.007600000000004,197.6993682428224,54.370000000000005,1.0,2.0,11.0,0.0,0.40625,0.375,-7.9725189
CC(=O)OC(C(CO)C(F)(F)C(F)(F)C(F)(F)C(F)(F)F)C(CO)[N+](C)(C)CC(=O)[O-],481.30800000000016,0.1819999999999992,169.1273550986993,106.89,2.0,6.0,11.0,0.0,0.18,0.2083333333333333,-7.6880412
CC(=O)OC(C(CO)C(F)(F)C(F)(F)C(F)(F)C(F)(F)C(F)(F)C(F)(F)F)C(CO)[N+](C)(C)CC(=O)[O-],581.322,1.4525999999999997,198.51938093919745,106.89,2.0,6.0,13.0,0.0,0.2,0.2291666666666666,-9.1966343
N#CN1CC(CCI)C(CC(F)(F)C(F)(F)C(F)(F)C(F)(F)C(F)(F)C(F)(F)F)C1,582.142,5.969480000000004,174.04387907221297,27.03,0.0,2.0,8.0,1.0,0.1777777777777777,0.1818181818181818,-7.8336105
OC(c1cccc(OC(F)(F)C(F)F)c1)C1CCCC1,292.27200000000005,4.146900000000003,113.91502947454843,29.46,1.0,2.0,5.0,2.0,0.08,0.0816326530612244,-6.5768104
N#Cc1ncc(C(F)(F)C(F)(F)F)cn1,223.104,2.00238,80.18578212067969,49.57,0.0,3.0,1.0,1.0,0.1081081081081081,0.1111111111111111,-5.037025
CN(C)N=C(SSC(=NN(C)C)C(F)(F)C(F)(F)C(F)(F)F)C(F)(F)C(F)(F)C(F)(F)F,542.3620000000001,5.783800000000003,177.9678764168366,31.200000000000003,0.0,6.0,6.0,0.0,0.2058823529411764,0.25,-7.8663497
CN(SC(Cl)(Cl)Cl)S(=O)C(F)(F)C(F)(F)C(F)(F)C(F)(F)F,446.571,4.983500000000001,138.49153182719522,20.31,0.0,2.0,5.0,0.0,0.25,0.2222222222222222,-6.259469
CN(CC(OC(=O)C(F)(F)C(F)(F)F)c1ccc(OC(=O)C(F)(F)C(F)(F)F)c(OC(=O)C(F)(F)C(F)(F)F)c1)C(=O)C(F)(F)C(F)(F)F,767.2630000000005,6.330500000000003,253.96280065286987,99.20999999999998,0.0,7.0,10.0,1.0,0.1071428571428571,0.1509433962264151,-8.4537344
Cc1ccc(OC(F)(F)C(F)(F)Br)cc1,287.04999999999995,3.954320000000002,92.16946390953996,9.23,0.0,1.0,3.0,1.0,0.081081081081081,0.0833333333333333,-5.4423351
FC(F)(F)C(F)(F)SCC1CCCN1,235.221,2.6267000000000005,82.42372178428442,12.03,1.0,2.0,3.0,1.0,0.1,0.1025641025641025,-5.3766088
Cn1c(N)c(NC(=O)C(F)(F)C(F)(F)F)c(=O)n(C)c1=O,316.18600000000004,-0.1977000000000004,112.31734882194692,99.12,2.0,6.0,2.0,1.0,0.1333333333333333,0.1904761904761904,-5.976088
C=C(F)C(F)(F)OC(F)(CO)C(F)(F)F,242.08999999999995,2.2994000000000008,78.94088536981486,29.46,1.0,2.0,4.0,0.0,0.1428571428571428,0.1470588235294117,-5.190722
FC(F)(F)C(F)(F)C(F)(F)OC(F)(C(F)(F)F)C(F)(F)OC(F)(F)C(F)(F)CC[Si](Cl)(Cl)Cl,613.551,7.904400000000002,184.4717879044944,18.46,0.0,2.0,10.0,0.0,0.1707317073170731,0.1463414634146341,-7.6043096
CCOP(=O)(CCC(F)(OC(F)(F)C(F)(OC(F)(F)C(F)(F)C(F)(F)F)C(F)(F)F)C(F)(F)F)OCC,616.201,7.515200000000005,194.21472169910683,53.99000000000001,0.0,5.0,13.0,0.0,0.1739130434782608,0.1521739130434782,-8.2139797
CN(C)S(=O)(=O)C(F)(F)C(F)(F)C(F)(F)C(F)(F)C(F)(F)C(F)(F)C(F)(F)C(F)(F)F,527.196,4.844700000000002,159.35844146976345,37.38,0.0,2.0,8.0,0.0,0.5,0.3103448275862069,-7.3104119
FC(F)=C(Cl)C(F)C(F)(F)C(F)(C(F)(F)F)C(F)(F)F,348.51399999999995,5.1396000000000015,106.52899174402144,0.0,0.0,0.0,3.0,0.0,0.1470588235294117,0.1515151515151515,-5.3889699
FC(F)=CC(F)(F)C(F)(F)C(F)(F)F,232.045,3.5996999999999995,70.99923507956784,0.0,0.0,0.0,2.0,0.0,0.2592592592592592,0.2692307692307692,-4.6787329
CCC(F)(F)C(F)(F)C(F)(F)C(F)(F)C(F)(F)C(=O)O,324.114,3.6575000000000006,103.90495571010794,37.3,1.0,1.0,6.0,0.0,0.2121212121212121,0.56,-5.590827
CC(F)C(F)(F)C(F)(F)C(F)(F)C(F)(F)C(F)(F)C(F)(F)C(F)(F)C(O)(F)F,464.115,5.376600000000003,141.63206565934098,20.23,1.0,1.0,8.0,0.0,0.1935483870967742,0.2,-6.4036908
OC(CN(Cc1cccc(C(F)(F)C(F)(F)C(F)(F)F)c1)c1cccc(Oc2cccc(C3CC3)c2)c1)C(F)(F)F,595.4770000000003,8.575500000000003,227.51214820323048,32.7,1.0,3.0,10.0,4.0,0.1044776119402985,0.106060606060606,-9.5865297
O[C@H](CN(Cc1cccc(C(F)(F)C(F)(F)C(F)(F)F)c1)c1cccc(Oc2cc(Br)ccc2F)c1)C(F)(F)F,652.2980000000002,8.599700000000002,227.45623602213743,32.7,1.0,3.0,9.0,3.0,0.1014492753623188,0.1029411764705882,-8.7261448
Nc1c(Br)cc(C(F)(C(F)(F)F)C(F)(F)F)cc1Br,418.932,5.0832,118.75996319146586,26.02,1.0,1.0,1.0,1.0,0.1142857142857142,0.1176470588235294,-5.6433573
C=C(C)C(=O)OC(F)(F)C(F)(F)N(CC)S(=O)(=O)C(F)(F)C(F)(F)C(F)(F)C(F)(F)C(F)(F)C(F)(F)C(F)(F)C(F)(F)F,711.2840000000003,6.909900000000004,222.7957000652144,63.68,0.0,4.0,13.0,0.0,0.3255813953488372,0.2444444444444444,-8.6904478
OCC(O)CC(F)(F)C(F)(F)C(F)(F)C(F)(F)C(F)(F)C(F)(F)C(F)(F)C(F)(F)C(F)(F)F,544.148,5.374400000000003,167.4872544461827,40.46,2.0,2.0,10.0,0.0,0.2903225806451613,0.3448275862068966,-7.136466
O=S(=O)([O-])C(F)(F)C(F)(F)C(F)(F)C(F)(F)C(F)(F)C(F)(F)C(F)(F)CCC(F)(F)F,527.172,5.2787000000000015,158.4664679171856,57.2,0.0,3.0,9.0,0.0,0.3125,0.1714285714285714,-6.7933908
CCSCC(F)(F)C(F)(F)F,194.168,2.937100000000001,65.1498065254124,0.0,0.0,1.0,3.0,0.0,0.1290322580645161,0.1333333333333333,-4.7789187
FN1C(F)(F)C(F)(F)OC(F)(C(F)(F)F)C1(F)F,299.039,3.2096,89.8227347343256,12.47,0.0,2.0,0.0,1.0,0.0833333333333333,0.0857142857142857,-4.7354875
O=S1(=O)C(F)C(F)(C(F)(F)F)CC1(F)F,260.12999999999994,1.9639,78.97733453415698,34.14,0.0,2.0,0.0,1.0,0.1111111111111111,0.1142857142857142,-4.9222512
CC1C(F)(F)C(F)(F)C(F)(F)C1(F)F,228.082,3.1773000000000007,72.88241366969324,0.0,0.0,0.0,0.0,1.0,0.0344827586206896,0.0357142857142857,-4.7080059
FC(F)(F)C(F)(F)C(F)(F)C(F)(F)[PH3+],253.024,3.0194999999999994,73.65379121923698,0.0,0.0,0.0,2.0,0.0,0.3043478260869565,0.3181818181818182,-4.6884174
N[Si](N)(N)CCC(F)(F)C(F)(F)C(F)(F)C(F)(F)C(F)(F)C(F)(F)C(F)(F)C(F)(F)F,523.2629999999999,4.2009,160.478343643105,78.06,3.0,3.0,9.0,0.0,0.2580645161290322,0.2666666666666666,-6.9854941
COc1ccc(C=Cc2ccc3c(C4=C(c5c(C)sc(C=Cc6ccc(OC)cc6)c5C)C(F)(F)C(F)(F)C4(F)F)c(C)sc3c2)cc1,696.7780000000002,12.076359999999983,281.81992903828893,18.46,0.0,4.0,8.0,6.0,0.0151515151515151,0.0153846153846153,-10.2521
COc1ccc(C=Cc2ccc3c(C4=C(c5c(C)sc(C=Cc6ccc(C#N)cc6)c5C)C(F)(F)C(F)(F)C4(F)F)c(C)sc3c2)cc1,691.7620000000002,11.939439999999983,281.09896349025075,33.02,0.0,4.0,7.0,6.0,0.0135135135135135,0.0136986301369863,-10.169339
Cc1cc(SC(F)(F)C(F)(F)C(F)(F)F)ccc1N,307.234,4.459720000000002,107.512920119945,26.02,1.0,2.0,3.0,1.0,0.1463414634146341,0.15,-5.5834846
FC(F)(F)C(F)(F)C(F)(F)COOCC(F)(F)C(F)(F)C(F)(F)F,398.09,4.6004000000000005,121.76772724432514,18.46,0.0,2.0,7.0,0.0,0.2307692307692307,0.24,-5.8091969
Nc1c(Cl)cc(S(=O)C(F)(C(F)(F)F)C(F)(F)F)cc1Cl,378.096,4.4736,125.0056546375224,43.09,1.0,2.0,2.0,1.0,0.131578947368421,0.1351351351351351,-5.946023
C=Cc1ccc(OS(=O)(=O)C(F)(F)C(F)(F)C(F)(F)F)cc1,352.227,3.8286000000000016,119.67320596713088,43.370000000000005,0.0,3.0,5.0,1.0,0.2631578947368421,0.175,-5.7982016
CC(F)(C(F)(F)F)C(F)(F)C(F)(F)C(F)(F)F,284.0679999999999,4.1098,86.38485103200115,0.0,0.0,0.0,2.0,0.0,0.3043478260869565,0.3181818181818182,-5.1755843
N#CC(F)(F)C(F)(F)C(F)=C(F)F,207.048,2.85818,67.06074395518408,23.79,0.0,1.0,2.0,0.0,0.125,0.1666666666666666,-4.491828
Cc1cc(SC(F)(F)C(F)(F)C(F)(F)C(F)(F)F)cc(C)c1N,371.268,5.4034400000000025,128.57387515459067,26.02,1.0,2.0,4.0,1.0,0.1842105263157894,0.1891891891891892,-6.2530885
CCc1cc(C(F)(C(F)(F)F)C(F)(F)C(F)(F)F)cc(C)c1NC(=O)c1cccc([N+](=O)[O-])c1F,520.3230000000002,6.781720000000003,189.42774827614784,72.24,1.0,3.0,6.0,2.0,0.1290322580645161,0.15,-8.2140913
C=C(C)C(=O)OC(F)(F)C(F)(F)C(F)(F)F,254.1009999999999,2.896100000000001,84.67311583205922,26.3,0.0,2.0,3.0,0.0,0.2424242424242424,0.2903225806451613,-5.1300731
Cc1cc(C(F)(C(F)(F)F)C(F)(F)F)cc(C)c1C(Cl)=NO,351.649,4.967440000000002,124.72666459077604,32.59,1.0,2.0,2.0,1.0,0.125,0.1282051282051282,-6.2679296
O=S(c1ccccc1)C(F)(F)C(F)(F)C(F)(F)C(F)(F)F,344.1979999999999,4.219900000000001,113.7552444069954,17.07,0.0,1.0,4.0,1.0,0.2352941176470588,0.28125,-5.9187655
O=S(=O)(CC(F)(F)F)C(F)(F)C(F)(F)C(F)(F)F,316.116,2.7539,92.47977189646492,34.14,0.0,2.0,3.0,0.0,0.3703703703703703,0.2413793103448276,-5.1503892
CC(=O)OC(F)(F)C(F)(F)C(F)(F)F,228.063,2.3399,72.63283463545027,26.3,0.0,2.0,2.0,0.0,0.2758620689655172,0.3333333333333333,-4.76161
FC(F)OC(F)(F)OC(F)(F)OC(F)(F)C(F)(F)OC(F)F,366.054,3.7842,111.00456735295492,36.92,0.0,4.0,9.0,0.0,0.0857142857142857,0.088235294117647,-5.7036943
FC(F)(F)N(C(F)(F)C(F)(F)C(F)(F)F)[C@]1(F)C(F)(F)C(F)(F)[C@](F)(C(F)(F)F)C(F)(F)C1(F)F,583.0820000000001,7.089800000000004,172.94998895577316,3.24,0.0,1.0,3.0,1.0,0.1621621621621621,0.1666666666666666,-6.2627201
C=COC(=O)CCN(CC)S(=O)(=O)C(F)(F)C(F)(F)C(F)(F)C(F)(F)C(F)(F)C(F)(F)C(F)(F)C(F)(F)F,625.2970000000003,5.681800000000003,199.76861633911284,63.68,0.0,4.0,13.0,0.0,0.3181818181818182,0.2391304347826087,-8.363204
C=C(C)C(=O)OCCN(CC)C(=O)C(F)(F)C(F)(F)C(F)(F)C(F)(F)C(F)(F)C(F)(F)C(F)(F)C(F)(F)F,603.2690000000001,5.963600000000003,199.8992467755348,46.61,0.0,3.0,12.0,0.0,0.217391304347826,0.3095238095238095,-8.3780622
C=COCCCN(C)S(=O)(=O)C(F)(F)C(F)(F)C(F)(F)C(F)(F)C(F)(F)C(F)(F)C(F)(F)C(F)(F)F,597.2870000000001,5.765100000000003,189.2421521246725,46.61,0.0,3.0,13.0,0.0,0.3170731707317073,0.2325581395348837,-8.1144657
C=CC(=O)OCCN(C)S(=O)(=O)C(F)(F)C(F)(F)C1(F)C(F)(F)C(F)(F)C(F)(C(F)(F)C(F)(F)F)C(F)(F)C1(F)F,673.2880000000002,5.3743000000000025,213.4587981058328,63.68,0.0,4.0,9.0,1.0,0.173076923076923,0.1538461538461538,-8.7950497
C=CC(=O)CN(C)S(=O)(=O)C(F)(F)C(F)(F)C(F)(F)C(F)(F)C(F)(F)C(F)(F)C(F)(F)C(F)(F)F,581.2440000000001,4.9700000000000015,181.9251868808128,54.45,0.0,3.0,11.0,0.0,0.3783783783783784,0.282051282051282,-7.9887743
O=[13C](O)[13C](F)(F)[13C](F)(F)[13C](F)(F)C(F)(F)[13C](F)(F)F,319.01177419999993,3.1745,95.34060688424094,37.3,1.0,1.0,4.0,0.0,0.4,1.0,-5.1130877
O=C(O)C(F)(F)C(F)(F)OC(F)(F)C(F)(F)C(F)(F)OC(F)(F)F,396.055,3.673,120.26371026350375,55.760000000000005,1.0,3.0,7.0,0.0,0.1764705882352941,0.3928571428571428,-5.8411078
O=S(=O)(O)C(F)(F)C(F)(F)C(F)(F)C(F)(F)C(F)(F)C(F)(F)C(F)(F)C(F)(F)C(F)(F)C(F)(F)OC(F)(F)F,666.1460000000002,6.678600000000004,194.9381676786465,63.60000000000001,1.0,3.0,11.0,0.0,0.5769230769230769,0.2121212121212121,-7.5346584
O=S(=O)(O)C(F)(F)C(F)(F)S(F)(F)(F)(F)F,308.1429999999999,3.3583,81.69541646485906,54.370000000000005,1.0,2.0,3.0,0.0,0.44,0.1666666666666666,-4.7137842
O=S(=O)(O)C(F)(F)C(F)(F)C(F)(F)/C(F)=C(\F)C(F)(F)F,362.11599999999993,3.4505,107.32388400985754,54.370000000000005,1.0,2.0,4.0,0.0,0.4814814814814814,0.21875,-5.4508729
O=S(=O)(O)C(F)(F)C(F)(F)C(F)(F)C(F)(F)C(F)(F)C(F)(F)C(F)(F)C(F)(F)C(F)C(F)(F)F,582.1500000000001,5.814500000000002,170.96307412596434,54.370000000000005,1.0,2.0,9.0,0.0,0.5555555555555556,0.2058823529411764,-7.0954475
C[N+](C)(CCCNS(=O)(=O)C(F)(F)C(F)(F)C(F)(F)F)CCCS(=O)(=O)O,457.41000000000014,1.4406,151.45649923514176,100.54,2.0,4.0,11.0,0.0,0.2857142857142857,0.1777777777777777,-7.6469522
O=C(C(F)(F)F)C(F)(F)C(F)(F)C(F)(F)C(F)(F)C(F)(F)C(F)(F)C(F)(F)C(F)(F)C(F)(F)S(=O)(=O)O,628.1500000000002,5.680800000000004,185.65507374333097,71.44,1.0,3.0,10.0,0.0,0.5769230769230769,0.3333333333333333,-7.4588146
O=C(C(F)(F)F)C(F)(F)C(F)(F)S(=O)(=O)O,278.101,1.2337,82.7829833015874,71.44,1.0,3.0,3.0,0.0,0.4230769230769231,0.2413793103448276,-4.890553
FC(F)(F)C(F)(F)C(F)(F)C(F)(F)C(F)(F)C(F)(F)C(F)(F)N(C(F)(F)C(F)(F)C(F)(F)C(F)(F)C(F)(F)C(F)(F)C(F)(F)F)C(F)(F)C(F)(F)C(F)(F)C(F)(F)C(F)(F)C(F)(F)C(F)(F)F,1121.1480000000008,14.283199999999995,329.24702011764555,3.24,0.0,1.0,18.0,0.0,0.3333333333333333,0.3478260869565217,-9.2826052
O=P(O)(C(F)(F)C(F)(F)F)C(F)(F)C(F)(F)F,302.004,3.567,85.65993531069836,37.3,1.0,1.0,2.0,0.0,0.2307692307692307,0.24,-4.8024096
CN(CC(=O)O)S(=O)(=O)C(F)(F)C(F)(F)C(F)(F)C(F)(F)C(F)(F)F,421.1839999999999,2.3936,130.5911006756526,74.68,1.0,3.0,7.0,0.0,0.4242424242424242,0.3529411764705882,-6.5614152
O=C(N(CC(O)CO)CC(O)CO)C(F)(F)C(F)(F)C(F)(F)C(F)(F)C(F)(F)C(F)(F)C(F)(F)C(F)(F)F,611.2450000000001,2.5308000000000006,197.7608332581592,101.23000000000002,4.0,5.0,13.0,0.0,0.2702702702702703,0.4375,-8.8740292
C[N+](C)([O-])CCCNC(=O)C(F)(F)C(F)OC(F)(F)C(F)(F)C(F)(F)OC(F)(F)F,478.23,3.3717000000000024,159.3965912724453,70.62,1.0,4.0,11.0,0.0,0.109090909090909,0.1320754716981132,-7.6834607
C[N+](C)(CC[O-])CCCN(CCO)S(=O)(=O)C(F)(F)C(F)(F)C(F)(F)C(F)(F)C(F)(F)F,522.377,1.4983,175.3832701709832,80.67,1.0,4.0,13.0,0.0,0.3181818181818182,0.2127659574468085,-8.109251
O=S(=O)(O)C(F)(F)C(F)(F)C(F)(F)C(F)(F)C(F)=C(F)C(F)(F)F,412.12299999999993,4.0858,122.0198969301066,54.370000000000005,1.0,2.0,5.0,0.0,0.5185185185185185,0.25,-5.9612885
O=S(=O)(O)C(F)(F)C(F)C(F)=C(F)C(F)(F)F,294.1189999999999,2.518,88.46233568668222,54.370000000000005,1.0,2.0,3.0,0.0,0.28125,0.1428571428571428,-4.9947863
C[N+](C)(CCCNS(=O)(=O)C(F)(F)C(F)(F)C(F)(F)C(F)(F)C(F)(F)C(F)(F)C(F)(F)C(F)(F)F)CC(O)CS(=O)(=O)[O-],722.4360000000001,3.245300000000002,229.7307975885831,123.6,2.0,6.0,16.0,0.0,0.2916666666666667,0.196078431372549,-9.4656639
CC(C)CCC(F)(F)C(F)(F)C(F)(F)C(F)(F)F,290.1689999999999,4.890800000000002,97.14860656933853,0.0,0.0,0.0,5.0,0.0,0.2258064516129032,0.2333333333333333,-5.5618863
OCC=C(F)C(F)(F)C(F)(F)C(F)(F)C(F)(F)C(F)(F)C(F)(F)C(F)(F)F,444.109,5.206200000000003,136.77692722423052,20.23,1.0,1.0,7.0,0.0,0.2903225806451613,0.3928571428571428,-6.2177749
CCCCCCC(=O)OCC(O)CN(CC)C(=O)C(F)(F)C(F)(F)C(F)(F)C(F)(F)F,477.364,4.177600000000004,172.0588003365052,66.84,1.0,4.0,13.0,0.0,0.173076923076923,0.25,-8.6470232
C=CC(=O)OC(CO)CC(F)(F)C(F)(F)C(F)(F)C(F)(F)C(F)(F)C(F)(F)F,448.1749999999999,4.205400000000001,146.28527257379565,46.53,1.0,3.0,9.0,0.0,0.2439024390243902,0.282051282051282,-6.8680096
CC(=O)C(F)(F)C(F)(F)C(F)(F)C(F)(F)C(F)(F)C(F)(F)C(F)(F)C(F)(F)C(F)(F)F,512.106,6.220100000000003,155.69536692743782,17.07,0.0,1.0,8.0,0.0,0.3846153846153846,0.5909090909090909,-6.72088
C[Si](C)(Cl)CCC(F)(F)C(F)(F)C(F)(F)F,290.682,4.6533000000000015,93.47726487772282,0.0,0.0,0.0,4.0,0.0,0.1818181818181818,0.1875,-5.4727311
O=CC(F)(F)C(F)(F)C(F)(F)C(F)(F)C(F)(F)C(F)(F)C(F)(F)C(F)(F)C(F)(F)F,498.079,5.830000000000003,149.33042481304122,17.07,0.0,1.0,8.0,0.0,0.36,0.375,-6.6002626
C[N+](C)(CCCNS(=O)(=O)C(F)(F)C(F)(F)C(F)(F)C(F)(F)F)CCC(=O)[O-],456.3270000000001,0.9379999999999996,153.4796319975899,86.3,1.0,4.0,11.0,0.0,0.2954545454545454,0.217391304347826,-7.6632228
O=S(=O)(O)CCCNS(=O)(=O)C(F)(F)C(F)(F)C(F)(F)C(F)(F)C(F)(F)C(F)(F)C(F)(F)C(F)(F)F,621.2870000000001,4.150600000000002,187.1420481076053,100.54,2.0,4.0,12.0,0.0,0.4545454545454545,0.2702702702702703,-8.0579576
FC(F)(F)C(F)(F)C(F)(F)CCCCC(F)(F)C(F)(F)C(F)(F)F,394.146,6.212600000000003,124.3412256983663,0.0,0.0,0.0,7.0,0.0,0.2307692307692307,0.24,-6.2182016
OC(COCCC(F)(F)C(F)(F)C(F)(F)C(F)(F)C(F)(F)C(F)(F)F)CSCCC(F)(F)C(F)(F)C(F)(F)C(F)(F)C(F)(F)C(F)(F)F,800.3340000000005,9.3549,251.64301857011867,29.46,1.0,3.0,18.0,0.0,0.2093023255813953,0.2142857142857142,-8.338562
C=CC(F)(F)C(F)(F)C(F)(F)C(F)F,228.082,3.343400000000001,73.19864179103821,0.0,0.0,0.0,4.0,0.0,0.125,0.1290322580645161,-4.7093291
C#CC(C)(O)CCOC(=O)C(F)(OC(F)(F)C(F)(OC(F)(F)C(F)(F)C(F)(F)F)C(F)(F)F)C(F)(F)F,592.1980000000001,5.1765000000000025,191.9581594117477,64.99000000000001,1.0,5.0,10.0,0.0,0.1764705882352941,0.18,-8.2901983
CCCCCCCCCCCCC(CCCCCCCCCC)COCC(O)CSCCC(F)(F)C(F)(F)C(F)(F)C(F)(F)C(F)(F)C(F)(F)C(F)(F)C(F)(F)F,890.9100000000009,14.954599999999964,328.7221580029216,29.46,1.0,3.0,35.0,0.0,0.1698113207547169,0.173076923076923,-10.404906
O=S(=O)(OS(=O)(=O)C(F)(F)C(F)(F)C(F)(F)C(F)(F)C(F)(F)C(F)(F)C(F)(F)C(F)(F)C(F)(F)C(F)(F)F)C(F)(F)C(F)(F)C(F)(F)C(F)(F)C(F)(F)C(F)(F)C(F)(F)C(F)(F)C(F)(F)C(F)(F)F,1182.265000000001,12.1376,343.40798786946294,77.51,0.0,5.0,20.0,0.0,0.5416666666666666,0.3333333333333333,-8.6095505
CCCN(CCO[PH](=O)O)S(=O)(=O)C(F)(F)C(F)(F)C(F)(F)C(F)(F)C(F)(F)C(F)(F)F,549.2420000000001,4.123100000000003,170.84706629100998,83.91,1.0,4.0,12.0,0.0,0.3333333333333333,0.2222222222222222,-8.1237526
FC(F)(F)C(F)(F)C(F)(F)C(F)(F)C(F)(F)CCCCC(F)(F)C(F)(F)C(F)(F)C(F)(F)C(F)(F)F,594.1740000000003,8.7538,183.1252773793626,0.0,0.0,0.0,11.0,0.0,0.3076923076923077,0.32,-7.6364946
O=C(O)CSCCC(F)(F)C(F)(F)C(F)(F)C(F)(F)C(F)(F)C(F)(F)C(F)(F)C(F)(F)C(F)(F)C(F)(F)F,638.2330000000002,7.474300000000005,198.03860785404137,37.3,1.0,2.0,13.0,0.0,0.2857142857142857,0.375,-8.2630539
CN(CC(=O)O)S(=O)(=O)C(F)(F)C(F)(F)C(F)(F)C(F)(F)C(F)(F)C(F)(F)C(F)(F)F,521.198,3.664200000000001,159.98312651615078,74.68,1.0,3.0,9.0,0.0,0.4242424242424242,0.3529411764705882,-7.1575341
CCC[Si](Cl)(CCC)CCC(F)(F)C(F)(F)C(F)(F)F,346.7899999999999,6.213700000000003,118.93703333530922,0.0,0.0,0.0,8.0,0.0,0.1666666666666666,0.1714285714285714,-6.8742328
C[N+](C)([O-])CCCNS(=O)(=O)C(F)(F)C(F)(F)C(F)(F)C(F)(F)C(F)(F)C(F)(F)C(F)(F)C(F)(F)C(F)(F)C(F)(F)F,700.3050000000003,6.107600000000002,218.3533995753288,69.22999999999999,1.0,3.0,14.0,0.0,0.3421052631578947,0.2195121951219512,-8.5895519
O=S(=O)(O)CCCNS(=O)(=O)C(F)(F)C(F)(F)C(F)(F)C(F)(F)C(F)(F)C(F)(F)F,521.273,2.8800000000000017,157.7500222671072,100.54,2.0,4.0,10.0,0.0,0.4545454545454545,0.2702702702702703,-7.7090836
CCC[Si](CCC)(CCC(F)(F)C(F)(F)C(F)(F)F)OC,342.3709999999999,5.621300000000004,120.5302231104681,9.23,0.0,1.0,9.0,0.0,0.1578947368421052,0.1621621621621621,-7.1119604
C[N+](C)([O-])CCCNC(=O)C1(F)C(F)(F)C(F)(F)C(F)(F)C1(F)C1(F)C(F)(F)C(F)(F)C(F)(F)C(F)(F)C1(F)F,638.2650000000002,5.301400000000003,208.14129689883976,52.16,1.0,2.0,6.0,2.0,0.0612244897959183,0.0851063829787234,-7.5364823
CO[Si](CCC(F)(F)F)(CCC(F)(F)F)CCC(F)(F)C(F)(F)C(F)(F)C(F)(F)C(F)(F)F,550.3250000000002,7.976700000000005,174.9154613685237,9.23,0.0,1.0,11.0,0.0,0.2162162162162162,0.2222222222222222,-8.1183481
O=P(O)(C(F)(F)C(F)(F)C(F)(F)C(F)(F)C(F)(F)C(F)(F)C(F)(F)C(F)(F)C(F)(F)C(F)(F)C(F)(F)C(F)(C(F)(F)F)C(F)(F)F)C(F)(F)C(F)(F)C(F)(F)C(F)(F)C(F)(F)C(F)(F)C(F)(F)C(F)(F)C(F)(F)C(F)(F)C(F)(F)C(F)(C(F)(F)F)C(F)(F)F,1502.1720000000012,18.8142,438.3642453966761,37.3,1.0,1.0,24.0,0.0,0.2758620689655172,0.2857142857142857,-8.6559896
CN(CCOS(=O)(=O)O)S(=O)(=O)C(F)(F)C(F)(F)C(F)(F)C(F)(F)C(F)(F)C(F)(F)C(F)(F)C(F)(F)C(F)(F)C(F)(F)C(F)(F)C(F)(F)F,837.3140000000004,6.575500000000004,251.45862038076183,100.98,1.0,5.0,16.0,0.0,0.4166666666666667,0.282051282051282,-9.0658894
CCN(CC)CCCNC(=O)C(F)(F)C(F)(F)C(F)(F)C(F)(F)C(F)(F)C(F)(F)C(F)(F)C(F)(F)F,576.2910000000002,5.843900000000002,190.49870254737985,32.34,1.0,2.0,13.0,0.0,0.2439024390243902,0.3513513513513513,-8.7699013
O=P(O)(O)OCC(Cl)CC(F)(F)C(F)(F)C(F)(F)C(F)(F)C(F)(F)C(F)(F)C(F)(C(F)(F)F)C(F)(F)F,642.5730000000002,6.737900000000005,194.4536765770464,66.76,2.0,2.0,11.0,0.0,0.1904761904761904,0.1951219512195122,-8.2139311
O=C(O)C=C(F)C(F)(F)F,158.05,1.4867,52.76237180277984,37.3,1.0,1.0,1.0,0.0,0.1666666666666666,0.2592592592592592,-4.2169971
C[N+](C)(C)CCCNS(=O)(=O)C(F)(F)C(F)(F)C(F)(F)C(F)(F)C(F)(F)C(F)(F)C(F)(F)C(F)(F)C(F)(F)F,649.3340000000002,5.604300000000003,205.2740565178023,46.17,1.0,2.0,13.0,0.0,0.3611111111111111,0.2307692307692307,-8.1996489
FC(F)(F)C(F)(F)C(F)(F)C(F)(F)C(F)(F)C(F)(F)C(F)(F)COCC1CO1,456.14500000000015,4.775900000000003,144.0929625211737,21.76,0.0,2.0,9.0,1.0,0.2162162162162162,0.2222222222222222,-6.726223
C[N+](C)(CCO)CCCN(CCO)S(=O)(=O)C(F)(F)C(F)(F)C(F)(F)C(F)(F)C(F)(F)C(F)(F)C(F)(F)C(F)(F)C(F)(F)C(F)(F)F,773.4200000000004,5.306800000000005,248.86333477222857,77.84,2.0,4.0,18.0,0.0,0.3414634146341463,0.2272727272727272,-9.0047979
O=C(O)CCCCN(CCCCC(=O)O)S(=O)(=O)C(F)(F)C(F)(F)C(F)(F)C(F)(F)C(F)(F)C(F)(F)C(F)(F)C(F)(F)F,699.3760000000003,6.094900000000004,228.18949008941587,111.98,2.0,4.0,18.0,0.0,0.4,0.3333333333333333,-9.4277945
CNCCCNS(=O)(=O)C(F)(F)C(F)(F)C(F)(F)C(F)(F)C(F)(F)C(F)(F)F,470.2509999999999,3.2116000000000016,148.03619055507122,58.2,2.0,3.0,10.0,0.0,0.3823529411764705,0.2432432432432432,-7.0061302
O=C(O)C(F)OC(F)(F)C(F)(F)OC(F)(F)OC(F)(F)OC(F)(F)F,410.063,3.239,126.32526531959132,74.22000000000001,1.0,5.0,9.0,0.0,0.125,0.1891891891891892,-6.2059016
O=C(O)C(F)C(F)(F)OC(F)(F)C(F)(F)OC(F)(F)OC(F)(F)OC(F)(F)OC(F)(F)F,526.0760000000001,4.4412,160.83083638959636,83.45000000000002,1.0,6.0,12.0,0.0,0.125,0.1891891891891892,-7.6017942
O=C(O)CCOC(F)(F)C(F)(F)OC(F)(F)C(F)(F)C(F)(F)F,374.1019999999999,3.470300000000001,118.2975815720479,55.760000000000005,1.0,3.0,8.0,0.0,0.25,0.2941176470588235,-6.3370471
C[N+](C)(CCO)CCCN(CCCS(=O)(=O)[O-])S(=O)(=O)C(F)(F)C(F)(F)C(F)(F)C(F)(F)C(F)(F)F,600.4690000000003,2.0733000000000006,198.5826145432244,114.81,1.0,6.0,15.0,0.0,0.3043478260869565,0.2040816326530612,-8.996109
O=S(=O)(O)C(O)CC(F)(F)C(F)(F)C(F)(F)C(F)(F)C(F)(F)C(F)(F)C(F)(F)C(F)(F)F,544.179,4.592100000000001,163.2607016693816,74.60000000000001,2.0,3.0,9.0,0.0,0.4333333333333333,0.3125,-7.1347618
C[N+](C)(CCC(F)(F)C(F)(F)F)CC(=O)[O-],249.179,0.4003999999999998,89.04708385227548,40.13,0.0,2.0,5.0,0.0,0.1578947368421052,0.1944444444444444,-5.9097614
O=C(CC(F)(F)C(F)(F)C(F)(F)C(F)(F)C(F)(F)C(F)(F)C(F)(F)C(F)(F)C(F)(F)C(F)(F)C(F)(F)C(F)(F)F)CS(=O)(=O)O,756.2180000000003,7.384000000000007,227.77698381262232,71.44,1.0,3.0,14.0,0.0,0.4193548387096774,0.34375,-7.9778199
O=S(=O)(O)OCCC(F)(F)C(F)(F)C(F)(F)C(F)(F)C(F)(F)C(F)(F)C(F)(F)C(F)(F)C(F)(F)C(F)(F)C(F)(F)C(F)(F)C(F)(F)C(F)(F)F,844.2210000000005,9.017100000000005,251.9650945442449,63.60000000000001,1.0,3.0,16.0,0.0,0.4193548387096774,0.303030303030303,-9.0168829
CN(CCCNS(=O)(=O)CCC(F)(F)C(F)(F)C(F)(F)C(F)(F)C(F)(F)C(F)(F)C(F)(F)C(F)(F)C(F)(F)C(F)(F)C(F)(F)C(F)(F)C(F)(F)C(F)(F)F)CC(=O)O,956.3970000000004,8.523600000000007,300.2297897134853,86.71000000000001,2.0,4.0,22.0,0.0,0.2553191489361702,0.2608695652173913,-8.4569693
C[N+](C)(CCCNS(=O)(=O)CCC(F)(F)C(F)(F)F)CC(=O)[O-],370.34,-0.2900999999999991,130.4525482714884,86.3,1.0,4.0,10.0,0.0,0.1632653061224489,0.1428571428571428,-7.0898581
CN(C)CCCNS(=O)(=O)C(F)(F)C(F)(F)C(F)(F)C(F)(F)C(F)(F)C(F)(F)C(F)(F)C(F)(F)C(F)(F)F,634.2990000000002,5.459700000000002,198.6991429168104,49.41,1.0,3.0,13.0,0.0,0.3611111111111111,0.2307692307692307,-8.3446236
CN(C)CCCNS(=O)(=O)C(F)(F)C(F)(F)C(F)(F)C(F)(F)C(F)(F)C(F)(F)C(F)(F)C(F)(F)C(F)(F)C(F)(F)C(F)(F)F,734.3130000000003,6.730300000000003,228.0911687573085,49.41,1.0,3.0,15.0,0.0,0.3611111111111111,0.2307692307692307,-9.1334257
CNS(=O)(=O)C(F)(F)C(F)(F)C(F)(F)C(F)(F)C(F)(F)C(F)(F)C(F)(F)C(F)(F)C(F)(F)C(F)(F)C(F)(F)C(F)(F)C(F)(F)C(F)(F)F,813.2110000000004,8.314300000000005,240.95960539026595,46.17,1.0,2.0,14.0,0.0,0.5,0.3103448275862069,-8.3488932
C[N+](C)([O-])CCCNS(=O)(=O)C(F)(F)C(F)(F)C(F)(F)F,350.256,1.6605,115.48130913358526,69.22999999999999,1.0,3.0,7.0,0.0,0.2564102564102564,0.1707317073170731,-6.0368109
C[N+](C)(CCCNC(=O)C(F)(F)C(F)(F)C(F)(F)F)CC(=O)[O-],356.23800000000006,0.1519000000000002,126.18436528496956,69.23,1.0,3.0,8.0,0.0,0.1777777777777777,0.238095238095238,-6.668159
O=S(O)C(F)(F)C(F)(F)C(F)(F)C(F)(F)C(F)(F)C(F)(F)C(F)(F)C(F)(F)C(F)(F)F,534.134,5.810300000000002,157.18145243043082,37.3,1.0,1.0,8.0,0.0,0.3846153846153846,0.4,-6.5099506
O=S(=O)(O)C1(F)C(F)(F)C(F)(F)C(F)(F)C1(F)F,312.1089999999999,2.0948,92.31164296826348,54.370000000000005,1.0,2.0,1.0,1.0,0.2222222222222222,0.1428571428571428,-4.6211081
C[N+](C)(CCCN(CCC(=O)O)S(=O)(=O)C(F)(F)C(F)(F)C(F)(F)C(F)(F)C(F)(F)C(F)(F)C(F)(F)C(F)(F)C(F)(F)C(F)(F)F)CCC(=O)[O-],828.4320000000002,4.936900000000004,269.9162632011093,114.81,1.0,5.0,20.0,0.0,0.2916666666666667,0.2448979591836734,-9.8303804
CCN(CCC[N+](C)(C)CCC(=O)[O-])S(=O)(=O)C(F)(F)C(F)(F)C(F)(F)C(F)(F)C(F)(F)C(F)(F)C(F)(F)C(F)(F)C(F)(F)F,734.4160000000003,4.846800000000004,239.89955231422385,77.51,0.0,4.0,17.0,0.0,0.3043478260869565,0.2291666666666666,-8.4373636
O=C(O)C1(F)C(F)(F)C(F)(F)C(F)(F)C(F)(C(F)(F)C(F)(F)C(F)(F)C(F)(F)C(F)(F)F)C1(F)F,576.0960000000001,6.145900000000002,174.1797824463537,37.3,1.0,1.0,5.0,1.0,0.2777777777777778,0.3636363636363636,-6.7110057
C[N+](C)(CCCNS(=O)(=O)C(F)(F)C(F)(F)C(F)(F)C(F)(F)C(F)(F)C(F)(F)C(F)(F)C(F)(F)C(F)(F)C(F)(F)F)CC(O)CS(=O)(=O)O,823.4580000000003,4.858500000000004,259.1228234290812,120.77,3.0,5.0,18.0,0.0,0.3260869565217391,0.2,-8.5735121
O=S(=O)(O)C(F)(Cl)C(F)(F)C(F)(F)F,266.54599999999994,1.9339000000000004,78.39424991110246,54.370000000000005,1.0,2.0,2.0,0.0,0.5,0.2962962962962963,-4.5590935
C[N+](C)(CCCN(CC(O)CS(=O)(=O)O)S(=O)(=O)C(F)(F)C(F)(F)C(F)(F)C(F)(F)C(F)(F)C(F)(F)C(F)(F)C(F)(F)C(F)(F)C(F)(F)C(F)(F)C(F)(F)F)CC(O)CS(=O)(=O)O,1061.616000000001,5.090200000000005,334.2425168616011,186.58,4.0,8.0,24.0,0.0,0.3125,0.1923076923076923,-9.0366344
C[N+](CCO)(CCCNS(=O)(=O)C(F)(F)C(F)(F)F)CCCS(=O)(=O)O,437.42900000000014,0.1678000000000001,147.91966218148528,120.77,3.0,5.0,12.0,0.0,0.217391304347826,0.1224489795918367,-8.4800968
C[N+](CCO)(CCCNS(=O)(=O)C(F)(F)C(F)(F)C(F)(F)C(F)(F)C(F)(F)C(F)(F)C(F)(F)C(F)(F)C(F)(F)C(F)(F)C(F)(F)C(F)(F)F)CCCS(=O)(=O)O,937.4990000000004,6.520800000000007,294.8797913839759,120.77,3.0,5.0,22.0,0.0,0.3333333333333333,0.2040816326530612,-8.3509645
C[N+](C)(CCCN(CC(=O)O)S(=O)(=O)C(F)(F)C(F)(F)C(F)(F)C(F)(F)C(F)(F)C(F)(F)C(F)(F)C(F)(F)C(F)(F)C(F)(F)C(F)(F)F)CC(O)CS(=O)(=O)O,931.5010000000004,5.290800000000005,295.71444791695865,149.28,3.0,6.0,21.0,0.0,0.2941176470588235,0.2264150943396226,-8.6601439
C[N+](C)(CCCNS(=O)(=O)C(F)(F)C(F)(F)C(F)(F)C(F)(F)C(F)(F)C(F)(F)C(F)(F)C(F)(F)C(F)(F)F)CCCS(=O)(=O)[O-],756.4440000000001,4.909800000000003,239.63257675663613,103.37,1.0,5.0,17.0,0.0,0.3023255813953488,0.1956521739130435,-9.9536438
C[N+](C)(CCCN(CC(=O)O)S(=O)(=O)C(F)(F)C(F)(F)C(F)(F)C(F)(F)C(F)(F)C(F)(F)C(F)(F)C(F)(F)C(F)(F)C(F)(F)F)CCCS(=O)(=O)[O-],864.4870000000002,5.342100000000004,276.2242012445135,131.88,1.0,6.0,20.0,0.0,0.2916666666666667,0.2448979591836734,-9.4310532
Fc1c(F)c(F)c([Si](Cl)(Cl)CCC(F)(F)C(F)(F)C(F)(F)C(F)(F)C(F)(F)C(F)(F)F)c(F)c1F,613.1420000000002,7.637800000000004,190.7288167280249,0.0,0.0,0.0,8.0,1.0,0.2105263157894736,0.2162162162162162,-7.0582809
O=C(O)C(F)(F)OC(F)(F)C(F)(F)C(F)(F)C(F)(F)C(F)(F)/C(F)=C(\F)C(F)(F)F,492.081,5.527300000000001,150.2175299567074,46.53,1.0,2.0,8.0,0.0,0.1794871794871795,0.3636363636363636,-6.7692838
O=C(O)C(F)(F)OC(F)(F)C(F)(F)C(F)(F)C(F)(F)C(F)(F)C(F)(F)/C(F)=C(\F)C(F)(F)C(F)(F)C(F)(F)C(F)(F)C(F)(F)C(F)(F)F,792.1230000000004,9.339100000000004,238.39360747820183,46.53,1.0,2.0,14.0,0.0,0.2777777777777778,0.5,-8.4951754
CN(CCC[N+](C)(C)C)S(=O)(=O)C(F)(F)C(F)(F)F,313.31199999999995,1.4994,108.97687967705072,37.38,0.0,2.0,6.0,0.0,0.2105263157894736,0.1538461538461538,-6.4224753
CN(CCC[N+](C)(C)C)S(=O)(=O)C(F)(F)C(F)(F)C(F)(F)C(F)(F)C(F)(F)C(F)(F)C(F)(F)C(F)(F)C(F)(F)C(F)(F)F,713.3680000000003,6.581800000000004,226.54498303904327,37.38,0.0,2.0,14.0,0.0,0.3513513513513513,0.2564102564102564,-7.5566845
O=S(=O)(O)OC(F)C(F)C(F)C(F)C(F)C(F)C(F)C(F)C(F)C(F)C(F)C(F)(F)C(F)(F)F,568.2700000000001,4.680000000000002,178.71830796301413,63.60000000000001,1.0,3.0,13.0,0.0,0.2857142857142857,0.1578947368421052,-8.0112019
C[N+](C)(C)CCNCC(F)(F)C(F)(F)C(F)(F)C(F)(F)C(F)(F)C(F)(F)C(F)(F)C(F)(F)C(F)(F)C(F)(F)C(F)(F)F,685.2830000000002,7.197500000000004,217.90530646588536,12.03,1.0,1.0,14.0,0.0,0.2222222222222222,0.2285714285714285,-8.375123
CCCC[N+](C)(C)CC(F)(F)C(F)(F)C(F)(F)C(F)(F)C(F)(F)C(F)(F)C(F)(F)C(F)F,516.284,6.575100000000004,170.4668122330005,0.0,0.0,0.0,12.0,0.0,0.1162790697674418,0.119047619047619,-7.4189754
CCCC[N+](C)(C)CC(F)(F)C(F)(F)C(F)(F)C(F)(F)C(F)(F)C(F)(F)C(F)(F)C(F)(F)C(F)(F)C(F)F,616.2980000000001,7.845700000000006,199.85883807349865,0.0,0.0,0.0,14.0,0.0,0.1162790697674418,0.119047619047619,-8.5278387
O=S(=O)(O)C(F)(F)C(Cl)(Cl)C(F)(F)C(F)(F)C(F)(F)C(F)(F)C(F)(F)C(F)(F)C(F)(F)C(F)(F)C(F)(F)F,683.0570000000002,7.285600000000004,202.10008409705048,54.370000000000005,1.0,2.0,10.0,0.0,0.6666666666666666,0.3448275862068966,-7.8029876
CN(C)CCC(CO)N(CCCS(=O)(=O)O)S(=O)(=O)C(F)(F)C(F)(F)C(F)(F)C(F)(F)C(F)(F)C(F)(F)C(F)(F)C(F)(F)C(F)(F)C(F)(F)C(F)(F)C(F)(F)F,936.4910000000006,6.7168000000000045,294.8797913839759,115.22,2.0,6.0,21.0,0.0,0.3260869565217391,0.2,-7.779511
CC[N+](C)(C)CC(F)(F)C(F)(F)C(F)(F)C(F)(F)C(F)F,338.20899999999995,3.889000000000003,113.64888924346003,0.0,0.0,0.0,7.0,0.0,0.1025641025641025,0.1052631578947368,-6.1832585
CC[N+](C)(C)CC(F)(F)C(F)(F)C(F)(F)C(F)(F)C(F)(F)C(F)F,388.216,4.524300000000003,128.34490216370912,0.0,0.0,0.0,8.0,0.0,0.1282051282051282,0.131578947368421,-6.5345097
CC[N+](C)(C)CC(F)(F)C(F)(F)C(F)(F)C(F)(F)C(F)(F)C(F)(F)C(F)(F)C(F)(F)C(F)(F)C(F)(F)C(F)(F)C(F)(F)C(F)F,738.2650000000003,8.971400000000001,231.21699260545265,0.0,0.0,0.0,15.0,0.0,0.1282051282051282,0.131578947368421,-7.8852367
O=C(O)C(F)(F)C(F)(Cl)C(F)(F)C(F)(F)C(F)(F)C(F)(F)C(F)(F)C(F)(F)C(F)(F)F,530.533,5.985000000000002,160.2623893891927,37.3,1.0,1.0,8.0,0.0,0.3448275862068966,0.6521739130434783,-6.4377475
C[N+](C)(C)CC(F)(F)C(F)(F)C(F)(F)C(F)(F)C(F)(F)C(F)(F)C(F)(F)C(F)F,474.203,5.4048000000000025,151.37198588981065,0.0,0.0,0.0,9.0,0.0,0.1388888888888889,0.1428571428571428,-7.0208683
C[N+](C)(CC(=O)O)CC(F)C(F)(F)C(F)(F)C(F)(F)C(F)(F)F,368.1909999999999,2.9537000000000004,122.60464509569982,37.3,1.0,1.0,7.0,0.0,0.2307692307692307,0.3055555555555556,-6.4492927
C[N+](C)(CCC(CO)NS(=O)(=O)C(F)(F)C(F)(F)C(F)(F)C(F)(F)C(F)(F)C(F)(F)C(F)(F)C(F)(F)C(F)(F)F)CC(O)CO,739.4120000000003,3.688600000000003,238.7515841175801,106.86,4.0,5.0,17.0,0.0,0.3043478260869565,0.2291666666666666,-8.3087311
C[N+](C)(CCC(CO)NS(=O)(=O)C(F)(F)C(F)(F)C(F)(F)C(F)(F)C(F)(F)C(F)(F)C(F)(F)C(F)(F)C(F)(F)C(F)(F)C(F)(F)F)CC(O)CO,839.4260000000004,4.959200000000006,268.1436099580783,106.86,4.0,5.0,19.0,0.0,0.3043478260869565,0.2291666666666666,-8.2227259
CCN(CCC[N+](C)(C)CC)S(=O)(=O)C(F)(F)C(F)(F)C(F)(F)C(F)(F)C(F)(F)C(F)(F)C(F)(F)F,591.4010000000002,5.456100000000005,195.1868285070893,37.38,0.0,2.0,13.0,0.0,0.35,0.2325581395348837,-8.6728306
CCN(CCC[N+](C)(C)CC)S(=O)(=O)C(F)(F)C(F)(F)C(F)(F)C(F)(F)C(F)(F)C(F)(F)C(F)(F)C(F)(F)C(F)(F)F,691.4150000000003,6.7267000000000055,224.57885434758745,37.38,0.0,2.0,15.0,0.0,0.35,0.2325581395348837,-7.9479485
CCNS(=O)(=O)C(F)(F)C(F)(F)C(F)(F)C(F)(F)C(F)(F)C(F)(F)C(F)(F)C(F)(F)C(F)(F)C(F)(F)C(F)(F)C(F)(F)C(F)(F)C(F)(F)F,827.2380000000004,8.704400000000003,247.3245475046625,46.17,1.0,2.0,15.0,0.0,0.4482758620689655,0.28125,-8.7809534
C[N+](C)(CC(=O)O)CC(F)C(F)(F)C(F)(F)C(F)(F)C(F)(F)C(F)(F)C(F)(F)C(F)(F)C(F)(F)C(F)(F)F,618.2260000000001,6.130200000000003,196.0847096969452,37.3,1.0,1.0,12.0,0.0,0.2564102564102564,0.3333333333333333,-8.3283281
C[N+](C)(CCO)CCCN(CC(O)CS(=O)(=O)[O-])S(=O)(=O)C(F)(F)C(F)(F)C(F)(F)C(F)(F)F,566.4610000000002,0.4088000000000005,188.6808353751713,135.04,2.0,7.0,14.0,0.0,0.2549019607843137,0.1666666666666666,-8.856041
O=C(O)C(F)(F)C(F)(F)C(F)(F)S(F)(F)(F)(F)F,322.095,4.2329,90.08349134170388,37.3,1.0,1.0,4.0,0.0,0.1935483870967742,0.5,-4.7974877
O=C(O)C(F)(F)C(F)(F)C(F)(F)C(F)(F)C(F)(F)C(F)(F)C(F)(F)C(F)(F)C(F)(F)C(F)(F)C(F)(F)C(F)(F)C(F)(F)C(F)(F)S(F)(F)(F)(F)F,872.1720000000006,11.2212,251.73963346444376,37.3,1.0,1.0,15.0,0.0,0.21875,0.5833333333333334,-8.9328098
NS(=O)(=O)C(F)(F)C(F)(F)C(F)(F)C(F)(F)C(F)(F)C(F)(F)C(F)(F)C(F)(F)C(F)(F)C(F)(F)C(F)(F)C(F)(F)C(F)(F)F,749.1770000000002,7.418300000000004,219.68867886902493,60.16,1.0,2.0,12.0,0.0,0.5652173913043478,0.3461538461538461,-7.9812737
C[N+](C)(C)CCCNC(=O)CS(=O)(=O)CCC(F)(F)C(F)(F)C(F)(F)C(F)(F)F,469.38999999999993,2.4720000000000004,161.27990496355866,63.24,1.0,3.0,11.0,0.0,0.2340425531914893,0.2127659574468085,-7.1319628
C[N+](C)(C)CC(O)CS(=O)(=O)CCC(F)(F)C(F)(F)C(F)(F)C(F)(F)C(F)(F)C(F)(F)F,528.351,3.5972000000000026,173.0248960438078,54.37,1.0,3.0,11.0,0.0,0.3,0.2439024390243902,-7.6768951
CC(C)(CS(=O)(=O)O)NC(=O)CCS(=O)(=O)CCC(F)(F)C(F)(F)C(F)(F)C(F)(F)C(F)(F)C(F)(F)C(F)(F)C(F)(F)F,719.4320000000005,4.9734000000000025,229.35784538340025,117.61,2.0,5.0,15.0,0.0,0.2888888888888888,0.2391304347826087,-9.021472
O=CCCCCCNC(=O)SCCC(F)(F)C(F)(F)C(F)(F)C(F)(F)C(F)(F)C(F)(F)C(F)(F)C(F)(F)C(F)(F)C(F)(F)F,721.3670000000003,8.858600000000003,234.7804689574802,46.17,1.0,3.0,17.0,0.0,0.2391304347826087,0.2444444444444444,-8.3883915
O=C(O)CCCCNC(=O)CCNC(=O)SCCC(F)(F)C(F)(F)C(F)(F)C(F)(F)C(F)(F)C(F)(F)C(F)(F)C(F)(F)C(F)(F)C(F)(F)C(F)(F)C(F)(F)C(F)(F)C(F)(F)F,994.4460000000008,10.401699999999996,320.8000229031175,95.5,3.0,4.0,23.0,0.0,0.2244897959183673,0.2553191489361702,-8.2681551
O=C(O)CC(O)SCCC(F)(F)C(F)(F)C(F)(F)C(F)(F)C(F)(F)C(F)(F)C(F)(F)C(F)(F)C(F)(F)C(F)(F)C(F)(F)C(F)(F)F,768.2730000000004,8.453400000000002,238.5898095611321,57.53,2.0,3.0,16.0,0.0,0.2564102564102564,0.3333333333333333,-7.9703708
O=C(O)CCSCCC(F)(F)C(F)(F)C(F)(F)C(F)(F)C(F)(F)C(F)(F)C(F)(F)C(F)(F)C(F)(F)C(F)(F)F,652.2600000000002,7.864400000000005,204.403549968438,37.3,1.0,2.0,14.0,0.0,0.2777777777777778,0.3636363636363636,-8.515274
C[N+](C)(CCC(F)C(F)(F)F)CC(=O)[O-],231.189,0.1031999999999999,84.88154844934924,40.13,0.0,2.0,5.0,0.0,0.1219512195121951,0.1538461538461538,-5.7269912
C[N+](C)(CCC(F)C(F)(F)C(F)(F)C(F)(F)C(F)(F)C(F)(F)C(F)(F)C(F)(F)C(F)(F)C(F)(F)C(F)(F)F)CC(=O)[O-],681.2520000000001,5.820900000000006,217.14566473159087,40.13,0.0,2.0,14.0,0.0,0.238095238095238,0.275,-8.8293009
O=S(=O)(O)C/C=C(\F)C(F)(F)C(F)(F)C(F)(F)C(F)(F)C(F)(F)F,408.1599999999999,3.8311,124.219303641577,54.370000000000005,1.0,2.0,6.0,0.0,0.40625,0.375,-6.3882971
O=S(=O)(O)CC=C(F)C(F)(F)C(F)(F)C(F)(F)C(F)(F)C(F)(F)C(F)(F)C(F)(F)C(F)(F)C(F)(F)F,608.1880000000001,6.372300000000003,183.00335532257327,54.370000000000005,1.0,2.0,10.0,0.0,0.40625,0.375,-7.4291587
CC(=O)OC(C(CO)C(F)(F)C(F)(F)C(F)(F)C(F)(F)C(F)(F)C(F)(F)C(F)(F)C(F)(F)C(F)(F)C(F)(F)F)C(CO)[N+](C)(C)CC(=O)[O-],781.35,3.9938000000000056,257.30343262019375,106.89,2.0,6.0,17.0,0.0,0.2,0.2291666666666666,-7.1078248
C[N+](C)(CCCC(F)(F)C(F)(F)C(F)(F)C(F)(F)C(F)(F)C(F)(F)C(F)(F)C(F)(F)C(F)(F)C(F)(F)C(F)(F)C(F)(F)C(F)(F)C(F)(F)C(F)(F)F)CC(=O)[O-],913.2970000000004,9.0494,286.46019392991,40.13,0.0,2.0,19.0,0.0,0.25,0.2894736842105263,-7.2659125
O=S(=O)(O)CCCC(F)(F)C(F)(F)C(F)(F)C(F)(F)C(F)(F)C(F)(F)C(F)(F)F,492.19999999999993,5.028500000000001,150.13539711133316,54.370000000000005,1.0,2.0,9.0,0.0,0.4333333333333333,0.3125,-7.0166249
O=S(=O)(O)CCCC(F)(F)C(F)(F)C(F)(F)C(F)(F)C(F)(F)C(F)(F)C(F)(F)C(F)(F)C(F)(F)C(F)(F)C(F)(F)C(F)(F)C(F)(F)C(F)(F)F,842.2490000000004,9.4756,253.00748755307663,54.370000000000005,1.0,2.0,16.0,0.0,0.4333333333333333,0.3125,-8.965085
O=C(CCC(F)(F)C(F)(F)F)SC(=O)C(O)C(=O)O,310.196,1.1960999999999995,106.31766667312556,91.67,2.0,5.0,5.0,0.0,0.1463414634146341,0.2105263157894736,-6.5411463
O=C(CCC(F)(F)C(F)(F)C(F)(F)C(F)(F)C(F)(F)F)SC(=O)C(O)C(=O)O,460.2170000000001,3.1020000000000008,150.40570543387275,91.67,2.0,5.0,8.0,0.0,0.2439024390243902,0.3157894736842105,-7.2070842
O=C(CCC(F)(F)C(F)(F)C(F)(F)F)SCC(O)C(=O)O,346.2200000000001,2.3048000000000006,116.85215749333088,74.6,2.0,4.0,7.0,0.0,0.1951219512195122,0.2631578947368421,-6.4242806
O=C(CCC(F)(F)C(F)(F)C(F)(F)C(F)(F)C(F)(F)C(F)(F)C(F)(F)C(F)(F)C(F)(F)C(F)(F)F)SCC(O)C(=O)O,696.2690000000002,6.751900000000006,219.7242479350744,74.6,2.0,4.0,14.0,0.0,0.2439024390243902,0.3157894736842105,-8.5946522
CC(=O)OC(CC(F)(F)C(F)(F)F)C[N+](C)(C)CC(=O)[O-],321.2420000000001,0.3320999999999998,117.41697752501597,66.43,0.0,4.0,7.0,0.0,0.1276595744680851,0.1555555555555555,-6.5285602
CC(=O)OC(CC(F)(F)C(F)(F)C(F)(F)C(F)(F)C(F)(F)C(F)(F)C(F)(F)C(F)(F)C(F)(F)C(F)(F)C(F)(F)C(F)(F)C(F)(F)C(F)(F)C(F)(F)C(F)(F)C(F)(F)C(F)(F)F)C[N+](C)(C)CC(=O)[O-],1121.3540000000005,10.49689999999999,352.55318424900105,66.43,0.0,4.0,23.0,0.0,0.2127659574468085,0.2444444444444444,-10.338944
C[N+](C)(CC=O)CC(CC(F)(F)C(F)(F)C(F)(F)C(F)(F)F)OC=O,392.238,2.661600000000001,135.64982749892144,43.370000000000005,0.0,3.0,10.0,0.0,0.1818181818181818,0.1860465116279069,-7.2402186
C[N+](C)(CC=O)CC(CC(F)(F)C(F)(F)C(F)(F)C(F)(F)C(F)(F)C(F)(F)C(F)(F)C(F)(F)C(F)(F)C(F)(F)C(F)(F)C(F)(F)C(F)(F)C(F)(F)C(F)(F)C(F)(F)C(F)(F)C(F)(F)F)OC=O,1092.3360000000007,11.555799999999993,341.3940083824084,43.370000000000005,0.0,3.0,24.0,0.0,0.2045454545454545,0.2093023255813953,-6.80934
CN(C)CC(OCO)C(OC=O)C(F)(F)C(F)(F)F,295.20399999999995,0.6221999999999999,105.42914493909048,59.00000000000001,1.0,5.0,8.0,0.0,0.1304347826086956,0.1333333333333333,-6.1162953
CN(C)CC(OCO)C(OC=O)C(F)(F)C(F)(F)C(F)(F)C(F)(F)C(F)(F)C(F)(F)C(F)(F)C(F)(F)C(F)(F)C(F)(F)C(F)(F)C(F)(F)F,795.2740000000003,6.9752000000000045,252.3892741415812,59.00000000000001,1.0,5.0,18.0,0.0,0.217391304347826,0.2222222222222222,-8.3330603
CN(C)CC(O)CC(F)(F)C(F)(F)C(F)(F)C(F)(F)C(F)(F)C(F)(F)C(F)(F)C(F)(F)F,521.2109999999999,5.308400000000003,166.4867256727342,23.47,1.0,2.0,10.0,0.0,0.2571428571428571,0.2647058823529412,-7.1300187
C[N+](C)(C)CC(O)CC(F)(F)C(F)(F)C(F)(F)C(F)(F)F,336.2179999999999,2.9118000000000013,114.27758759272982,20.23,1.0,1.0,6.0,0.0,0.2352941176470588,0.2424242424242424,-6.3196731
C[N+](C)(CCC(=O)O)CC(O)CC(F)(F)C(F)(F)C(F)(F)C(F)(F)C(F)(F)C(F)(F)F,494.268,4.027300000000002,165.35525351426094,57.53,2.0,2.0,11.0,0.0,0.2325581395348837,0.3,-7.8668642
C[N+](C)(CC(O)CC(F)(F)C(F)(F)C(F)(F)C(F)(F)C(F)(F)C(F)(F)F)C(=O)O,466.214,4.230600000000002,152.6253692854677,57.53,2.0,2.0,8.0,0.0,0.2564102564102564,0.3333333333333333,-6.8352995
C[N+](C)(CC(O)CC(F)(F)C(F)(F)C(F)(F)C(F)(F)C(F)(F)C(F)(F)C(F)(F)C(F)(F)C(F)(F)C(F)(F)F)C(=O)O,666.2420000000002,6.771800000000004,211.40942096646404,57.53,2.0,2.0,12.0,0.0,0.2564102564102564,0.3333333333333333,-8.1623335
CN(C)CC(O)C=C(F)C(F)(F)C(F)(F)C(F)(F)C(F)(F)C(F)(F)F,401.1909999999999,3.865800000000002,132.23956139712553,23.47,1.0,2.0,7.0,0.0,0.2307692307692307,0.3055555555555556,-6.4509254
C[N+](C)(CC(=O)[O-])CC(O)C=C(F)C(F)(F)C(F)(F)C(F)(F)C(F)(F)C(F)(F)C(F)(F)C(F)(F)C(F)(F)C(F)(F)C(F)(F)C(F)(F)F,759.2690000000003,5.942300000000004,242.31125048624835,60.36,1.0,3.0,15.0,0.0,0.217391304347826,0.3095238095238095,-8.3392372
C[N+](C)(CC(=O)[O-])CC(O)C=C(F)C(F)(F)C(F)(F)C(F)(F)C(F)(F)C(F)(F)C(F)(F)C(F)(F)C(F)(F)C(F)(F)C(F)(F)C(F)(F)C(F)(F)C(F)(F)C(F)(F)C(F)(F)F,959.2970000000006,8.483500000000001,301.0953021672446,60.36,1.0,3.0,19.0,0.0,0.217391304347826,0.3095238095238095,-7.532413
C[N+](C)(CCCCC(F)(F)C(F)(F)C(F)(F)C(F)(F)C(F)(F)C(F)(F)C(F)(F)C(F)(F)C(F)(F)C(F)(F)C(F)(F)C(F)(F)C(F)(F)C(F)(F)C(F)(F)C(F)(F)C(F)(F)C(F)(F)F)CC(=O)[O-],1077.3450000000007,11.34539999999999,336.91317480505376,40.13,0.0,2.0,23.0,0.0,0.2439024390243902,0.282051282051282,-8.2980442
O=S(=O)(O)C(F)(F)C(F)(F)C(F)(F)C(F)(F)C(F)(F)C(F)(F)C(F)(F)C(F)(F)C(F)(F)C(F)(F)C(F)(F)C(F)(F)C(F)C(F)(F)F,782.1780000000003,8.355700000000004,229.74712580696064,54.370000000000005,1.0,2.0,13.0,0.0,0.5555555555555556,0.2058823529411764,-7.6596341
FC1(F)C(F)(F)[C@](F)(Cl)[C@@]1(F)Cl,232.938,3.0798000000000005,72.42799108881088,0.0,0.0,0.0,0.0,1.0,0.0384615384615384,0.04,-4.1784492
Cc1c(C(=O)Nc2ccc(N=Nc3ccccc3)cc2)oc2c1C(=NNC(=O)C(F)(F)C(F)(F)C(F)(F)F)CCC2,583.464,7.245220000000005,226.87726352451017,108.42000000000002,2.0,6.0,7.0,4.0,0.1142857142857142,0.1666666666666666,-8.5004187
CCN(CCOC=O)c1ccc(N=Nc2ccc(S(=O)(=O)OCC(F)(F)C(F)F)cc2)cc1,491.46300000000014,4.707000000000004,187.4998021840333,97.63,0.0,8.0,13.0,2.0,0.09375,0.0615384615384615,-8.8997259
O=S(=O)([O-])C(F)(F)C(F)(F)C(F)(F)C(F)(F)C(F)(F)C(F)(F)C(F)(F)C(F)(F)F,499.118,4.498500000000001,145.7365836883924,57.2,0.0,3.0,7.0,0.0,0.5652173913043478,0.3461538461538461,-6.1967554
O=C(NC(=O)c1c(F)cccc1F)Nc1ccc(SC(F)(F)C(F)F)cc1Cl,442.768,5.530100000000002,162.79062302025537,58.2,2.0,3.0,5.0,2.0,0.0833333333333333,0.1034482758620689,-7.5538683
Nc1ccc(SC(F)(F)C(F)F)c(Cl)c1,259.655,3.872200000000001,92.58969590925471,26.02,1.0,2.0,3.0,1.0,0.0681818181818181,0.0697674418604651,-5.3397141
Cc1cc(SC(F)(F)C(F)F)c(C)cc1N,253.264,3.8356400000000015,95.01631391116628,26.02,1.0,2.0,3.0,1.0,0.0697674418604651,0.0714285714285714,-5.7051444
O=C(NC(=O)c1c(F)cccc1F)Nc1ccc(S(=O)(=O)C(F)(F)C(F)F)cc1F,458.311,3.697400000000002,163.15518055272125,92.34,2.0,4.0,5.0,2.0,0.125,0.1071428571428571,-7.5978785
O=C(NC(=O)c1c(F)cccc1F)Nc1cc(Cl)c(S(=O)(=O)C(F)(F)C(F)F)cc1Cl,509.2110000000001,4.865100000000002,179.5961776035584,92.34,2.0,4.0,5.0,2.0,0.1186440677966101,0.1016949152542373,-7.8097849
O=C(C=C(C(F)(F)F)C(F)(F)F)c1c2ccccc2cc2ccccc12,368.27600000000007,6.226700000000003,143.08457424036737,17.07,0.0,1.0,2.0,3.0,0.1162790697674418,0.1463414634146341,-6.9076014
O=C(CC(O)(C(F)(F)F)C(F)(F)F)C(=O)c1ccc([N+](=O)[O-])cc1,359.17800000000005,2.5924000000000005,128.3845218982174,97.51,1.0,5.0,5.0,1.0,0.1363636363636363,0.1666666666666666,-6.6647949
O=C(Cc1ccccc1)CC(O)(C(F)(F)F)C(F)(F)F,300.1979999999999,3.044000000000002,109.5700240756738,37.3,1.0,2.0,4.0,1.0,0.1538461538461538,0.2222222222222222,-5.8805861
O=Cc1cccc(CC(O)(C(F)(F)F)C(F)(F)F)n1,287.15899999999993,2.2923000000000004,102.42472994222368,50.19,1.0,3.0,3.0,1.0,0.1666666666666666,0.1428571428571428,-5.720952
FC(F)=C(F)OC(F)(C(F)(F)F)C(F)(F)F,266.03399999999993,3.8285,80.27831571200095,9.23,0.0,1.0,2.0,0.0,0.1724137931034483,0.1785714285714285,-4.7677898
COC(C(F)(F)F)C(F)(F)F,182.063,2.1260000000000003,57.94083501808366,9.23,0.0,1.0,1.0,0.0,0.1071428571428571,0.1111111111111111,-4.3784189
CC1(C)Oc2ccc(C(F)(F)C(F)(F)F)cc2[C@@H](N2CCCCC2=O)[C@@H]1O,393.35200000000015,3.926200000000004,152.455857951779,49.77,1.0,3.0,2.0,3.0,0.1,0.1016949152542373,-7.663445
FC(F)(F)C(=C=C(C(F)(F)F)C(F)(F)F)C(F)(F)F,312.05299999999994,4.6873000000000005,95.5361224849555,0.0,0.0,0.0,0.0,0.0,0.16,0.1666666666666666,-5.2247415
O=P(OCCCCCCCCCCCC(F)(F)C(F)(F)C(F)(F)C(F)(F)C(F)(F)C(F)(F)C(F)(F)C(F)(F)F)(N1CCOCC1)N1CCOCC1,808.5509999999995,9.685900000000002,281.37917748349287,51.24,0.0,4.0,21.0,2.0,0.1875,0.1914893617021276,-9.7850962
Cc1ccc(OC(F)(F)C(F)F)cc1,208.154,3.231720000000002,78.30191630389862,9.23,0.0,1.0,3.0,1.0,0.081081081081081,0.0833333333333333,-5.0704398
CCOC(=O)C(F)(F)C(F)(F)C(F)(F)C(=O)Cl,286.55499999999995,2.2208,95.6619717882427,43.370000000000005,0.0,3.0,5.0,0.0,0.1621621621621621,0.2352941176470588,-5.5089569
*C(*)(*)C(*)(*)C(*)(*)O,53.040000000000006,-0.3325,26.26336900881878,20.23,1.0,1.0,2.0,0.0,0.074074074074074,0.0769230769230769,-5.4247551
C=CC(=O)OCC(F)(F)C(F)(F)C(F)(F)C(F)(F)C(F)(F)C(F)F,386.132,4.1572000000000005,124.5956191898802,26.3,0.0,2.0,8.0,0.0,0.1666666666666666,0.2,-6.1172342
FC(F)(F)C(F)(F)C(F)(F)C(F)(F)C(F)(F)C(F)(F)Br,398.944,5.0776,108.583469443495,0.0,0.0,0.0,4.0,0.0,0.3478260869565217,0.3636363636363636,-5.2678661
O=C(C=C(C(F)(F)F)C(F)(F)F)c1cccc([N+](=O)[O-])c1,313.153,3.828500000000002,112.37422089939676,60.21,0.0,3.0,3.0,1.0,0.1063829787234042,0.1333333333333333,-6.1897655
COc1cc(C(=O)C=C(C(F)(F)F)C(F)(F)F)cc(OC)c1OC,358.2340000000001,3.946100000000002,132.1567072086074,44.760000000000005,0.0,4.0,5.0,1.0,0.1136363636363636,0.1428571428571428,-6.6696444
FC(F)(F)C(F)(F)P1P(C(F)(F)C(F)(F)F)P(C(F)(F)C(F)(F)F)P1C(F)(F)C(F)(F)F,599.9440000000001,10.208,165.17764694760973,0.0,0.0,0.0,4.0,1.0,0.1666666666666666,0.1739130434782608,-5.7914715
FC(F)(F)C(F)(F)C(F)(F)C(F)(F)C(F)(F)C(F)(F)Cl,354.49299999999994,4.9215,105.0191880647353,0.0,0.0,0.0,4.0,0.0,0.3636363636363636,0.3809523809523809,-5.21839
COC(=O)C(F)(F)C(F)(F)OC(F)(F)F,244.06199999999995,1.9239,77.74637986495716,35.53,0.0,3.0,3.0,0.0,0.1470588235294117,0.2258064516129032,-4.9246783
CCCCOC(F)(F)C(F)F,174.137,2.6610000000000014,62.33964844102441,9.23,0.0,1.0,5.0,0.0,0.0833333333333333,0.0857142857142857,-5.1084981
C=CC(F)(F)C(F)(F)F,146.058,2.37,47.972151353466295,0.0,0.0,0.0,1.0,0.0,0.1538461538461538,0.16,-4.0101123
CCOC(=O)C(F)(F)C(F)(F)C(F)(F)C(F)(F)C(F)(F)C(F)(F)F,392.11099999999993,4.2883,123.0858155105941,26.3,0.0,2.0,6.0,0.0,0.3125,0.4642857142857143,-6.1748204
OCC(F)(F)C(F)(F)CO,162.082,0.2416000000000001,54.08468648711633,40.46,2.0,2.0,3.0,0.0,0.1666666666666666,0.1739130434782608,-4.3736267
C=C(C)C(=O)OCC(F)(F)C(F)(F)C(F)(F)C(F)(F)C(F)(F)C(F)(F)C(F)(F)C(F)(F)F,518.1629999999999,6.115100000000003,164.51812254770118,26.3,0.0,2.0,9.0,0.0,0.2777777777777778,0.3235294117647059,-7.2436061
FC(F)(c1nnc(-c2ccccc2)o1)C(F)(F)C(F)(F)c1nnc(-c2ccccc2)o1,440.3030000000001,5.3057000000000025,169.09488208718545,77.84,0.0,6.0,6.0,4.0,0.0975609756097561,0.1282051282051282,-8.2979031
C=CC(=O)OCC(F)(F)C(F)(F)C(F)(F)C(F)(F)C(F)(F)C(F)(F)F,404.122,4.454400000000001,128.76115459280643,26.3,0.0,2.0,7.0,0.0,0.2857142857142857,0.3333333333333333,-6.1202116
FC(F)C(F)(F)CCl,150.502,2.1256000000000004,48.43454309520938,0.0,0.0,0.0,2.0,0.0,0.1034482758620689,0.1071428571428571,-3.888113
FC(F)(F)C(F)(F)C(F)(F)c1nc2ccc(Cl)cc2[nH]1,320.595,4.505700000000001,111.09871644374812,28.68,1.0,1.0,2.0,2.0,0.1363636363636363,0.1395348837209302,-5.437376
Nc1ccc(SC(F)(F)C(F)F)cc1,225.21,3.2188000000000008,82.28642968237308,26.02,1.0,2.0,3.0,1.0,0.0789473684210526,0.081081081081081,-5.1988959
FC1(F)C=CC(F)(F)C(F)(F)C1(F)F,226.066,3.0974000000000004,72.19281063750897,0.0,0.0,0.0,0.0,1.0,0.037037037037037,0.0384615384615384,-4.6192222
O=P(O)(OCCC(F)(F)C(F)(F)C(F)(F)C(F)(F)C(F)(F)C(F)(F)C(F)(C(F)(F)F)C(F)(F)F)OCCC(F)(F)C(F)(F)C(F)(F)C(F)(F)C(F)(F)C(F)(F)C(F)(C(F)(F)F)C(F)(F)F,1090.2080000000008,13.189599999999997,327.26431562704,55.760000000000005,1.0,3.0,20.0,0.0,0.2162162162162162,0.2222222222222222,-9.4364634
O=Cc1ccccc1OC(F)(F)C(F)F,222.137,2.735800000000001,82.46343840394238,26.3,0.0,2.0,4.0,1.0,0.0975609756097561,0.1,-5.3001971
CO[Si](CCC(F)(F)C(F)(F)C(F)(F)C(F)(F)C(F)(F)C(F)(F)F)(OC)OC,468.282,4.993400000000002,149.6322409304592,27.69,0.0,3.0,10.0,0.0,0.2352941176470588,0.2424242424242424,-7.3707047
C=CC(=O)OCCC(F)(F)C(F)(F)C(F)(F)C(F)(F)C(F)(F)C(F)(F)C(F)(F)C(F)(F)C(F)(F)C(F)(F)C(F)(F)C(F)(F)C(F)(C(F)(F)F)C(F)(F)F,868.2120000000004,10.5622,267.3902129894448,26.3,0.0,2.0,16.0,0.0,0.1951219512195122,0.2307692307692307,-8.0952902
C=C(C)C(=O)OCCC(F)(F)C(F)(F)C(F)(F)C(F)(F)C(F)(F)C(F)(F)C(F)(F)C(F)(F)C(F)(F)C(F)(F)C(F)(F)C(F)(F)C(F)(F)C(F)(F)C(F)(C(F)(F)F)C(F)(F)F,982.2530000000006,12.222899999999994,303.1471809443394,26.3,0.0,2.0,18.0,0.0,0.1904761904761904,0.225,-8.3103065
O=P(O)(O)OCCC(F)(F)C(F)(F)C(F)(F)C(F)(F)C(F)(F)C(F)(F)C(F)(F)C(F)(F)C(F)(F)C(F)(F)C(F)(F)C(F)(F)C(F)(F)C(F)(F)F,844.1360000000004,9.307000000000002,251.26553283701344,66.76,2.0,2.0,16.0,0.0,0.2941176470588235,0.303030303030303,-8.6724749
CCOC(=O)[C@@H]1[C@@H](C=C(Br)Br)C1(C(F)(F)F)C(F)(F)F,433.968,4.537700000000001,126.33167083007628,26.3,0.0,2.0,3.0,1.0,0.108695652173913,0.1363636363636363,-6.2172251
FC(F)(Cl)C(F)(F)Cl,170.92000000000002,2.6495999999999995,52.37286720769444,0.0,0.0,0.0,1.0,0.0,0.1363636363636363,0.1428571428571428,-3.9681761
N#CC1(C#N)C2CC(C(Cl)C2Cl)C1(C(F)(F)F)C(F)(F)F,351.07699999999994,3.995460000000001,124.76191409899532,47.58,0.0,2.0,0.0,2.0,0.073170731707317,0.075,-5.1945496
CC(F)(C(F)(F)C(F)(F)F)C(F)(F)C(F)(F)C(F)(F)CCO,360.13800000000003,4.200500000000002,114.43944653031323,20.23,1.0,1.0,6.0,0.0,0.21875,0.2258064516129032,-6.0894399
O=C(OCC(F)(F)C(F)(F)C(F)(F)C(F)F)c1ccccc1C(=O)OCC(F)(F)C(F)(F)C(F)(F)C(F)F,594.2420000000003,6.342200000000004,199.0094095981773,52.60000000000001,0.0,4.0,12.0,1.0,0.1363636363636363,0.1666666666666666,-8.4805737
CC(C)C(=O)C(F)(F)C(F)(F)F,190.111,2.4091000000000005,65.55316071448752,17.07,0.0,1.0,2.0,0.0,0.2068965517241379,0.3076923076923077,-4.8884754
O=C(c1ccccc1)C(F)(F)C(F)(F)F,224.128,3.0669000000000004,81.51542857736173,17.07,0.0,1.0,2.0,1.0,0.1818181818181818,0.3103448275862069,-5.2770295
CC(C)=CC(=O)CC(=O)C(F)(F)C(F)(F)C(F)(F)F,294.16599999999994,3.3138000000000014,102.81591904578592,34.14,0.0,2.0,5.0,0.0,0.2222222222222222,0.303030303030303,-6.2152066
N=C(N)C(F)(F)C(F)(F)C(F)(F)C(F)(F)C(=N)N,286.126,1.39954,93.93872821577747,99.74,4.0,2.0,5.0,0.0,0.1851851851851851,0.2916666666666667,-4.8838167
C=C(C)CC(Cl)(Cl)C(F)(F)C(F)(F)F,257.02899999999994,4.324100000000001,87.67351015041946,0.0,0.0,0.0,3.0,0.0,0.21875,0.2258064516129032,-5.307857
O=C1C(=O)c2ccccc2C(O)=C1CC=C(C(F)(F)F)C(F)(F)F,350.21399999999994,4.162200000000001,130.44133530100964,54.370000000000005,1.0,3.0,2.0,2.0,0.1333333333333333,0.1111111111111111,-6.2369862
FC(F)(F)C(=NC(N=C(C(F)(F)F)C(F)(F)F)(C(F)(F)F)C(F)(F)F)C(F)(F)F,478.077,5.938500000000002,144.42907016739488,24.72,0.0,2.0,2.0,0.0,0.1785714285714285,0.1851851851851851,-6.6396952
O=C(C=C(C(F)(F)F)C(F)(F)F)c1cccs1,274.185,3.9818000000000007,95.36160844730844,17.07,0.0,2.0,2.0,1.0,0.1219512195121951,0.1538461538461538,-5.5337472
CC(C(=O)c1ccc(Br)cc1)C(O)(C(F)(F)F)C(F)(F)F,379.094,4.1236000000000015,123.43757168131516,37.3,1.0,2.0,3.0,1.0,0.1463414634146341,0.1794871794871795,-6.054894
O=c1[nH]cc(CC(F)(F)C(F)(F)F)c(=O)[nH]1,244.119,0.8033000000000001,84.11624663929852,65.72,2.0,2.0,2.0,1.0,0.125,0.1578947368421052,-5.3127341
FC(F)(F)OOC(F)(F)C(F)(F)Cl,236.47,2.8788,71.08753507874015,18.46,0.0,2.0,3.0,0.0,0.1,0.1428571428571428,-4.5514097
NC(=O)C(F)(F)C(F)(F)C(F)(F)C(F)(F)C(N)=O,288.094,0.4982000000000005,92.89107041733544,86.18,2.0,2.0,5.0,0.0,0.2307692307692307,0.4090909090909091,-5.143384
O=C(OC(C(F)(F)F)C(F)(F)F)c1ccccc1,272.144,3.3366000000000016,97.1594513241915,26.3,0.0,2.0,2.0,1.0,0.131578947368421,0.2,-5.7760658
C=C(CC(O)(C(F)(F)F)C(F)(F)F)CC(O)(C(F)(F)F)C(F)(F)F,388.1479999999999,4.034200000000002,124.90901936472162,40.46,2.0,2.0,4.0,0.0,0.1724137931034483,0.1785714285714285,-5.8148255
O=S(=O)(C#Cc1ccccc1)C(F)(F)C(F)(F)C(F)(F)C(F)(F)F,384.219,3.836100000000001,128.73549820585856,34.14,0.0,2.0,3.0,1.0,0.3428571428571428,0.2432432432432432,-6.5177093
O=S(=O)(Cl)C(F)(F)C(F)(F)C(F)(F)C(F)(F)F,318.5439999999999,2.9807,91.75636385921958,34.14,0.0,2.0,3.0,0.0,0.5217391304347826,0.3076923076923077,-4.9594097
Cc1ccc2c(c1)C(C(F)(F)F)(C(F)(F)F)OI2Cl,418.502,5.089920000000001,115.0699716549736,9.23,0.0,1.0,0.0,2.0,0.0652173913043478,0.0666666666666666,-6.2170944
C=CCOc1ccccc1C(=O)NC(O)(C(F)(F)F)C(F)(F)F,343.223,2.794400000000001,125.90877057100109,58.56,2.0,3.0,5.0,1.0,0.12,0.1458333333333333,-6.6998296
FC(F)(F)C(OCC1CO1)(c1ccccc1)C(F)(F)F,300.198,3.4219000000000017,109.83552752891856,21.76,0.0,2.0,4.0,2.0,0.0909090909090909,0.119047619047619,-6.4392061
Cc1cc(Br)c2c(c1)C(C(F)(F)F)(C(F)(F)F)OC(C)(C)N2,392.13700000000006,5.255620000000002,130.50433420305768,21.26,1.0,2.0,0.0,2.0,0.0612244897959183,0.0625,-6.3085809
CC1=CC2=S(S1)SC(C)=C2C1(C(C(F)(F)F)C(F)(F)F)SC(=C(C(F)(F)F)C(F)(F)F)S1,576.5400000000001,9.182399999999998,190.33579415264865,0.0,0.0,4.0,2.0,3.0,0.0727272727272727,0.074074074074074,-7.8519092
O=C(O)C(F)(F)C(F)(F)C(F)(F)C(F)(F)C(F)(F)C(F)(F)C(F)(F)C(F)(F)C(F)(F)C(F)(F)C(F)(F)F,614.0920000000002,6.986300000000004,183.5166844057354,37.3,1.0,1.0,10.0,0.0,0.4,1.0,-7.0122504
O=C(O)C(F)(F)C(F)(F)C(F)(F)C(F)(F)C(F)(F)C(F)(F)C(F)(F)C(F)(F)F,464.071,5.080400000000001,139.42864564498814,37.3,1.0,1.0,7.0,0.0,0.4,1.0,-6.2047634
O=C(O)C(F)(F)C(F)(F)C(F)(F)C(F)(F)C(F)(F)C(F)(F)C(F)(F)F,414.064,4.4451,124.73263272473908,37.3,1.0,1.0,6.0,0.0,0.4,1.0,-5.6010399
Nc1ccccc1NC(=O)C(F)(F)C(F)(F)C(F)(F)C(=O)Nc1ccccc1N,420.3130000000001,3.3341000000000003,159.40897027643047,110.24,4.0,4.0,6.0,2.0,0.15,0.2162162162162162,-7.5744791
O=C(OC(c1ccccc1)(C(F)(F)F)C(F)(F)F)c1ccc(Cl)cc1,382.687,5.516900000000002,142.51981175713712,26.3,0.0,2.0,3.0,2.0,0.1363636363636363,0.1951219512195122,-6.798151
Cc1cc2c3c(c1)C(C(F)(F)F)(C(F)(F)F)OI3OC2(C(F)(F)F)C(F)(F)F,548.061,6.201220000000003,154.80064247271213,18.46,0.0,2.0,0.0,3.0,0.1,0.075,-6.6738777
CCOC(=O)NC(Nc1ncccn1)(C(F)(F)F)C(F)(F)F,332.204,2.4555000000000007,119.42835588209375,76.14,2.0,5.0,4.0,1.0,0.1276595744680851,0.1555555555555555,-6.4034657
O=C(CC(=O)C(F)(F)C(F)(F)C(F)(F)F)C(F)(F)F,308.0709999999999,2.9099000000000004,96.90730194355906,34.14,0.0,2.0,4.0,0.0,0.2666666666666666,0.3703703703703703,-5.3392859
O=S(=O)(Oc1ccccc1)C(F)(F)C(F)(F)C(F)(F)C(F)(F)F,376.196,3.820900000000001,122.328937690771,43.370000000000005,0.0,3.0,5.0,1.0,0.375,0.2647058823529412,-6.063724
O=S(=O)(Oc1cccc2ccccc12)C(F)(F)C(F)(F)C(F)(F)C(F)(F)F,426.256,4.974100000000002,145.01060222250618,43.370000000000005,0.0,3.0,5.0,2.0,0.3076923076923077,0.1904761904761904,-6.5738425
CCOC(=O)CC(=O)C(F)(F)C(F)(F)C(F)(F)F,284.12699999999995,2.341600000000001,95.88918307868384,43.370000000000005,0.0,3.0,5.0,0.0,0.2222222222222222,0.303030303030303,-5.6229887
CCCOC(=O)C(F)(F)C(F)(F)C(F)(F)C(F)(F)C(F)(F)F,356.1309999999999,4.043100000000001,114.75474470474164,26.3,0.0,2.0,6.0,0.0,0.2941176470588235,0.4333333333333333,-5.9802814
OCC(F)(F)C(F)(F)C(F)(F)C(F)(F)C(F)(F)C(F)(F)C(F)(F)C(F)(F)F,450.088,4.988100000000002,135.26712354494438,20.23,1.0,1.0,7.0,0.0,0.36,0.375,-5.8776512
CCOC(=O)C(C(C)=O)C(F)(F)C(F)(F)C(F)(F)F,298.15399999999994,2.587600000000001,102.25412519308044,43.370000000000005,0.0,3.0,5.0,0.0,0.2162162162162162,0.2571428571428571,-5.7238793
FC(F)C(F)(F)C=CC(F)(F)C(F)F,228.082,3.343400000000001,73.1986417910382,0.0,0.0,0.0,4.0,0.0,0.1111111111111111,0.1153846153846153,-4.8880777
CC1CN1C(=O)C(C(F)(F)F)C(F)(F)F,235.12699999999992,1.9579,80.83764074848452,20.08,0.0,1.0,1.0,1.0,0.1388888888888889,0.1764705882352941,-5.0873756
ON=C(C(F)(F)F)C(F)(F)F,181.035,1.9412,56.10594241171429,32.59,1.0,2.0,0.0,0.0,0.1538461538461538,0.16,-4.034945
FC1(F)CC(C(F)(F)C(F)(F)C(Br)CBr)C1(F)F,413.92800000000005,4.705900000000001,113.34739310976916,0.0,0.0,0.0,4.0,1.0,0.0714285714285714,0.073170731707317,-5.7181067
O=C(OC(C(F)(F)F)C(F)(F)F)C(F)(F)F,264.04299999999995,2.5851,80.96390544130274,26.3,0.0,2.0,1.0,0.0,0.1612903225806451,0.2068965517241379,-4.8083563
FC(F)(F)C(F)(F)c1cnc[nH]1,186.08300000000008,2.0638,63.417772764882166,28.68,1.0,1.0,1.0,1.0,0.1142857142857142,0.1176470588235294,-4.5479932
F/C=C1\CC2(F)C=CC1(F)C(F)(F)C2(F)F,246.125,3.5005000000000006,85.42666739205907,0.0,0.0,0.0,0.0,3.0,0.024390243902439,0.025,-5.1475959
O=C(O)c1ccc(C(O)(C(F)(F)F)C(F)(F)F)cc1,288.1429999999999,2.697,101.6343735990766,57.53,2.0,2.0,2.0,1.0,0.1714285714285714,0.25,-5.8154655
O=c1[nH]cc(C(F)(F)C(F)(F)C(F)(F)F)c(=O)[nH]1,280.09899999999993,1.3525999999999998,92.447317445151,65.72,2.0,2.0,2.0,1.0,0.1891891891891892,0.2285714285714285,-5.4732552
CCC1(C(C)CC(C)OC(=O)C(F)(F)C(F)(F)C(F)(F)F)C(=O)N(C)C(=O)N(C)C1=O,466.35000000000014,3.224000000000002,172.01054249521837,83.99000000000001,0.0,5.0,7.0,1.0,0.1509433962264151,0.2,-8.8275328
CC(Cc1ccccc1)NC(=O)C(F)(F)C(F)(F)F,281.22399999999993,2.931400000000001,106.1601171041596,29.1,1.0,1.0,4.0,1.0,0.1363636363636363,0.225,-6.2714901
FC(F)(F)C(F)(F)C1(C(F)(F)C(F)(F)F)C=CC=CC=C1,328.149,5.050200000000001,110.96938595097598,0.0,0.0,0.0,2.0,1.0,0.1333333333333333,0.1379310344827586,-5.9447489
O=C1NC(c2ccccc2)=NC(C(F)(F)F)(C(F)(F)F)N1,311.1849999999999,2.5669000000000004,113.40006390862816,53.49,2.0,2.0,1.0,2.0,0.0930232558139534,0.1219512195121951,-5.6380744
FC(F)C(F)(F)OCC(Cn1cncn1)c1ccc(Cl)cc1Cl,372.1490000000001,4.2432000000000025,138.52230863042655,39.94,0.0,4.0,7.0,2.0,0.0491803278688524,0.05,-6.7508936
CCOc1ccc2nc(NC(NC(C)=O)(C(F)(F)F)C(F)(F)F)sc2c1,401.332,4.063900000000002,146.89567781769057,63.25,2.0,5.0,5.0,2.0,0.1016949152542373,0.1228070175438596,-7.3107424
COc1ccc(C(=O)OCCCC(F)(F)C(F)(F)F)cc1,312.2339999999999,3.8298000000000014,117.20228749396192,35.53,0.0,3.0,6.0,1.0,0.1304347826086956,0.1590909090909091,-6.3693218
Nc1ccc(SC(C(F)(F)F)(C(F)(F)F)C(F)(F)F)cc1,343.21399999999994,4.786600000000001,115.84399092579748,26.02,1.0,2.0,2.0,1.0,0.1142857142857142,0.1176470588235294,-5.6525636
CC(=O)n1nc(C(F)(F)C(F)(F)C(F)(F)F)cc1C(F)(F)C(F)(F)C(F)(F)F,446.138,5.122000000000002,143.43719123264174,34.89,0.0,3.0,4.0,1.0,0.1951219512195122,0.2307692307692307,-6.342103
O=C(c1ccccc1)n1nc(C(F)(F)C(F)(F)C(F)(F)C(F)(F)C(F)(F)C(F)(F)F)cc1C(F)(F)C(F)(F)C(F)(F)C(F)(F)C(F)(F)C(F)(F)F,808.2510000000004,9.9622,260.30542084580355,34.89,0.0,3.0,11.0,2.0,0.217391304347826,0.2790697674418604,-8.2815256
Oc1c(F)cc(C(c2cc(F)c(O)c(F)c2)(C(F)(F)F)C(F)(F)F)cc1F,408.191,5.064900000000002,142.82714520240518,40.46,2.0,2.0,2.0,2.0,0.1515151515151515,0.15625,-6.2426729
OCC(F)(OC(F)(F)C(F)(OC(F)(F)C(F)(F)C(F)(F)F)C(F)(F)F)C(F)(F)F,482.086,4.851300000000002,145.49421400395815,38.69,1.0,3.0,7.0,0.0,0.2285714285714285,0.2,-6.501173
CC(CO)(C(F)(F)F)C(F)(F)F,196.09,2.109600000000001,63.98646565516941,20.23,1.0,1.0,1.0,0.0,0.1851851851851851,0.1923076923076923,-4.4979811
O=C(Br)C(F)(Br)C(F)(F)F,287.83199999999994,2.5309,70.02789417965418,17.07,0.0,1.0,1.0,0.0,0.2222222222222222,0.28,-4.1610556
NC(=O)C(F)(Br)C(F)(F)F,223.951,1.0947000000000002,61.50023727102555,43.09,1.0,1.0,1.0,0.0,0.2142857142857142,0.2692307692307692,-4.3396473
FC(F)(F)C(F)(F)C(F)(F)c1[nH]nc(-c2ccccc2)c1Cl,346.63300000000004,5.019500000000002,123.44259968648169,28.68,1.0,1.0,3.0,2.0,0.1363636363636363,0.1666666666666666,-5.852036
FC(F)(F)C(F)(F)C(F)(F)C(Cl)(C(F)(F)F)C(F)(F)F,354.493,4.921500000000001,105.0191880647353,0.0,0.0,0.0,2.0,0.0,0.2916666666666667,0.3043478260869565,-5.1935649
N#CN1CC(CI)C(CC(F)(F)C(F)(F)C(F)(F)C(F)(F)F)C1,468.10100000000006,4.308780000000002,138.2869111173182,27.03,0.0,2.0,5.0,1.0,0.1627906976744186,0.1666666666666666,-6.5158567
FC(F)(Br)C(F)(F)C(F)(F)C(F)(F)C(F)(F)C(F)(F)C(F)(F)C(F)(F)Br,559.864,6.773600000000003,147.6775074867083,0.0,0.0,0.0,7.0,0.0,0.217391304347826,0.2272727272727272,-5.9841099
CCOC(=O)C(F)(F)C(F)(F)C(F)(F)C(F)(F)C(F)(F)C(F)F,374.1209999999999,3.991100000000001,118.92028010766786,26.3,0.0,2.0,7.0,0.0,0.1794871794871795,0.2857142857142857,-6.2485065
OCC(F)(F)C(F)(F)C(F)(F)C(F)(F)C(F)(F)C(F)(F)C(F)(F)C(F)(F)C(F)(F)C(F)(F)C(F)(F)F,600.1090000000002,6.894000000000005,179.35516230569164,20.23,1.0,1.0,10.0,0.0,0.36,0.375,-7.1351018
CCC[CH2][Sn]([CH2]CCC)([CH2]CCC)[C](F)(F)C(F)(F)F,409.071,6.572300000000006,122.92852797982808,0.0,0.0,0.0,10.0,0.0,0.1212121212121212,0.125,-4.1122885
COC(=O)C(F)(F)OC(F)(F)C(F)(F)OC(F)(F)C(F)(F)C(F)(F)C(F)(F)F,460.089,4.396700000000001,141.64397677546032,44.760000000000005,0.0,4.0,8.0,0.0,0.2571428571428571,0.303030303030303,-6.8483467
OCCCCC(F)(F)C(F)(F)F,192.127,2.3466000000000005,66.18587236663977,20.23,1.0,1.0,4.0,0.0,0.1666666666666666,0.1724137931034483,-4.7387829
O=C(Br)C(F)(F)C(F)(F)C(F)(F)F,276.93299999999994,2.7408,75.02189489718815,17.07,0.0,1.0,2.0,0.0,0.3076923076923077,0.4347826086956521,-4.2750745
FC(C(F)(F)F)C(F)(F)Oc1ccccc1,244.134,3.558600000000002,86.63298710975108,9.23,0.0,1.0,3.0,1.0,0.0789473684210526,0.1111111111111111,-5.2486773
FC(F)(F)C(F)(F)COP1(OCC(F)(F)C(F)(F)F)=NP(OCC(F)(F)C(F)(F)F)(OCC(F)(F)C(F)(F)F)=NP(OCC(F)(F)C(F)(F)F)(OCC(F)(F)C(F)(F)F)=N1,1029.1710000000005,13.123799999999992,308.2420900382286,92.46,0.0,9.0,18.0,1.0,0.1212121212121212,0.125,-7.8379111
COC(=O)C(F)(OC(F)(F)C(F)(OC(F)(F)C(F)(OC(F)(F)C(F)(OC(F)(F)C(F)(F)C(F)(F)F)C(F)(F)F)C(F)(F)F)C(F)(F)F)C(F)(F)F,842.1360000000006,8.707000000000003,254.7431576762177,63.22000000000001,0.0,6.0,13.0,0.0,0.2368421052631578,0.2432432432432432,-8.5495243
FC(C(F)(F)F)C(F)(F)C(F)(F)F,220.034,3.0844,65.32389599735549,0.0,0.0,0.0,1.0,0.0,0.1481481481481481,0.1538461538461538,-4.2477803
C=CC(=O)OCC(F)(F)C(F)(F)C(F)(F)C(F)(F)COC(=O)C=C,370.1920000000001,2.986000000000001,129.24882610433488,52.6,0.0,4.0,9.0,0.0,0.1714285714285714,0.2121212121212121,-6.9912381
O=C(C(=O)C(F)(F)C(F)(F)F)C(F)(F)F,244.03699999999995,1.8845,75.84634690891339,34.14,0.0,2.0,2.0,0.0,0.2222222222222222,0.3333333333333333,-4.8007245
FC(F)C(F)(F)OCC(F)(F)C(F)(F)F,250.06,3.0585000000000004,76.80238334125897,9.23,0.0,1.0,4.0,0.0,0.1212121212121212,0.125,-4.8620744
O=C(F)C1(F)C(F)(F)C(F)(F)C(F)(F)C(F)(F)C1(F)F,328.052,3.3809,100.07101949583854,17.07,0.0,1.0,1.0,1.0,0.1034482758620689,0.1923076923076923,-4.7340417
O=C(OC(=O)C(F)(F)C(F)(F)C(F)(F)C(F)(F)C(F)(F)C(F)(F)F)C(F)(F)C(F)(F)C(F)(F)C(F)(F)C(F)(F)C(F)(F)F,710.0990000000003,7.533800000000004,213.224008420662,43.370000000000005,0.0,3.0,10.0,0.0,0.3703703703703703,0.5652173913043478,-6.5752869
O=C(Br)C(F)(F)C(F)(F)C(F)(F)C(F)(F)C(F)(F)C(F)(F)F,426.954,4.6467,119.10993365793536,17.07,0.0,1.0,5.0,0.0,0.3846153846153846,0.5909090909090909,-5.4538031
C=C(C)C(=O)OCC(O)CC(F)(F)C(F)(F)C(F)(C(F)(F)F)C(F)(F)F,412.195,3.960200000000001,137.95420176794318,46.53,1.0,3.0,7.0,0.0,0.1555555555555555,0.1860465116279069,-6.7293415
FC(F)(F)C(F)(C(F)(F)F)C(F)(F)C(F)(F)C(F)(F)C(F)(F)CC1CO1,426.1190000000001,5.149400000000003,132.61447517727018,12.53,0.0,1.0,6.0,1.0,0.1666666666666666,0.1714285714285714,-6.2634792
NC(=O)C(F)(F)C(F)(F)C(F)(F)C(F)(F)C(F)(F)C(F)(F)C(F)(F)C(F)(F)C(N)=O,488.122,3.0394,151.6751220983317,86.18,2.0,2.0,9.0,0.0,0.2692307692307692,0.4545454545454545,-6.4376245
N#CC(F)(F)C(F)(F)C(F)(F)C(F)(F)C(F)(F)C(F)(F)C(F)(F)C(F)(F)C#N,452.092,5.115960000000001,141.4574558671562,47.58,0.0,2.0,7.0,0.0,0.1923076923076923,0.2,-6.0919747
FC(F)(F)C1(F)C(F)(F)C(F)(C(F)(F)F)C(F)(F)C(F)(C(F)(F)F)C1(F)F,450.06299999999993,5.717700000000002,133.6325940421454,0.0,0.0,0.0,0.0,1.0,0.1153846153846153,0.12,-5.3840485
Nc1cccc2c1OC(F)(F)C(F)(F)O2,223.125,2.2256,81.38457896249236,44.48,1.0,3.0,0.0,2.0,0.024390243902439,0.025,-5.1139269
O=C(O)c1ccc(OC(F)(F)C(F)F)cc1,238.136,2.6215,87.2576721561384,46.53,1.0,2.0,4.0,1.0,0.1282051282051282,0.1944444444444444,-5.2517767
CC(I)CC(F)(OC(F)(F)F)C(F)(F)F,354.003,3.964500000000001,94.09809277084676,9.23,0.0,1.0,3.0,0.0,0.1111111111111111,0.1142857142857142,-5.4364595
O=C(O)CCC(F)(C(F)(F)F)C(F)(F)F,242.08999999999995,2.684100000000001,78.67846527253602,37.3,1.0,1.0,3.0,0.0,0.2,0.2962962962962963,-4.9039836
O=C(O)C(F)(F)OC(F)(F)C(F)(F)OC(F)(F)C(F)(F)OC(F)(F)F,412.054,3.6046,125.37725549301064,64.99000000000001,1.0,4.0,8.0,0.0,0.1515151515151515,0.2758620689655172,-5.9751492
C=CCOCC(F)(F)C(F)(F)C(F)(F)C(F)F,272.135,3.360000000000001,91.0420712493383,9.23,0.0,1.0,7.0,0.0,0.1,0.1025641025641025,-5.6414752
OCC(F)(F)C(F)(F)C(F)(F)C(F)(F)C(F)(F)C(F)(F)C(F)(F)C(F)(F)C(F)(F)C(F)(F)C(F)(F)C(F)(F)C(F)(F)C(F)(F)C(F)(F)F,800.1370000000004,9.435200000000004,238.1392139866879,20.23,1.0,1.0,14.0,0.0,0.36,0.375,-7.1366081
CCCCCCCCCCCCC(F)(F)C(F)(F)C(F)(F)C(F)(F)C(F)(F)C(F)(F)F,488.372,9.0362,171.09522721061293,0.0,0.0,0.0,15.0,0.0,0.25,0.2580645161290322,-8.6491909
FC(F)(F)C(F)(F)C(F)(F)C(F)(F)C(F)(F)CI,409.964,4.524900000000001,105.6466891530448,0.0,0.0,0.0,4.0,0.0,0.3076923076923077,0.32,-5.4886589
CC(=O)OCCCC(F)(F)C(F)(F)C(F)(F)C(F)(F)C(F)(F)C(F)(F)C(F)(F)C(F)(F)F,520.179,6.339100000000004,165.20772557988545,26.3,0.0,2.0,10.0,0.0,0.2777777777777778,0.3235294117647059,-7.3109288
NC(O)(C(F)(F)F)C(F)(F)F,183.051,0.7583000000000002,56.5964721233889,46.25,2.0,2.0,0.0,0.0,0.2083333333333333,0.217391304347826,-4.3628449
FC(F)C(F)(F)Oc1ccc(OC(F)(F)C(F)F)cc1,310.14,4.160000000000001,106.44254525950704,18.46,0.0,2.0,6.0,1.0,0.09375,0.0967741935483871,-5.7380662
CCOC(=O)C(F)(Cl)C(F)(F)F,208.538,2.0164,70.43949465355324,26.3,0.0,2.0,2.0,0.0,0.1764705882352941,0.21875,-5.1605721
O=C(F)C(F)(F)C(F)(F)Cl,182.475,1.9494,56.76160059817937,17.07,0.0,1.0,2.0,0.0,0.1785714285714285,0.28,-4.0334597
CC(=O)CC(F)(F)C(F)(F)C(F)(F)F,226.09099999999995,2.798400000000001,73.88423152034,17.07,0.0,1.0,3.0,0.0,0.2758620689655172,0.3333333333333333,-4.910831
O=C(Cl)C(F)(F)C(F)(F)C(F)(F)C(F)(F)C(F)(F)C(F)(F)F,382.503,4.490600000000001,115.54565227917568,17.07,0.0,1.0,5.0,0.0,0.3846153846153846,0.5909090909090909,-5.3939915
FC(F)(F)c1cc(C(F)(F)C(F)(F)C(F)(F)F)n[nH]1,304.08699999999993,3.7179,96.94378757671129,28.68,1.0,1.0,2.0,1.0,0.1621621621621621,0.1666666666666666,-5.3645921
CCCCC(I)CC(F)(F)C(F)(F)C(F)(F)C(F)(F)C(F)(F)C(F)(F)F,530.106,7.109100000000004,152.1674126452769,0.0,0.0,0.0,9.0,0.0,0.2162162162162162,0.2222222222222222,-6.8926263
NCCC(F)(F)C(F)(F)C(F)(F)C(F)(F)C(F)(F)C(F)(F)C(F)(F)C(F)(F)F,463.131,5.344600000000002,142.1777226041577,26.02,1.0,1.0,8.0,0.0,0.2857142857142857,0.2962962962962963,-6.4271803
COC(F)C(F)(F)F,132.056,1.4907,43.24482209783458,9.23,0.0,1.0,1.0,0.0,0.1034482758620689,0.1071428571428571,-3.8116941
O=C(O)COCC(F)(F)C(F)F,190.092,0.988,64.93046217886757,46.53,1.0,2.0,5.0,0.0,0.1714285714285714,0.25,-4.9274907
O=C(O)C(F)(F)C(F)(F)C(F)(F)C(F)(F)C(F)(F)C(F)(F)C(F)(F)Cl,430.519,4.7144,130.87036354869454,37.3,1.0,1.0,7.0,0.0,0.2413793103448276,0.6666666666666666,-5.6618838
CNC(=O)C(F)(F)C(F)(F)C(F)(F)C(F)(F)C(F)(F)C(F)(F)F,377.1,3.4712000000000005,117.15719035029863,29.1,1.0,1.0,5.0,0.0,0.3448275862068966,0.52,-5.6492534
CC(NC(=O)C(F)(F)C(F)(F)F)c1ccccc1,267.197,3.061400000000001,99.795174989763,29.1,1.0,1.0,3.0,1.0,0.1463414634146341,0.2432432432432432,-5.8759723
COC1=C(Cl)C(F)(F)C(F)(F)C1(F)F,240.53,3.0027,79.27855128804507,9.23,0.0,1.0,1.0,1.0,0.027027027027027,0.0277777777777777,-4.572226
FC(F)(F)C(F)(F)I,245.916,2.5765,55.19370827790096,0.0,0.0,0.0,0.0,0.0,0.1818181818181818,0.1904761904761904,-3.9456325
CC(=O)OCC1OC(OC(C)=O)C(OS(=O)(=O)C(F)(F)C(F)(F)C(F)(F)C(F)(F)F)C(OC(C)=O)C1OC(C)=O,630.387,1.8416,217.5890164804397,157.79999999999998,0.0,12.0,10.0,1.0,0.26,0.2156862745098039,-9.5578175
FC(=C(F)C(F)(F)C(F)(F)C(F)(F)F)C(F)(F)F,300.0419999999999,4.5322000000000005,89.86078340274315,0.0,0.0,0.0,2.0,0.0,0.2592592592592592,0.32,-4.9604359
O=C(CC(=O)C(F)(F)C(F)(F)C(F)(F)C(F)(F)C(F)(F)C(F)(F)C(F)(F)F)C(F)(F)C(F)(F)C(F)(F)C(F)(F)C(F)(F)C(F)(F)C(F)(F)F,808.1410000000004,9.262900000000004,243.8674311460498,34.14,0.0,2.0,14.0,0.0,0.3703703703703703,0.5652173913043478,-8.4381351
O=C(Nc1ccc(OC(F)(F)C(F)(F)C(F)(F)C(F)(F)F)cc1)c1ccncc1,432.242,5.1384000000000025,155.8476040179853,51.22,1.0,3.0,6.0,2.0,0.1914893617021276,0.2222222222222222,-7.1026983
FC1(F)C2C3C=CC(C3)C2C1(F)F,192.155,2.7089000000000008,72.61383306193538,0.0,0.0,0.0,0.0,3.0,0.0303030303030303,0.03125,-5.1990523
CC(C)Oc1ccc(Br)cc1C=NNC(=O)C(F)(F)C(F)(F)C(F)(F)F,453.152,4.519300000000002,151.0676234800486,50.69,1.0,3.0,6.0,1.0,0.1428571428571428,0.1886792452830188,-7.0513144
NNC(=NNC(=O)C(F)(F)C(F)(F)C(F)(F)F)C(F)(F)C(F)(F)C(F)(F)F,438.1189999999999,2.5452000000000004,137.0480731601757,79.50999999999999,3.0,3.0,5.0,0.0,0.2162162162162162,0.2941176470588235,-6.3859639
FC(F)(F)C(OP12(NC(C(F)(F)F)(C(F)(F)F)O1)OC(C(F)(F)F)(C(F)(F)F)C(C(F)(F)F)(C(F)(F)F)O2)C(F)(F)F,711.0770000000005,7.838800000000004,209.7912106991309,48.95,1.0,5.0,2.0,2.0,0.0975609756097561,0.1,-7.4232225
OCC=CC(F)(F)C(F)(F)C(F)(F)C(F)(F)C(F)(F)C(F)(F)F,376.112,4.273700000000001,117.9153789010552,20.23,1.0,1.0,6.0,0.0,0.3,0.3103448275862069,-6.1264133
FC(F)(F)C1(C(F)(F)F)O[P+]2(OC(C(F)(F)F)(C(F)(F)F)c3ccccc32)c2ccccc21,515.21,6.185200000000004,176.13792397563432,18.46,0.0,2.0,0.0,4.0,0.075,0.0769230769230769,-7.0377707
FC(F)(F)C1(C(F)(F)F)OC=CO1,208.057,2.3252999999999995,67.72388817627366,18.46,0.0,2.0,0.0,1.0,0.1034482758620689,0.1071428571428571,-4.6570473
O=NC(F)(F)C(F)(F)F,149.018,1.9079,45.62660214108781,29.43,0.0,2.0,1.0,0.0,0.25,0.2083333333333333,-3.9556491
FC(F)(F)OC(F)(F)C(F)(F)F,204.016,2.6779,59.906963709539525,9.23,0.0,1.0,1.0,0.0,0.1538461538461538,0.16,-4.3778143
FC1(F)C(F)(F)C(F)(Cl)C1(F)F,216.483,2.8105,66.29026026485546,0.0,0.0,0.0,0.0,1.0,0.037037037037037,0.0384615384615384,-4.1834183
CCOC(=O)C#CC(F)(F)C(F)(F)F,216.105,1.7505,76.03087345025028,26.3,0.0,2.0,1.0,0.0,0.1621621621621621,0.2,-5.3306332
CC(=O)Oc1cc(OCC(F)(F)C(F)(F)F)ccc1C(=O)O,328.189,2.8865000000000007,119.79310123180512,72.83,1.0,4.0,5.0,1.0,0.12,0.1702127659574468,-6.4718189
FC(F)(Br)C(F)(F)C1CCC2C(I)CCC21,415.0060000000001,4.849200000000002,113.80359508873048,0.0,0.0,0.0,2.0,2.0,0.0789473684210526,0.081081081081081,-6.0148072
CCC(C)C(F)(F)C(F)C(F)(F)F,208.14499999999995,3.568200000000002,71.9221161317666,0.0,0.0,0.0,3.0,0.0,0.088235294117647,0.0909090909090909,-5.3197031
O=C(O)CCC(F)(F)C(F)(F)C(F)(F)C(F)(F)F,292.097,3.319400000000001,93.37447819278508,37.3,1.0,1.0,5.0,0.0,0.3,0.4074074074074074,-5.8261771
C=C(C(F)(F)F)C(F)(F)C(F)(F)F,214.055,3.3025,66.8336996766416,0.0,0.0,0.0,1.0,0.0,0.1851851851851851,0.24,-4.603394
CN(C)c1ccc(C(F)(F)C(F)(F)C(F)(F)C(F)(F)C(F)(F)C(F)(F)C(F)(F)C(F)(F)F)cc1,539.2289999999999,7.218500000000004,177.65475978341237,3.24,0.0,1.0,8.0,1.0,0.2285714285714285,0.2352941176470588,-7.5957627
CC(C(F)(F)F)C(F)(F)C(F)(F)F,216.071,3.3824000000000005,67.52330270882585,0.0,0.0,0.0,1.0,0.0,0.1428571428571428,0.1481481481481481,-4.6690879
COC(=O)C(F)(F)C(F)(F)OC(F)(C(F)(F)F)C(F)(F)OC(F)=C(F)F,422.093,4.2767,132.6233029374236,44.760000000000005,0.0,4.0,7.0,0.0,0.1666666666666666,0.2,-6.2629275
FC(=C(Cl)Cl)C(F)(F)F,182.931,3.1649,58.0482062899068,0.0,0.0,0.0,0.0,0.0,0.1481481481481481,0.1538461538461538,-4.0654798
CCCc1nc(C(=O)OC)c(C(F)(F)C(F)(F)F)[nH]1,286.19999999999993,2.8029,104.51755066641584,54.98,1.0,3.0,4.0,1.0,0.125,0.1521739130434782,-6.0656619
O=S(=O)(Cl)OC(F)(F)C(F)(F)I,342.43499999999995,2.1072,82.78318984240374,43.370000000000005,0.0,3.0,3.0,0.0,0.1935483870967742,0.125,-5.1875982
C=CCC(F)(F)C(F)(F)C(F)(F)C(F)(F)C(F)(F)C(F)(F)C(F)(F)C(F)(F)F,460.127,6.571900000000003,142.51317098935735,0.0,0.0,0.0,8.0,0.0,0.2758620689655172,0.2857142857142857,-6.2918978
COC(F)(C(=O)O)C(F)(F)F,176.06499999999997,0.9455,58.56552006447097,46.53,1.0,2.0,2.0,0.0,0.2,0.3461538461538461,-4.2785339
FC(F)(F)C(F)(F)C(F)(F)C(F)(F)C(F)(F)C(F)(F)C(F)(F)c1nc(-c2ccccc2)no1,514.1880000000001,6.567200000000002,170.7111047019699,38.92,0.0,3.0,7.0,2.0,0.1904761904761904,0.2564102564102564,-6.9824662
CS(=O)CCC(F)(F)C(F)(F)C(F)(F)C(F)(F)F,310.1809999999999,3.223200000000001,97.79297654412125,17.07,0.0,1.0,5.0,0.0,0.25,0.2580645161290322,-5.4176192
O=C(F)C1(F)OC(F)(F)C(F)(F)C(F)(F)C1(F)F,294.0439999999999,2.6772,90.48855180509636,26.3,0.0,2.0,1.0,1.0,0.0857142857142857,0.15625,-4.7982955
NS(=O)(=O)C(F)(F)C(F)(F)F,199.1,0.4300000000000004,58.03253674628513,60.16,1.0,2.0,1.0,0.0,0.3333333333333333,0.1923076923076923,-4.4500523
Oc1ccccc1C(O)(C(F)(F)F)C(F)(F)F,260.1329999999999,2.7044,91.10790938463622,40.46,2.0,2.0,1.0,1.0,0.1470588235294117,0.1515151515151515,-5.3958282
O=C1C(F)(F)OC(F)(F)OC1(F)F,210.029,1.3382,66.21007119410507,35.53,0.0,3.0,0.0,1.0,0.064516129032258,0.0666666666666666,-4.4060555
CCCCCCC(I)CC(F)(F)C(F)(F)C(F)(F)C(F)(F)F,458.146,6.618700000000004,135.50527103357197,0.0,0.0,0.0,9.0,0.0,0.1794871794871795,0.1842105263157894,-7.2171135
O=C(OC(F)(F)C(F)(F)C(F)(F)F)C(F)(F)C(F)(F)F,332.04,3.5176,99.82545376447804,26.3,0.0,2.0,3.0,0.0,0.2666666666666666,0.3703703703703703,-5.2221417
FC(F)(F)C(F)(F)C(F)(F)C(F)(F)C(F)(F)C(F)(F)C(F)(F)C(F)(F)CCc1ccc(P(c2ccccc2)c2ccccc2)cc1,708.3920000000002,9.3868,249.5087999062102,0.0,0.0,0.0,12.0,3.0,0.1904761904761904,0.225,-8.4775991
FCOC(C(F)(F)F)C(F)(F)F,200.053,2.4232000000000005,62.10637042100989,9.23,0.0,1.0,2.0,0.0,0.1,0.1034482758620689,-4.4731998
FC(F)(F)C(F)(F)C1(F)OC1(C(F)(F)F)C(F)(F)F,316.04099999999994,3.7434,94.65810051090504,12.53,0.0,1.0,1.0,1.0,0.125,0.1290322580645161,-5.3212562
FC(F)(F)C(F)(F)P(c1ccccc1)c1ccccc1,304.19800000000004,4.274400000000004,113.54574394985866,0.0,0.0,0.0,3.0,2.0,0.1212121212121212,0.1612903225806451,-6.19102
O=C(F)C(F)(F)C(F)(F)C(F)(F)S(=O)(=O)F,280.092,1.6452,82.24077811886696,51.21,0.0,3.0,4.0,0.0,0.3103448275862069,0.2758620689655172,-5.0177536
O=C1N[C@@H](Cc2ccccc2)[C@@H](CCC(F)(F)C(F)(F)C(F)(F)C(F)(F)C(F)(F)C(F)(F)F)O1,523.289,6.225100000000004,181.7817670899268,38.33,1.0,2.0,9.0,2.0,0.1764705882352941,0.2040816326530612,-8.1067972
FC(F)(F)C(F)(F)C1(F)OC1(F)C(F)(F)C(F)(F)F,316.04099999999994,3.7434,94.65810051090504,12.53,0.0,1.0,2.0,1.0,0.1428571428571428,0.1481481481481481,-5.124959
COC(=O)c1ccc(OCC(F)(F)C(F)F)cc1O,282.189,2.4580000000000006,105.10110161443848,55.760000000000005,1.0,4.0,5.0,1.0,0.12,0.1458333333333333,-6.073843
FC(F)C(F)(F)C(F)(F)C(F)(F)C(F)F,252.051,3.4225000000000003,75.85437351467833,0.0,0.0,0.0,4.0,0.0,0.16,0.1666666666666666,-4.6674051
O=C(O)C(F)(F)C(F)(F)C(F)(F)C(F)(F)C(F)(F)C(F)(F)C(F)(F)C(F)(F)C(F)(F)C(F)(F)F,564.0850000000002,6.351000000000003,168.82067148548632,37.3,1.0,1.0,9.0,0.0,0.4,1.0,-7.1042914
CCOC(=O)c1ccc(OC(F)(F)C(F)F)cc1,266.18999999999994,3.1000000000000014,100.30686786224248,35.53,0.0,3.0,5.0,1.0,0.1111111111111111,0.1395348837209302,-5.9313993
O=C(O)c1ccc(C(F)(C(F)(F)F)C(F)(F)F)cc1,290.134,3.674200000000001,101.00567524980684,37.3,1.0,1.0,2.0,1.0,0.1764705882352941,0.2580645161290322,-5.6220884
O=C1C(C(=O)C(F)(F)C(F)(F)C(F)(F)C(F)(F)F)CCC1C(=O)C(F)(F)C(F)(F)C(F)(F)C(F)(F)F,576.1740000000002,5.656300000000002,184.3068130286564,51.21,0.0,3.0,8.0,1.0,0.2647058823529412,0.4,-7.7879891
N#CC(F)(I)C(F)(F)F,252.93599999999995,2.17308,61.78569467084006,23.79,0.0,1.0,0.0,0.0,0.1428571428571428,0.1481481481481481,-4.345603
O=S(=O)(Oc1cccnc1)C(F)(F)C(F)(F)C(F)(F)C(F)(F)F,377.184,3.2159000000000004,121.54858567171748,56.260000000000005,0.0,4.0,5.0,1.0,0.3157894736842105,0.1951219512195122,-6.39149
FC(F)(F)C(SC1C=CCCC1)C(F)(F)F,264.234,4.321500000000001,93.07967620021158,0.0,0.0,1.0,2.0,1.0,0.073170731707317,0.075,-5.5729494
FC(F)=C(F)C(F)(F)C(F)(F)Cl,216.483,3.5309,66.60648838620044,0.0,0.0,0.0,2.0,0.0,0.1379310344827586,0.1851851851851851,-4.3200407
FC1(F)C(C2(F)C(F)(F)C(F)(F)C2(F)F)=C(C2(F)C(F)(F)C(F)(F)C2(F)F)C1(F)F,486.096,5.822800000000003,150.0261550460925,0.0,0.0,0.0,2.0,3.0,0.0333333333333333,0.0344827586206896,-6.1962881
O=C(C(C(F)(F)F)C(F)(F)F)C(F)(F)C(F)(F)F,298.051,3.4939,90.54637313204492,17.07,0.0,1.0,2.0,0.0,0.2068965517241379,0.3076923076923077,-5.3131847
O=C(F)C(C(F)(F)F)(C(F)(F)F)C(F)(F)F,266.03399999999993,3.1558,80.01589561472208,17.07,0.0,1.0,1.0,0.0,0.24,0.3043478260869565,-4.4735661
FC(F)(F)C(OCl)(C(F)(F)F)C(F)(F)F,270.47799999999995,3.5825,80.91305236787066,9.23,0.0,1.0,1.0,0.0,0.1538461538461538,0.16,-4.6943197
COP(=O)(OC)C(C(F)(F)F)C(F)(F)F,260.06999999999994,2.9655000000000014,80.882262778335,35.53,0.0,3.0,3.0,0.0,0.125,0.1290322580645161,-5.5382719
NCC(F)(F)C(F)F,131.072,0.8455,43.47116756534042,26.02,1.0,1.0,2.0,0.0,0.1428571428571428,0.1071428571428571,-3.9357963
C#CC(F)(F)C(F)(F)C(F)(F)C(F)(F)C(F)(F)C(F)(F)C(F)(F)C(F)(F)F,444.084,5.629000000000002,135.83705729900424,0.0,0.0,0.0,6.0,0.0,0.3076923076923077,0.32,-6.04075
OC(F)(C(F)(F)F)C(F)(F)F,186.026,1.7691,55.42211682930242,20.23,1.0,1.0,0.0,0.0,0.2272727272727272,0.238095238095238,-4.1974587
FC(F)(F)N1C(F)(F)C(F)(F)C(F)(F)C1(F)F,283.04,3.278,84.7739114342787,3.24,0.0,1.0,0.0,1.0,0.1034482758620689,0.1071428571428571,-4.9256144
O=[N+]([O-])C1=C(F)C(F)(F)C(F)(Br)C(F)(F)C1(F)F,349.959,3.4244,100.71333396565014,43.14,0.0,2.0,1.0,1.0,0.048780487804878,0.05,-5.242393
FCC(F)(F)C(F)(F)C(F)(F)C(F)F,234.061,3.1269,71.6888381117521,0.0,0.0,0.0,4.0,0.0,0.1290322580645161,0.1333333333333333,-4.6422858
FC(F)(F)C(F)(OC(F)(F)C(F)(OC(F)(F)C(F)(F)C(F)(F)F)C(F)(F)F)c1nc2ccccc2[nH]1,568.183,6.892000000000002,184.50260527712555,47.14,1.0,3.0,7.0,2.0,0.1428571428571428,0.1224489795918367,-7.4554214
FC(F)(F)C(Cl)=C(C(F)(F)F)C(F)(F)F,266.48999999999995,4.1662,81.30250130644951,0.0,0.0,0.0,0.0,0.0,0.1481481481481481,0.1538461538461538,-4.730022
CCOP(=O)(OCC)C(CC)(C(F)(F)F)C(F)(F)F,316.17799999999994,4.525900000000003,106.3420312359214,35.53,0.0,3.0,6.0,0.0,0.1428571428571428,0.1818181818181818,-6.5346613
O=S(=O)(F)C(F)(F)C(F)(F)OC(F)(F)C(F)(F)C(F)(F)C(F)(F)C(F)(F)C(F)(F)C(F)(F)C(F)(F)Cl,634.585,6.724100000000003,185.8376803996325,43.370000000000005,0.0,3.0,11.0,0.0,0.2727272727272727,0.1714285714285714,-7.2279396
Cc1cc(C)c(C)c(C(F)(F)C(F)(F)C(F)(F)C(F)(F)C(F)(F)C(F)(F)C(F)(F)C(F)(F)F)c1C,552.2679999999999,8.386180000000003,184.62481034200223,0.0,0.0,0.0,7.0,1.0,0.2424242424242424,0.25,-7.7903562
O=C(F)C(F)(F)OC(F)(F)C(F)(F)I,339.932,2.7125,85.52973064209728,26.3,0.0,2.0,4.0,0.0,0.1515151515151515,0.1935483870967742,-4.8795052
CC(O)CC(F)(F)C(F)(F)C(F)(F)C(F)(F)C(F)(F)C(F)(F)F,378.128,4.496100000000002,118.60498193323946,20.23,1.0,1.0,6.0,0.0,0.3,0.3103448275862069,-6.0280514
O=S(=O)(O)C(F)(F)C(F)(F)OC(F)(F)C(F)F,298.1069999999999,1.9343,87.90054183397675,63.60000000000001,1.0,3.0,5.0,0.0,0.3666666666666666,0.1428571428571428,-4.9426436
C=C(Cl)C(=O)OCC(F)(F)C(F)(F)F,238.539,2.4797,80.28036913869182,26.3,0.0,2.0,3.0,0.0,0.1666666666666666,0.2058823529411764,-5.0710611
FC(F)C(F)(F)C(F)(F)C(F)(F)CNc1ccccc1,307.184,4.269500000000002,108.13025909849796,12.03,1.0,1.0,6.0,1.0,0.0952380952380952,0.125,-5.7206564
CCC1COC(C(F)C(F)(F)F)(N(CC)CC)O1,273.2699999999999,2.7078000000000007,104.03190675918846,21.700000000000003,0.0,3.0,5.0,1.0,0.0638297872340425,0.0652173913043478,-6.5126181
FC(OC(F)(F)C(F)(F)C(F)(F)F)C(F)(F)F,286.04,3.6513,85.13345414711144,9.23,0.0,1.0,3.0,0.0,0.2,0.2068965517241379,-4.8623304
FC(F)(F)C(F)(F)C(F)(F)C(F)(F)C(F)(F)C(F)(F)C(F)(F)F,388.045,5.287500000000001,113.57747016102894,0.0,0.0,0.0,4.0,0.0,0.4444444444444444,0.4705882352941176,-5.1616011
C=CCC(F)(F)C(F)(F)Br,220.991,3.185500000000001,64.03910567057802,0.0,0.0,0.0,3.0,0.0,0.09375,0.0967741935483871,-4.4261584
COC(O)C(F)(F)C(F)F,162.082,0.8515999999999999,54.403997964427205,29.46,1.0,2.0,3.0,0.0,0.125,0.1290322580645161,-4.439086
C[Si](C)(C)OC(=O)C=C(C(F)(F)F)C(F)(F)F,280.23999999999995,3.415500000000001,94.37683831781496,26.3,0.0,2.0,2.0,0.0,0.1388888888888889,0.1764705882352941,-5.7313223
NC(N)=NC1=NC(C(F)(F)F)(C(F)(F)F)N=C(c2ccccc2)O1,353.22600000000006,1.9137000000000008,130.0877311510175,98.35,2.0,4.0,1.0,2.0,0.08,0.1041666666666666,-6.2769017
FC(F)(F)CC(F)(F)F,152.037,2.5011,46.46234767418017,0.0,0.0,0.0,0.0,0.0,0.1304347826086956,0.1363636363636363,-4.0292716
NNC(=O)C(O)(NN)C(F)(F)C(F)(F)F,238.116,-1.6741999999999997,79.3372880396018,113.4,5.0,5.0,3.0,0.0,0.25,0.3,-5.4104066
[N-]=[N+]=NC1=NC(F)(F)C(F)(F)C(F)(F)C1(F)F,268.06699999999995,3.2075,86.54651605993155,61.120000000000005,0.0,2.0,0.0,1.0,0.024390243902439,0.025,-4.8421121
CC(C)OCC(F)(F)C(F)F,174.137,2.3118000000000007,62.33964844102441,9.23,0.0,1.0,4.0,0.0,0.088235294117647,0.0909090909090909,-5.1685262
CCNCC(O)C(F)(F)C(F)(F)C(F)(F)C(F)(F)C(F)(F)C(F)(F)F,407.1699999999999,3.695600000000002,130.5197862312441,32.26,2.0,2.0,8.0,0.0,0.2571428571428571,0.2647058823529412,-6.3014216
FC(C(F)(F)F)C(F)(F)C(F)(c1ccccc1)C(F)(F)F,328.149,4.9494000000000025,110.91146772074238,0.0,0.0,0.0,3.0,1.0,0.1081081081081081,0.1428571428571428,-5.9588346
O=C(O)C(F)(OC(F)(F)F)C(F)(F)F,230.035,1.8355,71.06212627324967,46.53,1.0,2.0,2.0,0.0,0.2,0.3461538461538461,-4.6358519
O=S(=O)(CC(Sc1ccccc1)c1cccs1)C(F)(F)C(F)(F)C(F)(F)C(F)(F)C(F)(F)C(F)(F)F,602.4590000000003,7.692600000000005,201.94886615633823,34.14,0.0,4.0,10.0,2.0,0.2708333333333333,0.2,-8.2421894
CC(=O)C(C(C)=O)C(CS(=O)(=O)C(F)(F)C(F)(F)C(F)(F)C(F)(F)C(F)(F)C(F)(F)F)c1cccs1,592.395,5.737000000000004,196.91641669697947,68.28,0.0,5.0,11.0,1.0,0.2978723404255319,0.2244897959183673,-8.7367697
Oc1ccc(OC(F)(F)C(F)F)cc1Cl,244.571,3.282300000000001,87.03447416857968,29.46,1.0,2.0,3.0,1.0,0.0952380952380952,0.0975609756097561,-5.2093024
O=C(Oc1ccccc1)C(F)(F)OC(F)(F)C(F)(Cl)Cl,339.0429999999999,3.895100000000001,118.71399360453545,35.53,0.0,3.0,5.0,1.0,0.1162790697674418,0.175,-6.040297
C#CC(F)(F)C(F)(F)C(F)(F)C(F)(F)C(F)(F)C(F)(F)C(F)(F)C(F)(F)C(F)F,476.101,5.967100000000003,146.36753481632712,0.0,0.0,0.0,8.0,0.0,0.1515151515151515,0.15625,-6.3233066
O=C(OCCC[Si](F)(F)F)C(F)(F)C(F)(F)C(F)(F)C(F)(F)F,390.196,4.235300000000001,120.45886003640187,26.3,0.0,2.0,7.0,0.0,0.2702702702702703,0.3529411764705882,-6.3232856
C[Si](C)(C)OC(C#N)(C(F)(F)F)C(F)(F)F,265.2289999999999,3.224880000000001,88.93255681702755,33.02,0.0,2.0,2.0,0.0,0.1176470588235294,0.1212121212121212,-5.7124009
COC(F)(F)C(F)C(F)(F)OC,194.099,1.8029,65.2537869590609,18.46,0.0,2.0,4.0,0.0,0.1034482758620689,0.1071428571428571,-4.9892726
FC(F)(F)C(F)(F)C(F)(F)C(F)(F)C(F)(F)P(F)(F)(C(F)(F)C(F)(F)C(F)(F)C(F)(F)C(F)(F)F)C(F)(F)C(F)(F)C(F)(F)C(F)(F)C(F)(F)F,876.0690000000005,12.491699999999998,250.5563368331893,0.0,0.0,0.0,12.0,0.0,0.32,0.3333333333333333,-7.7823935
FC(F)(F)OC(F)(F)C(F)(F)OC(F)(F)F,270.02199999999993,3.2448,79.71652185929548,18.46,0.0,2.0,3.0,0.0,0.12,0.125,-4.9730844
COC(CC(=O)c1ccccc1)C(F)(F)C(F)(F)C(F)(F)C(F)(F)F,382.222,4.742600000000002,135.11582599055657,26.3,0.0,2.0,7.0,1.0,0.2045454545454545,0.2682926829268293,-6.617537
O=P(O)(C(F)(F)C(F)(F)C(F)(F)C(F)(F)C(F)(F)C(F)(F)C(F)(F)C(F)(F)F)C(F)(F)C(F)(F)C(F)(F)C(F)(F)C(F)(F)C(F)(F)C(F)(F)C(F)(F)F,902.0880000000004,11.1906,262.0120903536872,37.3,1.0,1.0,14.0,0.0,0.3846153846153846,0.4,-7.5987563
FC(F)(F)C(F)(C(F)(F)F)C(F)(F)C(F)(F)OC(F)(F)C(F)(F)C(F)(C(F)(F)F)C(F)(F)F,554.0650000000002,7.125000000000004,162.77905415128308,9.23,0.0,1.0,6.0,0.0,0.1851851851851851,0.1923076923076923,-6.4147749
N#CC(F)(F)C(F)(F)C(F)(F)C(F)(F)C(F)(F)F,295.051,3.61348,90.77743071346988,23.79,0.0,1.0,3.0,0.0,0.3076923076923077,0.32,-5.0438747
O=c1nc(C(F)C(F)(F)F)[nH]c2ccccc12,246.163,2.4960000000000004,92.10591155366711,45.75,1.0,2.0,1.0,2.0,0.0869565217391304,0.0888888888888888,-5.6666703
COC(=O)C(F)(F)C(F)(F)S(C)(=O)=O,238.158,0.4320999999999999,76.76162680845815,60.440000000000005,0.0,4.0,3.0,0.0,0.25,0.21875,-5.273819
FC(F)(F)C(F)(F)C(F)(F)C(F)(F)C(F)(F)C(F)(F)CCSCC1CO1,436.2330000000002,5.247300000000003,140.7714565111796,12.53,0.0,2.0,9.0,1.0,0.2051282051282051,0.2105263157894736,-6.8668723
COc1cc(C(=O)CC(=O)C(F)(F)C(F)(F)F)ccc1F,314.181,3.173800000000001,114.05085765302844,43.370000000000005,0.0,3.0,5.0,1.0,0.125,0.1777777777777777,-5.9191899
C=CCC(C(F)(F)F)(C(F)(F)F)C(F)(F)C(F)(F)C(F)(F)F,360.11299999999994,5.506400000000002,113.1211451488592,0.0,0.0,0.0,4.0,0.0,0.2333333333333333,0.2413793103448276,-5.6376119
CCCCCCC(I)CC(F)(F)C(F)(F)C(F)(F)C(F)(F)C(F)(F)C(F)(F)F,558.1600000000001,7.889300000000006,164.89729687407012,0.0,0.0,0.0,11.0,0.0,0.2051282051282051,0.2105263157894736,-7.7332034
FC(F)(F)C(F)(Br)SCc1ccccc1,303.118,4.500300000000002,97.17902870539837,0.0,0.0,1.0,3.0,1.0,0.1081081081081081,0.1428571428571428,-5.3100839
C[Si]1(C)O[Si](C)(C)O[Si](C)(CCCOCC(F)(F)C(F)F)O[Si](C)(C)O1,454.71400000000006,4.550900000000004,156.85317021907343,46.150000000000006,0.0,5.0,7.0,1.0,0.0652173913043478,0.0666666666666666,-8.5567169
N#Cc1ccccc1CC(C(F)(F)F)(C(F)(F)F)C(F)(F)C(F)(F)C(F)(F)F,435.183,6.044680000000002,146.8954799541796,23.79,0.0,1.0,4.0,1.0,0.1707317073170731,0.175,-6.5818081
COc1ccc(C(=O)N=C(C(F)(F)F)C(F)(F)F)cc1,299.17,3.4010000000000016,108.41971592444818,38.66,0.0,2.0,2.0,1.0,0.119047619047619,0.15,-5.6566696
OC(CSCCC(F)(F)C(F)(F)F)CSCCC(F)(F)C(F)(F)F,416.346,4.989100000000002,139.08448000398445,20.23,1.0,3.0,10.0,0.0,0.1428571428571428,0.1470588235294117,-7.1823483
COc1ccc2c(C#N)cccc2c1C(F)(F)C(F)(F)F,301.21399999999994,4.374180000000002,115.90663803442536,33.02,0.0,2.0,2.0,2.0,0.0816326530612244,0.0833333333333333,-6.2135119
O=C(OOC(=O)C(F)(F)C(F)(F)Cl)C(F)(F)C(F)(F)Cl,358.952,2.9216,112.9742072518254,52.6,0.0,4.0,4.0,0.0,0.1666666666666666,0.2592592592592592,-5.3390522
FC1(F)OC(F)(F)C(F)(F)N(C2(F)C(F)(F)C(F)(F)C(F)(F)C2(F)F)C1(F)F,461.071,4.910400000000001,139.33460638540018,12.47,0.0,2.0,1.0,2.0,0.0285714285714285,0.0294117647058823,-5.6165514
Fc1ccc(OC(F)(F)C(F)F)cc1,212.117,3.062400000000001,76.10250959242825,9.23,0.0,1.0,3.0,1.0,0.0833333333333333,0.0857142857142857,-4.951407
OC(F)(F)C(F)(F)C(F)(F)C(F)(F)F,236.033,2.4044,70.1181297495515,20.23,1.0,1.0,2.0,0.0,0.3636363636363636,0.3809523809523809,-4.5715566
C=C(C)C(=O)OCCC(F)(F)C(F)(F)C(F)(F)F,282.1549999999999,3.3287000000000013,97.40300006085243,26.3,0.0,2.0,5.0,0.0,0.2105263157894736,0.25,-5.9087009
O=S(=O)(F)C(F)(F)C(F)(F)OC(F)(C(F)(F)F)C(F)(F)OC(F)(F)C(F)(F)F,484.108,4.4805,140.72545604443664,52.60000000000001,0.0,4.0,7.0,0.0,0.2424242424242424,0.1428571428571428,-6.640439
CCO[Si](CCCC(C(F)(F)F)(C(F)(F)F)C(F)(F)C(F)(F)C(F)(F)F)(OCC)OCC,524.3900000000001,6.758900000000006,175.0920093880456,27.69,0.0,3.0,12.0,0.0,0.1794871794871795,0.1842105263157894,-8.1985712
C=C(C)C(=O)OC(c1ccccc1)(C(F)(F)F)C(F)(F)F,312.20899999999995,4.125800000000002,115.564674635197,26.3,0.0,2.0,3.0,1.0,0.1428571428571428,0.2051282051282051,-6.0508566
FC(F)=C(F)C(F)(F)C(F)(F)C(F)(Br)C(F)(F)Br,421.854,5.383000000000001,109.2648078081734,0.0,0.0,0.0,4.0,0.0,0.15625,0.2,-5.4750519
OCCCC(O)CC(F)(F)C(F)(F)C(F)(F)C(F)(F)C(F)(F)C(F)(F)F,422.1809999999999,4.248700000000002,136.12909991422868,40.46,2.0,2.0,9.0,0.0,0.2571428571428571,0.2647058823529412,-6.7409897
FC(=C(Cl)Cl)C(F)C(F)(F)F,214.94799999999995,3.503,68.57868380722964,0.0,0.0,0.0,1.0,0.0,0.1290322580645161,0.1333333333333333,-4.5947356
FC(F)C(F)(F)OCCOC(F)(F)C(F)F,262.09599999999995,2.735400000000001,84.11533528223622,18.46,0.0,2.0,7.0,0.0,0.1,0.1034482758620689,-5.2922368
FC1(F)OC(F)(F)C(F)(F)C(F)(F)C1(F)F,266.03399999999993,3.1081,79.96208759065597,9.23,0.0,1.0,0.0,1.0,0.0357142857142857,0.037037037037037,-4.6170774
Nc1ccc(OC(F)(F)C(F)C(F)(F)F)cc1,259.14899999999994,3.1408000000000005,91.9728778067638,35.25,1.0,2.0,3.0,1.0,0.075,0.0769230769230769,-5.4143581
O=C1C(F)C(F)(F)C1(F)F,160.041,1.1778000000000002,51.817445332165086,17.07,0.0,1.0,0.0,1.0,0.0625,0.1,-3.8948338
FC(F)=C(F)OC(F)(F)OC(F)(F)C(F)(F)F,282.033,3.7601,85.39186094150783,18.46,0.0,2.0,4.0,0.0,0.1515151515151515,0.15625,-5.1373148
O=C(O)c1cccc(S(=O)(=O)C(F)(F)C(F)(F)C(F)(F)F)c1,354.199,2.948900000000001,117.6310736315934,71.44,1.0,3.0,4.0,1.0,0.282051282051282,0.2564102564102564,-6.3348837
CC1(F)C(F)(F)C(C)(F)C(F)(F)C(F)(F)C1(F)F,292.116,3.997600000000001,93.94336870433892,0.0,0.0,0.0,0.0,1.0,0.0357142857142857,0.037037037037037,-5.013876
NS(=O)(=O)C(F)(F)C(F)(F)OC(F)(F)C(F)(F)I,423.019,2.0977,107.63441053440756,69.39,1.0,3.0,5.0,0.0,0.21875,0.1176470588235294,-5.5097904
Cc1ccc(C2(c3ccc(C)c(C)c3)C(F)(F)C(F)(F)C(F)(F)C2(F)F)cc1C,422.359,6.761180000000004,162.0914284250111,0.0,0.0,0.0,2.0,3.0,0.0256410256410256,0.0263157894736842,-6.660955
CC(F)(F)C(F)(F)C(F)F,166.064,2.5420000000000007,52.82728978857679,0.0,0.0,0.0,2.0,0.0,0.1071428571428571,0.1111111111111111,-4.1030798
O=C(C(=O)C(F)(C(F)(F)F)C(F)(F)F)C(F)(C(F)(F)F)C(F)(F)F,394.058,3.7904,119.9343856696606,34.14,0.0,2.0,3.0,0.0,0.25,0.3181818181818182,-5.5503378
FC(F)(F)C(S)(C(F)(F)F)C(F)(F)F,252.101,3.3418999999999994,76.47896266075722,0.0,1.0,1.0,0.0,0.0,0.1739130434782608,0.1818181818181818,-4.1942015
C=CC(=O)C(F)(F)C(F)(F)F,174.06799999999998,1.9391,58.49861556790666,17.07,0.0,1.0,2.0,0.0,0.2068965517241379,0.3076923076923077,-4.3684902
COC1=C(F)C(F)(F)C1(F)F,174.06799999999998,2.0981,58.44480754384055,9.23,0.0,1.0,1.0,1.0,0.0606060606060606,0.0303030303030303,-4.2819834
O=C(O)C(F)C(F)(F)C(F)(F)C(F)F,228.063,1.9448,72.3135231581394,37.3,1.0,1.0,4.0,0.0,0.1612903225806451,0.25,-4.6019516
O=S(=O)(Oc1ccc2ncccc2c1)C(F)(F)C(F)(F)C(F)(F)C(F)(F)F,427.244,4.369100000000001,144.23025020345273,56.260000000000005,0.0,4.0,5.0,2.0,0.2727272727272727,0.1702127659574468,-6.5798736
OC(c1ccccc1)(c1ccccc1)c1ccc(CCC(F)(F)C(F)(F)C(F)(F)C(F)(F)C(F)(F)C(F)(F)C(F)(F)C(F)(F)F)cc1,706.4360000000003,9.912799999999995,253.16829039192967,20.23,1.0,1.0,12.0,3.0,0.2142857142857142,0.25,-9.5652227
OCc1ccc(OCCCC(F)(F)C(F)(F)C(F)(F)C(F)(F)C(F)(F)C(F)(F)C(F)(F)C(F)(F)F)cc1,584.2660000000001,7.347300000000006,194.53258932370508,29.46,1.0,2.0,12.0,1.0,0.2142857142857142,0.2195121951219512,-8.5606833
C=CC(F)(F)C(F)(F)C(F)(F)C(F)(F)C(F)(F)C(F)(F)Br,406.992,5.336600000000001,116.45821523717773,0.0,0.0,0.0,6.0,0.0,0.1612903225806451,0.1666666666666666,-5.4955759
FC(F)(F)C(F)(F)c1cccc(Cl)c1,230.56300000000005,3.994100000000001,81.29223058980303,0.0,0.0,0.0,1.0,1.0,0.1428571428571428,0.1142857142857142,-5.1037412
FC(F)(Cl)C(F)(Cl)C(F)(F)Cl,237.382,3.5542,73.20661095189895,0.0,0.0,0.0,2.0,0.0,0.125,0.1304347826086956,-4.3359485
OCC(F)(F)C(F)F,132.056,0.8791,42.92551062052372,20.23,1.0,1.0,2.0,0.0,0.1428571428571428,0.1481481481481481,-3.9010372
O=CC(F)(F)C(F)(F)C(F)(F)C(F)(F)C(F)(F)F,298.051,3.2888,90.54637313204492,17.07,0.0,1.0,4.0,0.0,0.36,0.375,-4.9144964
CC(O)C(F)(F)C(F)(F)C(F)(F)C(F)(F)C(F)(F)F,314.09399999999994,3.4707000000000003,97.5440268985938,20.23,1.0,1.0,4.0,0.0,0.3333333333333333,0.3461538461538461,-5.4144235
FC1(F)C(F)(F)C1(F)CCBr,238.981,2.7639000000000005,67.88841295215929,0.0,0.0,0.0,2.0,1.0,0.0333333333333333,0.0344827586206896,-4.6368494
Oc1ccc(C(F)(F)C(F)(F)C(F)(F)C(F)(F)F)cc1,312.131,4.3169,105.17522395561554,20.23,1.0,1.0,3.0,1.0,0.2580645161290322,0.2666666666666666,-5.4302979
O=S(=O)(O)C(F)(F)C(F)(F)C(F)(F)C(F)(F)C(F)(F)C(F)(F)C(F)(F)F,450.1189999999999,4.2058,131.0405707681433,54.370000000000005,1.0,2.0,6.0,0.0,1.0,0.4,-5.9216619
C=C(C)C(=O)OCCN(CC)S(=O)(=O)C(F)(F)C(F)(F)C(F)(F)C(F)(F)C(F)(F)C(F)(F)C(F)(F)C(F)(F)F,639.3240000000002,5.724300000000004,206.1335584535095,63.68,0.0,4.0,13.0,0.0,0.3181818181818182,0.2391304347826087,-8.437911
COC(=O)C(F)(F)C(F)(F)C(F)(F)C(F)(F)C(F)(F)C(F)(F)C(F)(F)F,428.091,4.533500000000001,131.41688631644655,26.3,0.0,2.0,6.0,0.0,0.3448275862068966,0.52,-6.1570501
O=C(O)C(F)(F)C(F)(F)C(F)(F)C(=O)O,240.055,1.0615,77.10374360745296,74.6,2.0,2.0,4.0,0.0,0.24,0.6666666666666666,-4.6414242
O=C(O)C(F)(F)C(F)(F)C(=O)O,190.048,0.4261999999999999,62.40773068720386,74.6,2.0,2.0,3.0,0.0,0.2083333333333333,0.5555555555555556,-4.4043207
O=C(O)C(F)(F)C(F)(F)F,164.029,1.2686,51.25256812349372,37.3,1.0,1.0,1.0,0.0,0.24,0.5789473684210527,-3.918968
FC(F)(F)C(F)(F)C(F)(F)Cl,204.472,3.0156,60.931149303988086,0.0,0.0,0.0,1.0,0.0,0.2608695652173913,0.2727272727272727,-4.0442877
FC(F)(F)C(F)(F)C(F)(F)C(F)(F)C(F)(F)C(F)(F)C(F)(F)C(F)(F)C(F)(F)C(F)(F)I,645.972,7.658900000000004,172.76181163989358,0.0,0.0,0.0,8.0,0.0,0.3478260869565217,0.3636363636363636,-6.9363666
C=CCNS(=O)(=O)C(F)(F)C(F)(F)C(F)(F)C(F)(F)C(F)(F)C(F)(F)C(F)(F)C(F)(F)F,539.207,5.058700000000002,164.82380906538046,46.17,1.0,2.0,10.0,0.0,0.40625,0.2571428571428571,-7.5427237
C=CC(=O)OCC(F)(F)C(F)(F)C(F)(F)F,254.101,2.5485000000000007,84.67311583205922,26.3,0.0,2.0,4.0,0.0,0.2285714285714285,0.2727272727272727,-5.3335385
CCCCCCCC(F)C(F)(F)C(O)(F)F,248.235,3.9054000000000033,91.6456408242262,20.23,1.0,1.0,8.0,0.0,0.1052631578947368,0.1081081081081081,-5.8730264
FC(F)(F)C(F)(F)C(F)(Cl)C(Cl)(C(F)(F)F)C(F)(F)F,370.948,5.190800000000001,111.15691888869074,0.0,0.0,0.0,2.0,0.0,0.2307692307692307,0.24,-5.137732
FC(F)C(F)(F)OC(Cl)C(F)(F)F,234.498,2.9881,72.40963664789157,9.23,0.0,1.0,3.0,0.0,0.0909090909090909,0.09375,-4.7006741
OCCC1COC(C(F)(F)F)(C(F)(F)F)O1,254.12599999999995,1.6051,85.93760918944714,38.69,1.0,3.0,2.0,1.0,0.1,0.1025641025641025,-5.4364128
COC1=C(F)C(F)(F)C(F)(F)C1=O,202.078,1.6671999999999998,68.97127175828092,26.3,0.0,2.0,1.0,1.0,0.054054054054054,0.0555555555555555,-4.6832342
FC(C(F)(F)F)C(F)(F)C1C=CCCC1,232.167,3.878400000000002,82.95656617484633,0.0,0.0,0.0,2.0,1.0,0.073170731707317,0.075,-5.3735065
FC(F)(F)C(C(F)(F)F)(C(F)(F)F)C(F)(F)C(C(F)(F)F)(C(F)(F)F)C(F)(F)F,488.059,6.968300000000003,142.96949600152712,0.0,0.0,0.0,2.0,0.0,0.2272727272727272,0.238095238095238,-5.1243153
CCC(C=O)C(F)(F)C(F)(F)C(F)(F)C(F)(F)C(F)(F)C(F)(F)F,390.139,4.950300000000001,124.33721239548382,17.07,0.0,1.0,7.0,0.0,0.2727272727272727,0.28125,-6.2265568
N=C(C(F)(F)F)C(F)(F)F,165.036,2.13077,51.14769867344497,23.85,1.0,1.0,0.0,0.0,0.1666666666666666,0.1739130434782608,-4.2503324
C=C(C)C(=O)OCCC(F)(F)C(F)(F)C(F)(F)C(F)(F)F,332.1619999999999,3.964000000000001,112.09901298110152,26.3,0.0,2.0,6.0,0.0,0.2368421052631578,0.2777777777777778,-6.0812044
C=C(C)C(=O)OCC(F)(F)C(F)(F)C(F)F,250.13799999999992,2.641400000000001,86.8725225435296,26.3,0.0,2.0,5.0,0.0,0.1219512195121951,0.1538461538461538,-5.4725852
CC(F)C(F)C(F)(F)F,148.07399999999998,2.2448,48.66175438565055,0.0,0.0,0.0,1.0,0.0,0.1071428571428571,0.1111111111111111,-4.0679379
O=C(C(F)(F)C(F)(F)F)C(F)(Br)C(F)(F)F,326.93999999999994,3.3761,89.71790781743721,17.07,0.0,1.0,2.0,0.0,0.2068965517241379,0.3076923076923077,-5.161047
C=C(C)C(=O)OCCC(F)(F)C(F)(F)C(F)(F)C(F)(F)C(F)(F)C(F)(F)C(F)(F)C(F)(F)F,532.19,6.505200000000003,170.8830646620978,26.3,0.0,2.0,10.0,0.0,0.2631578947368421,0.3055555555555556,-7.6654768
FC(F)=CC(F)(F)C(F)(F)C(F)(F)C(F)(F)C(F)(F)C(F)(F)F,382.066,5.505600000000001,115.08727384031504,0.0,0.0,0.0,5.0,0.0,0.3333333333333333,0.3461538461538461,-5.7716818
Oc1ccc(C(F)(c2ccc(O)cc2)C(F)(F)C(F)(F)F)cc1,336.231,4.5085000000000015,126.16500359070024,40.46,2.0,2.0,3.0,2.0,0.2258064516129032,0.2333333333333333,-6.2081375
O=S(=O)(O)C(F)(F)C(F)(F)C(F)(F)C(F)(F)C(F)(F)F,350.1049999999999,2.9352,101.64854492764518,54.370000000000005,1.0,2.0,4.0,0.0,1.0,0.4,-5.1812005
CC(=O)c1ccc2c(c1)OC(F)(F)C(F)(F)O2,250.1469999999999,2.846000000000001,92.93609459431664,35.53,0.0,3.0,1.0,2.0,0.0714285714285714,0.1,-5.4572558
FC(F)(F)C(F)(F)C1=NCCO1,189.083,1.6126999999999998,64.02973306188491,21.59,0.0,2.0,1.0,1.0,0.1142857142857142,0.1176470588235294,-4.6499763
O=C(O)c1ccc(C(c2ccc(C(=O)O)c(C(=O)O)c2)(C(F)(F)F)C(F)(F)F)cc1C(=O)O,480.26900000000006,3.890100000000001,177.8593279528538,149.2,4.0,4.0,6.0,2.0,0.1621621621621621,0.2352941176470588,-7.2109537
O=C(C1CCCN1)C(F)(F)C(F)(F)F,217.137,1.5051,76.46213385896294,29.1,1.0,2.0,2.0,1.0,0.1621621621621621,0.2352941176470588,-5.2119727
CC(C)O[Si](CCC(F)(F)C(F)(F)C(F)(F)C(F)(F)C(F)(F)C(F)(F)C(F)(F)C(F)(F)F)(OC(C)C)OC(C)C,652.458,8.599800000000004,217.21391945733697,27.69,0.0,3.0,15.0,0.0,0.2162162162162162,0.2222222222222222,-9.225915
FC(F)(F)CC(F)(I)C(F)(F)F,309.95,3.6019,76.25466331254665,0.0,0.0,0.0,1.0,0.0,0.1428571428571428,0.1481481481481481,-5.0417624
C=CC=C(C(F)(F)F)C(F)(F)F,190.086,3.2234000000000007,64.17796795300148,0.0,0.0,0.0,1.0,0.0,0.1379310344827586,0.1428571428571428,-4.5260057
FC(F)(F)C1(C(F)(F)F)C(F)(F)OC(F)(F)C1(F)F,316.04099999999994,3.9485,94.65810051090504,9.23,0.0,1.0,0.0,1.0,0.09375,0.0967741935483871,-4.8120012
CCOC(=CC(F)=C(C(F)(F)F)C(F)(F)F)OCC,296.182,4.249000000000001,104.0303622725279,18.46,0.0,2.0,5.0,0.0,0.1052631578947368,0.1081081081081081,-6.0822563
CCN(CCOP(=O)(O)O)S(=O)(=O)C(F)(F)C(F)(F)C(F)(F)C(F)(F)C(F)(F)C(F)(F)C(F)(F)C(F)(F)F,651.2280000000003,4.714300000000003,198.33994910693065,104.14,2.0,4.0,13.0,0.0,0.3414634146341463,0.2272727272727272,-8.0797129
FC(F)(Cl)C(F)(Cl)C(F)(F)C1(F)OC1(F)F,298.944,3.6467,92.23754923856684,12.53,0.0,1.0,3.0,1.0,0.088235294117647,0.0909090909090909,-5.0391188
O=C1NC(=O)NC(C(F)(F)F)(C(F)(F)F)N1,251.086,0.8297000000000001,83.15903150035582,70.23,3.0,2.0,0.0,1.0,0.1290322580645161,0.1333333333333333,-4.9806156
FC(F)(F)C1(F)C(F)(F)C(F)(C(F)(F)F)C1(F)F,300.0419999999999,3.8118,89.54455528139817,0.0,0.0,0.0,0.0,1.0,0.1153846153846153,0.12,-4.7609143
FC(F)(Br)CC(Br)(C(F)(F)F)C(F)(F)F,373.863,4.6225000000000005,95.25839792010856,0.0,0.0,0.0,2.0,0.0,0.1428571428571428,0.1481481481481481,-5.1953759
N#Cc1ccc(OCC(F)(F)C(F)(F)C(F)(F)C(F)F)cc1C#N,358.188,3.9797600000000015,129.20898573612743,56.81,0.0,3.0,6.0,1.0,0.08,0.0816326530612244,-6.2367301
FC1(F)OC(F)(C(F)(F)F)Oc2ccccc21,258.117,3.3305000000000016,90.74070118572877,18.46,0.0,2.0,0.0,2.0,0.0714285714285714,0.073170731707317,-5.5382023
C=C(I)CC(F)(F)C(F)(F)F,285.98099999999994,3.5228,73.59893158890654,0.0,0.0,0.0,2.0,0.0,0.1666666666666666,0.1724137931034483,-5.0271492
FC(F)(F)C(F)(Br)CBr,273.849,3.0043000000000006,65.86637207961041,0.0,0.0,0.0,1.0,0.0,0.1481481481481481,0.1538461538461538,-4.299602
O=C(C(F)C(F)(F)F)N1CCCC1,199.147,1.5092,72.50656994263204,20.31,0.0,1.0,1.0,1.0,0.1428571428571428,0.1818181818181818,-5.3567405
C=CC(F)(F)C(F)(F)C(F)(F)C(F)(F)C(F)(F)C(F)(F)F,346.086,4.911200000000001,106.7562030344626,0.0,0.0,0.0,5.0,0.0,0.3076923076923077,0.32,-5.5845594
O=[N+]([O-])c1ccc(OC(F)(F)C(F)F)cc1,239.124,2.831500000000001,86.5899499120018,52.370000000000005,0.0,3.0,4.0,1.0,0.0975609756097561,0.1,-5.4468584
C=C(C)C(=O)SCCC(F)(F)C(F)(F)C(F)(F)C(F)(F)C(F)(F)C(F)(F)C(F)(F)C(F)(F)C(F)(C(F)(F)F)C(F)(F)F,698.2790000000002,9.1277,219.98066821870344,17.07,0.0,2.0,12.0,0.0,0.1904761904761904,0.225,-7.7597823
FC(F)(F)C(F)(F)CCI,273.97,3.0091,67.92359250669418,0.0,0.0,0.0,2.0,0.0,0.1428571428571428,0.1481481481481481,-4.8438973
FC(Cl)=C(F)C(F)(F)F,166.47599999999997,2.8956,51.910475465951365,0.0,0.0,0.0,0.0,0.0,0.1481481481481481,0.1538461538461538,-3.888597
FC(=CI)C(F)(F)F,239.93699999999995,2.7946,56.70351195718709,0.0,0.0,0.0,0.0,0.0,0.1428571428571428,0.1923076923076923,-4.3115211
CCN(CCC[Si](OC)(OC)OC)S(=O)(=O)C(F)(F)C(F)(F)C(F)(F)C(F)(F)C(F)(F)C(F)(F)C(F)(F)C(F)(F)F,689.4570000000003,5.873200000000004,220.6397026767656,65.07,0.0,5.0,16.0,0.0,0.3414634146341463,0.2272727272727272,-9.1037302
O=C(O)c1cnc(Cl)nc1C(F)(F)C(F)(F)F,276.54799999999994,2.4822999999999995,95.05222451833244,63.08,1.0,3.0,2.0,1.0,0.1428571428571428,0.2051282051282051,-5.3811297
O=[N+]([O-])c1cc([N+](=O)[O-])cc(C(F)(C(F)(F)F)C(F)(F)F)c1,336.1189999999999,3.7924,114.99092872817003,86.28,0.0,4.0,3.0,1.0,0.1388888888888889,0.1428571428571428,-6.3801122
N#CC=Cc1ccc(OCC(F)(F)C(F)F)cc1,259.20199999999994,3.502580000000002,101.0997192963729,33.02,0.0,2.0,5.0,1.0,0.0833333333333333,0.0851063829787234,-5.6650872
CCOC1CC(c2ccco2)C(S(=O)(=O)C(F)(F)C(F)(F)C(F)(F)C(F)(F)Cl)=C(c2ccccc2)O1,568.8660000000001,6.624700000000005,204.08179395337888,65.74,0.0,5.0,9.0,3.0,0.1384615384615384,0.0895522388059701,-8.9211941
FC1(F)C(F)(F)C2(F)C3C4C=CC(O4)C3C12F,256.14500000000004,2.2704000000000004,91.41756005816212,9.23,0.0,1.0,0.0,4.0,0.0285714285714285,0.0294117647058823,-5.794951
FC(F)(F)C(F)(F)C(F)(F)C(F)(F)C(F)(F)C(F)(F)C(F)(F)C(F)(F)C(F)(F)C(F)(F)C(F)(F)C(F)(F)C(F)(F)C(F)(F)C(F)(F)C(F)(F)CCI,974.0680000000002,11.903299999999998,273.66777339018125,0.0,0.0,0.0,16.0,0.0,0.2857142857142857,0.2962962962962963,-8.5435677
C=CC(=O)OCC(O)CC(F)(F)C(F)(F)C(F)(F)C(F)(F)C(F)(C(F)(F)F)C(F)(F)F,498.1819999999999,4.840700000000002,160.98128549404476,46.53,1.0,3.0,9.0,0.0,0.1777777777777777,0.2093023255813953,-7.1304102
FC(F)(F)C(F)(F)C(F)(F)C(F)(F)C(F)(F)C(F)(F)c1cccc(S)c1,428.213,6.170600000000002,140.9280827073194,0.0,1.0,1.0,5.0,1.0,0.2222222222222222,0.2285714285714285,-6.5544209
CCOC(=O)C(F)=C(F)C(F)(F)F,204.094,2.2624000000000004,69.97710291181015,26.3,0.0,2.0,2.0,0.0,0.1388888888888889,0.1764705882352941,-5.0899806
C=C(C)C(=O)OCCN(CC)S(=O)(=O)C(F)(F)C(F)(F)C(F)(F)C(F)(F)C(F)(F)C(F)(F)F,539.3100000000001,4.453700000000003,176.74153261301132,63.68,0.0,4.0,11.0,0.0,0.3181818181818182,0.2391304347826087,-7.8645253
CCN(CCOP(=O)(O)OCCN(CC)S(=O)(=O)C(F)(F)C(F)(F)C(F)(F)C(F)(F)C(F)(F)F)S(=O)(=O)C(F)(F)C(F)(F)C(F)(F)C(F)(F)C(F)(F)F,904.4200000000004,6.545400000000005,280.1971998478708,130.51999999999998,1.0,7.0,20.0,0.0,0.3414634146341463,0.2272727272727272,-9.4183493
CCN(CCOP(=O)(O)O)S(=O)(=O)C(F)(F)C(F)(F)C(F)(F)C(F)(F)F,451.2,2.1731000000000007,139.55589742593432,104.14,2.0,4.0,9.0,0.0,0.3170731707317073,0.2045454545454545,-6.9278388
CCN(CCOP(=O)(O)OCCN(CC)S(=O)(=O)C(F)(F)C(F)(F)C(F)(F)C(F)(F)F)S(=O)(=O)C(F)(F)C(F)(F)C(F)(F)C(F)(F)F,804.4060000000004,5.274800000000004,250.8051740073727,130.51999999999998,1.0,7.0,18.0,0.0,0.3170731707317073,0.2045454545454545,-9.0812054
CCN(CCOP(=O)(O)OCCN(CC)S(=O)(=O)C(F)(F)C(F)(F)C(F)(F)C(F)(F)C(F)(F)C(F)(F)C(F)(F)F)S(=O)(=O)C(F)(F)C(F)(F)C(F)(F)C(F)(F)C(F)(F)C(F)(F)C(F)(F)F,1104.4480000000008,9.0866,338.9812515288671,130.51999999999998,1.0,7.0,24.0,0.0,0.3414634146341463,0.2272727272727272,-10.414519
O=S(=O)(F)C(F)=C(F)C(F)(F)F,214.086,1.9561,62.69364006638989,34.14,0.0,2.0,1.0,0.0,0.25,0.1724137931034483,-4.1912823
C=CC(=O)OCCCCN(C)S(=O)(=O)C(F)(F)C(F)(F)C(F)(F)C(F)(F)C(F)(F)C(F)(F)F,539.3100000000001,4.453700000000003,176.74153261301134,63.68,0.0,4.0,12.0,0.0,0.3111111111111111,0.2608695652173913,-8.2508249
O=S(=O)(O)C(F)(F)C(F)(F)C(F)(F)C(F)(F)C(F)(F)C(F)(F)C(F)(F)C(F)(F)C(F)(F)F,550.133,5.476400000000002,160.4325966086415,54.370000000000005,1.0,2.0,8.0,0.0,1.0,0.4,-6.6505442
CNS(=O)(=O)C(F)(F)C(F)(F)C(F)(F)C(F)(F)C(F)(F)C(F)(F)C(F)(F)F,463.1619999999999,3.8672,138.0875149485224,46.17,1.0,2.0,7.0,0.0,0.5,0.3103448275862069,-6.240633
C=CC(=O)OCCN(C)S(=O)(=O)CC(F)(F)C(F)(F)C(F)(F)C(F)(F)C(F)(F)C(F)(F)C(F)(F)C(F)(F)C(F)(F)C(F)(F)C(F)(F)C(F)(F)C(F)(F)C(F)(F)C(F)(F)C(F)(F)F,1025.3530000000003,10.068999999999996,317.3367197011054,63.68,0.0,4.0,21.0,0.0,0.2608695652173913,0.2391304347826087,-8.3765335
O=Cc1ccc(C(F)(F)C(F)(F)F)cc1[N+](=O)[O-],269.12499999999994,3.061400000000001,96.16840429986154,60.21,0.0,3.0,3.0,1.0,0.1136363636363636,0.1162790697674418,-5.6211152
CC(C)(CCC(F)(F)C(F)(F)C(F)(F)C(F)(F)C(F)(F)C(F)(F)F)OC(=O)ON=C(C#N)c1ccccc1,578.3250000000002,7.365080000000006,204.32310618495487,71.68,0.0,5.0,10.0,1.0,0.1785714285714285,0.2264150943396226,-8.1665583
FC(F)(F)C(F)(F)C(F)(F)C(F)(F)CCCC(=C[CH]([SnH3])CCCC(F)(F)C(F)(F)C(F)(F)C(F)(F)F)CCCC(F)(F)C(F)(F)C(F)(F)C(F)(F)F,943.1050000000004,11.982199999999988,286.12159939238256,0.0,0.0,0.0,19.0,0.0,0.2,0.2051282051282051,-6.5432005
OCCOCCCC(F)(F)C(F)(F)F,222.153,1.9731,77.66435971054327,29.46,1.0,2.0,6.0,0.0,0.1428571428571428,0.1470588235294117,-5.2770538
C=C(C)C(=O)OC1C2CCC(C2)C1CC(O)(C(F)(F)F)C(F)(F)F,360.2939999999999,3.766200000000004,134.2096887894434,46.53,1.0,3.0,4.0,2.0,0.1224489795918367,0.1489361702127659,-7.5293145
FC(F)(F)C(C(F)(F)F)C(F)(F)Cl,236.489,3.5588,71.46162682131092,0.0,0.0,0.0,1.0,0.0,0.1111111111111111,0.1153846153846153,-4.5985188
C=CC(F)(F)C(F)(F)I,253.964,2.835500000000001,63.06845407158369,0.0,0.0,0.0,2.0,0.0,0.1034482758620689,0.1071428571428571,-4.4164195
FC(F)(F)C(F)(F)N1OC(F)(F)C1(F)F,249.03199999999995,2.5743,75.14548224301448,12.47,0.0,2.0,1.0,1.0,0.1212121212121212,0.125,-4.9988995
FC1=C(F)C(F)(F)C(F)(F)C(F)(F)C1(F)F,262.04599999999994,3.6918,80.52388144336145,0.0,0.0,0.0,0.0,1.0,0.0357142857142857,0.037037037037037,-4.8247228
FC(F)C(F)(F)OCC(F)(F)F,200.053,2.4232000000000005,62.10637042100989,9.23,0.0,1.0,3.0,0.0,0.09375,0.0967741935483871,-4.3991117
FC(F)(F)C(F)(C=CC(F)(C(F)(F)F)C(F)(F)F)C(F)(F)F,364.0759999999999,5.208400000000001,110.92173843738884,0.0,0.0,0.0,2.0,0.0,0.1666666666666666,0.1739130434782608,-5.303431
N#Cc1ccc(OC(=O)c2ccc(C(F)(F)C(F)(F)C(F)(F)F)cc2)cc1,391.242,5.066880000000002,147.13960272904697,50.09,0.0,3.0,4.0,2.0,0.1702127659574468,0.2,-7.1540256
COC(=O)C1CCC(C(F)(F)C(F)(F)C(F)(F)C(F)(F)F)CC1,360.216,4.434000000000002,124.51266908854976,26.3,0.0,2.0,4.0,1.0,0.2368421052631578,0.2777777777777778,-6.57232
O=C(C=CC1CCCCC1)C(F)(F)C(F)(F)F,256.21399999999994,3.8896000000000015,95.68243710075708,17.07,0.0,1.0,3.0,1.0,0.1578947368421052,0.2285714285714285,-5.761744
FC1C(F)(F)C(F)(F)C(F)(F)C(F)(F)C1(F)F,282.052,3.5146,85.37901987847194,0.0,0.0,0.0,0.0,1.0,0.0344827586206896,0.0357142857142857,-4.4843116
FC(F)(F)C(F)(C(F)(F)Br)C(F)(F)Br,359.836,4.2324,88.89345580571195,0.0,0.0,0.0,2.0,0.0,0.16,0.1666666666666666,-4.8662739
CNC(=O)c1ccc(C(F)(F)C(F)(F)C(F)(F)C(F)(F)C(F)(F)C(F)(F)C(F)(F)C(F)(F)F)cc1,553.212,6.512100000000003,181.6063103968608,29.1,1.0,1.0,8.0,1.0,0.2702702702702703,0.3142857142857143,-7.6915607
CC(O)C(F)=CC(F)(F)C(F)(F)F,208.101,2.418200000000001,69.66180473738176,20.23,1.0,1.0,2.0,0.0,0.1515151515151515,0.15625,-4.8153915
CCC(=O)c1cccc(CC(C(F)(F)F)C(F)(F)F)c1,298.22599999999994,4.562600000000002,111.14073243787438,17.07,0.0,1.0,4.0,1.0,0.108695652173913,0.1363636363636363,-6.3435092
O=C(Oc1ccccc1-c1ccccc1)C(F)(F)C(F)(F)C(F)(F)F,366.232,5.091900000000001,136.3820809331817,26.3,0.0,2.0,4.0,2.0,0.1904761904761904,0.2894736842105263,-6.5766535
C=CC(=O)OC(F)(F)C(F)(F)C(F)(F)CCC(F)(F)F,318.13499999999993,3.921500000000001,105.73407086670493,26.3,0.0,2.0,6.0,0.0,0.15,0.1842105263157894,-6.0936909
OC(CBr)(C(F)(F)C(F)(F)F)C(F)(F)C(F)(F)C(F)(F)F,410.9799999999999,4.1429,115.57710990716136,20.23,1.0,1.0,4.0,0.0,0.2857142857142857,0.2962962962962963,-5.7956948
O=C(O)c1ccc(OC(F)=C(F)C(F)(F)F)cc1,268.13699999999994,3.434000000000001,97.09854664127695,46.53,1.0,2.0,3.0,1.0,0.1219512195121951,0.1842105263157894,-5.8823686
OC(C=CSc1ccccc1)(C(F)(F)F)C(F)(F)F,302.239,4.1481,108.4770668544144,20.23,1.0,2.0,3.0,1.0,0.1282051282051282,0.1621621621621621,-5.8857741
FC(F)(F)C(=C(C(F)(F)F)C(F)(C(F)(F)F)C(F)(C(F)(F)F)C(F)(F)F)C(F)(F)F,500.07,7.073400000000003,148.64483508373945,0.0,0.0,0.0,2.0,0.0,0.1724137931034483,0.1785714285714285,-5.5655446
CC#C[Si](C)(C)CCC(F)(F)C(F)(F)C(F)(F)C(F)(F)C(F)(F)C(F)(F)F,444.307,6.386200000000003,145.65072927586624,0.0,0.0,0.0,7.0,0.0,0.2162162162162162,0.2222222222222222,-7.5009408
CCSC(=O)C(F)(F)C(F)(F)C(F)(F)C(F)(F)C(F)(F)C(F)(F)C(F)(F)F,458.1859999999999,5.640200000000002,142.79139322670156,17.07,0.0,2.0,7.0,0.0,0.3125,0.4642857142857143,-6.50353
C=C(C)c1ccc(OC(F)=C(F)C(F)(F)C(F)(F)C(F)(F)C(F)(F)C(F)(F)C(F)(F)C(F)(F)C(F)(F)C(F)(F)C(F)(F)F)cc1,714.2560000000002,10.486599999999996,232.4471882678878,9.23,0.0,1.0,12.0,1.0,0.2045454545454545,0.2682926829268293,-8.3150406
C=C(C)c1ccc(OC(F)=C(F)C(F)(F)C(F)(F)C(F)(F)C(F)(F)C(F)(F)C(F)(F)C(F)(F)F)cc1,564.235,8.580700000000002,188.3591495071406,9.23,0.0,1.0,9.0,1.0,0.2045454545454545,0.2682926829268293,-8.1092396
O=C(O)CCCNC(=O)C(F)(Br)C(F)(F)F,310.041,1.5903999999999998,96.12573306744709,66.4,2.0,2.0,5.0,0.0,0.1538461538461538,0.2222222222222222,-6.1056757
O=CC(=O)C(F)(F)C(F)(F)C(F)(F)C(F)F,258.064,1.9254,82.21128902331,34.14,0.0,2.0,5.0,0.0,0.1764705882352941,0.2580645161290322,-4.7139964
CCCCC(F)C(F)(F)C(F)(F)C(F)(F)F,258.152,4.347600000000002,86.61812905201568,0.0,0.0,0.0,5.0,0.0,0.1764705882352941,0.1818181818181818,-5.7427011
CO[Si](CCCOCCC(F)(F)C(F)(F)C(F)(F)C(F)(F)F)(OC)OC,426.348,4.129500000000004,144.4485866626577,36.92,0.0,4.0,12.0,0.0,0.2,0.175,-7.7668462
CO[Si](CCCSC(=O)C(F)(F)C(F)(F)C(F)(F)C(F)(F)C(F)(F)C(F)(F)C(F)(F)C(F)(F)F)(OC)OC,642.4000000000001,6.523800000000006,206.0387831251596,44.760000000000005,0.0,5.0,14.0,0.0,0.238095238095238,0.3421052631578947,-8.6353264
CCOC(=O)COCC(F)(F)C(F)(F)C(F)(F)C(F)F,318.1599999999999,2.7371000000000008,107.3716837254698,35.53,0.0,3.0,8.0,0.0,0.1363636363636363,0.1666666666666666,-6.216011
CCCCCCCCCCCCCC(=O)OCCC(F)(F)C(F)(F)C(F)(F)C(F)(F)C(F)(F)C(F)(F)F,574.4620000000001,9.3596,205.83006299775,26.3,0.0,2.0,19.0,0.0,0.238095238095238,0.275,-8.7434111
O=C(OOC(=O)C(F)(OC(F)(F)C(F)(F)C(F)(F)C(F)(F)C(F)(F)C(F)(F)F)C(F)(F)F)C(F)(OC(F)(F)C(F)(F)C(F)(F)C(F)(F)C(F)(F)C(F)(F)F)C(F)(F)F,958.1240000000006,9.869800000000003,287.2779911059172,71.06,0.0,6.0,14.0,0.0,0.3125,0.3666666666666666,-7.7965889
C=CC(=O)OCCC(F)(F)C(F)(F)Br,279.027,2.728700000000001,86.04405722892189,26.3,0.0,2.0,5.0,0.0,0.125,0.1578947368421052,-5.389617
CCCCCCCCCCCCCCCCCCOCC(F)CC(F)(F)C(F)(F)C(F)(F)C(F)(F)C(F)(F)C(F)(F)F,648.6040000000002,11.731499999999984,237.6587868726156,9.23,0.0,1.0,25.0,0.0,0.1860465116279069,0.1904761904761904,-9.1473885
CC(C(=O)Cl)(C(F)(F)F)C(F)(F)F,228.519,2.8827000000000007,73.65702022989883,17.07,0.0,1.0,1.0,0.0,0.2142857142857142,0.2692307692307692,-4.745048
Cc1cc(C(F)(F)C(F)(F)C(F)(F)C(F)(F)C(F)(F)C(F)(F)F)nc(=S)[nH]1,444.216,5.642910000000001,144.93603436741213,28.68,1.0,2.0,5.0,1.0,0.1951219512195122,0.2,-6.7109871
O=C(CC(F)(F)C(F)(F)C(F)(F)C(F)(F)C(F)(F)C(F)(F)F)c1ccccc1,438.183,5.998200000000002,146.66442237275464,17.07,0.0,1.0,7.0,1.0,0.2777777777777778,0.3636363636363636,-6.6342387
FC(F)(F)C(F)(F)CCCCCCCCCCCCCCS,348.4650000000001,7.185100000000005,136.19612642181158,0.0,1.0,1.0,14.0,0.0,0.125,0.1290322580645161,-8.0057669
O=C=NC(CCC(F)(F)C(F)(F)C(F)(F)C(F)(F)F)N=C=O,344.133,3.232500000000001,115.26229574114627,58.86,0.0,4.0,7.0,0.0,0.2222222222222222,0.2285714285714285,-6.1032991
O=C(/C=C\Nc1ccccc1)C(F)(F)C(F)(F)C(F)(F)F,315.188,4.014200000000001,113.8015848778278,29.1,1.0,2.0,5.0,1.0,0.1951219512195122,0.2972972972972973,-5.7882509
N=C1N=C(N)C(F)(F)C(F)(F)C1(F)F,219.088,1.2403700000000002,73.1069649315818,62.23,2.0,2.0,0.0,1.0,0.0277777777777777,0.0285714285714285,-4.3657007
CC(C)(c1ccc(C(F)(F)C(F)(F)c2ccccc2)cc1)[N+](=O)[O-],341.30400000000003,5.082200000000005,135.6283252317488,43.14,0.0,2.0,5.0,2.0,0.0975609756097561,0.1282051282051282,-7.2160521
FC(=C(F)C(F)(C(F)(F)F)C(F)(F)C(F)(F)F)C(F)(F)F,350.0489999999999,5.167500000000001,104.55679632299224,0.0,0.0,0.0,2.0,0.0,0.25,0.2592592592592592,-5.3024316
COC(F)(OC)C(F)(F)F,162.082,1.4648,54.72330944173808,18.46,0.0,2.0,2.0,0.0,0.1538461538461538,0.16,-4.3787222
C/N=C(\C)CC(O)(C(F)(F)F)C(F)(F)F,237.14299999999992,2.3229,81.61167236982274,32.59,1.0,2.0,2.0,0.0,0.1515151515151515,0.15625,-5.5253906
FC(F)C(F)(F)OC(Cl)C(F)(F)C(F)(F)F,284.505,3.6234,87.10564956814065,9.23,0.0,1.0,4.0,0.0,0.1176470588235294,0.1212121212121212,-5.1910338
O=C(O)C(=C(F)C(F)(F)C(F)(F)F)C(F)(F)F,276.054,3.0545,86.31993304620423,37.3,1.0,1.0,2.0,0.0,0.1875,0.3214285714285714,-5.1810441
FC(F)(F)C(C=CC(C(F)(F)F)C(F)(F)F)C(F)(F)F,328.09599999999995,5.024200000000001,102.59066763153636,0.0,0.0,0.0,2.0,0.0,0.1153846153846153,0.12,-5.374229
FC(F)(F)[C](F)([Hg][Br])C(F)(F)F,449.513,3.1692,80.17934669256168,0.0,0.0,0.0,1.0,0.0,0.1538461538461538,0.16,-4.2830195
O=C/C=C(/F)C(F)(F)C(F)(F)C(F)(F)C(F)(F)C(F)(F)C(F)(F)C(F)(F)F,442.093,5.412800000000002,136.14421557207825,17.07,0.0,1.0,7.0,0.0,0.3333333333333333,0.4444444444444444,-6.1115603
CO[Si](CCCOC(F)=C(F)C(F)(F)C(F)(F)C(F)(F)C(F)(F)C(F)(F)C(F)(F)C(F)(F)F)(OC)OC,610.3330000000001,6.753400000000005,196.1780931970732,36.92,0.0,4.0,14.0,0.0,0.238095238095238,0.275,-9.1438265
O=c1cc2c(cc3ccccc13)C(F)(F)C(F)(F)C2(F)F,304.1889999999999,4.032500000000001,113.36728491842612,17.07,0.0,1.0,0.0,3.0,0.0465116279069767,0.0476190476190476,-5.8333979
OCCOCCOCCOCCOC(F)(F)C(F)(F)F,312.23099999999994,1.2002,112.09982174225372,57.150000000000006,1.0,5.0,12.0,0.0,0.1470588235294117,0.1515151515151515,-6.4779234
O=C1c2c(F)c(F)c(F)c(F)c2OC1(F)C(F)(F)F,292.081,3.0462,98.1197488621181,26.3,0.0,2.0,0.0,2.0,0.1,0.1025641025641025,-5.0817776
C=CC(=O)Oc1ccc(C(F)(F)C(F)(F)C(F)(F)C(F)(F)C(F)(F)C(F)(F)C(F)(F)C(F)(F)F)cc1,566.207,7.243900000000004,186.845332524972,26.3,0.0,2.0,9.0,1.0,0.25,0.2894736842105263,-8.0730286
OC(OCC(F)(F)C(F)(F)F)C(F)(F)C(F)(F)F,298.076,2.716600000000001,92.12709461077785,29.46,1.0,2.0,4.0,0.0,0.1470588235294117,0.1515151515151515,-5.3133178
FC(F)(Br)C(F)(F)C(F)(F)C(F)(F)C(F)(F)C(F)(F)CCBr,487.90400000000005,5.935600000000002,131.0153658750033,0.0,0.0,0.0,7.0,0.0,0.15625,0.1612903225806451,-6.1011968
CC1OOC(C(F)(F)C(F)(F)C(F)(F)C(F)(F)C(F)(F)C(F)(F)F)O1,408.11,4.3757,128.07484803177314,27.69,0.0,3.0,5.0,1.0,0.2352941176470588,0.2424242424242424,-6.086401
FC(F)(F)C(F)(F)C(F)(F)C(F)(F)C(F)(F)C(F)(F)c1ccsc1-c1ccc(-c2sccc2C(F)(F)C(F)(F)C(F)(F)C(F)(F)C(F)(F)C(F)(F)F)s1,884.4610000000006,13.595699999999992,285.14990719170083,0.0,0.0,3.0,12.0,3.0,0.2051282051282051,0.2105263157894736,-9.3346195
COP(=O)(CC(=O)CCCC(F)(F)C(F)(F)F)OC,312.17099999999994,3.4093000000000018,106.33801793303894,52.60000000000001,0.0,4.0,8.0,0.0,0.1463414634146341,0.1794871794871795,-6.4388356
COC(CC(S)(C(F)(F)F)C(F)(F)F)OC,272.21,2.788600000000001,93.30427325418208,18.46,1.0,3.0,4.0,0.0,0.1176470588235294,0.1212121212121212,-5.584362
O=C(c1ccccc1)c1cccc(NS(=O)(=O)C(F)C(F)(F)F)c1,361.316,3.5172000000000017,134.71762545652263,63.24,1.0,3.0,5.0,2.0,0.1458333333333333,0.1489361702127659,-6.9188914
FC(F)(F)C(F)(F)C(F)(F)C(=S)Nc1ccccc1,305.218,4.258800000000001,107.95856182838,12.03,1.0,1.0,3.0,1.0,0.1891891891891892,0.2647058823529412,-5.64996
N#CC1C=NNC1(C(F)(F)F)C(F)(F)F,231.099,1.57858,79.35924323501263,48.18,1.0,3.0,0.0,1.0,0.075,0.0769230769230769,-4.864984
N#Cc1cc(F)ccc1C(F)(F)C(F)(F)c1ccccc1,297.22599999999994,4.5811800000000025,116.80358036485072,23.79,0.0,1.0,3.0,2.0,0.0652173913043478,0.0909090909090909,-6.4189801
FC(F)(F)C(=C=C=C(C(F)(F)F)C(F)(F)F)C(F)(F)F,324.0639999999999,4.8424000000000005,101.21146156716786,0.0,0.0,0.0,0.0,0.0,0.16,0.1666666666666666,-5.3054256
C[Si](C)(C)C1(F)OC(F)(F)C(F)(F)OC1(F)F,286.21899999999994,3.354800000000002,92.68989808555446,18.46,0.0,2.0,1.0,1.0,0.0303030303030303,0.03125,-5.6417985
CCOC(=O)C(F)(F)OC(F)(F)F,208.082,1.6787,69.41530905910469,35.53,0.0,3.0,3.0,0.0,0.1428571428571428,0.1818181818181818,-5.0161357
O=C(F)C(F)(Oc1ccccc1)C(F)(F)F,240.127,2.789600000000001,86.6289738068686,26.3,0.0,2.0,3.0,1.0,0.1621621621621621,0.2352941176470588,-5.2512622
O=C1OC(C(F)(F)F)(C(F)(F)F)OC1=Cc1ccccc1,312.165,3.421800000000002,113.30744659677808,35.53,0.0,3.0,1.0,2.0,0.0930232558139534,0.1219512195121951,-5.7667794
O=C(O)C(F)=C(F)C(F)(F)C(F)(F)C(F)(F)C(F)(F)C(F)(F)C(F)(F)C(F)(F)F,476.082,5.595700000000002,145.10398472720053,37.3,1.0,1.0,7.0,0.0,0.3333333333333333,0.56,-6.687851
C[C@H](O)COCC(F)(F)C(F)(F)F,208.126,1.5814,71.29941759614665,29.46,1.0,2.0,4.0,0.0,0.1428571428571428,0.1470588235294117,-5.1234927
[CH3][Sn]([CH3])([CH3])[O]C(=O)C(F)(F)C(F)(F)F,326.837,2.562100000000001,81.83344519490055,26.3,0.0,2.0,2.0,0.0,0.1875,0.2758620689655172,-3.1424236
FC(F)(F)C(F)(F)C(F)(F)C(C(F)(F)F)(C(F)(F)F)C(F)(C(F)(F)F)C(F)(F)F,488.059,6.763200000000003,142.96949600152712,0.0,0.0,0.0,3.0,0.0,0.28,0.2916666666666667,-5.6735802
O=CC=C(Oc1ccccc1)C(F)(F)C(F)(F)C(F)(F)C(F)(F)C(F)(F)F,416.1859999999999,5.251700000000001,142.75729376422478,26.3,0.0,2.0,7.0,1.0,0.2439024390243902,0.3513513513513513,-6.6204376
[N-]=[N+]=NC(=NC(F)(F)F)C(C(F)(F)F)(C(F)(F)F)C(F)(F)F,356.06999999999994,4.888300000000001,110.57943093956231,61.120000000000005,0.0,1.0,1.0,0.0,0.1428571428571428,0.1470588235294117,-5.688272
CCCC(OP(=O)(Oc1ccccc1)Oc1ccccc1)c1ccc(C(F)(F)C(F)(F)C(F)(F)C(F)(F)F)cc1,600.4140000000002,9.735199999999995,222.84519343612973,44.760000000000005,0.0,4.0,12.0,3.0,0.1481481481481481,0.173076923076923,-9.5361271
O=C(C(F)(F)Br)C(F)(C(F)(F)F)C(F)(F)F,326.93999999999994,3.3761,89.71790781743721,17.07,0.0,1.0,2.0,0.0,0.2142857142857142,0.2692307692307692,-4.7543988
NC(=CC(=O)C(F)(F)C(F)F)C(F)(F)C(F)F,271.107,2.1989,89.0649967024913,43.09,1.0,2.0,5.0,0.0,0.1428571428571428,0.1818181818181818,-5.2371469
O=S(=O)(F)OC(F)(F)C(F)=C(F)C(F)(F)C(F)(F)C(F)(F)F,380.106,3.7936,112.10422793270202,43.370000000000005,0.0,3.0,5.0,0.0,0.3125,0.28125,-5.7230134
COc1ccc(C)cc1C(F)(F)C(F)(F)C(F)(F)F,290.17799999999994,4.293020000000001,103.52840674147052,9.23,0.0,1.0,3.0,1.0,0.15,0.1538461538461538,-5.7260299
FC(F)(F)C(F)(F)C(F)(F)C(F)(F)C(F)(F)C(F)(F)c1cc(P(c2ccccc2)c2ccccc2)cc(C(F)(F)C(F)(F)C(F)(F)C(F)(F)C(F)(F)C(F)(F)F)c1,898.3560000000006,11.835399999999993,299.7285027613395,0.0,0.0,0.0,13.0,3.0,0.2051282051282051,0.2432432432432432,-6.3830976
COc1ccc(C=CS(=O)(=O)C(F)(F)C(F)(F)C(F)(F)C(F)(F)C(F)(F)C(F)(F)F)cc1,516.275,5.777000000000002,169.91718296621667,43.370000000000005,0.0,3.0,8.0,1.0,0.325,0.2093023255813953,-7.8653264
CO[Si](OC)(OC)C(F)(F)C(F)(F)C(F)(F)C(F)(F)F,340.21399999999994,2.871900000000001,107.5103308611678,27.69,0.0,3.0,6.0,0.0,0.2413793103448276,0.25,-6.0548568
CC(C)(C)CCC(CCC(F)(F)C(F)(F)C(F)(F)C(F)(F)C(F)(F)C(F)(F)C(F)(F)C(F)(F)F)OC(=O)NNC(=O)[O-],663.345,6.545000000000006,223.4229945059559,90.49,2.0,4.0,12.0,0.0,0.2083333333333333,0.2391304347826087,-8.9616003
Cc1cccc2c1C(F)(F)C(F)(F)C2,204.166,3.278220000000001,78.54748203525911,0.0,0.0,0.0,0.0,2.0,0.024390243902439,0.025,-5.4263005
FC1(F)C(c2cccc(Br)c2)C1(F)F,269.035,3.8169,86.05008752650386,0.0,0.0,0.0,1.0,2.0,0.025,0.0256410256410256,-5.2289038
C=C(NC1CCCCC1)C(F)(F)C(F)(F)C(F)(F)F,293.22599999999994,4.255300000000003,105.40184799017383,12.03,1.0,1.0,4.0,1.0,0.1891891891891892,0.2285714285714285,-6.1209412
O=C(CCl)NCC(F)(F)C(F)(F)F,225.54399999999995,1.539,75.04134701058064,29.1,1.0,1.0,3.0,0.0,0.1764705882352941,0.21875,-4.9795465
CCCCCCCCc1csc(-c2sccc2CCCCCC(F)(F)C(F)(F)C(F)(F)C(F)(F)F)c1,566.6390000000005,10.95069999999999,213.46305843746245,0.0,0.0,2.0,16.0,2.0,0.1206896551724138,0.1228070175438596,-9.8717337
O=C(O)C(F)(F)C(F)OC(F)(F)C(F)(F)F,262.052,2.1736000000000004,81.59260379057251,46.53,1.0,2.0,4.0,0.0,0.1764705882352941,0.3,-4.8535523
O=C(O)C1(F)C(F)(F)C1(F)F,176.04,1.0635,56.6116790843611,37.3,1.0,1.0,1.0,1.0,0.1071428571428571,0.2,-4.0182319
N#CC(O)CCC(F)(F)C(F)(F)C(F)(F)C(F)(F)C(F)(F)C(F)(F)F,403.138,4.389880000000001,129.36250372910476,44.02,1.0,2.0,7.0,0.0,0.2571428571428571,0.2647058823529412,-6.2745371
O=C(O)C(F)(F)C(C(F)(F)F)(C(F)(F)F)C(F)(F)C(F)(F)F,364.057,4.0149,110.03661980449002,37.3,1.0,1.0,3.0,0.0,0.2857142857142857,0.5909090909090909,-5.2992525
FC(F)(F)C(I)C(F)(F)C(F)(C(F)(F)F)C(F)(F)F,427.954,4.820500000000001,109.81222455597104,0.0,0.0,0.0,2.0,0.0,0.1724137931034483,0.1785714285714285,-5.3695908
FC(F)(CCl)OC(F)(F)CCl,214.973,2.666200000000001,70.21629666599455,9.23,0.0,1.0,4.0,0.0,0.1071428571428571,0.1111111111111111,-4.8148022
FC(F)(F)C(F)(Cl)C(F)(F)Cl,220.927,3.2848999999999995,67.06888012794352,0.0,0.0,0.0,1.0,0.0,0.16,0.1666666666666666,-4.1520586
O=C(F)C(F)(OC(F)(F)F)C(F)(F)F,232.02599999999995,2.247,70.43342792397989,26.3,0.0,2.0,2.0,0.0,0.2,0.25,-4.5554714
C=C(C)C(=O)OCCN(C)S(=O)(=O)C(F)(F)C(F)(F)C(F)(F)C(F)(F)C(F)(F)C(F)(F)C(F)(F)C(F)(F)F,625.2970000000003,5.334200000000003,199.76861633911284,63.68,0.0,4.0,12.0,0.0,0.3333333333333333,0.2790697674418604,-8.4744368
C=CC(=O)OCCN(C)S(=O)(=O)C(F)(F)C(F)(F)C(F)(F)C(F)(F)C(F)(F)C(F)(F)C(F)(F)C(F)(F)F,611.2700000000002,4.9441000000000015,193.40367422471624,63.68,0.0,4.0,12.0,0.0,0.3333333333333333,0.2790697674418604,-8.2709856
FC(F)OC(F)C(F)(F)F,168.03599999999997,2.0835,51.575892903687055,9.23,0.0,1.0,2.0,0.0,0.1034482758620689,0.1071428571428571,-4.0475225
OC(F)(F)C(F)(F)C(F)(F)C(F)(F)C(F)(F)C(F)(F)C(F)(F)CF,400.081,4.352800000000001,120.57111062469532,20.23,1.0,1.0,7.0,0.0,0.2068965517241379,0.2142857142857142,-5.8198123
FC(F)C(F)(F)C(F)Cl,168.492,2.4212000000000007,52.60007849813561,0.0,0.0,0.0,2.0,0.0,0.1071428571428571,0.1111111111111111,-4.092638
FC(F)C(F)(F)C(F)(F)C(F)(F)C(F)(F)C(F)(F)C(F)(F)F,370.055,4.990300000000001,109.4119347581027,0.0,0.0,0.0,5.0,0.0,0.32,0.3333333333333333,-5.3011589
O=S(=O)([O-])C(F)(F)C(F)(F)C(F)(F)C(F)(F)C(F)(F)C(F)(F)F,399.1039999999999,3.2279,116.34455784789424,57.2,0.0,3.0,5.0,0.0,0.5652173913043478,0.3461538461538461,-5.4099193
O=S(=O)([O-])CCC(F)(F)C(F)(F)C(F)(F)C(F)(F)C(F)(F)C(F)(F)C(F)(F)C(F)(F)F,527.172,4.931100000000002,158.4664679171856,57.2,0.0,3.0,9.0,0.0,0.3666666666666666,0.2903225806451613,-6.8716516
O=P(O)(O)C(F)(F)C(F)(F)C(F)(F)C(F)(F)C(F)(F)C(F)(F)C(F)(F)C(F)(F)F,500.041,5.131000000000002,145.15935559909167,57.53,2.0,1.0,7.0,0.0,0.3846153846153846,0.4,-6.3310575
FC(F)(F)C(F)(F)C(F)(C(F)(F)C(F)(F)F)C(F)(C(F)(F)F)C(F)(F)F,438.052,5.922800000000002,128.27348308127804,0.0,0.0,0.0,3.0,0.0,0.2608695652173913,0.2727272727272727,-5.475378
FC(F)(F)C(F)(F)C(F)(F)C1(F)OC(F)(F)C(F)(F)C(F)(F)C1(F)F,416.055,5.014000000000001,124.0501263514032,9.23,0.0,1.0,2.0,1.0,0.1764705882352941,0.1818181818181818,-5.2669063
OCC1CC(F)(F)C1(F)F,158.094,1.2692,54.649563695787705,20.23,1.0,1.0,1.0,1.0,0.0588235294117647,0.0606060606060606,-4.3434772
C=CC(F)(F)C(F)(F)C(F)(F)C(F)(F)C=C,254.11999999999995,3.899600000000001,85.23892298764717,0.0,0.0,0.0,5.0,0.0,0.1538461538461538,0.16,-5.2691836
O=C(NCc1ccccc1)C(F)(F)C(F)(F)C(F)(F)F,303.1769999999999,3.135700000000001,108.12624579561545,29.1,1.0,1.0,4.0,1.0,0.2051282051282051,0.3142857142857143,-5.8208404
FC(F)(F)C(F)(C(F)(F)F)C(F)(F)I,345.92999999999995,3.8471,84.58573411839913,0.0,0.0,0.0,1.0,0.0,0.16,0.1666666666666666,-4.8692627
CC1(C)[C@H](C(=O)OCC(F)(F)C(F)(F)C(F)(F)C(F)(F)C(F)(F)C(F)F)CC[C@]1(C)C(=O)OCC(F)(F)C(F)(F)C(F)(F)C(F)(F)C(F)(F)C(F)F,828.3720000000004,9.398499999999997,272.65007283475313,52.60000000000001,0.0,4.0,16.0,1.0,0.1481481481481481,0.1509433962264151,-8.7648792
FC(F)(F)C(F)(F)C(F)(F)OC(F)(C(F)(F)F)C(F)(OC(F)(F)C(F)(F)C(F)(F)F)C(F)(F)F,570.0640000000002,7.056600000000003,167.89259938078996,18.46,0.0,2.0,7.0,0.0,0.2222222222222222,0.2307692307692307,-6.4798737
C=CC(=O)OC(F)C(F)(F)C(F)(F)C(F)(F)C(F)(F)C(F)(F)C(F)(F)C(F)(F)C(F)(F)C(F)(F)CF,586.16,6.698400000000004,183.3796708708765,26.3,0.0,2.0,12.0,0.0,0.1627906976744186,0.1951219512195122,-7.5907793
FC(F)=C(F)C(F)(F)C(F)(F)C1(F)OC1(F)F,278.045,3.6234,85.63742667286833,12.53,0.0,1.0,3.0,1.0,0.1142857142857142,0.1515151515151515,-5.1411967
N#CSCCC(F)(F)C(F)(F)C(F)(F)C(F)(F)C(F)(F)C(F)(F)C(F)(F)C(F)(F)F,505.193,6.600180000000004,157.71846372837558,23.79,0.0,2.0,9.0,0.0,0.2352941176470588,0.2424242424242424,-7.0905261
O=S(=O)(F)C(F)(F)C(F)(F)OC(F)=C(F)F,280.0919999999999,2.523,82.50319821614583,43.370000000000005,0.0,3.0,4.0,0.0,0.25,0.1470588235294117,-4.6086879
O=C(O)C(F)(F)C(F)(Cl)C(F)(F)C(F)(Cl)C(F)(F)C(F)(Cl)Cl,429.877,4.8870000000000005,134.58754310031176,37.3,1.0,1.0,6.0,0.0,0.21875,0.4074074074074074,-5.9745493
O=C(OC(=O)C(F)(F)C(F)(F)C(F)(F)C(F)(F)C(F)(F)C(F)(F)C(F)(F)F)C(F)(F)C(F)(F)C(F)(F)C(F)(F)C(F)(F)C(F)(F)C(F)(F)F,810.1130000000004,8.804400000000005,242.61603426116008,43.370000000000005,0.0,3.0,12.0,0.0,0.3703703703703703,0.5652173913043478,-8.5691395
C=C(C)C(=O)OCC(F)(F)C(F)C(F)(F)F,250.13799999999992,2.641400000000001,86.8725225435296,26.3,0.0,2.0,4.0,0.0,0.1219512195121951,0.1538461538461538,-5.4095645
C=CC(=O)OCCN(C)S(=O)(=O)CCC(F)(F)C(F)(F)C(F)(F)C(F)(F)C(F)(F)C(F)(F)C(F)(F)C(F)(F)F,639.3240000000002,5.376700000000002,206.1335584535095,63.68,0.0,4.0,14.0,0.0,0.25,0.2291666666666666,-8.5298023
CC1(C)[C@@H]2CC[C@@]1(C)C(=O)C2C(=O)C(F)(F)C(F)(F)C(F)(F)F,348.258,4.029800000000003,126.95362822849816,34.14,0.0,2.0,3.0,2.0,0.1818181818181818,0.2439024390243902,-6.2622294
FC(F)(F)C(F)(C(F)(F)F)C(F)(F)C(F)(F)C(F)(F)C(F)(F)C(F)(F)C(F)(F)C(F)(F)C(F)(F)C(F)(F)C(F)(F)C(F)(F)C(F)(F)CC1CO1,826.1750000000002,10.231799999999998,250.1825785392628,12.53,0.0,1.0,14.0,1.0,0.1666666666666666,0.1714285714285714,-7.9165983
O=P(O)(O)OCC(O)CC(F)(F)C(F)(F)C(F)(F)C(F)(F)C(F)(F)C(F)(F)C(F)(F)C(F)(F)C(F)(F)C(F)(F)C(F)(C(F)(F)F)C(F)(F)F,824.1550000000004,8.032600000000006,247.72869578335693,86.99000000000001,3.0,3.0,15.0,0.0,0.1951219512195122,0.2,-7.8340397
C=C(C)C(=O)OCC(C)OC(=O)Nc1cc(NC(=O)OCCN(CC)S(=O)(=O)C(F)(F)C(F)(F)C(F)(F)C(F)(F)C(F)(F)F)ccc1C,739.5570000000005,6.312520000000006,264.9421256115233,140.33999999999995,2.0,8.0,15.0,1.0,0.1891891891891892,0.1447368421052631,-9.5515079
N#CC(F)(F)C(F)(F)OC(F)(C(F)(F)F)C(F)(F)OC(F)=C(F)F,389.067,4.627280000000001,121.37587317494508,42.25,0.0,3.0,6.0,0.0,0.15,0.125,-5.9833441
C=C(C)C(=O)OCCC(F)(F)C(F)(F)C(F)(F)C(F)(F)C(F)(F)C(F)(F)C(F)(F)C(F)(F)C(F)(C(F)(F)F)C(F)(F)F,682.2110000000002,8.411100000000003,214.97110342284503,26.3,0.0,2.0,12.0,0.0,0.1904761904761904,0.225,-8.1242266
C[N+](C)([O-])CCCNS(=O)(=O)CCC(F)(F)C(F)(F)C(F)(F)C(F)(F)C(F)(F)C(F)(F)F,528.331,3.9990000000000014,172.2992321231257,69.22999999999999,1.0,3.0,12.0,0.0,0.25,0.2,-7.7821803
FC(F)(F)C(F)(Cl)C(F)(Cl)C(F)(C(F)(F)F)C(F)(F)F,370.948,5.190800000000001,111.15691888869075,0.0,0.0,0.0,2.0,0.0,0.1481481481481481,0.1538461538461538,-5.2614598
CC[NH+](CCCNCC(O)CC(F)(F)C(F)(F)C(F)(F)C(F)(F)C(F)(F)C(F)(F)C(F)(F)C(F)(F)C(F)(F)C(F)(F)C(F)(F)C(F)(F)F)CCC(=O)[O-],850.3980000000003,5.312500000000005,277.966048075958,76.83,3.0,4.0,22.0,0.0,0.1851851851851851,0.2115384615384615,-9.0147495
C[N+](C)(CCCNCC(O)CC(F)(F)C(F)(F)C(F)(F)C(F)(F)C(F)(F)C(F)(F)C(F)(F)C(F)(F)C(F)(F)C(F)(F)C(F)(C(F)(F)F)C(F)(F)F)CCC(=O)[O-],900.4050000000003,7.119400000000009,292.8720324828023,72.39,2.0,4.0,21.0,0.0,0.1428571428571428,0.1666666666666666,-8.2965679
O=P(O)(OCCC(F)(F)C(F)(F)C(F)(F)C(F)(F)C(F)(F)C(F)(F)C(F)(F)C(F)(F)C(F)(F)C(F)(F)C(F)(F)C(F)(F)C(F)(F)C(F)(F)F)OCCC(F)(F)C(F)(F)C(F)(F)C(F)(F)C(F)(F)C(F)(F)C(F)(F)C(F)(F)C(F)(F)C(F)(F)C(F)(F)C(F)(F)C(F)(F)C(F)(F)F,1590.2780000000014,19.542600000000007,474.22444482953074,55.760000000000005,1.0,3.0,32.0,0.0,0.2941176470588235,0.303030303030303,-8.468009
O=S(=O)(OS(=O)(=O)C(F)(F)C(F)(F)C(F)(F)C(F)F)C(F)(F)C(F)(F)C(F)(F)C(F)F,546.201,3.919600000000001,158.72476202062165,77.51,0.0,5.0,10.0,0.0,0.2580645161290322,0.1515151515151515,-6.5842161
CCCCOCCOCCOCC(O)CC(F)(F)C(F)(F)C(F)(F)C(F)(F)C(F)(F)C(F)(F)C(F)(C(F)(F)F)C(F)(F)F,688.3620000000002,7.232000000000005,228.9531932976802,47.92,1.0,4.0,19.0,0.0,0.1489361702127659,0.1521739130434782,-9.1234713
CN(C)CCCNCC(O)CC(F)(F)C(F)(F)C(F)(F)C(F)(F)C(F)(F)C(F)(F)C(F)(F)C(F)(F)F,578.3070000000001,5.2881000000000045,191.1314141995321,35.5,2.0,3.0,14.0,0.0,0.2045454545454545,0.2093023255813953,-8.067832
OCC(O)CC(F)(F)C(F)(F)C(F)(F)C(F)(F)C(F)(F)C(F)(F)C(F)(F)C(F)(F)F,494.141,4.739100000000002,152.79124152593363,40.46,2.0,2.0,9.0,0.0,0.2903225806451613,0.3448275862068966,-6.9913998
FC(F)(F)C(F)(CC1CO1)C(F)(F)F,226.09099999999995,2.6082,73.83042349627387,12.53,0.0,1.0,2.0,1.0,0.125,0.1290322580645161,-4.7117925
O=C(Nc1cc(Cl)cc(Cl)c1)C(F)(F)C(F)(F)C(F)(F)F,358.04,4.7648,122.36783613498218,29.1,1.0,1.0,3.0,1.0,0.2105263157894736,0.2857142857142857,-5.7248545
CCCCCCCCCCCCCCCCCCCC(F)(F)C(F)(F)C(F)(F)C(F)(F)C(F)(F)C(F)(F)C(F)(F)C(F)(F)F,686.5750000000002,13.037499999999978,245.04184785188733,0.0,0.0,0.0,24.0,0.0,0.25,0.2580645161290322,-8.8161821
FC(F)(F)C(F)(F)C(F)(F)C(F)(F)C(F)(F)C(F)(F)CCCCCCCCC(F)(F)C(F)(F)C(F)(F)C(F)(F)C(F)(F)C(F)(F)F,750.2960000000007,11.58479999999999,237.9770716774472,0.0,0.0,0.0,17.0,0.0,0.2962962962962963,0.3076923076923077,-9.2751303
COc1ccc2c(c1)C[C@@H](CCCCCCCCCS(=O)CCCC(F)(F)C(F)(F)F)[C@@H]1[C@@H]2CC[C@]2(C)[C@@H](O)CC[C@@H]12,620.809,8.9856,250.3770569475277,46.53,1.0,3.0,15.0,4.0,0.0921052631578947,0.0789473684210526,-8.7644405
NC(=O)C(F)(F)C(F)(F)OC(F)(C(F)(F)F)C(F)(F)OC(F)=C(F)F,407.082,3.589,126.4847062905328,61.55000000000001,1.0,3.0,7.0,0.0,0.175,0.2105263157894736,-6.0969591
CCOC(=O)c1ccc(C(c2ccc(C(=O)OCC)c(C(=O)O)c2)(C(F)(F)F)C(F)(F)F)cc1C(=O)O,536.3770000000001,4.847100000000004,203.957719365062,127.20000000000005,2.0,6.0,8.0,2.0,0.1276595744680851,0.1818181818181818,-8.274353
COC(=O)C(CCC(F)(F)C(F)(F)C(F)(F)C(F)(F)C(F)(F)C(F)(F)F)C(=O)OC,478.201,4.467600000000002,157.82065129773116,52.60000000000001,0.0,4.0,9.0,0.0,0.2702702702702703,0.3142857142857143,-7.3974328
COC1(C(F)(C(F)(F)F)C(F)(F)F)OC(F)(C(F)(C(F)(F)F)C(F)(F)F)C(F)(F)C1(F)F,528.105,5.961500000000003,160.7551041328786,18.46,0.0,2.0,3.0,1.0,0.1025641025641025,0.1052631578947368,-6.1566901
O=C(F)C1(F)C(F)(F)C(F)(F)C(F)(C(F)(F)F)C1(F)F,328.052,3.3809,100.07101949583854,17.07,0.0,1.0,1.0,1.0,0.1470588235294117,0.2258064516129032,-4.7977362
FC(F)(F)C(F)(F)OC(F)(F)C(F)(F)C(F)(F)F,304.03,3.9485,89.29898955003767,9.23,0.0,1.0,3.0,0.0,0.2307692307692307,0.24,-5.0878339
O=S(=O)(NCCO)C(F)(F)C(F)(F)C(F)(F)C(F)(F)C(F)(F)C(F)(F)C(F)(F)C(F)(F)F,543.195,3.8650000000000007,163.94270373536412,66.4,2.0,3.0,10.0,0.0,0.4666666666666667,0.303030303030303,-7.2529678
O=C(O)C(OC(F)(F)C(F)(F)C(F)(F)C(F)(F)F)(C(F)(F)F)C(F)(F)F,430.06299999999993,4.3767,129.84617795424597,46.53,1.0,2.0,5.0,0.0,0.2903225806451613,0.4444444444444444,-5.8302331
O=C([O-])C(F)(F)C(F)(F)C(F)(F)F,213.028,0.5691999999999996,65.94858104374279,40.13,0.0,2.0,2.0,0.0,0.3076923076923077,0.4347826086956521,-4.2404289
O=C([O-])C(F)(F)C(F)(F)C(F)(F)C(F)(F)C(F)(F)C(F)(F)C(F)(F)C(F)(F)F,463.06299999999993,3.7457,139.42864564498814,40.13,0.0,2.0,7.0,0.0,0.3846153846153846,0.5909090909090909,-5.9997678
O=S(=O)(O)C(F)(F)C(F)(F)OC(F)(F)C(F)(F)C(F)(F)C(F)(F)C(F)(F)C(F)(F)Cl,532.5799999999999,5.042,156.98785974185472,63.60000000000001,1.0,3.0,9.0,0.0,0.4333333333333333,0.2,-6.8166161
C[N+](C)(CCCC(F)(F)C(F)(F)C(F)(F)C(F)(F)C(F)(F)C(F)(F)C(F)(F)C(F)(F)C(F)(F)F)CC(=O)[O-],613.255,5.237600000000005,198.2841164084156,40.13,0.0,2.0,13.0,0.0,0.25,0.2894736842105263,-8.0883293
C[N+](C)(CCCNS(=O)(=O)CCC(F)(F)C(F)(F)C(F)(F)C(F)(F)C(F)(F)C(F)(F)C(F)(F)C(F)(F)C(F)(F)C(F)(F)C(F)(F)C(F)(F)F)CC(=O)[O-],870.4100000000003,6.062900000000005,277.4126774739791,86.3,1.0,4.0,20.0,0.0,0.2448979591836734,0.2244897959183673,-8.7788639
C[N+](C)(CCCC(F)(F)C(F)(F)C(F)(F)C(F)(F)C(F)(F)C(F)(F)C(F)(F)C(F)(F)C(F)(F)C(F)(F)C(F)(F)F)CC(=O)[O-],713.2690000000001,6.508200000000008,227.6761422489137,40.13,0.0,2.0,15.0,0.0,0.25,0.2894736842105263,-8.5952463
O=C(O)CSCCC(F)(F)C(F)(F)C(F)(F)C(F)(F)C(F)(F)C(F)(F)C(F)(F)C(F)(F)F,538.219,6.203700000000003,168.64658201354322,37.3,1.0,2.0,11.0,0.0,0.2857142857142857,0.375,-7.4707036
CN(C)CCCNS(=O)(=O)CCC(F)(F)C(F)(F)C(F)(F)C(F)(F)C(F)(F)C(F)(F)C(F)(F)C(F)(F)C(F)(F)C(F)(F)F,712.3600000000002,6.527600000000003,226.12504006585263,49.41,1.0,3.0,16.0,0.0,0.2619047619047619,0.2093023255813953,-9.1305485
[2H]OC(=O)C(F)(F)C(F)(F)C(F)(F)C(F)(F)C(F)(F)C(F)(F)C(F)(F)F,415.0701017779999,4.4451,126.22427348303414,37.3,1.0,2.0,6.0,0.0,0.3571428571428571,0.6818181818181818,-5.7432709
O=C([O-])C(F)(F)C(F)(F)C(F)(F)C(F)(F)C(F)(F)C(F)(F)C(F)(F)C(F)(F)C(F)F,495.0799999999999,4.083799999999999,149.959123162311,40.13,0.0,2.0,9.0,0.0,0.2121212121212121,0.3448275862068966,-6.4686203
O=C(O)C(F)(F)C(F)(F)C(F)(F)C(F)(F)C(F)(F)C(F)(F)C(F)(F)C(F)(F)C(F)(F)C(F)(F)C(F)(F)C(F)(F)C(F)(F)C(F)(F)C(F)(F)C(F)F,846.1370000000005,9.865600000000002,252.8312136040545,37.3,1.0,1.0,16.0,0.0,0.21875,0.5833333333333334,-7.7928925
O=C([O-])C(F)(F)C(F)(F)C(F)(F)C(F)(F)C(F)(F)C(F)(F)C(F)(F)C(F)(F)C(F)(F)C(F)(F)C(F)(F)C(F)(F)C(F)F,695.1080000000003,6.625000000000003,208.7431748433073,40.13,0.0,2.0,13.0,0.0,0.2121212121212121,0.3448275862068966,-7.5695405
C[N+](C)([O-])CCCNC(=O)C(F)(F)C(F)(F)C(F)(F)C(F)(F)C(F)(F)C(F)(F)F,464.222,3.8057000000000025,153.33503621635776,52.16,1.0,2.0,9.0,0.0,0.2439024390243902,0.3513513513513513,-7.1958199
CN(C)CCCNC(=O)C(F)(F)C(F)(F)C(F)(F)C(F)(F)C(F)(F)C(F)(F)C(F)(F)C(F)(F)F,548.2370000000001,5.0637000000000025,177.7688183185866,32.34,1.0,2.0,11.0,0.0,0.2564102564102564,0.3714285714285714,-7.9965563
C[N+](C)(CCCN(CCC(=O)[O-])S(=O)(=O)C(F)(F)C(F)(F)C(F)(F)C(F)(F)F)CCC(=O)[O-],527.3820000000001,-0.2095999999999998,181.74018567961485,117.64,0.0,6.0,14.0,0.0,0.2888888888888888,0.2127659574468085,-8.6982231
O=C([O-])CCC(F)(F)C(F)(F)C(F)(F)F,241.082,1.3494000000000002,78.678465272536,40.13,0.0,2.0,4.0,0.0,0.2580645161290322,0.3103448275862069,-5.0754042
O=C([O-])C(F)(F)C(F)OC(F)(F)C(F)(F)C(F)(F)OC(F)(F)F,377.057,2.0410999999999992,116.09817486057754,58.59,0.0,4.0,7.0,0.0,0.15,0.1842105263157894,-6.1415553
C=C(C)C(=O)OCC(C)OC(=O)Nc1cc(NC(=O)OCCCCN(C)S(=O)(=O)C(F)(F)C(F)(F)C(F)(F)C(F)(F)F)ccc1C,703.5770000000005,6.067320000000006,256.6110548056709,140.33999999999995,2.0,8.0,15.0,1.0,0.1733333333333333,0.1447368421052631,-10.20233
FC(F)(F)C1(F)C(F)(F)C(F)(F)C(F)(F)C(F)(C2(F)C(F)(F)C(F)(F)C(F)(F)C(F)(C(F)(F)F)C2(F)F)C1(F)F,662.1020000000002,8.053800000000004,197.7757566840091,0.0,0.0,0.0,1.0,2.0,0.0967741935483871,0.1,-6.415422
FC(F)(F)C(C(F)(F)F)(C(F)(F)F)C1(F)C(F)(F)C(F)(F)C(F)(F)C2(F)C(F)(F)C(F)(F)C(F)(F)C(F)(F)C21F,662.1020000000002,8.258900000000004,197.77575668400908,0.0,0.0,0.0,1.0,2.0,0.125,0.1290322580645161,-5.5898108
CCO[Si](C)(CCC(F)(F)C(F)(F)C(F)(F)C(F)(F)C(F)(F)C(F)(F)C(F)(F)C(F)(F)F)OCC,580.351,7.530900000000006,186.5172772413354,18.46,0.0,2.0,13.0,0.0,0.2162162162162162,0.2222222222222222,-8.8199024
CCO[Si](CCCNC(=O)C(F)(F)C(F)(F)C(F)(F)C(F)(F)C(F)(F)F)(OC)OC,489.354,3.8644000000000025,163.74243863705172,56.790000000000006,1.0,4.0,12.0,0.0,0.217391304347826,0.3095238095238095,-8.280551
O=C(Br)C1(F)C(F)(F)C(F)(F)C(F)(F)C(F)(F)C1(F)F,388.9579999999999,3.8063,109.77303169855364,17.07,0.0,1.0,1.0,1.0,0.1,0.1428571428571428,-4.9311967
NCCC(F)(F)C(F)(F)C(F)(F)C(F)(F)C(F)(F)F,313.11,3.4387000000000008,98.0896838434105,26.02,1.0,1.0,5.0,0.0,0.2857142857142857,0.2962962962962963,-5.0953197
O=S(=O)(O)[13C](F)(F)[13C](F)(F)[13C](F)(F)[13C](F)(F)C(F)(F)C(F)(F)C(F)(F)C(F)(F)F,504.09541936,4.841100000000001,145.7365836883924,54.370000000000005,1.0,2.0,7.0,0.0,1.0,0.4,-6.2877955
CC(C)(CS(=O)(=O)[O-])NC(=O)CCS(=O)CCC(F)(F)C(F)(F)C(F)(F)C(F)(F)C(F)(F)C(F)(F)F,602.4110000000003,3.6941000000000015,196.71467536469143,103.37,1.0,5.0,13.0,0.0,0.2448979591836734,0.2244897959183673,-8.8030653
CCCC(F)(F)C(F)(F)C(F)(F)F,212.108,3.6194000000000015,69.72270942029624,0.0,0.0,0.0,3.0,0.0,0.2142857142857142,0.2222222222222222,-4.9936371
CCCCCCC(F)(F)C(F)(F)C(F)(F)F,254.189,4.7897000000000025,88.81753576348606,0.0,0.0,0.0,6.0,0.0,0.1875,0.1935483870967742,-5.7975583
CCC(F)(F)C(F)(F)C(F)(F)C(F)(F)C(F)(F)F,298.0949999999999,4.499900000000001,92.74979314639778,0.0,0.0,0.0,4.0,0.0,0.3076923076923077,0.32,-5.4389377
NCCC(F)(F)C(F)(F)C(F)(F)F,213.096,2.1681,68.69765800291235,26.02,1.0,1.0,3.0,0.0,0.2142857142857142,0.2222222222222222,-4.6013279
C=C=CC(F)(F)C(F)(F)C(F)(F)C(F)(F)F,258.083,3.7957,83.03951627617681,0.0,0.0,0.0,3.0,0.0,0.2413793103448276,0.25,-5.0320973
CCC(N)CC(F)(F)C(F)(F)C(F)(F)F,241.14999999999995,2.9467000000000008,81.42754223170556,26.02,1.0,1.0,4.0,0.0,0.1818181818181818,0.1875,-5.4165592
F/C=C(/F)C(F)(F)C(F)(F)C(F)(F)C(F)(F)F,282.052,4.235,85.69524799981691,0.0,0.0,0.0,3.0,0.0,0.2857142857142857,0.4,-4.9406757
FC(F)(F)C(F)(F)C(F)(F)CCCCCCC(F)(F)C(F)(F)C(F)(F)F,422.19999999999993,6.992800000000004,137.0711099271595,0.0,0.0,0.0,9.0,0.0,0.2222222222222222,0.2307692307692307,-6.7292709
CCCCCCC(F)(F)C(F)(F)C(F)(F)C(F)(F)C(F)(F)C(F)(F)C(F)(F)F,454.2169999999999,7.330900000000005,147.60158744448233,0.0,0.0,0.0,10.0,0.0,0.25,0.2580645161290322,-7.0970011
O=CCC(F)(F)C(F)(F)C(F)(F)C(F)(F)F,262.071,3.0436000000000005,82.21530232619247,17.07,0.0,1.0,4.0,0.0,0.2857142857142857,0.2962962962962963,-5.058063
CCCCCCC(F)(F)C(F)(F)C(F)(F)C(F)(F)C(F)(F)C(F)(F)C(F)(F)C(F)(F)F,504.22399999999993,7.966200000000006,162.29760036473144,0.0,0.0,0.0,11.0,0.0,0.25,0.2580645161290322,-7.6206594
FC(F)(F)C(F)(F)C(F)(F)CCC(F)(F)C(F)(F)C(F)(F)C(F)(F)C(F)(F)C(F)(F)F,516.1129999999999,7.338300000000004,155.69938023032032,0.0,0.0,0.0,8.0,0.0,0.32,0.3333333333333333,-6.669251
FC(F)(F)C(F)(F)C(F)(F)C(F)(F)C(F)(F)C(F)(F)C(F)(F)C(F)(F)C(F)(F)C(F)(F)CCBr,627.0259999999998,8.051400000000005,180.0974053532845,0.0,0.0,0.0,10.0,0.0,0.2857142857142857,0.2962962962962963,-7.3363504
CCC(I)CC(F)(F)C(F)(F)C(F)(F)C(F)(F)C(F)(F)C(F)(F)C(F)(F)C(F)(F)F,602.0660000000001,7.599500000000005,168.82955425698182,0.0,0.0,0.0,9.0,0.0,0.2424242424242424,0.25,-7.1553693
OCC=CC(F)(F)C(F)(F)C(F)(F)C(F)(F)F,276.098,3.0031000000000008,88.52335306055706,20.23,1.0,1.0,4.0,0.0,0.2666666666666666,0.2758620689655172,-5.3291554
FC(F)(F)C(F)(F)C(F)(F)C(F)(F)C(F)(F)C(F)(F)C(F)(F)C(F)(F)C(F)(F)C(F)(F)C(F)(F)CCI,724.0329999999999,8.726800000000003,200.18770878893588,0.0,0.0,0.0,11.0,0.0,0.2857142857142857,0.2962962962962963,-8.1562881
CCCCCCCCC(F)(F)C(F)(F)C(F)(F)C(F)(F)C(F)(F)C(F)(F)C(F)(F)C(F)(F)C(F)(F)C(F)(F)F,632.2920000000001,10.016999999999994,204.4195104340228,0.0,0.0,0.0,15.0,0.0,0.25,0.2580645161290322,-7.9857125
CCCCCCCCCCC(I)CC(F)(F)C(F)(F)C(F)(F)C(F)(F)C(F)(F)C(F)(F)F,614.2680000000003,9.449699999999998,190.35706533165657,0.0,0.0,0.0,15.0,0.0,0.2051282051282051,0.2105263157894736,-8.2848692
CCCCC(F)(F)C(F)(F)C(F)(F)C(F)(F)C(F)(F)C(F)(F)C(F)(F)C(F)(F)C(F)(F)C(F)(F)C(F)(F)C(F)(F)F,676.1980000000002,9.727199999999998,208.3517678169345,0.0,0.0,0.0,13.0,0.0,0.2666666666666666,0.2758620689655172,-8.6674318
OCCOCCOCC(F)(F)C(F)(F)C(F)(F)F,288.15899999999993,1.8448,97.4739178602992,38.69,1.0,3.0,8.0,0.0,0.2058823529411764,0.2121212121212121,-5.881278
CCCCCCCCCCCCC=CC(F)(F)C(F)(F)C(F)(F)C(F)(F)F,414.396,8.321800000000005,153.74348256672374,0.0,0.0,0.0,14.0,0.0,0.1944444444444444,0.2,-8.1981268
CCCCCCCCCCCCC(F)(F)C(F)(F)C(F)(F)C(F)(F)C(F)(F)C(F)(F)C(F)(F)C(F)(F)C(F)(F)C(F)(F)F,688.4000000000002,11.577399999999988,229.87927889160923,0.0,0.0,0.0,19.0,0.0,0.25,0.2580645161290322,-8.6820412
CCCCCCCCCCCCCCC(I)CC(F)(F)C(F)(F)C(F)(F)C(F)(F)C(F)(F)C(F)(F)C(F)(F)F,720.3830000000004,11.645399999999984,230.5128467094921,0.0,0.0,0.0,20.0,0.0,0.2051282051282051,0.2105263157894736,-8.5247955
CCCCCCCCCCCCC(F)(F)C(F)(F)C(F)(F)C(F)(F)C(F)(F)C(F)(F)C(F)(F)C(F)(F)C(F)(F)C(F)(F)C(F)(F)F,738.4070000000003,12.212699999999986,244.5752918118583,0.0,0.0,0.0,20.0,0.0,0.25,0.2580645161290322,-8.7747869
CCCCCCCCCCCCCCCC(F)(F)C(F)(F)C(F)(F)C(F)(F)C(F)(F)C(F)(F)C(F)(F)C(F)(F)C(F)(F)C(F)(F)F,730.4810000000002,12.747699999999982,248.97410523479903,0.0,0.0,0.0,22.0,0.0,0.25,0.2580645161290322,-8.6588869
FC(F)(F)C(F)(F)C(F)(F)C(F)(F)C(F)(F)C(F)(F)CCCCCCC(F)(F)C(F)(F)C(F)(F)C(F)(F)C(F)(F)C(F)(F)F,722.2420000000005,10.804599999999994,225.247187448654,0.0,0.0,0.0,15.0,0.0,0.2962962962962963,0.3076923076923077,-7.8095999
OCCCCCCCCCCCC(F)(F)C(F)(F)C(F)(F)C(F)(F)C(F)(F)C(F)(F)F,490.344,7.618500000000006,169.52451884841233,20.23,1.0,1.0,15.0,0.0,0.2903225806451613,0.3,-8.3842144
CCCCCCCCC(I)CC(F)(F)C(F)(F)C(F)(F)C(F)(F)C(F)(F)C(F)(F)C(F)(F)C(F)(F)C(F)(F)C(F)(F)F,786.2420000000004,11.210699999999992,236.41123278385965,0.0,0.0,0.0,17.0,0.0,0.2051282051282051,0.2105263157894736,-8.9825087
N#CCCC(F)(F)C(F)(F)C(F)(F)C(F)(F)C(F)(F)C(F)(F)C(F)(F)C(F)(F)F,473.1259999999999,6.299580000000003,147.5953537030103,23.79,0.0,1.0,8.0,0.0,0.2580645161290322,0.2666666666666666,-6.7852468
CCCCCCCCCCCCCC(F)(F)C(F)(F)C(F)(F)C(F)(F)C(F)(F)C(F)(F)C(F)(F)C(F)(F)C(F)(F)C(F)(F)C(F)(F)C(F)(F)F,802.4410000000004,13.238099999999983,265.636246846504,0.0,0.0,0.0,22.0,0.0,0.25,0.2580645161290322,-10.074729
C=CC(F)(F)C(F)(F)C(F)(F)C(F)(F)C(F)(F)C(F)(F)C(F)(F)C(F)(F)C(F)(F)C(F)(F)C(F)(F)C(F)(F)C(F)(F)F,696.1350000000002,9.358300000000002,209.6282934762061,0.0,0.0,0.0,12.0,0.0,0.3076923076923077,0.32,-7.2892013
N=C(N)C(F)(F)C(F)(F)C(F)(F)C(F)(F)C(F)(F)F,312.08199999999994,3.02587,96.41009272827868,49.870000000000005,2.0,1.0,4.0,0.0,0.3333333333333333,0.4583333333333333,-5.1294255
CC(=O)C(F)(F)C(F)(F)C(F)(F)C(F)(F)C(F)(F)C(F)(F)F,362.0849999999999,4.3142000000000005,111.6073281666906,17.07,0.0,1.0,5.0,0.0,0.3846153846153846,0.5909090909090909,-5.6003022
N=C(NO)C(F)(F)C(F)(F)C(F)(F)F,228.067,1.7753699999999997,71.97631062604985,56.11,3.0,2.0,2.0,0.0,0.2413793103448276,0.2962962962962963,-4.5924273
O=C(Cl)CCCCCCCCCCC(F)(F)C(F)(F)C(F)(F)C(F)(F)F,422.7589999999999,7.121000000000005,149.80304758264364,17.07,0.0,1.0,13.0,0.0,0.2571428571428571,0.303030303030303,-7.447
COc1ccc(C(F)(F)C(F)(F)C(F)(F)F)cc1,276.15099999999995,3.984600000000001,97.16346462707394,9.23,0.0,1.0,3.0,1.0,0.1714285714285714,0.1764705882352941,-6.0440059
CCC(C)(O)C#CC(F)(F)C(F)(F)C(F)(F)C(F)(F)F,316.1629999999999,3.619000000000001,107.3070078277904,20.23,1.0,1.0,3.0,0.0,0.2352941176470588,0.2424242424242424,-6.3307986
FC(F)(F)C(F)(F)C(F)(F)C(F)(F)C(F)(F)C(F)(F)CC(I)CCCCC(I)CC(F)(F)C(F)(F)C(F)(F)C(F)(F)C(F)(F)C(F)(F)F,1002.0880000000004,12.411799999999989,276.50074791953443,0.0,0.0,0.0,17.0,0.0,0.2424242424242424,0.25,-9.7409554
O=CC(F)(F)C(F)(F)C(F)(F)C(F)(F)C(F)(F)C(F)(F)C(F)(F)C(F)(F)C(F)(F)C(F)(F)F,548.086,6.465300000000004,164.0264377332903,17.07,0.0,1.0,9.0,0.0,0.36,0.375,-6.6633453
FC(F)(F)C(F)(F)C(F)(F)C(F)(F)C(F)(F)C(F)(F)C(F)(F)C(F)(F)C(F)(F)C(F)(F)C(F)(F)C(F)(F)CCCCCCCCC(F)(F)C(F)(F)C(F)(F)C(F)(F)C(F)(F)C(F)(F)C(F)(F)C(F)(F)C(F)(F)C(F)(F)C(F)(F)C(F)(F)F,1350.3800000000003,19.20840000000001,414.32922672043605,0.0,0.0,0.0,29.0,0.0,0.2962962962962963,0.3076923076923077,-8.8794222
FC(F)(F)C(F)(F)C(F)(F)C(F)(F)C(F)(F)C(F)(F)C(F)(F)C(F)(F)CC(I)CC(I)CC(F)(F)C(F)(F)C(F)(F)C(F)(F)C(F)(F)C(F)(F)C(F)(F)C(F)(F)F,1160.0350000000003,13.782699999999991,316.1899732573409,0.0,0.0,0.0,18.0,0.0,0.2580645161290322,0.2666666666666666,-8.6528912
FC(F)(F)C(F)(F)C(F)(F)C(F)(F)C(F)(F)C(F)(F)C(F)(F)C(F)(F)C(F)(F)C(F)(F)C(F)(F)C(F)(F)CCCCCCCCCCCCC(F)(F)C(F)(F)C(F)(F)C(F)(F)C(F)(F)C(F)(F)C(F)(F)C(F)(F)C(F)(F)C(F)(F)C(F)(F)C(F)(F)F,1406.488,20.768800000000024,439.7889951780225,0.0,0.0,0.0,33.0,0.0,0.2962962962962963,0.3076923076923077,-7.2109904
C#CCOCCC(F)(F)C(F)(F)C(F)(F)C(F)(F)C(F)(F)C(F)(F)F,402.1499999999999,4.765100000000001,130.6534030312028,9.23,0.0,1.0,8.0,0.0,0.2222222222222222,0.2285714285714285,-6.518611
O=C(Cl)CCCCCCCCCCC(F)(F)C(F)(F)C(F)(F)C(F)(F)C(F)(F)C(F)(F)F,522.7729999999999,8.391600000000004,179.19507342314176,17.07,0.0,1.0,15.0,0.0,0.2857142857142857,0.3333333333333333,-7.7197938
N#Cc1ccc(C(F)(F)C(F)(F)C(F)(F)C(F)(F)F)cc1,321.14199999999994,4.48298,111.13851199928484,23.79,0.0,1.0,3.0,1.0,0.2,0.2058823529411764,-5.7224584
CN(C)CC(O)CC(F)(F)C(F)(F)C(F)(F)C(F)(F)F,321.1829999999999,2.7672000000000017,107.7026739917379,23.47,1.0,2.0,6.0,0.0,0.2285714285714285,0.2352941176470588,-5.6788568
FC(F)(F)C(F)(F)C(F)(F)C(F)(F)C(F)(F)C(F)(F)C(F)(F)C(F)(F)C(F)(F)C(F)(F)C(F)(F)C(F)(F)CC(I)CCCCCCCCC(I)CC(F)(F)C(F)(F)C(F)(F)C(F)(F)C(F)(F)C(F)(F)C(F)(F)C(F)(F)C(F)(F)C(F)(F)C(F)(F)C(F)(F)F,1658.2800000000002,21.595800000000025,478.31267142010967,0.0,0.0,0.0,33.0,0.0,0.2352941176470588,0.2424242424242424,-9.5394211
Nc1ccccc1C(F)(F)C(F)(F)C(F)(F)C(F)(F)F,311.14699999999993,4.1935,105.72088090043222,26.02,1.0,1.0,3.0,1.0,0.2058823529411764,0.2121212121212121,-5.4505124
FC(F)(F)C(F)(F)C(F)(F)C(C/C=C/CC(C(F)(F)F)(C(F)(F)F)C(F)(F)C(F)(F)C(F)(F)F)(C(F)(F)F)C(F)(F)F,692.1720000000004,10.2106,211.82770018767656,0.0,0.0,0.0,8.0,0.0,0.25,0.2592592592592592,-6.3253746
Cc1ccc(C(F)(F)C(F)(F)C(F)(F)C(F)(F)C(F)(F)C(F)(F)C(F)(F)C(F)(F)F)cc1,510.187,7.460920000000004,165.52998399881238,0.0,0.0,0.0,7.0,1.0,0.25,0.2580645161290322,-7.1177282
CCN(CC)C(=O)C(F)(F)C(F)(F)C(F)(F)F,269.1599999999999,2.6877000000000013,92.37394941933658,20.31,0.0,1.0,4.0,0.0,0.25,0.3448275862068966,-5.9920278
O=C(CC(=O)C(F)(F)C(F)(F)C(F)(F)C(F)(F)F)C(F)(F)C(F)(F)C(F)(F)C(F)(F)F,508.09899999999993,5.451100000000002,155.69135362455538,34.14,0.0,2.0,8.0,0.0,0.3333333333333333,0.5217391304347826,-6.551291
FC(F)(F)C(F)(F)C(F)(F)C(F)(F)CCOCC1CO1,320.15100000000007,3.2601000000000013,106.36986587482308,21.76,0.0,2.0,7.0,1.0,0.1794871794871795,0.1842105263157894,-6.2674937
FC(F)(F)C(F)(F)C(F)(F)C(F)(F)C1=Cc2ccccc2C1,334.1810000000001,5.094300000000002,117.78038236089589,0.0,0.0,0.0,3.0,2.0,0.1794871794871795,0.1842105263157894,-5.880548
FC(F)(F)C(F)(F)C(F)(F)c1cc(Cl)ccn1,281.558,4.024400000000001,95.2078914909986,12.89,0.0,1.0,2.0,1.0,0.1578947368421052,0.1621621621621621,-5.1678996
O=C(C=CC(F)(F)C(F)(F)C(F)(F)F)c1ccccc1,300.173,4.258400000000002,108.2517226942198,17.07,0.0,1.0,4.0,1.0,0.2105263157894736,0.2857142857142857,-5.7874708
NC(=O)C(F)(F)C(F)(F)C(F)(F)C(F)(F)C(F)(F)C(F)(F)C(F)(F)C(F)(F)F,463.08699999999993,4.4811000000000005,139.97430258980486,43.09,1.0,1.0,7.0,0.0,0.3846153846153846,0.5909090909090909,-6.0889297
C=COC(=O)C(F)(F)C(F)(F)C(F)(F)C(F)(F)C(F)(F)C(F)(F)F,390.095,4.411900000000001,122.39621247840984,26.3,0.0,2.0,6.0,0.0,0.3548387096774194,0.4642857142857143,-5.7598128
CC(=O)OCCC(F)(F)C(F)(F)C(F)(F)C(F)(F)C(F)(F)C(F)(F)C(F)(F)C(F)(F)F,506.152,5.9490000000000025,158.84278346548888,26.3,0.0,2.0,9.0,0.0,0.2941176470588235,0.34375,-7.1872225
CCCCCNC(=O)C(F)(F)C(F)(F)C(F)(F)F,283.18699999999995,3.125700000000001,98.52892004713786,29.1,1.0,1.0,6.0,0.0,0.25,0.2941176470588235,-5.727108
O=S(=O)(OCC(F)(F)C(F)(F)F)C(F)(F)C(F)(F)C(F)(F)C(F)(F)F,432.129,3.9561,127.19434684252798,43.370000000000005,0.0,3.0,6.0,0.0,0.4,0.2424242424242424,-5.9667134
O=C(O)c1ccc(OCC(F)(F)C(F)(F)C(F)(F)F)cc1,320.1599999999999,3.5965000000000016,112.4841625937103,46.53,1.0,2.0,5.0,1.0,0.2,0.2702702702702703,-5.8976984
CCOC(=O)C(=O)C(F)(F)C(F)(F)C(F)(F)C(F)(F)C(F)(F)C(F)(F)F,420.1209999999999,3.8574,133.61227972503443,43.370000000000005,0.0,3.0,7.0,0.0,0.2941176470588235,0.4333333333333333,-6.4127336
O=S(=O)(CCCl)CCC(F)(F)C(F)(F)C(F)(F)C(F)(F)C(F)(F)C(F)(F)F,474.666,4.768900000000001,147.1043549041083,34.14,0.0,2.0,9.0,0.0,0.3333333333333333,0.2647058823529412,-6.8901544
O=C(O)c1ccc(C(F)(F)C(F)(F)C(F)(F)F)nc1,291.122,3.0692000000000004,100.2253232307533,50.19,1.0,2.0,3.0,1.0,0.2051282051282051,0.2777777777777778,-5.637568
Oc1ccc(OCC(F)(F)C(F)(F)C(F)(F)C(F)(F)C(F)(F)F)cc1,392.16399999999993,4.874500000000002,131.34972421976806,29.46,1.0,2.0,6.0,1.0,0.2432432432432432,0.25,-6.3245082
NNC(=O)C(F)(F)C(F)(F)C(F)(F)C(F)(F)C(F)(F)C(F)(F)F,378.088,2.7151,116.10227495314972,55.12,2.0,2.0,5.0,0.0,0.3448275862068966,0.52,-5.6202645
O=C(O)c1ccnc(C(F)(F)C(F)(F)C(F)(F)F)c1,291.122,3.0692000000000004,100.22532323075332,50.19,1.0,2.0,3.0,1.0,0.2,0.2702702702702703,-5.8987174
O=C(NCC(F)(F)C(F)(F)C(F)(F)F)c1ccccc1,303.177,3.2493000000000007,108.12624579561547,29.1,1.0,1.0,4.0,1.0,0.2051282051282051,0.2777777777777778,-5.8038192
FC(F)(F)C(F)(F)C(F)(F)C(F)(F)C(F)(F)C(F)(F)C(F)(F)c1cnc[nH]1,436.118,5.240300000000001,136.89783736612753,28.68,1.0,1.0,6.0,1.0,0.2285714285714285,0.2352941176470588,-6.2917013
N#Cc1cnc(C(F)(F)C(F)(F)C(F)(F)F)nc1N,288.126,2.21988,100.2216857379415,75.59,1.0,4.0,2.0,1.0,0.1395348837209302,0.1428571428571428,-5.5295267
FC(F)(F)C(F)(F)C(F)(F)C(F)(F)C(F)(F)C(F)(F)c1ccsc1I,528.071,6.548000000000001,146.6752174353728,0.0,0.0,1.0,5.0,1.0,0.2222222222222222,0.2285714285714285,-6.1380677
O=c1[nH]c(=S)[nH]cc1C(F)(F)C(F)(F)C(F)(F)F,296.1669999999999,2.72189,98.6445755923121,48.65,2.0,2.0,2.0,1.0,0.1794871794871795,0.1842105263157894,-5.3090768
O=S(=O)(OCC(F)(F)C(F)(F)C(F)(F)C(F)(F)C(F)(F)C(F)(F)C(F)(F)C(F)(F)C(F)(F)C(F)(F)C(F)(F)F)C(F)(F)C(F)(F)C(F)(F)C(F)(F)F,882.1920000000005,9.673800000000002,259.4584631247696,43.370000000000005,0.0,3.0,15.0,0.0,0.4333333333333333,0.2727272727272727,-8.4348764
CC(CNC(=O)C(F)(F)C(F)(F)C(F)(F)F)c1ccccc1,331.231,3.739200000000002,120.8561300244087,29.1,1.0,1.0,5.0,1.0,0.1818181818181818,0.275,-6.4440732
O=C(NNc1ccccc1)C(F)(F)C(F)(F)C(F)(F)F,304.1649999999999,2.9626,107.28130188506184,41.13,2.0,2.0,4.0,1.0,0.2105263157894736,0.3235294117647059,-5.6952724
O=C(O)C=CC(=O)OC(F)(F)C(F)(F)C(F)(F)C(F)(F)C(F)(F)C(F)(F)C(F)(F)C(F)(F)F,534.118,5.137300000000001,167.10893628554436,63.6,1.0,3.0,9.0,0.0,0.2941176470588235,0.3870967741935484,-7.3377647
O=C(O)c1ccc(NCC(F)(F)C(F)(F)C(F)(F)C(F)(F)C(F)(F)C(F)(F)C(F)(F)F)cc1,519.204,6.170800000000002,171.70453122880775,49.33,2.0,2.0,9.0,1.0,0.25,0.3243243243243243,-7.4326091
Nc1nc(C(F)(F)C(F)(F)C(F)(F)F)nc2[nH]cnc12,303.141,2.2245,104.5746368757722,80.48,2.0,4.0,2.0,2.0,0.1363636363636363,0.1395348837209302,-5.7093477
O=C(NCCO)C(F)(F)C(F)(F)C(F)(F)C(F)(F)C(F)(F)C(F)(F)C(F)(F)C(F)(F)F,507.13999999999993,4.1043,157.70839205738943,49.33,2.0,2.0,9.0,0.0,0.303030303030303,0.4482758620689655,-7.0829344
CCc1ccccc1NC(=O)C(F)(F)C(F)(F)C(F)(F)F,317.2039999999999,4.020400000000001,114.49118791001204,29.1,1.0,1.0,4.0,1.0,0.1904761904761904,0.2564102564102564,-6.0580029
O=S(=O)(OC1=CCCCC1)C(F)(F)C(F)(F)C(F)(F)C(F)(F)F,380.2279999999999,4.216400000000002,123.76606198537311,43.370000000000005,0.0,3.0,5.0,1.0,0.3157894736842105,0.1951219512195122,-6.3199129
COc1cccc(NC(=O)C(F)(F)C(F)(F)C(F)(F)F)c1,319.176,3.466600000000001,113.23979102512232,38.33,1.0,2.0,4.0,1.0,0.1777777777777777,0.238095238095238,-5.9204454
O=P(Oc1ccccc1)(Oc1ccccc1)OC(c1ccccc1)C(F)(F)C(F)(F)C(F)(F)F,508.326,7.843300000000006,189.05435417269084,44.760000000000005,0.0,4.0,9.0,3.0,0.1555555555555555,0.1860465116279069,-8.3453074
O=c1cc(C(F)(F)C(F)(F)C(F)(F)C(F)(F)F)[nH]c(=S)[nH]1,346.174,3.35719,113.34058851256115,48.65,2.0,2.0,3.0,1.0,0.2105263157894736,0.2162162162162162,-6.0479665
O=S(=O)(Oc1ccc(Cl)cc1Cl)C(F)(F)C(F)(F)C(F)(F)C(F)(F)F,445.086,5.127700000000001,142.93547014453432,43.370000000000005,0.0,3.0,5.0,1.0,0.3076923076923077,0.1904761904761904,-6.1962061
FC(F)(F)C(F)(F)C(F)(F)C1=N[C@@H](Cc2ccccc2)CO1,329.2150000000001,3.859300000000003,120.14778230259468,21.59,0.0,2.0,4.0,2.0,0.1276595744680851,0.1555555555555555,-6.2091632
CC(=O)Oc1ccc(Cl)cc1CC(Cl)CC(F)(F)C(F)(F)C(F)(F)C(F)(F)C(F)(F)C(F)(F)C(F)(F)C(F)(F)F,665.1670000000003,8.8147,220.8713522397128,26.3,0.0,2.0,11.0,1.0,0.1886792452830188,0.2156862745098039,-8.6477795
COc1ccc(OS(=O)(=O)C(F)(F)C(F)(F)C(F)(F)C(F)(F)F)c(Cl)c1,440.667,4.482900000000002,144.11069126155613,52.6,0.0,4.0,6.0,1.0,0.2790697674418604,0.1739130434782608,-6.3180652
O=C(Nc1ccccc1)OCCC(F)(F)C(F)(F)C(F)(F)C(F)(F)C(F)(F)C(F)(F)C(F)(F)C(F)(F)C(F)(F)C(F)(F)F,683.2520000000002,8.905199999999999,222.4768235812624,38.33,1.0,2.0,12.0,1.0,0.2272727272727272,0.2926829268292683,-8.3874693
O=C(NS(=O)(=O)C(F)(F)C(F)(F)C(F)(F)C(F)(F)F)C1CCCC1,395.2430000000001,3.048300000000001,128.9798777062728,63.24,1.0,3.0,5.0,1.0,0.3714285714285714,0.2702702702702703,-6.4531651
O=C1CC(C(F)(F)C(F)(F)C(F)(F)C(F)(F)F)=Nc2ccccc2N1,378.194,4.5695000000000014,133.07669216259202,41.46,1.0,2.0,3.0,2.0,0.1739130434782608,0.1777777777777777,-6.3802533
CC(=O)Nc1ccc(OS(=O)(=O)C(F)(F)C(F)(F)C(F)(F)C(F)(F)F)cc1,433.24799999999993,3.779300000000001,144.77020620321596,72.47,1.0,4.0,6.0,1.0,0.325,0.238095238095238,-6.8533235
CC(=O)Oc1c(Cl)cc(Cl)c(Cl)c1CC(Cl)CC(F)(F)C(F)(F)C(F)(F)C(F)(F)C(F)(F)C(F)(F)C(F)(F)C(F)(F)F,734.0570000000004,10.1215,241.4778846934761,26.3,0.0,2.0,11.0,1.0,0.1886792452830188,0.2156862745098039,-8.8290405
CCOC(=O)c1c(C)n[nH]c1C(F)(F)C(F)(F)C(F)(F)C(F)(F)F,372.187,3.8195200000000016,127.51308796092208,54.98,1.0,3.0,5.0,1.0,0.2,0.2325581395348837,-6.6375284
NS(=O)(=O)c1ccc(CNC(=O)C(F)(F)C(F)(F)C(F)(F)C(F)(F)C(F)(F)C(F)(F)F)cc1,532.278,3.689000000000001,174.31495114579047,89.25999999999999,2.0,3.0,8.0,1.0,0.2790697674418604,0.3170731707317073,-7.7797036
COc1c2occc2c(OC)c2c(=O)cc(C(F)(F)C(F)(F)C(F)(F)C(F)(F)F)oc12,464.236,5.481100000000001,164.46196214282654,61.81,0.0,5.0,5.0,3.0,0.1481481481481481,0.1509433962264151,-7.3908696
CCCCCC(=O)N1CCN(S(=O)(=O)C(F)(F)C(F)(F)C(F)(F)C(F)(F)C(F)(F)C(F)(F)C(F)(F)C(F)(F)F)CC1,666.3940000000001,6.0076000000000045,219.1935030016542,57.690000000000005,0.0,3.0,12.0,1.0,0.3255813953488372,0.2444444444444444,-9.908927
COc1ccc(C2CN(C)OC2S(=O)(=O)C(F)(F)C(F)(F)C(F)(F)C(F)(F)C(F)(F)C(F)(F)F)cc1,575.3430000000001,5.093000000000003,193.1582564728531,55.84,0.0,5.0,8.0,2.0,0.2653061224489796,0.173076923076923,-8.1574516
O=c1[nH]c(=O)n([C@H]2C[C@H](O)[C@@H](CO)O2)cc1C(F)(F)C(F)(F)C(F)(F)F,396.215,0.4667000000000001,138.178181084099,104.55,3.0,6.0,4.0,2.0,0.1428571428571428,0.1454545454545454,-6.966536
OCCCCCCC(F)(C(F)(F)F)C(F)(F)F,270.188,3.762100000000002,93.61176951568208,20.23,1.0,1.0,6.0,0.0,0.1612903225806451,0.1666666666666666,-5.8112745
O=C(O)CC(F)(C(F)(F)F)C(F)(F)F,228.063,2.2940000000000005,72.3135231581394,37.3,1.0,1.0,2.0,0.0,0.2142857142857142,0.32,-4.506897
OCc1ccc(C(F)(C(F)(F)F)C(F)(F)F)cc1,276.15099999999995,3.468300000000001,96.84415314976306,20.23,1.0,1.0,2.0,1.0,0.1470588235294117,0.1515151515151515,-5.5037713
F/C(=C(/C(F)(F)C(F)(F)F)C(F)(C(F)(F)F)C(F)(F)F)C(F)(F)F,400.0559999999999,5.802800000000001,119.2528092432413,0.0,0.0,0.0,2.0,0.0,0.1612903225806451,0.2068965517241379,-5.8406258
Fc1c(F)c(F)c(C(F)(C(F)(F)F)C(F)(F)F)c(F)c1F,336.075,4.671500000000001,106.51265429780162,0.0,0.0,0.0,1.0,1.0,0.1428571428571428,0.1481481481481481,-5.4015613
FC(F)(F)C(F)(c1ccnc(Cl)c1)C(F)(F)F,281.558,4.0244,95.20789149099862,12.89,0.0,1.0,1.0,1.0,0.1052631578947368,0.1081081081081081,-5.527751
Fc1c(F)c(F)c(C(F)(C(F)(F)F)C(F)(F)F)c(C(F)(F)F)c1F,386.082,5.5512000000000015,121.20866721805068,0.0,0.0,0.0,1.0,1.0,0.1290322580645161,0.1333333333333333,-5.6182156
O=C(OCc1ccccc1)C(F)(C(F)(F)F)C(F)(F)F,304.1609999999999,3.5627000000000013,107.68992884151427,26.3,0.0,2.0,3.0,1.0,0.1538461538461538,0.2222222222222222,-6.0204248
O=c1[nH]c2ccc(C(F)(C(F)(F)F)C(F)(F)F)cc2[nH]1,302.14899999999994,3.145600000000001,104.9569723169102,48.65,2.0,1.0,1.0,2.0,0.131578947368421,0.1351351351351351,-5.8390927
Fc1c(F)c(F)c2c(c1F)C(F)(F)C2(F)C(F)(C(F)(F)F)C(F)(F)F,398.093,5.346100000000002,126.56777817891806,0.0,0.0,0.0,1.0,2.0,0.1142857142857142,0.1176470588235294,-5.6923785
COc1nc(F)c(F)c(C(F)(C(F)(F)F)C(F)(F)F)c1F,331.109,3.7969,108.87971881679913,22.12,0.0,2.0,2.0,1.0,0.1,0.1025641025641025,-5.8945413
Cc1c(C(=O)O)ccc(C(F)(C(F)(F)F)C(F)(F)F)c1S(C)=O,366.254,3.7200200000000008,127.10981368217594,54.37,1.0,2.0,3.0,1.0,0.1333333333333333,0.1904761904761904,-6.6795979
CCS(=O)(=O)c1c(C(F)(C(F)(F)F)C(F)(F)F)ccc(C(=O)O)c1C,396.2800000000001,3.776220000000002,136.7258999747833,71.44,1.0,3.0,4.0,1.0,0.1818181818181818,0.1860465116279069,-6.7338257
CCc1c(C(=O)O)ccc(C(F)(C(F)(F)F)C(F)(F)F)c1S(=O)(=O)CC,410.307,4.030200000000002,143.09084208917983,71.44,1.0,3.0,5.0,1.0,0.1777777777777777,0.1818181818181818,-7.1645951
CCc1c(C(=O)O)ccc(C(F)(C(F)(F)F)C(F)(F)F)c1S(=O)(=O)C(C)(C)C,438.3610000000001,4.808800000000003,155.82072631797308,71.44,1.0,3.0,4.0,1.0,0.1666666666666666,0.1702127659574468,-8.0208178
CCc1c(C(=O)O)ccc(C(F)(C(F)(F)F)C(F)(F)F)c1S(=O)(=O)C(C)CC,438.3610000000001,4.808800000000003,155.82072631797303,71.44,1.0,3.0,6.0,1.0,0.1568627450980392,0.16,-7.3858414
Cc1cc(C(F)(C(F)(F)F)C(F)(F)F)cc(C)c1NC(=O)c1cc(NC(=O)c2ccccc2)c(Br)cc1Br,670.2170000000001,8.62244,228.4167979314712,58.2,2.0,2.0,5.0,3.0,0.1034482758620689,0.1454545454545454,-9.1691847
Cc1cc(C(F)(C(F)(F)F)C(F)(F)F)cc(C)c1NC(=O)c1cccc(NC(=O)c2ccc(F)cc2[N+](=O)[O-])c1F,593.4020000000002,7.283840000000004,223.6657492485408,101.34,2.0,4.0,6.0,3.0,0.0923076923076923,0.1111111111111111,-8.9334602
FC(F)=C(F)OC(F)(F)C(F)(F)C(F)(F)C(F)(F)OC(F)(F)F,382.047,5.030700000000001,114.78388678200598,18.46,0.0,2.0,6.0,0.0,0.1470588235294117,0.1515151515151515,-5.7793221
COC(=O)C(F)(OC(F)(F)C(F)(F)F)C(F)(F)F,294.069,2.5592000000000006,92.44239278520622,35.53,0.0,3.0,3.0,0.0,0.1764705882352941,0.21875,-5.4793839
CCCCOC(=O)C(F)(OC(F)(F)C(F)(F)C(F)(F)F)C(F)(F)F,386.1569999999999,4.364800000000002,126.2332320486451,35.53,0.0,3.0,7.0,0.0,0.1951219512195122,0.2307692307692307,-6.4653106
NC(=O)C(F)(OC(F)(F)C(F)(OC(F)(F)C(F)(F)C(F)(F)F)C(F)(F)F)C(F)(F)F,495.0849999999999,4.3443000000000005,150.20139304881863,61.55000000000001,1.0,3.0,7.0,0.0,0.25,0.2571428571428571,-6.6201835
CC(OC(=O)C(F)(OC(F)(F)C(F)(OC(F)(F)C(F)(F)C(F)(F)F)C(F)(F)F)C(F)(F)F)C(C)(C)C,580.2309999999999,6.836800000000003,188.16470026769247,44.760000000000005,0.0,4.0,8.0,0.0,0.2045454545454545,0.2093023255813953,-8.0900021
CCCCN(CCCC)C(=O)C(F)(OC(F)(F)C(F)(OC(F)(F)C(F)(F)C(F)(F)F)C(F)(F)F)C(F)(F)F,607.3010000000002,7.287800000000005,201.5408729371822,38.77,0.0,3.0,13.0,0.0,0.1956521739130435,0.2,-7.975626
O=C(N1CCCCC1)C(F)(OC(F)(F)C(F)(F)C(F)(F)F)C(F)(F)F,397.184,4.034000000000002,132.23863145020897,29.540000000000003,0.0,2.0,4.0,1.0,0.2051282051282051,0.2432432432432432,-6.3412986
FC(F)(F)C(F)(OC(F)(F)C(F)(F)C(F)(F)C(F)(F)OC(F)(C(F)(F)F)C(F)(F)F)C(F)(F)F,570.0640000000001,7.056600000000003,167.89259938078993,18.46,0.0,2.0,7.0,0.0,0.1851851851851851,0.1923076923076923,-6.5917134
O=C(O)C(C(F)(F)F)(C(F)(F)C(F)(F)F)C(F)(C(F)(F)F)C(F)(F)F,414.064,4.6502,124.7326327247391,37.3,1.0,1.0,3.0,0.0,0.2758620689655172,0.44,-5.3937802
O=C(O)C(F)(F)C(C(F)(F)F)(C(F)(F)F)C(F)(C(F)(F)F)C(F)(F)F,414.064,4.6502,124.7326327247391,37.3,1.0,1.0,3.0,0.0,0.2,0.4583333333333333,-4.9393907
O=C(O)C(F)(F)C(F)(F)C(F)(C(F)(F)C(F)(F)F)C(F)(F)C(F)(F)F,414.064,4.4451,124.73263272473908,37.3,1.0,1.0,5.0,0.0,0.2857142857142857,0.6666666666666666,-5.2962594
O=C(O)C(F)(F)C(F)(F)C(F)(C(F)(F)F)C(F)(C(F)(F)F)C(F)(F)F,414.064,4.4451,124.7326327247391,37.3,1.0,1.0,4.0,0.0,0.2413793103448276,0.5909090909090909,-5.5876284
C=C(C)C(=O)OCC(F)(F)C(F)(F)C(F)(F)C(F)(F)C(F)(F)C(F)(F)C(F)(F)C(F)(F)C(F)(F)C(F)(F)C(F)(F)C(F)(F)C(F)(F)C(F)(F)C(F)(F)C(F)(F)C(F)(F)C(F)(F)C(F)(F)C(F)(F)F,1118.2470000000008,13.738699999999993,340.87027759069,26.3,0.0,2.0,21.0,0.0,0.2777777777777778,0.3235294117647059,-6.1943593
FC(F)(F)C(F)(F)C(F)(F)OC(F)(C(F)(F)F)C(F)(F)OC(F)(C(F)(F)F)C(F)(F)OC(F)(C(F)(F)F)C(F)(OC(F)(F)C(F)(F)C(F)(F)F)C(F)(F)F,902.1040000000004,10.731600000000004,266.2957673612982,36.92,0.0,4.0,13.0,0.0,0.25,0.2142857142857142,-7.8111157
FC(F)(F)/C=C/C(F)(F)C(F)(F)C(F)(F)F,264.06199999999995,3.9378,81.52971259689068,0.0,0.0,0.0,2.0,0.0,0.2222222222222222,0.2307692307692307,-4.969605
CCCCCCCC/C=C/C(F)(F)C(F)(F)C(F)(F)C(F)(F)F,358.28799999999995,6.7614000000000045,128.2837141091373,0.0,0.0,0.0,10.0,0.0,0.1944444444444444,0.2,-6.8588982
CCCCCCCC/C=C/C(F)(F)C(F)(F)C(F)(F)C(F)(F)C(F)(F)C(F)(F)C(F)(F)C(F)(F)F,558.3160000000001,9.302599999999998,187.0677657901336,0.0,0.0,0.0,14.0,0.0,0.2222222222222222,0.2285714285714285,-8.2638626
FC(F)(F)C(F)(F)C(F)(F)C(F)(F)/C=C\c1ccccc1,322.17,5.168000000000002,112.4212714000285,0.0,0.0,0.0,4.0,1.0,0.2,0.2424242424242424,-5.757257
CC(=O)/C=C(\F)C(F)(F)C(F)(F)C(F)(F)C(F)(F)C(F)(F)C(F)(F)C(F)(F)F,456.12,5.802900000000002,142.50915768647488,17.07,0.0,1.0,7.0,0.0,0.3125,0.4642857142857143,-6.4616065
NC(=O)[C@H]1CC[C@H](C(F)(F)C(F)(F)C(F)(F)F)CC1,295.19800000000004,3.111000000000001,103.6780595214099,43.09,1.0,1.0,3.0,1.0,0.2285714285714285,0.3125,-6.0498972
CCC(C)OC(=O)[C@@H](C)NC(=O)C(F)(F)C(F)(F)C(F)(F)F,341.223,2.6657,120.5338716054817,55.4,1.0,3.0,6.0,0.0,0.1860465116279069,0.25,-6.3328905
O=C(NCCCNC(=O)C(F)(F)C(F)(F)C(F)(F)C(F)(F)C(F)(F)C(F)(F)C(F)(F)F)C(F)(F)C(F)(F)C(F)(F)C(F)(F)C(F)(F)C(F)(F)C(F)(F)F,866.2250000000005,8.357100000000004,267.69703974205913,58.2,2.0,2.0,16.0,0.0,0.3125,0.4642857142857143,-8.6814165
O=C(/C(F)=C(\F)C(F)(C(F)(F)F)C(F)(F)F)C(F)(F)C(F)(F)F,378.059,4.7366,115.0832605374326,17.07,0.0,1.0,3.0,0.0,0.1875,0.2758620689655172,-5.4059429
FC(F)(F)OC(OC(F)(F)C(F)(F)OC(OC(F)(F)F)(C(F)(F)F)C(F)(F)F)(C(F)(F)F)C(F)(F)F,602.0620000000001,6.919800000000002,178.11968983980367,36.92,0.0,4.0,7.0,0.0,0.1379310344827586,0.1428571428571428,-6.8970561
OC/C=C/C(F)(F)C(F)(F)C(F)(F)C(F)(F)C(F)(F)C(F)(F)F,376.112,4.273700000000001,117.9153789010552,20.23,1.0,1.0,6.0,0.0,0.3,0.3103448275862069,-6.0076194
O=[13C](O)[13C](F)(F)C(F)(F)C(F)(F)C(F)(F)C(F)(F)C(F)(F)C(F)(F)F,416.04870968,4.4451,124.73263272473908,37.3,1.0,1.0,6.0,0.0,0.4,1.0,-5.7927547
CC(C)OC(=N)C(F)(F)C(F)(F)C(F)(F)F,255.13299999999995,3.2215700000000016,85.8865477634645,33.08,1.0,2.0,3.0,0.0,0.2121212121212121,0.2580645161290322,-5.1478276
OC(CCl)(c1ccc(F)cc1F)C(F)(F)C(F)(F)C(F)(F)F,360.6029999999999,4.224100000000001,121.84343229689378,20.23,1.0,1.0,4.0,1.0,0.2,0.2051282051282051,-6.0064654
O=[N+]([O-])c1ccc(/C=N/[S@@](=O)C(F)(F)C(F)(F)C(F)(F)C(F)(F)F)cc1,416.221,4.103100000000001,139.8038622403804,72.57,0.0,3.0,6.0,1.0,0.1739130434782608,0.1777777777777777,-6.4733658
CCCOC(=O)[C@H](CC(=O)O)NC(=O)C(F)(F)C(F)(F)C(F)(F)F,371.2049999999999,1.732,129.48962745772147,92.70000000000002,2.0,4.0,8.0,0.0,0.1739130434782608,0.2619047619047619,-7.0224123
O=C(NCCCCCCCCCCCCNC(=O)C(F)(F)C(F)(F)C(F)(F)C(F)(F)C(F)(F)C(F)(F)C(F)(F)C(F)(F)F)C(F)(F)C(F)(F)C(F)(F)C(F)(F)C(F)(F)C(F)(F)C(F)(F)C(F)(F)F,1092.4820000000009,13.138599999999986,354.37354461212675,58.2,2.0,2.0,27.0,0.0,0.34375,0.4482758620689655,-7.9682512
O=C(Nc1ccc(NC(=O)C(F)(F)C(F)(F)C(F)(F)F)cc1)C(F)(F)C(F)(F)C(F)(F)F,500.1859999999999,5.229400000000001,166.09120424294073,58.2,2.0,2.0,6.0,1.0,0.2424242424242424,0.3333333333333333,-7.1258793
OC[C@@H]1O[C@H](O)[C@](O)(C(F)(F)C(F)(F)C(F)(F)C(F)(F)F)[C@H]1O,368.1479999999999,0.2560999999999996,120.43325565410022,90.15,4.0,5.0,4.0,1.0,0.2,0.2051282051282051,-6.1016583
OC(c1ccc(C(F)(F)C(F)(F)C(F)(F)C(F)(F)C(F)(F)C(F)(F)F)cc1)(c1ccc(C(F)(F)C(F)(F)C(F)(F)C(F)(F)C(F)(F)C(F)(F)F)cc1)[C@@H]1CCCN1,889.4090000000002,11.06509999999999,298.33469852866017,32.26,2.0,2.0,13.0,3.0,0.2045454545454545,0.2093023255813953,-8.8656139
OC(COCCC(F)(F)C(F)(F)C(F)(F)C(F)(F)C(F)(F)C(F)(F)F)CN1CCN=C1c1ccccc1,566.3580000000002,5.255200000000005,200.24965694332764,45.06,1.0,4.0,12.0,2.0,0.1525423728813559,0.175438596491228,-8.9232836
OB(O)c1ccc(C(F)(C(F)(F)F)C(F)(F)F)cc1,289.9429999999999,1.6557999999999995,102.166048804056,40.46,2.0,2.0,2.0,1.0,0.1470588235294117,0.1515151515151515,-5.3008795
C[C@H](CCCC(F)(C(F)(F)F)C(F)(F)F)[C@H]1CC[C@H]2[C@@H]3CC=C4C[C@@H](O)CC[C@]4(C)[C@H]3CC[C@]12C,512.5940000000004,8.565600000000003,203.46779992851984,20.23,1.0,1.0,5.0,4.0,0.0746268656716417,0.0757575757575757,-8.0859261
O=C(OCCC(F)(F)C(F)(F)C(F)(F)C(F)(F)F)OCCC(F)(F)C(F)(F)C(F)(F)C(F)(F)F,554.1680000000002,6.856200000000004,174.48680621231858,35.53,0.0,3.0,10.0,0.0,0.28125,0.3333333333333333,-7.2371588
CCCCCCCC/C=C\CCCCCCCC(=O)OCCC(F)(F)C(F)(F)C(F)(F)C(F)(F)C(F)(F)C(F)(F)C(F)(F)C(F)(F)F,728.5680000000003,11.966599999999984,259.99225426365035,26.3,0.0,2.0,24.0,0.0,0.2083333333333333,0.2391304347826087,-9.5742645
O=S(=O)(O)C(F)(F)C(F)(F)C(F)(F)C(F)(F)C(F)(F)C(F)(F)C(F)(F)C(F)(F)C(F)(F)C(F)(F)C(F)(F)C(F)(F)C(F)(F)C(F)(F)F,800.1680000000003,8.652900000000006,233.9126612098869,54.370000000000005,1.0,2.0,13.0,0.0,1.0,0.4,-8.368804
O=S(=O)(O)C(F)(F)C(F)(F)OC(F)C(F)(F)F,298.1069999999999,1.9343,87.90054183397675,63.60000000000001,1.0,3.0,4.0,0.0,0.3666666666666666,0.1428571428571428,-5.3182569
O=S(c1ccc(N=C(O)N=C(O)c2c(F)cccc2F)c(F)c1)C(F)(F)C(F)F,442.312,4.619700000000001,159.86038028331927,82.25,2.0,2.0,5.0,2.0,0.0892857142857142,0.1320754716981132,-7.8270421
CC(C)C(C=O)C(O)(C(F)(F)F)C(F)(F)F,252.1539999999999,2.3132000000000006,87.24281409840299,37.3,1.0,2.0,3.0,0.0,0.1818181818181818,0.1875,-5.4303818
O=C1CC(C(F)(F)F)(C(F)(F)F)OC1(O)c1ccccc1,314.181,2.6845000000000008,113.67773815165148,46.53,1.0,3.0,1.0,2.0,0.1162790697674418,0.1463414634146341,-6.1478648
O=C(CC(O)(C(F)(F)F)C(F)(F)F)C(CCCl)C(O)(C(F)(F)F)C(F)(F)F,452.619,3.9021,146.4283528382279,57.53,2.0,3.0,6.0,0.0,0.15,0.1842105263157894,-6.6140203
FC1(F)SC2c3cccc4cccc(c34)C2C1(F)F,284.277,4.953000000000002,110.34642543883032,0.0,0.0,1.0,0.0,4.0,0.0217391304347826,0.0222222222222222,-5.6064019
N#CC(c1ccc(Cl)cc1)C(C(F)(F)F)C(F)(F)F,301.617,4.6879800000000005,108.9451720173878,23.79,0.0,1.0,2.0,1.0,0.073170731707317,0.075,-5.6228085
CC(C)C(Cl)C=C(C(F)(F)F)C(F)(F)F,254.601,4.3008000000000015,87.90072144086062,0.0,0.0,0.0,2.0,0.0,0.1176470588235294,0.1212121212121212,-5.5154057
CCOC(=O)[C@@H]1[C@@H](C=C(C(F)(F)F)C(F)(F)F)C1(C(F)(F)F)C(F)(F)F,412.17,4.957500000000001,136.3196722651442,26.3,0.0,2.0,3.0,1.0,0.108695652173913,0.1363636363636363,-7.0360198
FC(F)(F)n1n2n1C(C(F)(F)F)(C(F)(F)F)CC21CCCC1,343.1930000000002,4.060300000000002,116.72173701078378,14.79,0.0,3.0,0.0,3.0,0.075,0.0769230769230769,-5.7887945
[O]OC(F)C(F)(F)F,133.02,1.2064,41.603409051372296,29.13,0.0,1.0,1.0,0.0,0.1428571428571428,0.1481481481481481,-3.881988
COC(=O)c1ccc(C(c2ccc(C(=O)O)c(C(=O)O)c2)(C(F)(F)F)C(F)(F)F)cc1C(=O)OC,508.3230000000001,4.066900000000002,191.2278351362688,127.20000000000005,2.0,6.0,6.0,2.0,0.1304347826086956,0.1860465116279069,-7.6811152
C[N+](C)(C)CC(CC(=O)[O-])OC(=O)CCCCCCCCCCC(F)(F)C(F)(F)C(F)(F)C(F)(F)C(F)(F)C(F)(F)F,647.5130000000004,6.384200000000006,233.4855082355817,66.43,0.0,4.0,20.0,0.0,0.1923076923076923,0.22,-10.006269
NC(C(=O)O)C(C(F)(F)F)C(F)(F)F,225.088,1.1391,73.48787845222589,63.32000000000001,2.0,2.0,2.0,0.0,0.1612903225806451,0.25,-4.6274118
FC(F)OC(F)(F)C(F)(F)OC(F)F,234.042,2.6504000000000003,71.385451053443,18.46,0.0,2.0,5.0,0.0,0.1111111111111111,0.1153846153846153,-4.7210636
CC1(C)CN1C(F)(F)C(C(F)(F)F)C(F)(F)F,271.15099999999995,3.414200000000002,91.3721315686898,3.01,0.0,1.0,2.0,1.0,0.0857142857142857,0.088235294117647,-5.7127104
FC1(F)C2=C(SC3=C(S2)C(F)(F)C3(F)F)C1(F)F,312.206,4.458000000000001,102.46764957778996,0.0,0.0,2.0,0.0,3.0,0.0357142857142857,0.037037037037037,-5.2709174
FC(F)(F)C1(C(F)(F)F)CO1,180.04699999999997,1.88,56.93500386455442,12.53,0.0,1.0,0.0,1.0,0.1071428571428571,0.1111111111111111,-4.4091091
CC(C(O)c1ccc(Cl)cc1)C(O)(C(F)(F)F)C(F)(F)F,336.659,3.865200000000001,120.50600195470771,40.46,2.0,2.0,3.0,1.0,0.15,0.1538461538461538,-6.2604227
COc1ccc(C(O)C(C)C(O)(C(F)(F)F)C(F)(F)F)cc1,332.23999999999995,3.220400000000001,121.68122307172956,49.69,2.0,3.0,4.0,1.0,0.1428571428571428,0.1463414634146341,-6.2969856
COC(F)(F)C(F)C(F)(F)F,182.063,2.1260000000000003,57.94083501808366,9.23,0.0,1.0,2.0,0.0,0.0967741935483871,0.1,-4.3841286
FC(F)(Cl)C(F)(Cl)C(F)(F)C(F)(Cl)Cl,303.84399999999994,4.4588,94.04035469610346,0.0,0.0,0.0,3.0,0.0,0.1481481481481481,0.1538461538461538,-4.8499517
CCOC(=O)Cc1cnc(NC(N=C(O)CC)(C(F)(F)F)C(F)(F)F)s1,407.336,3.8480000000000025,147.4485336835933,83.81,2.0,6.0,7.0,1.0,0.1016949152542373,0.1428571428571428,-7.9309049
FC(Cl)C(F)(F)OCC(F)(F)C(F)(F)C(F)(F)C(F)(F)C(F)(F)C(F)F,448.553,5.571800000000002,137.55863044328447,9.23,0.0,1.0,9.0,0.0,0.1538461538461538,0.1578947368421052,-6.1843886
FC(F)C(F)(F)COP1(Cl)=NP(OCC(F)(F)C(F)F)(OCC(F)(F)C(F)F)=NP(Cl)(Cl)=N1,634.446,9.305999999999996,190.6640399540718,64.77,0.0,6.0,12.0,1.0,0.0909090909090909,0.0681818181818181,-6.5761194
FCC(F)(F)C(F)(F)F,152.037,2.1535,46.46234767418017,0.0,0.0,0.0,1.0,0.0,0.16,0.1666666666666666,-4.013453
C=C(C)COC(F)(F)C(F)F,172.12099999999998,2.4370000000000003,61.65004540884016,9.23,0.0,1.0,4.0,0.0,0.1111111111111111,0.1142857142857142,-4.9814243
FC(F)(Br)C(F)(Cl)C(F)(F)C(F)(Cl)C(F)(Cl)C(F)(F)Br,509.215,6.310900000000002,136.69867411807644,0.0,0.0,0.0,5.0,0.0,0.1785714285714285,0.1428571428571428,-5.6580429
O=S(=O)(O)C(F)(F)C(F)(F)C(F)(F)C(F)(F)C(F)(F)C(F)(F)C(F)(F)C(F)(F)C(F)(F)C(F)(F)C(F)(F)C(F)(F)C(F)(F)C(F)(F)C(F)(F)C(F)(F)C(F)(F)C(F)(F)F,1000.1960000000006,11.194100000000002,292.69671289088313,54.370000000000005,1.0,2.0,17.0,0.0,1.0,0.4,-7.4788718
O=C(O)C(F)(F)C(F)(F)C(F)(F)C(F)(F)C(F)(F)C(F)(F)C(F)(C(F)(F)F)C(F)(F)F,514.078,5.715700000000002,154.12465856523724,37.3,1.0,1.0,7.0,0.0,0.2758620689655172,0.7142857142857143,-6.3320436
OC(O)C(F)(F)C(F)(F)C(F)(F)C(F)(F)C(F)(F)C(F)(F)C(F)(F)C(F)(F)F,466.08699999999993,4.3065000000000015,140.0613572971404,40.46,2.0,2.0,7.0,0.0,0.36,0.375,-6.3834834
O=C(O)C(F)(F)OC(F)(OC(F)(OC(F)(F)C(F)(F)C(F)(F)Cl)C(F)(F)F)C(F)(F)F,528.5229999999999,5.144500000000001,160.90701215746424,64.99000000000001,1.0,4.0,9.0,0.0,0.1794871794871795,0.2857142857142857,-6.9858298
CN(Cc1cccc(-c2ccncc2)c1)C(=O)OC(C(F)(F)F)C(F)(F)F,392.299,4.810200000000003,149.92591141019855,42.43000000000001,0.0,3.0,4.0,2.0,0.087719298245614,0.109090909090909,-7.1664672
O=S(=O)(F)C(F)(F)C(F)(F)OC(F)(C(F)(F)F)C(F)(F)OC(F)C(F)(F)F,466.118,4.1833,136.55992064151044,52.60000000000001,0.0,4.0,7.0,0.0,0.2105263157894736,0.125,-6.3528013
CC(C)CCC[C@@H](C)C1CCC2C3CC=C4C[C@@H](OC(=O)C(F)(F)C(F)(F)C(F)(F)F)CC[C@]4(C)C3CC[C@@]21C,582.685,9.772499999999996,233.4084019634609,26.3,0.0,2.0,8.0,4.0,0.1081081081081081,0.1408450704225352,-9.5545626
CCCCCC(I)CC(F)(F)C(F)(F)C(F)(F)C(F)(F)C(F)(F)F,494.126,6.8639000000000046,143.83634183942442,0.0,0.0,0.0,9.0,0.0,0.2105263157894736,0.2162162162162162,-7.2820959
O=P(O)(OCCC(F)(F)C(F)(F)C(F)(F)C(F)(F)F)OCCC(F)(F)C(F)(F)C(F)(F)C(F)(F)F,590.1380000000003,6.836600000000004,180.3041864245493,55.760000000000005,1.0,3.0,12.0,0.0,0.2647058823529412,0.2727272727272727,-8.1814051
FC1C(F)(F)C(F)C(F)(F)C(F)(F)C1(F)F,264.06199999999995,3.2174000000000005,81.2134844755457,0.0,0.0,0.0,0.0,1.0,0.0333333333333333,0.0344827586206896,-4.4915328
CN(CC(=O)O)S(=O)(=O)c1ccc(OC(F)(F)C(F)(F)C(F)=C(F)C(F)(F)C(F)(F)C(F)(F)C(F)(F)C(F)(F)F)cc1,675.3130000000002,6.252700000000003,220.5251179541831,83.91000000000001,1.0,4.0,12.0,1.0,0.2264150943396226,0.28,-8.9764032
O=C(F)C(F)(F)C(F)(F)C(F)(OC(F)(F)C(F)(F)S(=O)(=O)F)C(F)(F)F,446.112,3.4827,131.44236210912106,60.440000000000005,0.0,4.0,7.0,0.0,0.2702702702702703,0.2432432432432432,-6.1553116
FC(F)(F)N(C(F)(F)C(F)(F)C(F)(F)C(F)(F)F)C(F)(F)C(F)(F)C(F)(F)C(F)(F)F,521.064,6.659600000000003,152.89486507465668,3.24,0.0,1.0,6.0,0.0,0.2692307692307692,0.28,-6.2903275
FC(/C(F)=C(\F)C(F)(F)F)=C(/F)C(F)(F)F,262.04599999999994,4.4122,80.84010956470644,0.0,0.0,0.0,1.0,0.0,0.16,0.1666666666666666,-4.9092684
C[N+](C)(CCCNS(=O)(=O)C(F)(F)C(F)(F)C(F)(F)C(F)(F)C(F)(F)C(F)(F)F)CCC(O)CO,573.392,2.811900000000001,189.8693116046369,86.63000000000001,3.0,4.0,14.0,0.0,0.3043478260869565,0.2291666666666666,-8.8084736
CCN(CCC[N+](C)(C)CCC(=O)O)S(=O)(=O)C(F)(F)C(F)(F)C(F)(F)C(F)(F)C(F)(F)F,535.3960000000001,3.6403000000000025,181.11550063322755,74.68,1.0,3.0,13.0,0.0,0.3111111111111111,0.2608695652173913,-8.6294136
NS(=O)(=O)C(F)(F)C(F)(F)C(F)(F)C(F)(F)C(F)(F)C(F)(C(F)(F)F)C(F)(F)F,499.142,4.2418000000000005,146.20861426777958,60.16,1.0,2.0,6.0,0.0,0.4074074074074074,0.2333333333333333,-6.1332502
FC(F)(F)C(F)(F)c1ccc2ccccc2c1,246.17800000000005,4.493900000000003,93.67062889465656,0.0,0.0,0.0,1.0,2.0,0.1111111111111111,0.1142857142857142,-5.312664
C[N+](C)(CCCN(CCC(=O)O)S(=O)(=O)C(F)(F)C(F)(F)C(F)(F)C(F)(F)F)CCC(=O)[O-],528.3900000000001,1.1251000000000002,181.74018567961485,114.81,1.0,5.0,14.0,0.0,0.2708333333333333,0.2244897959183673,-8.3139343
FC(F)C(F)(F)c1ncn[nH]1,169.08100000000005,1.1615999999999995,58.44033891130717,41.57,1.0,2.0,2.0,1.0,0.0789473684210526,0.081081081081081,-4.4554687
NC(=O)c1cccc2[nH]c(C(F)(F)C(F)(F)F)nc12,279.16799999999995,2.3159,101.96579220807044,71.77000000000001,2.0,2.0,2.0,2.0,0.1276595744680851,0.1555555555555555,-5.7127066
FC(F)(F)C(F)(F)CCCSCCCCCCCCCSCCCCCCCCCBr,557.6170000000005,10.286899999999992,203.709422215558,0.0,0.0,2.0,23.0,0.0,0.1052631578947368,0.1081081081081081,-9.9014359
CCOC(=O)C(F)(F)C(F)(F)c1ccccc1,250.191,2.976800000000001,95.19332263273564,26.3,0.0,2.0,4.0,1.0,0.119047619047619,0.2105263157894736,-6.0509319
FC(F)(F)COC(F)(F)C(F)(F)C(F)(F)F,268.04999999999995,3.3557,80.9679187441852,9.23,0.0,1.0,3.0,0.0,0.2068965517241379,0.2142857142857142,-4.8318615
NS(=O)(=O)c1ccc(C(F)(F)C(F)(F)F)cc1,275.1979999999999,1.9881,93.08963095234915,60.16,1.0,2.0,2.0,1.0,0.2058823529411764,0.1428571428571428,-5.5637093
Oc1ccc2cc(CCC(F)(F)C(F)(F)C(F)(F)C(F)(F)C(F)(F)C(F)(F)F)ccc2c1-c1c(O)ccc2cc(CCC(F)(F)C(F)(F)C(F)(F)C(F)(F)C(F)(F)C(F)(F)F)ccc12,978.5020000000004,14.413999999999984,337.58328819985115,40.46,2.0,2.0,15.0,4.0,0.1956521739130435,0.2,-9.92665
OCC(F)(F)C(F)(F)C(F)(F)C(F)(F)C(F)(F)C(F)(F)Cl,366.529,3.9868,112.0128285284017,20.23,1.0,1.0,6.0,0.0,0.2068965517241379,0.2142857142857142,-5.5903478
FC(F)C(F)(F)COCCl,180.528,2.0997,59.91303043911286,9.23,0.0,1.0,4.0,0.0,0.0909090909090909,0.09375,-4.2657804
FC(F)C(F)(F)C1=NCCCCN1,198.163,1.6686999999999996,73.03039884185307,24.39,1.0,2.0,2.0,1.0,0.073170731707317,0.075,-5.3701625
O=S1(=O)OC(F)(F)C1(F)C(F)(F)C(F)(F)C(F)(F)C(F)(F)C(F)(F)C(F)(F)Cl,496.57499999999993,4.6131,147.02225943320323,43.370000000000005,0.0,3.0,6.0,1.0,0.1578947368421052,0.1621621621621621,-6.3990331
CC(C)OC(F)(F)C(F)(F)C(F)(F)C(F)(F)C(F)(F)C(F)(F)F,378.128,5.107700000000001,118.92429341055032,9.23,0.0,1.0,6.0,0.0,0.2758620689655172,0.2857142857142857,-5.9198232
CC1NCC(F)(F)C1(F)F,157.11,1.2487,55.40519212719974,12.03,1.0,1.0,0.0,1.0,0.0285714285714285,0.0294117647058823,-4.3373122
O=C(O)CCc1ccccc1C(F)(F)C(F)(F)F,268.1809999999999,3.3579000000000017,99.03954655835096,37.3,1.0,1.0,4.0,1.0,0.1463414634146341,0.2105263157894736,-5.9983773
COC(=O)c1c(C(F)(F)C(F)(F)F)ccnc1Cl,289.587,3.175700000000001,102.5168301290934,39.19,0.0,3.0,2.0,1.0,0.1304347826086956,0.1590909090909091,-5.7267156
CC(O)(CC(=O)C(F)(F)C(F)(F)F)C(F)(F)C(F)(F)F,324.1139999999999,3.0918,103.90495571010791,37.3,1.0,2.0,4.0,0.0,0.2424242424242424,0.3333333333333333,-5.8403802
FC(F)(F)C(F)(F)C1(c2ccccc2)CCCCN1,279.252,3.8530000000000015,107.35770596498324,12.03,1.0,1.0,2.0,2.0,0.0909090909090909,0.119047619047619,-5.946692
Nc1ncn(CC(F)(F)C(F)F)n1,198.123,0.7606999999999999,70.3551432093118,56.73,1.0,4.0,3.0,1.0,0.0697674418604651,0.0714285714285714,-5.0674591
FC(F)=C(F)OC(F)(F)C(F)(F)CI,337.9599999999999,3.7012,87.04354762426588,9.23,0.0,1.0,4.0,0.0,0.1142857142857142,0.1176470588235294,-5.2831068
COC(=O)C(F)(OC(F)(F)C(F)(F)OC(F)=C(F)F)C(F)(F)F,372.086,3.6414,117.92729001717451,44.760000000000005,0.0,4.0,6.0,0.0,0.1463414634146341,0.1794871794871795,-6.3773623
O=C(F)C(F)(OC(F)(F)C(F)(F)Br)C(F)(F)F,342.939,3.3077,94.83145304694408,26.3,0.0,2.0,4.0,0.0,0.1764705882352941,0.21875,-5.4177041
C=CCOCC(F)(OC(F)(F)C(F)(OC(F)(F)C(F)(F)C(F)(F)F)C(F)(F)F)C(F)(F)F,522.151,6.061600000000003,164.21874879227462,27.69,0.0,3.0,10.0,0.0,0.1627906976744186,0.1395348837209302,-7.1546836
COC(=O)C(F)(OC(F)(F)C(F)(OC(F)(F)C(F)(F)C(Cl)(Cl)Cl)C(F)(F)F)C(F)(F)F,559.461,5.839900000000002,174.75318216757574,44.760000000000005,0.0,4.0,7.0,0.0,0.1951219512195122,0.2,-7.2238574
CCOP(=O)(CCC(F)(OC(F)(F)C(F)(OC(F)(F)C(F)(OC(F)(F)C(F)(F)C(F)(F)F)C(F)(F)F)C(F)(F)F)C(F)(F)F)OCC,782.2210000000002,9.3527,243.41630568936097,63.22000000000001,0.0,6.0,16.0,0.0,0.1739130434782608,0.1521739130434782,-8.3834944
CC(F)(F)C(F)(F)OC(F)(C(F)(F)F)C(F)(F)OC(F)(CO)C(F)(F)F,428.116,4.308900000000001,132.99760779517948,38.69,1.0,3.0,7.0,0.0,0.1578947368421052,0.131578947368421,-6.1103578
O=P(O)(O)CCC(F)(OC(F)(F)C(F)(OC(F)(F)C(F)(OC(F)(F)C(F)(OC(F)(F)C(F)(OC(F)(F)C(F)(F)C(F)(F)F)C(F)(F)F)C(F)(F)F)C(F)(F)F)C(F)(F)F)C(F)(F)F,1058.1530000000007,10.9393,315.721082257661,103.68000000000002,2.0,6.0,18.0,0.0,0.2195121951219512,0.1951219512195122,-7.3182731
O=S(=O)(O)C(F)(F)C(F)(F)OC(F)(C(F)(F)F)C(F)(F)C(F)F,398.1209999999999,3.2049000000000003,117.2925676744749,63.60000000000001,1.0,3.0,6.0,0.0,0.3636363636363636,0.1578947368421052,-6.0458212
O=S(=O)(O)CCCCC(F)(F)C(F)(F)C(F)(F)C(F)(F)C(F)(F)C(F)(F)F,456.2199999999999,4.783300000000001,141.80432630548066,54.370000000000005,1.0,2.0,9.0,0.0,0.4193548387096774,0.303030303030303,-6.846549
O=CC=C(F)C(F)(F)C(F)(F)C(F)(F)C(F)(F)C(F)(F)C(F)(F)C(F)(F)C(F)(F)C(F)(F)C(F)(F)C(F)(F)F,642.1210000000002,7.954000000000005,194.92826725307447,17.07,0.0,1.0,11.0,0.0,0.3333333333333333,0.4444444444444444,-7.9840364
O=P(O)(O)OCCC(F)(F)C(F)(F)C(F)(F)C(F)(F)F,344.0659999999999,2.9540000000000006,104.30540363452268,66.76,2.0,2.0,6.0,0.0,0.2647058823529412,0.2727272727272727,-6.0095935
CCNS(=O)(=O)C(F)(F)C(F)(F)C(F)(F)C(F)(F)C(F)(F)F,377.175,2.986700000000001,115.06043122242087,46.17,1.0,2.0,6.0,0.0,0.4482758620689655,0.28125,-5.6913233
O=C([O-])C(F)(F)C(F)(F)C(F)(F)C(F)(F)C(F)(F)C(F)(F)C(F)(F)C(F)(F)C(F)(F)C(F)(F)C(F)(F)C(F)(F)C(F)(F)C(F)(F)C(F)(F)C(F)(F)F,863.1190000000005,8.828100000000004,256.99674900698074,40.13,0.0,2.0,15.0,0.0,0.3846153846153846,0.5909090909090909,-7.8964696
O=C([O-])C(F)(F)C(F)(F)C(F)(F)C(F)(F)C(F)(F)C(F)(F)C(F)(F)C(F)(F)C(F)(F)C(F)(F)C(F)(F)C(F)(F)C(F)(F)C(F)(F)F,763.1050000000004,7.557500000000004,227.6047231664826,40.13,0.0,2.0,13.0,0.0,0.3846153846153846,0.5909090909090909,-8.134366
OC(O)C(F)(F)C(F)(F)C(F)(F)C(F)(F)C(F)(F)C(F)(F)C(F)(F)C(F)(F)C(F)(F)C(F)(F)F,566.1010000000001,5.577100000000003,169.45338313763855,40.46,2.0,2.0,9.0,0.0,0.36,0.375,-6.9222488
FCCC(F)C(F)(F)F,148.07399999999998,2.2464000000000004,48.66175438565055,0.0,0.0,0.0,2.0,0.0,0.1,0.1034482758620689,-4.2711802
FC(F)=C(F)OC(F)(F)C(F)(I)C(F)(F)F,373.94,4.2940000000000005,95.37461843011836,9.23,0.0,1.0,3.0,0.0,0.1515151515151515,0.15625,-5.1593871
O=P(OC(F)(F)C(F)(F)F)(OC(F)(F)C(F)(F)F)OC(F)(F)C(F)(F)F,452.006,5.609600000000001,129.93723900670182,44.760000000000005,0.0,4.0,6.0,0.0,0.1851851851851851,0.1923076923076923,-6.0514932
C[Si](Cl)(Cl)C(F)(F)C(F)(F)C(F)(F)C(F)(F)C(F)(F)C(F)(F)C(F)(F)CCC(F)(F)F,561.1350000000002,7.864800000000004,170.60101346222447,0.0,0.0,0.0,9.0,0.0,0.1351351351351351,0.1388888888888889,-7.5565319
C=COC(F)(F)C(F)(OC(F)(F)C(F)(F)S(=O)(=O)F)C(F)(F)F,392.142,3.4689000000000005,119.20817599762124,52.6,0.0,4.0,7.0,0.0,0.2162162162162162,0.1282051282051282,-5.5831032
CCCCCCCCC(CCC(F)(F)C(F)(F)C(F)(F)C(F)(F)C(F)(F)C(F)(F)F)C(OCC)(OCC)OCC,620.5309999999997,9.6355,224.62551558551328,27.69,0.0,3.0,21.0,0.0,0.2045454545454545,0.2093023255813953,-10.171807
CC(C)O[Si](C)(OC(C)C)C(F)(F)C(F)(F)C(F)(F)C(F)(F)C(F)(F)C(F)(F)C(F)(F)CCC(F)(F)F,608.405,8.237200000000005,199.24716147012865,18.46,0.0,2.0,13.0,0.0,0.119047619047619,0.1219512195121951,-8.8856783
FC(F)(F)CSC(F)(F)C(F)(F)F,234.111,3.4370000000000003,71.28147061979449,0.0,0.0,1.0,2.0,0.0,0.1379310344827586,0.1428571428571428,-4.7866364
CCCCCCCCC(CCC(F)(F)C(F)(F)C(F)(F)C(F)(F)C(F)(F)C(F)(F)C(F)(F)C(F)(F)F)C(OCCC)(OCCC)OCCC,762.6259999999996,12.076399999999984,273.1123677692012,27.69,0.0,3.0,26.0,0.0,0.1739130434782608,0.1777777777777777,-9.2718048
CCCCCC(F)C(F)(F)C(F)(F)C(F)(F)C(F)(F)C(F)(F)C(F)(F)C(F)(F)C(F)(F)C(=O)O,548.2330000000001,7.071800000000006,177.61829833136778,37.3,1.0,1.0,13.0,0.0,0.1666666666666666,0.4117647058823529,-7.7889271
FC=CC(F)(C(F)F)C(F)(F)C(F)C(F)(F)F,278.089,3.978700000000001,87.89465471128729,0.0,0.0,0.0,4.0,0.0,0.0833333333333333,0.0857142857142857,-5.4133506
CC(F)(C(=C(C(F)(F)F)C(F)(F)F)C(F)(C(F)(F)F)C(F)(F)F)C(F)(F)F,446.0999999999999,6.531000000000003,136.14822887496072,0.0,0.0,0.0,2.0,0.0,0.1612903225806451,0.1666666666666666,-6.3890386
CCCCCCC(F)(F)C(F)(F)S(=O)(=O)O,266.256,3.072700000000001,91.58462345035134,54.370000000000005,1.0,2.0,7.0,0.0,0.34375,0.1351351351351351,-5.7780437
FCCC(F)(F)C(F)(F)C(F)(F)C(F)C(Cl)=C(F)F,326.561,4.936900000000001,104.56286305256558,0.0,0.0,0.0,6.0,0.0,0.125,0.1282051282051282,-5.720757
CC(C)C(OC(=O)C=CC(=O)[O-])C(F)(F)C(F)(F)C(F)(F)C(F)(F)C(F)(F)C(F)(F)F,489.204,3.5991000000000017,163.17667890263263,66.43,0.0,4.0,9.0,0.0,0.238095238095238,0.275,-7.8790665
OCC(F)(F)OC(F)(F)C(F)(F)OC(F)(F)C(F)(C(F)(F)F)C(F)(F)F,432.079,4.216,130.79820108370907,38.69,1.0,3.0,7.0,0.0,0.1470588235294117,0.1515151515151515,-6.6508894
Cc1cc(C(F)(C(F)(F)F)C(F)(F)F)cc(C(F)(F)F)c1Br,407.045,6.0657200000000016,124.7790153263837,0.0,0.0,0.0,1.0,1.0,0.1025641025641025,0.1052631578947368,-5.8871064
O=C1C2CC3CC1CC(OC(=O)C(F)(C(F)(F)F)S(=O)(=O)O)(C3)C2,374.3080000000001,1.7933,133.8284299913411,97.74,1.0,5.0,3.0,4.0,0.217391304347826,0.1458333333333333,-6.5072894
C=CC(=O)OCC(C)(O)C(F)(F)C(F)(F)C(F)(F)C(F)(F)C(F)(C(F)(F)F)C(F)(F)F,498.182,4.840700000000002,160.98128549404476,46.53,1.0,3.0,8.0,0.0,0.1904761904761904,0.225,-7.2435555
Oc1ccc(OC(F)(F)C(F)(F)C(F)(F)C(F)(F)C(F)(F)C(F)(F)C(F)(F)C(F)(F)C(F)(F)C(F)(F)C(F)(F)C(F)(F)C(F)(F)F)cc1,778.1930000000003,9.9144,242.55288546736404,29.46,1.0,2.0,13.0,1.0,0.2647058823529412,0.2727272727272727,-8.3691559
Nc1ccc(C(F)C(F)(F)C(F)(F)C(F)(F)C(F)(F)F)cc1C(=O)O,387.173,4.445800000000001,131.57205638439146,63.32000000000001,2.0,2.0,5.0,1.0,0.2045454545454545,0.2682926829268293,-6.2932448
CC(=O)c1ccccc1-c1ccc2nc(C#Cc3ccc(OCC(F)(F)C(F)(F)F)cc3)[nH]c2c1,484.4240000000001,6.408700000000003,196.31262900213835,54.98,1.0,3.0,5.0,4.0,0.0857142857142857,0.1029411764705882,-8.4102612
O=P(F)(OC(F)(F)C(F)(F)F)OC(F)(F)C(F)(F)F,335.99299999999994,4.4074,95.4673384593316,35.53,0.0,3.0,4.0,0.0,0.1785714285714285,0.1851851851851851,-5.1131649
FC(OC(F)(F)C(F)(F)C(F)(F)F)C(F)(F)[NH+]1C=CN=C1,335.121,2.0798,109.02246705772502,26.03,1.0,2.0,5.0,1.0,0.1395348837209302,0.1428571428571428,-5.6775289
OC12C(F)(F)C3(F)C(F)(F)C(F)(C1(F)F)C(F)(F)C(F)(C2(F)F)C3(F)F,422.087,3.695,130.28350139290083,20.23,1.0,1.0,0.0,4.0,0.0714285714285714,0.074074074074074,-4.4373989
COP(=O)(OC)OC(F)(F)C(F)(F)F,244.052,2.559000000000001,75.55200074864628,44.760000000000005,0.0,4.0,4.0,0.0,0.1612903225806451,0.1666666666666666,-5.4321451
CN(C(=O)c1ccc(Cl)nc1)c1cccc(C(=O)Nc2c(Br)cc(C(F)(C(F)(F)F)C(F)(F)C(F)(F)F)cc2C(F)(F)F)c1,730.7310000000003,8.969899999999999,251.47475514928124,62.3,1.0,3.0,6.0,3.0,0.1081081081081081,0.125,-8.9723063
CC(=O)OC(F)(F)C(F)(F)F,178.05599999999998,1.7046,57.9368217152012,26.3,0.0,2.0,1.0,0.0,0.2068965517241379,0.2592592592592592,-4.697567
NC(=O)Nc1cc(Cl)c(OC(F)(F)C(F)C(F)(F)F)cc1Cl,371.064,4.356000000000001,128.65573665857556,64.35000000000001,2.0,2.0,4.0,1.0,0.1,0.125,-6.2188158
FC(F)(F)N(C(F)(F)C(F)(F)C(F)(F)C(F)(F)F)C1(F)C(F)(F)C(F)(F)C(F)(C(F)(F)F)C(F)(F)C1(F)F,633.0890000000002,7.725100000000005,187.64600187602224,3.24,0.0,1.0,4.0,1.0,0.1891891891891892,0.1944444444444444,-6.4655485
FC(F)(F)N1C(F)(F)C(F)(F)C(F)(F)C2(F)C(F)(F)C(F)(F)C(F)(F)C(F)(F)C12F,495.079,5.614100000000002,148.91707407614237,3.24,0.0,1.0,0.0,2.0,0.0833333333333333,0.0857142857142857,-5.8210006
O=C(OCC(F)(F)C(F)(F)C(F)(F)F)C(F)=C(F)F,308.071,3.4401,97.16972204083794,26.3,0.0,2.0,4.0,0.0,0.2285714285714285,0.2727272727272727,-5.2991786
C=C(C)C(=O)OCN(C)S(=O)(=O)C(F)(F)C(F)(F)C(F)(F)C(F)(F)C(F)(F)C(F)(F)C(F)(F)C(F)(F)F,611.2700000000002,5.291700000000003,193.40367422471624,63.68,0.0,4.0,11.0,0.0,0.35,0.2619047619047619,-8.0057697
O=[13C](O)[13C](F)(F)C(F)(F)C(F)(F)C(F)(F)C(F)(F)F,316.03470967999993,3.1745,95.34060688424094,37.3,1.0,1.0,4.0,0.0,0.4,1.0,-5.1109519
C=CC(=O)OCC(NC)S(=O)(=O)C(F)(F)C(F)(F)C(F)(F)C(F)(F)F,411.242,2.1016000000000004,134.27427354649612,72.47,1.0,5.0,8.0,0.0,0.3023255813953488,0.2222222222222222,-6.4764423
FC(F)(F)OC(F)(F)C(F)(F)C(F)(F)OC(F)(C(F)(F)F)C(F)(OC(F)(F)C(F)(F)C(F)(F)OC(F)(F)F)C(F)(F)F,702.0760000000004,8.190400000000006,207.51171568030188,36.92,0.0,4.0,11.0,0.0,0.1666666666666666,0.1724137931034483,-7.5620461
F/C(=C\Cl)C(F)(F)F,148.486,2.5984,47.744940063025126,0.0,0.0,0.0,0.0,0.0,0.1428571428571428,0.1481481481481481,-3.8918324
O=S(=O)(O)C(F)(F)C(F)(F)C(F)(F)C(F)(F)C(F)(F)C(F)(F)C(F)(F)C(F)(F)C(F)(F)/C(F)=C(\F)C(F)(F)F,662.1580000000001,7.262300000000003,195.49996153135203,54.370000000000005,1.0,2.0,10.0,0.0,0.5555555555555556,0.28125,-7.9126129
CC(C)(CS(=O)(=O)[O-])NC(=O)CCS(=O)CCC(F)(F)C(F)(F)C(F)(F)C(F)(F)F,502.3970000000001,2.4235,167.32264952419328,103.37,1.0,5.0,11.0,0.0,0.2244897959183673,0.2040816326530612,-8.1917734
O=C(C(F)(F)F)C(F)(F)C(F)(F)C(F)(F)C(F)(F)S(=O)(=O)O,378.115,2.5043,112.17500914208556,71.44,1.0,3.0,5.0,0.0,0.5384615384615384,0.3,-5.5843
C[N+](C)(CCCNS(=O)(=O)C(F)(F)C(F)(F)C(F)(F)C(F)(F)C(F)(F)F)CC(O)CS(=O)(=O)O,573.4230000000001,1.6819999999999995,185.64275882783588,120.77,3.0,5.0,13.0,0.0,0.3260869565217391,0.2,-8.5904303
C[N+](C)(CCC(CO)[N-]S(=O)(=O)C(F)(F)C(F)(F)C(F)(F)F)CC(O)CO,438.362,0.6608999999999998,150.57550659608572,108.93,3.0,5.0,11.0,0.0,0.2340425531914893,0.1875,-7.5446501
C[N+](C)(CCO)CCC[N-]S(=O)(=O)C(F)(F)C(F)(F)C(F)(F)C(F)(F)F,428.317,2.5744000000000007,142.95316778314952,68.47,1.0,3.0,10.0,0.0,0.325,0.2093023255813953,-7.3185134
C[N+](C)(CCCNS(=O)(=O)C(F)(F)C(F)(F)C(F)(F)C(F)(F)F)CC(=O)O,443.3080000000001,1.8826,147.11468988319328,83.47,2.0,3.0,10.0,0.0,0.3095238095238095,0.2558139534883721,-7.2321587
O=S(=O)(O)C(F)(F)C(F)(F)C(F)(F)C(F)(F)C(F)(F)C(F)(F)C(F)(F)C(F)=C(F)C(F)(F)F,562.1440000000001,5.991700000000002,166.10793569085385,54.370000000000005,1.0,2.0,8.0,0.0,0.5555555555555556,0.28125,-7.0388098
O=S(=O)(O)C(F)(F)C(F)(F)C(F)(F)C(F)(F)C(F)C(F)=C(F)C(F)(F)F,444.13999999999993,4.423900000000001,132.55037444742945,54.370000000000005,1.0,2.0,6.0,0.0,0.4375,0.1538461538461538,-6.3680363
O=S(=O)(NS(=O)(=O)C(F)(F)C(F)(F)C(F)(F)C(F)(F)C(F)(F)C(F)(F)F)C(F)(F)C(F)(F)C(F)(F)C(F)(F)C(F)(F)C(F)(F)F,781.2250000000004,6.628200000000003,226.12894873071247,80.31,1.0,4.0,12.0,0.0,0.5416666666666666,0.3333333333333333,-8.0570879
O=P(O)(C(F)(F)C(F)(F)C(F)(F)C(F)(F)C(F)(F)C(F)(F)F)C(F)(F)C(F)(F)C(F)(F)C(F)(F)C(F)(F)C(F)(F)C(F)(F)C(F)(F)C(F)(F)C(F)(F)C(F)(F)C(F)(F)F,1002.1020000000008,12.461199999999998,291.4041161941853,37.3,1.0,1.0,16.0,0.0,0.3846153846153846,0.4,-7.4933753
C[Si](C)(Cl)CCC(F)(F)C(F)(F)C(F)(F)C(F)(F)C(F)(F)F,390.696,5.923900000000002,122.86929071822097,0.0,0.0,0.0,6.0,0.0,0.2424242424242424,0.25,-6.3068118
CC(C)OC(=O)C[N+](C)(C)CCCNC(=O)C(F)(F)C(F)(F)C(F)(F)C(F)(F)C(F)(F)C(F)(F)C(F)(F)C(F)(F)C(F)(F)C(F)(F)C(F)(F)C(F)(F)F,849.3900000000004,8.071300000000006,277.86261938771185,55.4,1.0,3.0,18.0,0.0,0.2,0.2826086956521739,-8.7190371
CN(C)CCCNC(=O)CSCCC(F)(F)C(F)(F)C(F)(F)C(F)(F)C(F)(F)C(F)(F)C(F)(F)C(F)(F)F,622.3850000000001,6.187000000000004,206.98675468714168,32.34,1.0,3.0,15.0,0.0,0.2083333333333333,0.2391304347826087,-8.1319838
CN(C)CCCNS(=O)(=O)CCC(F)(F)C(F)(F)C(F)(F)C(F)(F)F,412.3179999999999,2.7158000000000007,137.9489625443582,49.41,1.0,3.0,10.0,0.0,0.238095238095238,0.1860465116279069,-7.136323
C[N+](C)(CCCNS(=O)(=O)C(F)(F)C(F)(F)C(F)(F)C(F)(F)C(F)(F)C(F)(F)C(F)(F)F)CCC(=O)[O-],606.348,2.8439000000000005,197.5676707583372,86.3,1.0,4.0,14.0,0.0,0.3181818181818182,0.2391304347826087,-8.2600107
C[N+](C)(CCCN(CCC(=O)[O-])S(=O)(=O)C(F)(F)C(F)(F)C(F)(F)F)CCC(=O)[O-],477.3750000000001,-0.8448999999999987,167.04417275936578,117.64,0.0,6.0,13.0,0.0,0.2391304347826087,0.1914893617021276,-8.0293179
O=S(=O)(NS(=O)(=O)C(F)(F)C(F)(F)C(F)(F)F)C(F)(F)C(F)(F)C(F)(F)F,481.183,2.8164,137.95287120921807,80.31,1.0,4.0,6.0,0.0,0.4,0.2592592592592592,-6.2514048
COCCOCCOCCO[Si](CCCOCC(F)(F)C(F)(F)C(F)(F)C(F)(F)C(F)(F)C(F)(F)C(F)(F)F)(OCCOCCOCCOC)OCCOCCOCCOC,958.8189999999996,5.794700000000006,342.7625484337092,119.99000000000004,0.0,13.0,41.0,0.0,0.2,0.1777777777777777,-9.3336439
C[SiH]1O[Si](C)(CCCOCC2CO2)O[Si](C)(CCCC(F)(F)C(F)(F)C(F)(F)C(F)(F)C(F)(F)C(F)(F)F)O[Si](C)(CCCC(F)(F)C(F)(F)C(F)(F)C(F)(F)C(F)(F)C(F)(F)F)O1,1074.8820000000003,11.976199999999984,348.67346949418044,58.68000000000001,0.0,6.0,22.0,2.0,0.1379310344827586,0.1403508771929824,-7.2710519
C[Si](O)(O)CCC(F)(F)C(F)(F)C(F)(F)C(F)(F)C(F)(F)C(F)(F)F,424.2289999999999,4.171900000000001,131.02685998862907,40.46,2.0,2.0,7.0,0.0,0.28125,0.2903225806451613,-6.9227915
O=[PH](O)C(F)(F)C(F)(F)C(F)(F)C(F)(F)C(F)(F)C(F)(F)C(F)(F)C(F)(F)F,484.042,5.420300000000003,140.69355650927253,37.3,1.0,1.0,7.0,0.0,0.3846153846153846,0.4583333333333333,-6.1883926
COCCNS(=O)(=O)C(F)(F)C(F)(F)C(F)(F)C(F)(F)F,357.1939999999999,1.9779,111.8429056460753,55.4,1.0,3.0,7.0,0.0,0.3529411764705882,0.2162162162162162,-6.0605822
O=C=NCC(F)(F)C(C(F)(F)F)(C(F)(F)F)C(F)(F)C(F)(CN=C=O)C(F)(F)F,462.13700000000006,4.310200000000001,148.8198569845707,58.86,0.0,4.0,7.0,0.0,0.1578947368421052,0.1944444444444444,-5.3051295
O=S(=O)(OS(=O)(=O)C(F)(F)C(F)(F)C(F)(F)C(F)(F)C(F)(F)F)C(F)(F)C(F)(F)C(F)(F)C(F)(F)C(F)(F)F,682.1950000000002,5.784600000000003,196.44785866697225,77.51,0.0,5.0,10.0,0.0,0.5416666666666666,0.3333333333333333,-6.2625275
C[N+](C)(CCCN(CCC(=O)[O-])S(=O)(=O)C(F)(F)C(F)(F)C(F)(F)C(F)(F)C(F)(F)C(F)(F)F)CC(=O)[O-],613.369,0.6708999999999998,204.7672694057164,117.64,0.0,6.0,15.0,0.0,0.3043478260869565,0.2291666666666666,-7.6872668
O=C1c2cccc3cccc(c23)C(=O)N1OS(=O)(=O)C(F)(F)C(F)(F)C(F)(F)C(F)(F)F,495.275,4.122900000000001,170.77157166753906,80.75,0.0,5.0,5.0,3.0,0.2790697674418604,0.1739130434782608,-6.4367948
FC(F)(F)C(F)(F)CCCCCCCCCCC(F)(F)C(F)(F)F,378.2939999999999,7.282600000000004,133.1388525442478,0.0,0.0,0.0,11.0,0.0,0.1481481481481481,0.1538461538461538,-6.6587582
CCCCNCC(O)COCCC(F)(F)C(F)(F)C(F)(F)C(F)(F)F,393.2899999999999,3.611900000000002,138.06601619223585,41.49,2.0,3.0,12.0,0.0,0.1666666666666666,0.1702127659574468,-6.9944491
C[N+](C)(C)CCNS(=O)(=O)C(F)(F)C(F)(F)C(F)(F)C(F)(F)C(F)(F)C(F)(F)C(F)(F)C(F)(F)F,585.3000000000001,4.578900000000003,184.21310148315663,46.17,1.0,2.0,11.0,0.0,0.3823529411764705,0.2432432432432432,-5.5933042
CCC[Si](Cl)(CCC)CCC(F)(F)C(F)(F)C(F)(F)C(F)(F)F,396.7969999999999,6.849000000000004,133.6330462555583,0.0,0.0,0.0,9.0,0.0,0.1944444444444444,0.2,-6.7887149
CCC[Si](Cl)(CCC(F)(F)F)CCC(F)(F)C(F)(F)C(F)(F)C(F)(F)F,450.767,7.391400000000004,146.12965246433703,0.0,0.0,0.0,9.0,0.0,0.1794871794871795,0.1842105263157894,-5.9453335
O=S(=O)(O)CCCNS(=O)(=O)C(F)(F)C(F)(F)C(F)(F)C(F)(F)C(F)(F)F,471.266,2.2447,143.0540093468581,100.54,2.0,4.0,9.0,0.0,0.4545454545454545,0.2702702702702703,-6.7701907
O=S(=O)(O)CCCNS(=O)(=O)C(F)(F)C(F)(F)C(F)(F)C(F)(F)F,421.259,1.6094000000000002,128.35799642660905,100.54,2.0,4.0,8.0,0.0,0.4242424242424242,0.2432432432432432,-6.2691007
CCC[Si](CCC(F)(F)F)(CCC(F)(F)C(F)(F)C(F)(F)F)OC,396.341,6.163700000000004,133.02682931924684,9.23,0.0,1.0,9.0,0.0,0.1463414634146341,0.15,-6.7625556
CO[Si](CCC(F)(F)F)(CCC(F)(F)F)CCC(F)(F)C(F)(F)C(F)(F)C(F)(F)C(F)(F)C(F)(F)F,600.3320000000002,8.612000000000002,189.6114742887728,9.23,0.0,1.0,12.0,0.0,0.2162162162162162,0.2222222222222222,-8.4855652
CCN(CC(=O)O)S(=O)(=O)C(F)(F)C(F)(F)C(F)(F)C(F)(F)C(F)(F)C(F)(F)C(F)(F)C(F)(F)C(F)(F)C(F)(F)F,685.2460000000002,5.960200000000002,210.43610739129457,74.68,1.0,3.0,13.0,0.0,0.4,0.3333333333333333,-8.5571632
FC(F)(F)C(F)(C(F)(F)F)C1(F)C(F)(F)C(F)(F)C(F)(F)C(F)(C(F)(C(F)(F)F)C(F)(F)F)C1(F)F,600.0840000000002,7.623600000000005,177.72063280289265,0.0,0.0,0.0,2.0,1.0,0.1379310344827586,0.1428571428571428,-6.1726489
O=S(O)C(F)(F)C(F)(F)C(F)(F)C(F)(F)C(F)(F)C(F)(F)C(F)(F)F,434.12,4.5397,127.78942658993266,37.3,1.0,1.0,6.0,0.0,0.3846153846153846,0.4,-5.9653716
O=C(NCCOCCOCCOCCOCCOCCOCCOCCOCCOCCO)C(F)(F)C(F)(F)C(F)(F)C(F)(F)C(F)(F)C(F)(F)C(F)(F)C(F)(F)F,903.617000000001,4.253700000000009,318.29925718209034,132.40000000000003,2.0,11.0,36.0,0.0,0.25,0.3611111111111111,-10.457006
CCCN(CC(=O)O)S(=O)(=O)C(F)(F)C(F)(F)C(F)(F)C(F)(F)F,399.231,2.5385,128.62497198419672,74.68,1.0,3.0,8.0,0.0,0.3513513513513513,0.2894736842105263,-6.8049974
OCCOCCOCCOCCOCCOCCOCCOCCOCCC(F)(F)C(F)(F)C(F)(F)C(F)(F)C(F)(F)C(F)(F)C(F)(F)C(F)(F)F,816.5390000000008,5.511000000000006,284.3795013257418,94.07000000000002,1.0,9.0,32.0,0.0,0.2647058823529412,0.2727272727272727,-9.8424187
C[N+](C)(CCCNC(=O)C(F)(F)C(F)(F)C(F)(F)F)CCC(=O)[O-],370.2650000000001,0.5420000000000003,132.54930739936617,69.23,1.0,3.0,9.0,0.0,0.1739130434782608,0.2325581395348837,-7.126554
O=C(O)C(F)OC(F)(F)C(F)(F)C(F)(F)OC(F)(F)F,328.05799999999994,2.7405,101.40216194032848,55.760000000000005,1.0,3.0,6.0,0.0,0.1621621621621621,0.2352941176470588,-6.2415266
O=C(O)COC(F)(F)C(F)OC(F)(F)C(F)(F)C(F)(F)F,342.085,2.7830000000000004,107.76710405472508,55.760000000000005,1.0,3.0,7.0,0.0,0.2051282051282051,0.2777777777777778,-5.9733686
O=C(O)COC(F)(F)C(F)(F)OC(F)(F)C(F)(F)C(F)(F)OC(F)(F)C(F)(F)C(F)(F)F,526.095,4.9177,161.1342234479054,64.99000000000001,1.0,4.0,11.0,0.0,0.2222222222222222,0.303030303030303,-7.1054678
CCC(C)NCC(O)CC(F)(F)C(F)(F)C(F)(F)C(F)(F)C(F)(F)C(F)(F)C(F)(F)C(F)(F)C(F)(F)F,599.272,6.770200000000004,193.70265133518112,32.26,2.0,2.0,13.0,0.0,0.225,0.2307692307692307,-8.7732258
O=S(=O)(O)C(O)CC(F)(F)C(F)(F)C(F)(F)C(F)(F)F,344.1509999999999,2.0509000000000004,104.47664998838532,74.60000000000001,2.0,3.0,5.0,0.0,0.4,0.28125,-5.8415027
CC[N+](C)(C)CCC(F)(F)C(F)(F)C(F)(F)C(F)(F)C(F)(F)C(F)(F)C(F)(F)C(F)(F)F,520.247,6.482200000000004,168.26740552153012,0.0,0.0,0.0,10.0,0.0,0.2352941176470588,0.2424242424242424,-7.392684
O=C(O)CCSC(CO)C(CO)C(F)(F)C(F)(F)C(F)(F)C(F)(F)C(F)(F)C(F)(F)C(F)(F)C(F)(F)C(F)(F)C(F)(F)C(F)(F)C(F)(F)F,812.3260000000005,7.714300000000007,256.11392754212136,77.76,3.0,4.0,18.0,0.0,0.238095238095238,0.3076923076923077,-8.5646696
O=C(CC(F)(F)C(F)(F)C(F)(F)C(F)(F)F)CS(=O)(=O)O,356.1620000000001,2.3016,110.20888045062968,71.44,1.0,3.0,6.0,0.0,0.3870967741935484,0.3125,-6.0919333
O=S(=O)(O)C(O)CC(F)(F)C(F)(F)C(F)(F)C(F)(F)C(F)(F)C(F)(F)C(F)(F)C(F)(F)C(F)(F)C(F)(F)C(F)(F)C(F)(F)C(F)(F)C(F)(F)C(F)(F)C(F)(F)F,944.2350000000004,9.674500000000002,280.82880503137415,74.60000000000001,2.0,3.0,17.0,0.0,0.4333333333333333,0.3125,-8.0861034
O=C(CC(F)(F)C(F)(F)C(F)(F)C(F)(F)C(F)(F)C(F)(F)C(F)(F)C(F)(F)C(F)(F)C(F)(F)C(F)(F)C(F)(F)C(F)(F)C(F)(F)F)CS(=O)(=O)O,856.2320000000004,8.654600000000004,257.16900965312044,71.44,1.0,3.0,16.0,0.0,0.4193548387096774,0.34375,-8.5713739
CNCCCNS(=O)(=O)CCC(F)(F)C(F)(F)C(F)(F)C(F)(F)F,398.291,2.3736000000000006,131.37404894336626,58.2,2.0,3.0,10.0,0.0,0.25,0.1951219512195122,-6.2173438
CN(C)CCCNS(=O)(=O)CCC(F)(F)C(F)(F)F,312.3039999999999,1.4452,108.55693670386007,49.41,1.0,3.0,8.0,0.0,0.1666666666666666,0.1162790697674418,-6.4820313
CN(C)CCCNS(=O)(=O)C(F)(F)C(F)(F)C(F)(F)C(F)(F)C(F)(F)C(F)(F)C(F)(F)C(F)(F)C(F)(F)C(F)(F)C(F)(F)C(F)(F)F,784.3200000000004,7.365600000000004,242.7871816775576,49.41,1.0,3.0,16.0,0.0,0.3611111111111111,0.2307692307692307,-8.3693352
CC(C)OC(=O)C[N+](C)(C)CCCNC(=O)C(F)(F)C(F)(F)C(F)(F)C(F)(F)C(F)(F)C(F)(F)C(F)(F)C(F)(F)C(F)(F)F,699.3690000000003,6.165400000000004,233.77458062696468,55.4,1.0,3.0,15.0,0.0,0.2,0.2826086956521739,-9.7741537
CN(CC(=O)O)S(=O)(=O)C(F)(F)C(F)(F)F,271.16299999999995,0.4877000000000002,86.50306191490537,74.68,1.0,3.0,4.0,0.0,0.2647058823529412,0.2352941176470588,-5.5252562
C[N+](C)(CCCNC(=O)C(F)(F)C(F)(F)C(F)(F)C(F)(F)C(F)(F)C(F)(F)C(F)(F)C(F)(F)C(F)(F)C(F)(F)C(F)(F)C(F)(F)C(F)(F)F)CC(=O)[O-],856.3080000000003,6.504900000000006,273.1444944874603,69.23,1.0,3.0,18.0,0.0,0.2222222222222222,0.3170731707317073,-8.5428925
O=S(=O)(O)OC(F)(F)C(F)(F)C(F)(F)C(F)(F)C(F)(F)C(F)(F)F,416.11099999999993,3.5021,121.66710695345914,63.60000000000001,1.0,3.0,6.0,0.0,0.5,0.3571428571428571,-6.2535582
C[N+](C)(CCCN(CCC(=O)O)S(=O)(=O)C(F)(F)C(F)(F)C(F)(F)C(F)(F)C(F)(F)C(F)(F)C(F)(F)C(F)(F)C(F)(F)C(F)(F)C(F)(F)C(F)(F)C(F)(F)C(F)(F)F)CCC(=O)[O-],1028.4600000000005,7.478100000000008,328.70031488210554,114.81,1.0,5.0,24.0,0.0,0.2916666666666667,0.2448979591836734,-8.6407337
O=C(O)C1(F)C(F)(F)C(F)(F)C(F)(C(F)(F)F)C1(F)F,326.061,2.9694,100.69971784510832,37.3,1.0,1.0,1.0,1.0,0.1470588235294117,0.2258064516129032,-5.0816555
O=C(O)C1(F)C(F)(F)C(F)(F)C(F)(F)C(F)(C(F)(F)C(F)(F)C(F)(F)F)C1(F)F,476.082,4.8753,144.78775660585555,37.3,1.0,1.0,3.0,1.0,0.2222222222222222,0.303030303030303,-6.0044494
C[N+](C)(CCCN(CC(O)CS(=O)(=O)O)S(=O)(=O)C(F)(F)C(F)(F)F)CC(O)CS(=O)(=O)O,561.5460000000003,-1.2627999999999966,187.2823876591104,186.58,4.0,8.0,14.0,0.0,0.2040816326530612,0.1153846153846153,-9.3044491
C[N+](C)(CCCN(CC(O)CS(=O)(=O)O)S(=O)(=O)C(F)(F)C(F)(F)C(F)(F)F)CC(O)CS(=O)(=O)O,611.5530000000002,-0.6274999999999984,201.9784005793595,186.58,4.0,8.0,15.0,0.0,0.2448979591836734,0.1538461538461538,-9.5303555
C[N+](C)(CCCN(CC(=O)O)S(=O)(=O)C(F)(F)C(F)(F)C(F)(F)C(F)(F)F)CC(O)CS(=O)(=O)O,581.4520000000002,0.8437000000000003,192.84235747521512,149.28,3.0,6.0,14.0,0.0,0.2745098039215686,0.2075471698113207,-9.0216122
C[N+](C)(CCCNS(=O)(=O)C(F)(F)C(F)(F)C(F)(F)F)CC(=O)[O-],392.29300000000006,-0.0874,132.41867696294426,86.3,1.0,4.0,9.0,0.0,0.25,0.2,-7.1359291
O=S(=O)(O)CCCNS(=O)(=O)C(F)(F)C(F)(F)C(F)(F)C(F)(F)C(F)(F)C(F)(F)C(F)(F)C(F)(F)C(F)(F)F,671.2940000000002,4.785900000000002,201.8380610278544,100.54,2.0,4.0,13.0,0.0,0.4545454545454545,0.2702702702702703,-8.841486
C[N+](C)(CCCNS(=O)(=O)C(F)(F)C(F)(F)C(F)(F)C(F)(F)C(F)(F)C(F)(F)C(F)(F)C(F)(F)C(F)(F)C(F)(F)C(F)(F)F)CC(=O)[O-],792.3490000000003,4.995000000000004,249.98678032493683,86.3,1.0,4.0,17.0,0.0,0.3255813953488372,0.2444444444444444,-7.6363869
C[N+](C)(CCCN(CC(=O)O)S(=O)(=O)C(F)(F)C(F)(F)C(F)(F)C(F)(F)C(F)(F)C(F)(F)C(F)(F)C(F)(F)F)CCCS(=O)(=O)[O-],764.4730000000001,4.071500000000003,246.83217540401543,131.88,1.0,6.0,18.0,0.0,0.2916666666666667,0.2448979591836734,-9.0441389
CN(CCC[N+](C)(C)CCCS(=O)(=O)[O-])S(=O)(=O)C(F)(F)C(F)(F)F,420.422,0.8049000000000002,143.33539991588452,94.57999999999998,0.0,5.0,10.0,0.0,0.1777777777777777,0.1304347826086956,-7.91855
CN(CCC[N+](C)(C)CCCS(=O)(=O)[O-])S(=O)(=O)C(F)(F)C(F)(F)C(F)(F)C(F)(F)C(F)(F)C(F)(F)C(F)(F)C(F)(F)F,720.4640000000004,4.616700000000005,231.511477437379,94.57999999999998,0.0,5.0,16.0,0.0,0.2954545454545454,0.217391304347826,-9.0065107
C[N+](C)(CCCN(CCCS(=O)(=O)O)S(=O)(=O)C(F)(F)C(F)(F)C(F)(F)C(F)(F)C(F)(F)C(F)(F)C(F)(F)C(F)(F)C(F)(F)C(F)(F)C(F)(F)C(F)(F)F)CCCS(=O)(=O)O,1029.6180000000004,7.148600000000007,324.654049357209,146.11999999999998,2.0,6.0,24.0,0.0,0.3658536585365853,0.2222222222222222,-6.9991512
O=S(=O)(O)C(F)(F)C(F)(F)C(F)(F)C(F)(F)C(F)(F)C(F)/C(F)=C(\F)C(F)(F)C(F)(F)C(F)(F)C(F)(F)C(F)(F)C(F)(F)F,744.1820000000002,8.235700000000003,220.72645196892395,54.370000000000005,1.0,2.0,12.0,0.0,0.5454545454545454,0.3157894736842105,-8.1498089
O=C(O)C(F)(F)OC(F)(F)C(F)(F)C(F)(F)C(F)(F)C(F)(F)C(F)(F)/C(F)=C(\F)C(F)(F)C(F)(F)C(F)(F)F,642.1020000000002,7.433200000000004,194.3055687174546,46.53,1.0,2.0,11.0,0.0,0.2432432432432432,0.4516129032258064,-7.7035708
O=C(O)C(F)(F)OC(F)(F)C(F)(F)C(F)(F)C(F)(F)C(F)(F)C(F)(F)/C(F)=C(\F)C(F)(F)C(F)(F)C(F)(F)C(F)(F)F,692.1090000000003,8.068500000000004,209.00158163770368,46.53,1.0,2.0,12.0,0.0,0.2777777777777778,0.5,-8.367939
C[N+](C)(CCCN(CC(=O)O)S(=O)(=O)C(F)(F)C(F)(F)C(F)(F)C(F)(F)C(F)(F)C(F)(F)C(F)(F)C(F)(F)C(F)(F)C(F)(F)F)CC(=O)[O-],800.3780000000003,4.156700000000003,257.18637897231605,114.81,1.0,5.0,18.0,0.0,0.2978723404255319,0.25,-9.019166
[H]COC(F)(F)F,100.03900000000002,1.1526,32.71434458051174,9.23,0.0,1.0,0.0,0.0,0.125,0.1304347826086956,-3.5663426
O=C(O)C(F)(F)OC(F)(F)F,180.028,1.2002000000000002,56.3661133530006,46.53,1.0,2.0,2.0,0.0,0.1724137931034483,0.32,-4.2969503
O=C(O)C(F)(F)F,114.02200000000002,0.6333,36.55655520324464,37.3,1.0,1.0,0.0,0.0,0.217391304347826,0.4210526315789473,-3.665467
CCC(C)=NO[Si](C)(OCCNS(=O)(=O)C(F)(F)C(F)(F)F)ON=C(C)CC,457.4940000000001,3.2512000000000016,161.04720198254185,98.58,1.0,7.0,12.0,0.0,0.1836734693877551,0.1176470588235294,-8.6093798
O=P(O)(C(F)(F)F)C(F)(F)F,201.99,2.2964,56.2679094702002,37.3,1.0,1.0,0.0,0.0,0.2,0.2083333333333333,-4.2637119
CCN(CC)CC(CC(F)(F)C(F)(F)C(F)(F)C(F)(F)C(F)(F)C(F)(F)C(F)(F)C(F)(F)C(F)(F)F)OCCO,643.325,6.740500000000006,211.75605228007657,32.7,1.0,3.0,16.0,0.0,0.2045454545454545,0.2093023255813953,-9.0306883
CCCN(CCOCCOS(=O)(=O)O)S(=O)(=O)C(F)(F)C(F)(F)C(F)(F)C(F)(F)C(F)(F)C(F)(F)C(F)(F)C(F)(F)F,709.3930000000004,4.831100000000004,223.24788238685883,110.21,1.0,6.0,17.0,0.0,0.3488372093023256,0.2127659574468085,-9.0066853
O=C([O-])C[N+](CC=C(F)C(F)(F)C(F)(F)F)(CCO)CCS(=O)(=O)O,403.29700000000014,-0.5158,138.0407123284439,114.73,2.0,5.0,10.0,0.0,0.18,0.16,-7.410213
CN(C)CCCN(CCC(=O)O)S(=O)(=O)C(F)(F)F,306.306,0.5643999999999996,109.39159323684272,77.92,1.0,4.0,8.0,0.0,0.1707317073170731,0.175,-6.3440881
C=COC(=O)C(F)(F)F,140.06,1.2354,48.91614787716447,26.3,0.0,2.0,1.0,0.0,0.1612903225806451,0.2068965517241379,-4.2517443
O=C(F)C(F)(F)F,116.013,1.0448,35.92785685397486,17.07,0.0,1.0,0.0,0.0,0.217391304347826,0.2857142857142857,-3.530128
NC(=O)C(F)(F)F,113.038,0.0340000000000001,37.10221214806134,43.09,1.0,1.0,0.0,0.0,0.2083333333333333,0.2727272727272727,-3.6948292
