Canonical SMILES,Molecular Weight,LogP,Labute ASA,TPSA,Num H Donors,Num H Acceptors,Num Rotatable Bonds,Num Rings,Docking Score
CCOC(=O)/C=C/C(F)(F)C(F)(F)C(F)(F)F,268.128,2.938600000000001,91.03805794645582,26.3,0.0,2.0,4.0,0.0,-5.6990829
CC(C)OC(=O)C[N+](C)(C)CCCNC(=O)C(F)(F)C(F)(F)C(F)(F)C(F)(F)C(F)(F)C(F)(F)C(F)(F)C(F)(F)C(F)(F)C(F)(F)F,749.3760000000003,6.800700000000005,248.47059354721372,55.4,1.0,3.0,16.0,0.0,-8.7098198
C=CC(=O)OCCN(C)S(=O)(=O)CCC(F)(F)C(F)(F)C(F)(F)C(F)(F)C(F)(F)C(F)(F)C(F)(F)C(F)(F)C(F)(F)C(F)(F)C(F)(F)C(F)(F)F,839.3520000000004,7.917900000000006,264.91761013450576,63.68,0.0,4.0,18.0,0.0,-7.416851
C=CCOCC(F)(OC(F)(F)C(F)(OC(F)(F)C(F)(F)C(F)(F)F)C(F)(F)F)C(F)(F)F,522.151,6.061600000000003,164.21874879227462,27.69,0.0,3.0,10.0,0.0,-7.4167109
OCC(F)(F)C(F)(F)C(F)(F)C(F)(F)C(F)(F)C(F)(F)C(F)(F)C(F)(F)C(F)(F)C(F)(F)CO,562.138,5.324000000000004,171.65278984910893,40.46,2.0,2.0,11.0,0.0,-7.2075572
O=S(=O)(O)OCCC(F)(F)C(F)(F)C(F)(F)C(F)(F)C(F)(F)C(F)(F)C(F)(F)C(F)(F)C(F)(F)C(F)(F)C(F)(F)C(F)(F)F,744.2070000000003,7.746500000000005,222.5730687037468,63.60000000000001,1.0,3.0,14.0,0.0,-9.009943
CCc1c(C(=O)O)ccc(C(F)(C(F)(F)F)C(F)(F)F)c1SC,364.2819999999999,4.958500000000002,130.22361161836187,37.3,1.0,2.0,4.0,1.0,-6.9094453
C[Si](C)(CCCC(F)(F)C(F)(F)C(F)(F)F)N1CCOCC1,355.3700000000001,4.136800000000004,125.24084789808228,12.47,0.0,2.0,6.0,1.0,-7.2026029
O=C(CCCCC(=O)OCC(I)CC(F)(F)C(F)(F)C(F)(F)C(F)(F)C(F)(F)C(F)(F)C(F)(F)C(F)(F)F)OCC(I)CC(F)(F)C(F)(F)C(F)(F)C(F)(F)C(F)(F)C(F)(F)C(F)(F)C(F)(F)F,1318.1880000000008,14.039399999999988,379.29470271721846,52.60000000000001,0.0,4.0,25.0,0.0,-9.0986214
FC(F)(F)COC(F)(F)C(F)(F)Cl,234.498,2.9897,72.40963664789156,9.23,0.0,1.0,3.0,0.0,-4.9199929
Cc1cc(C(F)(C(F)(F)F)C(F)(F)F)cc(C)c1NC(=O)c1cccc(NC(=O)c2ccccc2)c1F,530.4150000000002,7.236540000000004,204.84723812311472,58.2,2.0,2.0,5.0,3.0,-8.5066576
N#CC=Cc1ccc(OCC(F)(F)C(F)F)cc1,259.20199999999994,3.502580000000002,101.0997192963729,33.02,0.0,2.0,5.0,1.0,-5.8218398
O=C(O)C1(F)C(F)(F)C(F)(F)C(F)(F)C(F)(C(F)(F)C(F)(F)C(F)(F)C(F)(F)C(F)(F)F)C1(F)F,576.0960000000001,6.145900000000002,174.1797824463537,37.3,1.0,1.0,5.0,1.0,-6.6915965
CCN([O-])CCCNS(=O)(=O)C(F)(F)C(F)(F)C(F)(F)C(F)(F)C(F)(F)C(F)(F)F,499.269,3.8119000000000014,159.35937640773716,72.47,1.0,4.0,11.0,0.0,-7.392849
C=C(Br)C(F)(F)C(F)(F)F,224.95399999999995,3.0926,61.83969895910766,0.0,0.0,0.0,1.0,0.0,-4.3117366
O=C(O)CCC(F)(F)C(F)(F)C(F)(F)C(F)(F)C(F)(F)C(F)(F)C(F)(F)C(F)(F)C(F)(F)C(F)(F)C(F)(F)F,642.1460000000002,7.766500000000005,196.2465686345286,37.3,1.0,1.0,12.0,0.0,-8.1240139
OCCC(F)(F)C(F)(F)C(F)(F)C(F)(F)C(F)(F)C(F)(F)C(F)(F)C(F)(F)C(F)(F)C(F)(F)C(F)(F)C(F)(F)C(F)(F)F,714.1500000000003,8.554700000000002,215.1121302605864,20.23,1.0,1.0,13.0,0.0,-7.5391583
O=C(O)C(F)(F)C(C(F)(F)F)(C(F)(F)F)C(F)(C(F)(F)F)C(F)(F)F,414.064,4.6502,124.7326327247391,37.3,1.0,1.0,3.0,0.0,-5.2141414
FC(F)=C(F)OCC(F)(F)C(F)(F)F,230.05399999999997,3.2357000000000005,71.94724490614847,9.23,0.0,1.0,3.0,0.0,-4.8222499
O=P(O)(C(F)(F)C(F)(F)C(F)(F)C(F)(F)C(F)(F)C(F)(F)C(F)(F)F)C(F)(F)C(F)(F)C(F)(F)C(F)(F)C(F)(F)C(F)(F)C(F)(F)F,802.0740000000004,9.920000000000002,232.62006451318908,37.3,1.0,1.0,12.0,0.0,-8.3341808
CCN(CCC[N+](C)(C)CCC(=O)[O-])S(=O)(=O)C(F)(F)C(F)(F)C(F)(F)C(F)(F)C(F)(F)C(F)(F)C(F)(F)C(F)(F)C(F)(F)C(F)(F)C(F)(F)F,834.4300000000004,6.117400000000004,269.291578154722,77.51,0.0,4.0,19.0,0.0,-8.9776411
O=C(O)c1ccc(C(F)(F)C(F)(F)C(F)(F)F)cc1,290.134,3.674200000000001,101.00567524980684,37.3,1.0,1.0,3.0,1.0,-5.5963416
O=S(=O)(O)c1ccc(OC(F)=C(F)C(F)(F)C(F)(F)C(F)(F)C(F)(F)C(F)(F)C(F)(F)C(F)(F)C(F)(F)F)cc1,654.2410000000002,7.429600000000004,206.2785751264247,63.60000000000001,1.0,3.0,10.0,1.0,-8.2257051
O=S(=O)(OS(=O)(=O)C(F)(F)C(F)(F)C(F)(F)C(F)(F)C(F)(F)C(F)(F)F)C(F)(F)C(F)(F)C(F)(F)C(F)(F)C(F)(F)C(F)(F)F,782.2090000000003,7.055200000000005,225.8398845074704,77.51,0.0,5.0,12.0,0.0,-8.3314295
CCc1c(C(=O)O)ccc(C(F)(C(F)(F)F)C(F)(F)F)c1S(=O)(=O)C(C)CC,438.3610000000001,4.808800000000003,155.82072631797303,71.44,1.0,3.0,6.0,1.0,-7.411581
FC(F)(F)C(F)(F)C(F)(F)C(F)(F)C(F)(F)C(F)(F)CCC(F)(F)C(F)(F)C(F)(F)C(F)(F)C(F)(F)C(F)(F)F,666.1340000000004,9.2442,199.78741899106757,0.0,0.0,0.0,11.0,0.0,-7.7569175
O=S(=O)(Cc1ccccc1)C(F)(F)C(F)(F)C(F)(F)C(F)(F)F,374.22399999999993,4.027100000000002,123.3713306996027,34.14,0.0,2.0,5.0,1.0,-6.3092461
N#CC(F)(F)C(F)(F)C(F)(F)C(F)(F)C(F)(F)C(F)(F)C(F)(F)C(F)(F)C(F)(F)F,495.079,6.154680000000003,149.56148239446617,23.79,0.0,1.0,7.0,0.0,-6.209969
O=C(C(F)(F)C(F)(F)F)C(F)(C(F)(F)F)C(F)(F)F,316.04099999999994,3.586,94.71190853497116,17.07,0.0,1.0,2.0,0.0,-4.9925256
O=C(C(C(F)(F)F)C(F)(F)C(F)(F)C(F)(F)F)N1CCCC1,349.1680000000001,3.6202000000000014,116.59460870337928,20.31,0.0,1.0,3.0,1.0,-6.3718739
O=C(O)C(F)(F)C(F)(F)C(F)(F)C(F)(F)C(F)(F)C(F)(F)C(F)(F)C(F)(F)C(F)(F)Cl,530.533,5.985000000000001,160.2623893891927,37.3,1.0,1.0,9.0,0.0,-6.6728244
FC(F)(F)C(OCC1CO1)(c1ccccc1)C(F)(F)F,300.198,3.4219000000000017,109.83552752891856,21.76,0.0,2.0,4.0,2.0,-5.9535956
O=C(O)C=C(F)C(F)(F)C(F)(F)C(F)(F)C(F)(F)C(F)(F)C(F)(F)C(F)(F)C(F)(F)C(F)(F)C(F)(F)F,608.1130000000002,7.204400000000004,185.02648808502155,37.3,1.0,1.0,10.0,0.0,-7.4456296
Oc1ccc(CCCNCC(F)(F)C(F)(F)F)cc1O,299.239,2.817600000000001,111.58706250850784,52.49,3.0,3.0,6.0,1.0,-6.6429834
CC(C)(C)C(N)=CC(=O)C(F)(F)C(F)(F)C(F)(F)F,295.1979999999999,3.277100000000001,103.99428764275488,43.09,1.0,2.0,3.0,0.0,-5.7470708
FCOC(C(F)(F)F)C(F)(F)F,200.053,2.4232000000000005,62.10637042100989,9.23,0.0,1.0,2.0,0.0,-4.4952526
Oc1ccc(Br)cc1CCCC(F)(F)C(F)(F)C(F)(F)C(F)(F)C(F)(C(F)(F)F)C(F)(F)F,583.1290000000001,7.851500000000006,182.22563666519395,20.23,1.0,1.0,8.0,1.0,-7.79811
C=CC(F)(F)C(F)(F)C(F)(F)C(F)(F)C(F)(F)C(F)(F)C(F)(F)C(F)(F)C=C,454.148,6.440800000000003,144.02297466864346,0.0,0.0,0.0,9.0,0.0,-6.5180912
C[N+](C)(CCCCC(F)(F)C(F)(F)C(F)(F)C(F)(F)C(F)(F)C(F)(F)F)CC(=O)[O-],477.261,3.7218000000000018,160.56101976206494,40.13,0.0,2.0,11.0,0.0,-7.5822611
O=S(=O)(O)C1(F)C(F)(F)C(F)(F)C(F)(F)C(F)(F)C1(F)C(F)(F)C(F)(F)F,462.13,4.0007,136.3996817290107,54.370000000000005,1.0,2.0,2.0,1.0,-5.5713863
FC(F)(F)C(F)(F)C=CC(F)(F)C(F)(F)C(F)(F)C(F)(F)C(F)(F)C(F)(F)F,464.09,6.479000000000003,140.31376427788695,0.0,0.0,0.0,6.0,0.0,-6.2117229
CCC(OC(=O)C(C(=O)[O-])C(F)(F)F)(C(F)(F)F)C(F)(F)F,349.12499999999994,1.7314,115.37942975112892,66.43,0.0,4.0,4.0,0.0,-6.1349421
O=C=Nc1ccc2c(c1)C(F)(F)OC(F)(F)O2,249.11899999999991,2.6625000000000005,91.46647496578014,47.89,0.0,4.0,1.0,2.0,-5.2260628
C=CC(F)(F)C(F)(F)C(F)(F)C(F)(F)C(F)(F)C(F)(F)F,346.086,4.911200000000001,106.7562030344626,0.0,0.0,0.0,5.0,0.0,-5.3625698
O=C(O)C(F)(Cl)C(F)(F)F,180.484,1.5379,57.39029894744916,37.3,1.0,1.0,1.0,0.0,-4.0520496
FC(F)(C(Cl)(Cl)Cl)C(F)(Cl)C(F)(F)C(F)(Cl)C(F)(F)C(Cl)(Cl)Cl,519.685,7.4419,162.67931675267246,0.0,0.0,0.0,4.0,0.0,-6.1852436
OC(CCl)(c1ccc(F)cc1F)C(F)(F)C(F)(F)C(F)(F)F,360.6029999999999,4.224100000000001,121.84343229689378,20.23,1.0,1.0,4.0,1.0,-5.842844
FC(F)(Cl)C(F)(F)Cl,170.92000000000002,2.6495999999999995,52.37286720769444,0.0,0.0,0.0,1.0,0.0,-3.9686353
O=C(O)C(F)(F)C(F)(F)C(F)(F)C(F)(C(F)(F)F)C(F)(F)C(F)(F)F,414.064,4.4451,124.7326327247391,37.3,1.0,1.0,5.0,0.0,-5.8816051
COC(=O)C(F)(F)OC(F)(F)C(F)(F)C(F)(F)C(F)(F)C(F)(F)C(F)(F)C(F)(F)C(F)(F)F,544.104,5.735700000000002,165.9224573864516,35.53,0.0,3.0,9.0,0.0,-6.8812194
Cc1cc(Br)c(N)c(C(O)(C(F)(F)F)C(F)(F)F)c1,352.072,3.651920000000001,111.88605604949088,46.25,2.0,2.0,1.0,1.0,-5.5661497
FC(=NN=C(Cl)C(F)(F)F)C(F)(F)F,244.49699999999996,3.0313,77.0568724103399,24.72,0.0,2.0,1.0,0.0,-4.7288222
FC(OC(F)(F)C(F)F)C(F)(F)F,218.04299999999995,2.7188,66.27190582393614,9.23,0.0,1.0,3.0,0.0,-4.5617471
CCCSc1c(C(F)(C(F)(F)F)C(F)(F)F)ccc(C(=O)O)c1CC,392.3360000000001,5.738700000000002,142.95349584715512,37.3,1.0,2.0,6.0,1.0,-7.1059742
F/C=C(\F)C(F)(F)C(F)(F)C(F)(F)C(F)(F)C(F)(F)C(F)(F)F,382.066,5.505600000000001,115.08727384031506,0.0,0.0,0.0,5.0,0.0,-5.651762
CCC(=O)C(C)=C(F)C(F)(F)F,184.132,2.771300000000001,67.06296439377365,17.07,0.0,1.0,2.0,0.0,-5.1319847
O=C(CCF)C(F)(F)C(F)(F)F,194.074,2.1127,63.35375400301716,17.07,0.0,1.0,3.0,0.0,-4.7518167
O=S(=O)(O)CC(F)(F)C(F)(F)C(F)(F)C(F)(F)C(F)(F)C(F)(F)C(F)(F)C(F)(F)C(F)(F)C(F)(F)C(F)(F)C(F)(F)F,714.1810000000003,7.424800000000004,210.88557748378528,54.370000000000005,1.0,2.0,12.0,0.0,-7.8045111
NC(=O)C(F)C(F)(F)F,145.055,0.3721000000000002,47.63268966538418,43.09,1.0,1.0,1.0,0.0,-4.0918846
CC(F)(F)C(F)(F)OC(F)(C(=O)O)C(F)(F)F,276.07899999999995,2.5637,87.95754590496912,46.53,1.0,2.0,4.0,0.0,-5.1900616
O=P(O)(O)CCC(F)(OC(F)(F)C(F)(OC(F)(F)C(F)(OC(F)(F)C(F)(F)C(F)(F)F)C(F)(F)F)C(F)(F)F)C(F)(F)F,726.1130000000003,7.264300000000006,217.3179142771528,85.22000000000001,2.0,4.0,12.0,0.0,-8.145813
C[N+](C)(CCC(F)C(F)(F)C(F)(F)C(F)(F)C(F)(F)C(F)(F)C(F)(F)C(F)(F)C(F)(F)C(F)(F)C(F)(F)C(F)(F)F)CC(=O)O,732.2670000000002,7.790900000000007,231.84167765183997,37.3,1.0,1.0,15.0,0.0,-9.6542702
FC(F)(F)C(F)(F)C(F)(F)COCC1CO1,256.117,2.2347,85.30891084017736,21.76,0.0,2.0,5.0,1.0,-5.4341483
CC(=O)OCCC(F)(F)C(F)(F)C(F)(F)C(F)(F)C(F)(F)C(F)(F)C(F)(F)C(F)(F)C(F)(F)C(F)(F)F,606.1660000000002,7.219600000000004,188.234809305987,26.3,0.0,2.0,11.0,0.0,-7.6628556
CCCCCCCCCCN(CC(=O)O)S(=O)(=O)C(F)(F)C(F)(F)C(F)(F)C(F)(F)C(F)(F)C(F)(F)C(F)(F)C(F)(F)F,697.4480000000003,7.810400000000006,231.96361846596932,74.68,1.0,3.0,19.0,0.0,-9.2218418
FC1=C(I)C(F)(F)C(F)(F)C(F)(F)C1(F)F,369.952,4.1573,95.62018416147885,0.0,0.0,0.0,0.0,1.0,-4.8817353
CNS(=O)(=O)C(F)(F)C(F)(F)C(F)(F)C(F)(F)F,313.1409999999999,1.9613000000000005,93.9994761877752,46.17,1.0,2.0,4.0,0.0,-5.2566104
Cc1cc(C(F)(C(F)(F)F)C(F)(F)F)cc(C)c1NC(=O)c1cccc(NC(=O)c2ccc(F)cc2Cl)c1F,582.8500000000001,8.029040000000004,219.31603975292268,58.2,2.0,2.0,5.0,3.0,-8.860322
FC(F)=C(F)OC(F)(F)C(F)(F)C(F)(F)C(F)(F)OC(F)(F)F,382.047,5.030700000000001,114.78388678200598,18.46,0.0,2.0,6.0,0.0,-5.7129302
CCCC(=O)OCC(F)(F)C(F)(F)C(F)(F)F,270.14399999999995,3.162600000000002,91.72766097864007,26.3,0.0,2.0,5.0,0.0,-5.7774115
O=C(O)C(F)(F)C(F)(Cl)C(F)(F)C(F)(F)C(F)(F)C(F)(F)C(F)(F)C(F)(F)C(F)(F)C(F)(F)C(F)(F)F,630.5470000000003,7.255600000000004,189.65441522969084,37.3,1.0,1.0,10.0,0.0,-7.4949512
FC(F)(F)C(F)(F)C(F)(C(F)(C(F)(F)F)C(F)(F)F)C(F)(C(F)(F)F)C(F)(F)F,488.059,6.558100000000003,142.96949600152712,0.0,0.0,0.0,3.0,0.0,-5.4079733
O=C(O)C(F)(F)C(F)(C(F)(F)F)C(F)(F)C(F)(C(F)(F)F)C(F)(F)F,414.064,4.4451,124.7326327247391,37.3,1.0,1.0,4.0,0.0,-5.561594
O=C(O)C(F)(F)C(F)(F)C(F)(F)C(F)(F)C(F)(F)C(F)(F)C(F)(F)C(F)(F)C(F)(F)C(F)(F)C(F)(F)C(=O)O,640.1110000000002,6.143900000000004,194.6718469694455,74.6,2.0,2.0,12.0,0.0,-7.5719433
COC(F)(F)C(F)(F)Cl,166.501,2.0572,53.54808832471626,9.23,0.0,1.0,2.0,0.0,-4.1741657
FC(F)(F)C(F)(F)C(F)(F)C(F)(F)C(F)(F)C(F)(F)C(F)(F)C(F)(F)CCc1ccc(P(c2ccccc2)c2ccc(CCC(F)(F)C(F)(F)C(F)(F)C(F)(F)C(F)(F)C(F)(F)C(F)(F)C(F)(F)F)cc2)cc1,1154.4920000000004,15.328799999999983,383.97232289992223,0.0,0.0,0.0,21.0,3.0,-6.982574
FC(F)(F)C(F)(F)C(F)(F)C(F)(F)C(F)(F)C(F)(F)c1cc(-c2ccccc2)[nH]n1,462.20900000000006,6.272000000000002,157.22737222034718,28.68,1.0,1.0,6.0,2.0,-6.8043475
CCOC(F)(F)C(F)(F)F,164.073,2.178,53.77529961515744,9.23,0.0,1.0,2.0,0.0,-4.4907274
FC(OC(F)(F)C(F)(F)F)(OC(F)(F)C(F)(F)F)OC(F)(F)C(F)(F)F,436.042,5.082300000000001,128.91810584954956,27.69,0.0,3.0,6.0,0.0,-5.9013395
OCCC(F)(C(F)(F)F)C(F)(F)F,214.08,2.2017,68.15200105809564,20.23,1.0,1.0,2.0,0.0,-4.6036448
C=C(C)C(=O)OCCN(CC)S(=O)(=O)C(F)(F)C(F)(F)C(F)(F)C(F)(F)C(F)(F)F,489.303,3.818400000000003,162.04551969276224,63.68,0.0,4.0,10.0,0.0,-8.0561104
O=[S@](/N=C/c1ccccc1F)C(F)(F)C(F)(F)C(F)(F)C(F)(F)F,389.214,4.3340000000000005,129.31642192080685,29.43,0.0,1.0,5.0,1.0,-6.1834669
C[N+](C)(CCC(F)C(F)(F)C(F)(F)C(F)(F)C(F)(F)C(F)(F)C(F)(F)C(F)(F)C(F)(F)C(F)(F)F)CC(=O)[O-],631.245,5.185600000000004,202.4496518113418,40.13,0.0,2.0,13.0,0.0,-8.5407448
CN(CC1CO1)S(=O)(=O)C(F)(F)C(F)(F)C(F)(F)C(F)(F)F,369.2049999999999,2.0725,117.411988093538,49.91,0.0,3.0,6.0,1.0,-6.221034
FC(F)(CC1CO1)C(F)(F)CC1CO1,214.158,1.8348,78.17141559226603,25.06,0.0,2.0,5.0,2.0,-5.2875509
OC(CC(O)(C(F)(F)F)C(F)(F)F)CC(O)(C(F)(F)F)C(F)(F)F,392.1359999999999,2.8389,124.02791403470526,60.69,3.0,3.0,4.0,0.0,-5.885777
CN(CCC[N+](C)(C)[O-])S(=O)(=O)CCC(F)(F)C(F)(F)C(F)(F)C(F)(F)C(F)(F)C(F)(F)F,542.3580000000001,4.341200000000004,178.87414572411762,60.44,0.0,3.0,12.0,0.0,-8.3129921
C[N+](C)(CCCNC(=O)C(F)(F)C(F)(F)C(F)(F)C(F)(F)C(F)(F)F)CC(=O)[O-],456.25200000000007,1.4225,155.5763911254677,69.23,1.0,3.0,10.0,0.0,-7.7919731
C[N+](C)(CCC(=O)O)CC(O)CC(F)(F)C(F)(F)C(F)(F)C(F)(F)C(F)(F)C(F)(F)C(F)(F)C(F)(F)C(F)(F)C(F)(F)C(F)(F)C(F)(F)C(F)(F)C(F)(F)C(F)(F)C(F)(F)C(F)(F)C(F)(F)F,1094.3520000000008,11.650899999999991,341.7074085572498,57.53,2.0,2.0,23.0,0.0,-9.1623116
OC(C(F)(F)F)(C(F)(F)F)C(F)(F)F,236.033,2.4044,70.1181297495515,20.23,1.0,1.0,0.0,0.0,-4.2891893
O=P(O)(C(F)(F)C(F)(F)C(F)(F)C(F)(F)C(F)(F)C(F)(F)C(F)(F)C(F)(F)F)C(F)(F)C(F)(F)C(F)(F)C(F)(F)C(F)(F)C(F)(F)C(F)(F)C(F)(F)C(F)(F)C(F)(F)F,1002.1020000000008,12.461199999999998,291.4041161941853,37.3,1.0,1.0,16.0,0.0,-8.3644991
Cc1ccc(S(=O)(=O)OCC(F)(F)C(F)(F)C(F)(F)C(F)(F)COS(=O)(=O)c2ccc(C)cc2)cc1,570.4760000000001,4.955440000000004,200.6282124388467,86.74000000000001,0.0,6.0,11.0,2.0,-8.7932997
N#CC1(F)C(F)(F)C(F)(F)C(F)(F)C(F)(F)C1(F)F,307.06199999999995,3.40838,96.13654167433724,23.79,0.0,1.0,0.0,1.0,-4.5234632
O=C(O)C(F)(F)C(F)(F)C(F)(F)C(F)(F)C(F)(F)C(F)(F)C(F)(F)C(F)(F)C(F)(F)C(F)(F)C(F)(F)C(F)(F)C(F)(F)C(F)(F)C(F)(F)C(F)(F)C(F)(F)C(F)(F)F,964.1410000000006,11.4334,286.3887748474789,37.3,1.0,1.0,17.0,0.0,-9.0440207
C[N+](C)(CCO)CC(O)CNS(=O)(=O)C(F)(F)C(F)(F)C(F)(F)C(F)(F)C(F)(F)C(F)(F)F,545.3380000000001,2.0317,177.1394273758437,86.63,3.0,4.0,12.0,0.0,-7.7139473
FC(F)(F)C(F)(F)C(F)(F)C(F)(F)C(F)(F)C(F)(F)CCCCC(F)(F)C(F)(F)C(F)(F)C(F)(F)C(F)(F)C(F)(F)F,694.1880000000004,10.024399999999998,212.5173032198608,0.0,0.0,0.0,13.0,0.0,-8.4254599
C=CC(F)(F)C(F)(F)C(F)(F)C(F)(F)C(F)(F)C(F)(F)C(F)(F)C(F)(F)C(F)(F)C(F)(F)F,546.114,7.452400000000004,165.54025471545887,0.0,0.0,0.0,9.0,0.0,-7.1693659
C[N+](C)(C)CCCNS(=O)(=O)c1ccc(OC(=C(C(F)(C(F)(F)F)C(F)(F)F)C(F)(C(F)(F)F)C(F)(F)F)C(F)(F)F)cc1,703.4350000000004,6.922200000000004,236.42402211533656,55.400000000000006,1.0,3.0,10.0,1.0,-8.6101961
OB(O)c1ccc(C(F)(C(F)(F)F)C(F)(F)F)cc1,289.9429999999999,1.6557999999999995,102.166048804056,40.46,2.0,2.0,2.0,1.0,-5.488184
NS(=O)(=O)c1ccc(CNC(=O)C(F)(F)C(F)(F)C(F)(F)C(F)(F)C(F)(F)C(F)(F)F)cc1,532.278,3.689000000000001,174.31495114579047,89.25999999999999,2.0,3.0,8.0,1.0,-8.125741
O=P(O)(OCCC(F)(F)C(F)(F)C(F)(F)C(F)(F)C(F)(F)F)OCCC(F)(F)C(F)(F)C(F)(F)C(F)(F)C(F)(F)C(F)(F)C(F)(F)F,790.1660000000005,9.3778,239.0882381055456,55.760000000000005,1.0,3.0,16.0,0.0,-9.1861372
O=C(O)c1cccc(C(F)(C(F)(F)F)C(F)(F)F)c1,290.1339999999999,3.674200000000001,101.0056752498068,37.3,1.0,1.0,2.0,1.0,-5.7537136
FC(F)(F)C(F)(F)C(F)(F)OC1(F)C(F)(F)C1(F)F,316.041,3.7434,94.65810051090504,9.23,0.0,1.0,3.0,1.0,-5.1501746
Fc1c(F)c(F)c2c(c1F)C(F)(F)C(F)(F)C2(F)Cl,314.534,4.3448,103.31348316237532,0.0,0.0,0.0,0.0,2.0,-5.1406155
CCCCCCCCCCCCCCCCCCOC(=O)C(F)(F)C(F)(F)C(F)(F)F,466.52199999999993,8.624000000000002,180.83685058019265,26.3,0.0,2.0,19.0,0.0,-9.0285006
Cc1cc(C(F)(C(F)(F)F)C(F)(F)F)cc(C)c1NC(=O)c1cccc(NC(=O)c2ccc(F)cc2Cl)c1,564.8600000000001,7.889940000000004,215.1505043499964,58.2,2.0,2.0,5.0,3.0,-9.0544138
CC(C)OC(=O)C(F)(F)C(F)(F)C(F)(F)C(F)(F)C(F)(F)C(F)(F)C(F)(F)C(F)(F)C(F)(F)F,556.1590000000001,6.582700000000004,173.53879638573792,26.3,0.0,2.0,9.0,0.0,-7.8485785
CCOC(=O)C(F)(F)C(F)(F)F,192.083,1.7471,64.3017638295978,26.3,0.0,2.0,2.0,0.0,-4.9557447
C[N+](C)(CCCC(F)(F)C(F)(F)C(F)(F)C(F)(F)C(F)(F)C(F)(F)C(F)(F)C(F)(F)C(F)(F)C(F)(F)C(F)(F)C(F)(F)F)CC(=O)[O-],763.2760000000002,7.143500000000008,242.3721551691628,40.13,0.0,2.0,16.0,0.0,-8.6953354
O=S(=O)(O)C(F)(F)C(F)(F)C(F)(F)C(F)(C(F)(F)F)C(F)(F)C(F)(F)C(F)(F)F,500.1259999999999,4.841100000000001,145.7365836883924,54.370000000000005,1.0,2.0,6.0,0.0,-6.2967248
C[N+](C)(C)CC(O)CSCCC(F)(F)C(F)(F)C(F)(F)C(F)(F)C(F)(F)C(F)(F)C(F)(F)C(F)(F)C(F)(F)C(F)(F)C(F)(F)C(F)(F)F,796.3950000000003,8.727400000000001,254.69868520888085,20.23,1.0,2.0,17.0,0.0,-9.6211252
O=C(O)C(F)(F)C(F)(F)C(F)=CCl,224.512,2.3913,73.59611554698435,37.3,1.0,1.0,3.0,0.0,-4.6570787
C=CCOCCC(F)(F)C(F)(F)C(F)(F)C(F)(F)F,304.152,4.047300000000002,101.57254876666114,9.23,0.0,1.0,7.0,0.0,-5.817173
C[N+](C)(CCCC(=O)[O-])CCCC(F)(F)C(F)(F)C(F)(F)C(F)(F)C(F)(F)C(F)(F)C(F)(F)C(F)(F)F,591.3020000000001,5.382500000000003,196.3179877169597,40.13,0.0,2.0,14.0,0.0,-8.4973631
O=C(O)C(F)OC(F)(F)C(F)(F)OC(F)(F)OC(F)(F)OC(F)(F)OC(F)(F)F,476.069,3.8059,146.13482346934728,83.45000000000002,1.0,6.0,11.0,0.0,-6.7296076
CC1CCC(C(F)(C(F)(F)F)C(F)(F)F)C(O)C1,282.199,3.6164000000000014,98.97088047654944,20.23,1.0,1.0,1.0,1.0,-5.5261097
CCOP(=O)(OCC)C1=C(P(=O)(OCC)OCC)C(F)(F)C(F)(F)C1(F)F,448.23300000000006,5.649700000000004,151.79639638315595,71.06,0.0,6.0,10.0,1.0,-7.5385499
CC1=CC2=S(S1)SC(C)=C2C1(C(C(F)(F)F)C(F)(F)F)SC(=C(C(F)(F)F)C(F)(F)F)S1,576.5400000000001,9.182399999999998,190.33579415264865,0.0,0.0,4.0,2.0,3.0,-7.8636413
NCCCSC(F)(F)C(F)(F)F,209.183,2.2235000000000005,70.48969722242511,26.02,1.0,2.0,4.0,0.0,-4.8538418
C=C(Cl)C(=O)OCCC(F)(F)C(F)(F)C(F)(F)C(F)(F)C(F)(F)C(F)(F)F,452.594,5.411000000000001,145.42936293408474,26.3,0.0,2.0,8.0,0.0,-6.7565885
CC(SC(F)(F)C(F)(F)F)C(=O)O,224.15,2.3478,74.10556237765219,37.3,1.0,2.0,3.0,0.0,-4.8921633
CN(O)C(=O)C(F)(F)C(F)(F)C(F)(F)F,243.07799999999995,1.6669000000000005,78.02739532782076,40.54,1.0,2.0,2.0,0.0,-4.7365055
C=CC(=O)OCCOC(=O)Nc1ccc(Cc2ccc(NC(=O)OCCN(C)S(=O)(=O)C(F)(F)C(F)(F)C(F)(F)C(F)(F)F)cc2)cc1,723.5670000000006,5.790900000000005,266.2083805541485,140.33999999999995,2.0,8.0,15.0,2.0,-10.165498
FC(F)(F)C(F)(F)C(F)(F)C(F)(F)C1(F)OC(F)(F)C(F)(F)C1(F)F,416.055,5.014000000000001,124.0501263514032,9.23,0.0,1.0,3.0,1.0,-5.6285882
COC(=O)OCC(F)(F)C(F)(F)F,208.082,1.967,69.41530905910469,35.53,0.0,3.0,2.0,0.0,-5.3199821
CCC(C)(C)c1ccc(OCCCCCC(=O)Nc2ccc(NC(=O)C(F)(F)C(F)(F)C(F)C(F)(F)F)c(O)c2)c(C(C)(C)CC)c1,682.6929999999999,9.4548,268.8071125003061,87.66000000000001,3.0,4.0,16.0,2.0,-9.6898727
CC(=O)OC(C(CO)C(F)(F)C(F)(F)F)C(CO)[N+](C)(C)CC(=O)[O-],381.29400000000015,-1.0885999999999996,139.73532925820118,106.89,2.0,6.0,9.0,0.0,-7.0151606
CCCSSC(C(F)(F)F)C(F)(F)F,258.25199999999995,4.271000000000001,85.20335615445013,0.0,0.0,2.0,4.0,0.0,-5.3914242
O=C(COC(=O)C(F)(C(F)(F)F)S(=O)(=O)O)OC1C2CC3C(=O)OC1C3C2,420.28900000000016,0.1387000000000002,148.21704255039865,133.27,1.0,8.0,5.0,3.0,-7.5606141
O=[N+]([O-])c1cccc(C(F)(F)C(F)(F)C(F)(F)C(F)(F)F)c1,341.1289999999999,4.519500000000001,115.0339659259193,43.14,0.0,2.0,4.0,1.0,-6.0326195
O=C(F)C(F)(OC(F)(F)C(F)(OC(F)(F)C(F)(OC(F)(F)C(F)(OC(F)(F)C(F)(F)C(F)(F)F)C(F)(F)F)C(F)(F)F)C(F)(F)F)C(F)(F)F,830.1000000000006,9.030100000000004,247.4302057352405,53.99000000000001,0.0,5.0,13.0,0.0,-7.5568395
O=P(O)(O)OCC(O)CC(F)(F)C(F)(F)C(F)(F)C(F)(F)C(F)(F)C(F)(F)C(F)(F)C(F)(F)C(F)(F)C(F)(F)F,674.1340000000002,6.126700000000005,203.64065702260973,86.99000000000001,3.0,3.0,13.0,0.0,-7.9148188
O=S(=O)(F)C(F)(F)C(F)(F)C(F)(F)C(F)(F)C(F)(F)F,352.09599999999995,3.3467,101.10633974492475,34.14,0.0,2.0,4.0,0.0,-5.1924586
OCCCSCCC(F)(F)C(F)(F)C(F)(F)C(F)(F)C(F)(F)C(F)(F)C(F)(F)C(F)(F)F,538.263,6.5015000000000045,170.85000202789607,20.23,1.0,2.0,12.0,0.0,-7.721312
FC(F)(F)C(F)(F)C(F)(F)C(F)(F)C(F)(F)C(F)(F)C(F)(F)Br,448.951,5.712900000000001,123.27948236374408,0.0,0.0,0.0,5.0,0.0,-5.5918746
O=C(O)CCSC(CO)C(CO)C(F)(F)C(F)(F)C(F)(F)C(F)(F)C(F)(F)C(F)(F)C(F)(F)C(F)(F)C(F)(F)C(F)(F)C(F)(F)C(F)(F)C(F)(F)C(F)(F)F,912.3400000000006,8.9849,285.50595338261945,77.76,3.0,4.0,20.0,0.0,-7.8251629
FC(F)(F)C(F)(F)C(F)(F)C(F)(F)C(F)(F)C(F)(F)C(F)(F)C(F)(F)C(F)(F)C(F)(F)C(F)(F)C(F)(F)CCS,680.211,8.856900000000001,206.776950251543,0.0,1.0,1.0,12.0,0.0,-7.7316957
CCOC(=O)C(F)(F)C(F)(F)C(F)(F)C(F)(F)C(F)(F)C(F)(F)C(F)(F)C(F)F,474.13499999999993,5.261700000000002,148.312305948166,26.3,0.0,2.0,9.0,0.0,-6.6835756
C[N+](C)(C)CC(O)CS(=O)(=O)CCC(F)(F)C(F)(F)C(F)(F)C(F)(F)F,428.33699999999993,2.3266,143.6328702033096,54.37,1.0,3.0,9.0,0.0,-7.4046116
O=S(=O)([O-])C(F)(F)C(F)(F)C(F)CCCCCC(F)(F)F,351.235,3.6106000000000025,114.61170717645292,57.2,0.0,3.0,8.0,0.0,-6.1500669
FC(F)(F)C(F)(F)C(F)(F)C(F)(F)CCBr,326.9839999999999,4.2396,91.92132783179004,0.0,0.0,0.0,4.0,0.0,-5.3606834
C[N+](C)(C)CC(O)CS(=O)(=O)CCC(F)(F)C(F)(F)C(F)(F)C(F)(F)C(F)(F)C(F)(F)C(F)(F)C(F)(F)C(F)(F)C(F)(F)C(F)(F)C(F)(F)C(F)(F)C(F)(F)F,928.4070000000004,8.6796,290.5929994058003,54.37,1.0,3.0,19.0,0.0,-8.7717085
FC(F)(F)C1(C(F)(F)F)OI(Cl)c2ccccc21,404.475,4.781500000000001,108.70502954057702,9.23,0.0,1.0,0.0,2.0,-5.8751068
FC(C(F)(F)F)C(F)(F)COCC1CO1,238.12699999999995,1.9375,81.14337543725112,21.76,0.0,2.0,5.0,1.0,-5.45151
FC(F)(F)C(F)(F)Cl,154.46500000000003,2.3803,46.23513638373901,0.0,0.0,0.0,0.0,0.0,-3.8116796
CCCCCC(CO)C(O)(C(F)(F)F)C(F)(F)F,282.22399999999993,3.0309000000000026,100.60540997934844,40.46,2.0,2.0,6.0,0.0,-6.2817192
O=P(OCC(F)(F)C(F)(F)C(F)(F)F)(OCC(F)(F)C(F)(F)C(F)(F)F)OCC(F)(F)C(F)(F)C(F)(F)F,644.1080000000003,7.643000000000005,193.1201041106389,44.760000000000005,0.0,4.0,12.0,0.0,-7.5238218
CCC(C)C(=O)OC(C(F)(F)F)(C(F)(F)F)C(F)(F)F,320.1509999999999,4.001400000000002,106.42367389888916,26.3,0.0,2.0,3.0,0.0,-5.4537215
NCCSC(F)(F)C(F)(F)F,195.156,1.8334,64.12475510802851,26.02,1.0,2.0,3.0,0.0,-4.6552839
FC(F)=C(F)C1(F)C(F)(F)OC1(C(F)(F)F)C(F)(F)F,328.052,4.2587,100.3334395931174,9.23,0.0,1.0,1.0,1.0,-5.1843638
FC1=C(OCc2ccccc2)C(F)(F)C(F)(F)C1(F)F,300.17299999999994,4.303800000000001,108.19791467015364,9.23,0.0,1.0,3.0,2.0,-5.449048
FC(C(F)C(F)(F)C(F)(F)F)C(F)(F)F,252.051,3.4225000000000003,75.85437351467833,0.0,0.0,0.0,2.0,0.0,-4.9069109
FC(F)=C(F)OC(F)(F)C(F)(F)F,216.027,3.1932,65.58230279175189,9.23,0.0,1.0,2.0,0.0,-4.5851088
FC(F)(F)C(F)(F)C(F)(F)C(F)(F)N(C(F)(F)C(F)(F)C(F)(F)C(F)(F)F)C(F)(F)C(F)(F)C(F)(F)C(F)(F)F,671.0850000000003,8.565500000000004,196.9829038354039,3.24,0.0,1.0,9.0,0.0,-7.0790849
C[N+](C)(CC=O)CC(CC(F)(F)C(F)(F)C(F)(F)C(F)(F)F)OC=O,392.238,2.661600000000001,135.64982749892144,43.370000000000005,0.0,3.0,10.0,0.0,-6.9652896
FC(F)(F)C(F)(F)Oc1ccc(Cl)cc1,246.56200000000004,3.873900000000001,86.40577581930991,9.23,0.0,1.0,2.0,1.0,-5.0338039
O=C(OOC(=O)C(F)(F)C(F)(F)F)C(F)(F)C(F)(F)F,326.042,2.383,100.69874560391452,52.6,0.0,4.0,2.0,0.0,-5.3173771
O=S(=O)(C(F)(F)F)C(F)(F)C(F)(F)F,252.08199999999997,2.0761,71.41881686181924,34.14,0.0,2.0,1.0,0.0,-4.4602509
FC1=C(Cl)C(F)(F)C1(F)F,178.48699999999997,2.6905,57.26958642681874,0.0,0.0,0.0,0.0,1.0,-4.3110313
CC(=O)C(F)=C(F)C(F)(F)C(F)(F)C(F)(F)C(F)(F)C(F)(F)C(F)(F)F,424.103,5.464800000000002,131.97868016915203,17.07,0.0,1.0,6.0,0.0,-6.3314648
CC(C)(CS(=O)(=O)O)NC(=O)CCS(=O)(=O)CCC(F)(F)C(F)(F)C(F)(F)C(F)(F)C(F)(F)C(F)(F)C(F)(F)C(F)(F)C(F)(F)C(F)(F)F,819.4460000000006,6.244000000000002,258.7498712238984,117.61,2.0,5.0,17.0,0.0,-8.8906946
Cc1ccc2c(c1)C(C(F)(F)F)(C(F)(F)F)OS2,288.21199999999993,4.352220000000001,102.3242119720417,9.23,0.0,2.0,0.0,2.0,-6.1098061
OCC1CC(F)(F)C1(F)F,158.094,1.2692,54.649563695787705,20.23,1.0,1.0,1.0,1.0,-4.3319178
Cc1ccc2c(c1)CC(F)(F)C2(F)F,204.166,3.278220000000002,78.54748203525911,0.0,0.0,0.0,0.0,2.0,-5.2788544
OCCCC(F)(F)C(F)(F)C(F)(F)C(F)(F)C(F)(F)C(F)(F)C(F)(F)F,428.135,5.133000000000002,133.30099485348853,20.23,1.0,1.0,8.0,0.0,-6.2719254
O=C(CC(=O)C(F)(F)C(F)(F)C(F)(F)C(F)(F)C(F)(F)C(F)(F)C(F)(F)F)C(F)(F)C(F)(F)C(F)(F)C(F)(F)C(F)(F)C(F)(F)C(F)(F)F,808.1410000000004,9.262900000000004,243.8674311460498,34.14,0.0,2.0,14.0,0.0,-8.454916
OCCCOCCOCC(O)CC(F)(F)C(F)(F)C(F)(F)C(F)(F)C(F)(F)C(F)(F)C(F)(F)C(F)(F)C(F)(F)F,646.2810000000002,5.797700000000004,209.5390554771795,58.92,2.0,4.0,17.0,0.0,-9.2323723
FC(=CI)C(F)(F)C(F)(F)C(F)(F)C(F)(F)C(F)F,421.975,5.0386000000000015,111.32202823525716,0.0,0.0,0.0,5.0,0.0,-5.539681
FC1(F)SC2CCCCCC2C1(F)F,228.254,3.9102000000000015,84.43237727301413,0.0,0.0,1.0,0.0,2.0,-5.2222791
CC(C)(C)C(=O)C=C(O)C(F)(F)C(F)(F)C(F)(F)F,296.1819999999999,3.876400000000002,103.44863069793816,37.3,1.0,2.0,3.0,0.0,-6.3209376
C[N+](C)(CCCNC(=O)C(F)(F)C(F)(F)C(F)(F)F)CC(=O)[O-],356.23800000000006,0.1519000000000002,126.18436528496956,69.23,1.0,3.0,8.0,0.0,-6.58427
CCOC(=O)c1ccc(C(F)(F)C(F)(F)C(F)(F)F)nc1,319.176,3.5477000000000016,113.27451893685738,39.19,0.0,3.0,4.0,1.0,-5.884316
CCOC(=O)C(=O)CC(C(F)(F)F)C(F)(F)F,266.13699999999994,2.2495000000000003,91.7236476757576,43.370000000000005,0.0,3.0,4.0,0.0,-5.6540451
FC(F)(F)C(F)(F)c1ccccc1,196.11800000000005,3.340700000000002,70.98896436292135,0.0,0.0,0.0,1.0,1.0,-4.970839
Cc1ccc(S(=O)(=O)OCC(F)(F)C(F)(F)C(F)(F)F)cc1,354.24299999999994,3.533220000000002,120.36280899931512,43.370000000000005,0.0,3.0,5.0,1.0,-6.3141036
FC(F)(F)C(F)(F)c1cccc2ccccc12,246.17800000000005,4.493900000000003,93.67062889465656,0.0,0.0,0.0,1.0,2.0,-5.6562405
CN(C)CCCNS(=O)(=O)C(F)(F)C(F)(F)C(F)(F)C(F)(F)C(F)(F)C(F)(F)C(F)(F)F,534.2850000000001,4.1891000000000025,169.30711707631224,49.41,1.0,3.0,11.0,0.0,-7.8485885
O=C1CC(C(F)(F)F)(C(F)(F)F)O1,208.057,1.7967,67.4614680789948,26.3,0.0,2.0,0.0,1.0,-4.7839117
FC(F)(Cl)C(F)(F)C(Cl)(Cl)Cl,253.837,3.8234999999999992,79.34434177585439,0.0,0.0,0.0,1.0,0.0,-4.4803853
CCCCCCCCCCCCC(Oc1ccccc1C#N)/C(O)=N\c1ccc(NC(=O)C(F)(F)C(F)(F)C(F)(F)F)c(O)c1,647.6320000000004,9.38188,256.2824445044598,114.94,3.0,5.0,18.0,2.0,-10.056006
OOOOOOOOOOOOOOOC(F)(F)C(F)(F)C(F)(F)C(F)(F)C(F)(F)C(F)(F)C(F)(F)C(F)(F)C(F)(F)C(F)(F)C(F)(F)C(F)(F)C(F)(F)C(F)(F)C(F)(F)C(F)(F)C(F)(F)C(F)(F)C(F)(F)C(F)(F)C(F)(F)C(F)(F)C(F)(F)C(F)(F)C(F)(F)C(F)(F)C(F)(F)C(F)(F)C(F)(F)C(F)(F)C(F)(F)C(F)(F)C(F)(F)C(F)(F)C(F)(F)C(F)(F)C(F)(F)C(F)(F)C(F)(F)C(F)(F)C(F)(F)C(F)(F)C(F)(F)C(F)(F)C(F)(F)C(F)(F)C(F)(F)F,2610.320000000003,29.33040000000001,772.6464529536921,149.45000000000002,1.0,15.0,59.0,0.0,-8.32057
O=S(=O)(O)C(F)(F)C(F)(F)C(F)(F)C(F)(F)C(F)(F)C(F)(F)C(F)(F)C(F)(F)C(F)(F)C(F)C(F)(F)F,632.1570000000002,6.449800000000003,185.6590870462134,54.370000000000005,1.0,2.0,10.0,0.0,-7.6071324
[N-]=[N+]=NCCCC(F)(F)C(F)(F)C(F)(F)C(F)(F)C(F)(F)C(F)(F)C(F)(F)C(F)(F)F,503.156,7.086300000000004,158.33649604031643,48.760000000000005,0.0,1.0,10.0,0.0,-7.3680873
O=C(O)C(F)(F)C(F)C(F)(F)OC(F)(F)F,262.052,2.1736000000000004,81.59260379057251,46.53,1.0,2.0,4.0,0.0,-4.972753
O=C(CCC(F)(F)C(F)(F)C(F)(F)C(F)(F)F)SC(=O)C(O)C(=O)O,410.2100000000001,2.466700000000001,135.7096925136237,91.67,2.0,5.0,7.0,0.0,-6.6557598
O=S(=O)(OC1=CCCC1)C(F)(F)C(F)(F)C(F)(F)C(F)(F)F,366.2009999999999,3.8263000000000016,117.40111987097652,43.370000000000005,0.0,3.0,5.0,1.0,-6.1936312
COc1cc(C(=O)C=C(C(F)(F)F)C(F)(F)F)cc(OC)c1OC,358.2340000000001,3.946100000000002,132.1567072086074,44.760000000000005,0.0,4.0,5.0,1.0,-6.7194848
C[N+](C)(CCCC(F)(F)C(F)(F)C(F)(F)C(F)(F)C(F)(F)C(F)(F)C(F)(F)C(F)(F)C(F)(F)C(F)(F)C(F)(F)C(F)(F)C(F)(F)C(F)(F)C(F)(F)F)CC(=O)[O-],913.2970000000004,9.0494,286.46019392991,40.13,0.0,2.0,19.0,0.0,-7.3804317
FC(F)(F)C(F)(Cl)C(F)(F)F,204.472,3.0156,60.931149303988086,0.0,0.0,0.0,0.0,0.0,-3.9343965
CCCCCC(F)C(F)(F)C(F)(F)C(F)(F)C(F)(F)C(F)(F)C(F)(F)C(F)(F)C(F)(F)C(=O)O,548.2330000000001,7.071800000000006,177.61829833136778,37.3,1.0,1.0,13.0,0.0,-8.1288309
O=C(CC(F)(C(F)(F)F)C(F)(F)F)c1ccccc1,288.162,4.092300000000002,102.57638361200743,17.07,0.0,1.0,3.0,1.0,-5.8641758
OCC(F)(F)C(F)(F)C(F)(F)C(F)(F)C(F)(F)C(F)(F)C(F)(F)C(F)(F)C(F)(F)C(F)(F)C(F)(F)C(F)(F)C(F)(F)C(F)(F)C(F)(F)F,800.1370000000004,9.435200000000004,238.1392139866879,20.23,1.0,1.0,14.0,0.0,-8.1998949
O=C(C(F)(F)C(F)(F)F)C(F)(Br)C(F)(F)F,326.93999999999994,3.3761,89.71790781743721,17.07,0.0,1.0,2.0,0.0,-4.9504724
FC(C(F)C(F)(F)C(F)(F)C(F)(F)C(F)(F)F)C(F)(F)F,352.06499999999994,4.693100000000001,105.24639935517648,0.0,0.0,0.0,4.0,0.0,-5.3830304
CNC(=S)NCC(F)(F)C(F)(F)C(F)(F)F,272.189,1.9132,91.1812140347172,24.06,2.0,1.0,3.0,0.0,-5.5204511
COC(=O)C(F)(F)C(F)(F)C(=O)F,206.066,0.9261,68.46328592964157,43.370000000000005,0.0,3.0,3.0,0.0,-4.8744068
O=c1oc(=O)n(CCCC(F)(F)C(F)(F)C(F)(F)C(F)(F)C(F)(F)C(F)(F)C(F)(F)C(F)(F)F)c2ccccc12,623.259,6.744300000000002,207.4990132509792,52.21,0.0,4.0,10.0,2.0,-8.7757673
C[N+](C)(CCCN(CCC(=O)O)S(=O)(=O)C(F)(F)C(F)(F)C(F)(F)C(F)(F)C(F)(F)C(F)(F)C(F)(F)C(F)(F)F)CC(=O)[O-],714.3910000000002,3.276200000000001,234.15929524621453,114.81,1.0,5.0,17.0,0.0,-9.2423859
O=S(=O)(O)CC(F)(F)C(F)(F)C(F)(F)C(F)(F)C(F)(F)C(F)(F)F,414.139,3.613,122.70949996229083,54.370000000000005,1.0,2.0,6.0,0.0,-6.3737226
O=C(Oc1ccc([N+](=O)[O-])cc1)N1CC(F)(F)C(F)(F)C1,308.187,2.679800000000001,114.60030087190954,72.67999999999999,0.0,4.0,2.0,2.0,-6.1277919
O=C(Cl)c1cc(OC(F)=C(F)C(F)(F)C(F)(F)C(F)(F)C(F)(F)C(F)(F)C(F)(F)C(F)(F)F)cc(C(=O)Cl)c1,649.0799999999999,8.305600000000002,211.61338707877917,43.370000000000005,0.0,3.0,10.0,1.0,-7.4206786
CO[Si](CCCNC(=O)OCCC(F)(F)C(F)(F)C(F)(F)C(F)(F)C(F)(F)C(F)(F)F)(OC)OC,569.387,5.109700000000004,189.91693890120428,66.02000000000001,1.0,5.0,14.0,0.0,-8.7919312
O=S(=O)(O)C(F)(C(F)(F)F)C(F)(F)C(F)(F)C(F)(F)C(F)(F)C(F)(F)C(F)(F)F,500.1259999999999,4.841100000000001,145.7365836883924,54.370000000000005,1.0,2.0,6.0,0.0,-6.1917696
C=CC(=O)OCCN(C)S(=O)(=O)C(F)(F)C(F)(F)C(F)(F)C(F)(F)C(F)(F)C(F)(F)F,511.256,3.6735000000000015,164.0116483842181,63.68,0.0,4.0,10.0,0.0,-7.4545774
CC(=O)n1nc(C(F)(F)C(F)(F)C(F)(F)C(F)(F)F)cc1C(F)(F)C(F)(F)C(F)(F)C(F)(F)F,546.152,6.392600000000003,172.82921707313992,34.89,0.0,3.0,6.0,1.0,-7.1010857
O=S(=O)(O)OC(F)(F)C(F)(F)C(F)(F)C(F)(F)C(F)(F)C(F)(F)C(F)(F)C(F)(F)C(F)(F)F,566.1320000000001,5.408000000000001,165.75514571420635,63.60000000000001,1.0,3.0,9.0,0.0,-7.2239218
FC1(F)C(F)(F)C(F)(Cl)C1(F)Cl,232.938,3.0798000000000005,72.42799108881088,0.0,0.0,0.0,0.0,1.0,-4.2362204
O=[N+]([O-])c1ccccc1S(=O)(=O)OCC(F)(F)C(F)F,317.2159999999999,2.2005,109.789294284243,86.51,0.0,5.0,6.0,1.0,-6.1371012
Oc1ccc2c(c1)CCCC(c1ccccc1)=C2c1ccc(OCCCCCSCCC(F)(F)C(F)(F)C(F)(F)F)cc1,626.6780000000006,10.192899999999996,250.5139258894125,29.46,1.0,3.0,13.0,4.0,-10.167142
NCCCNS(=O)(=O)CCC(F)(F)C(F)(F)C(F)(F)C(F)(F)C(F)(F)C(F)(F)F,484.2779999999999,3.3835000000000024,154.1911611828725,72.19,2.0,3.0,11.0,0.0,-7.7454062
C[N+](C)(CC[O-])CCCN(CCO)S(=O)(=O)C(F)(F)C(F)(F)C(F)(F)C(F)(F)C(F)(F)C(F)(F)C(F)(F)C(F)(F)F,672.3980000000003,3.4042000000000026,219.4713089317304,80.67,1.0,4.0,16.0,0.0,-8.9066906
O=C(O)CCC(F)(F)C(F)(F)C(F)(F)C(F)(F)C(F)(F)C(F)(F)C(F)(F)C(F)(F)F,492.125,5.8606000000000025,152.15852987378136,37.3,1.0,1.0,9.0,0.0,-6.9135404
FC(=C(F)C(C(F)(F)F)(C(F)(F)F)C(F)(F)F)C(F)(F)C(F)(F)C(F)=C(F)C(C(F)(F)F)(C(F)(F)F)C(F)(F)F,662.1020000000002,9.904800000000002,198.40821292669904,0.0,0.0,0.0,5.0,0.0,-6.6518593
CCCCCCCCCCCCCCC(F)(F)C(F)(F)C(F)(F)C(F)(F)C(F)(F)C(F)(F)C(F)(F)C(F)(F)F,616.4400000000002,11.086999999999987,213.2171372799043,0.0,0.0,0.0,19.0,0.0,-9.3355742
O=C(O)CCC(F)(F)C(F)(F)OC(F)(C(F)(F)F)C(F)(F)F,358.10299999999995,3.8863,113.18403634254103,46.53,1.0,2.0,6.0,0.0,-5.8147268
Cc1cc(C(F)(C(F)(F)F)C(F)(F)F)ccc1NC(=O)c1ccccc1/C(O)=N/C(C)(C)CS(C)=O,540.5010000000003,5.998420000000005,204.4368031296912,78.75999999999999,2.0,3.0,7.0,2.0,-8.6315374
O=P(C(F)(F)C(F)(F)C(F)(F)F)(C(F)(F)C(F)(F)C(F)(F)F)C(F)(F)C(F)(F)C(F)(F)F,554.0300000000001,7.720700000000004,158.42463130454675,17.07,0.0,1.0,6.0,0.0,-6.1916828
O=C(O)CCCCCCCCCCC(F)(F)C(F)(F)C(F)(F)C(F)(F)C(F)(F)F,454.32,7.075500000000004,158.99002802820704,37.3,1.0,1.0,14.0,0.0,-8.0293989
FC(F)(F)C(F)(OC(F)(F)C(F)(F)C(F)(F)F)c1cc2ccccc2s1,418.227,6.392900000000002,140.5125761553222,9.23,0.0,2.0,4.0,2.0,-6.5151505
FC(C(Cl)C(F)(F)F)C(F)(F)F,218.499,3.0565,67.29609141838469,0.0,0.0,0.0,1.0,0.0,-4.5539808
CCN(CCP(=O)(O)O)S(=O)(=O)C(F)(F)C(F)(F)C(F)(F)C(F)(F)C(F)(F)C(F)(F)C(F)(F)C(F)(F)F,635.2290000000003,4.782700000000003,193.1397336192965,94.91,2.0,3.0,12.0,0.0,-8.5142212
CN(C)CC(OCO)C(OC=O)C(F)(F)C(F)(F)C(F)(F)C(F)(F)C(F)(F)C(F)(F)C(F)(F)C(F)(F)C(F)(F)C(F)(F)C(F)(F)C(F)(F)C(F)(F)C(F)(F)C(F)(F)C(F)(F)F,995.3020000000006,9.516399999999996,311.1733258225774,59.00000000000001,1.0,5.0,22.0,0.0,-7.9609489
CN(CCO)S(=O)(=O)C(F)(F)C(F)(F)C(F)(F)C(F)(F)F,357.1939999999999,1.666,111.73356565535975,57.61,1.0,3.0,6.0,0.0,-6.2149105
C[N+](C)(CCCN(CC(=O)O)S(=O)(=O)C(F)(F)C(F)(F)C(F)(F)F)CC(=O)O,451.3370000000001,1.0443000000000002,154.31428853057255,111.98,2.0,4.0,11.0,0.0,-7.860734
FC(F)(F)C(F)(F)C(F)(F)C(F)(F)CCCCCCCCCCC(F)(F)C(F)(F)C(F)(F)C(F)(F)F,578.3220000000005,9.823799999999997,191.9229042252441,0.0,0.0,0.0,15.0,0.0,-8.5303125
OC(c1ccccc1)(c1ccccc1)c1ccc(CCC(F)(F)C(F)(F)C(F)(F)C(F)(F)C(F)(F)C(F)(F)C(F)(F)C(F)(F)F)cc1,706.4360000000003,9.912799999999995,253.16829039192967,20.23,1.0,1.0,12.0,3.0,-9.1397419
CCN(CC(=O)O)S(=O)(=O)C(F)(F)C(F)(F)C(F)(F)C(F)(F)C(F)(F)C(F)(F)C(F)(F)C(F)(F)C(F)(F)C(F)(F)C(F)(F)C(F)(F)C(F)(F)C(F)(F)F,885.2740000000005,8.501400000000004,269.22015907229087,74.68,1.0,3.0,17.0,0.0,-7.2091875
Cc1cc(C(CO)(C(F)(F)F)C(F)(F)F)cc(C(CO)(C(F)(F)F)C(F)(F)F)n1,453.223,4.099420000000002,153.51042246951982,53.35,2.0,3.0,4.0,1.0,-6.5537696
O=S(=O)([O-])CCC(F)(F)C(F)(F)C(F)(F)C(F)(F)C(F)(F)C(F)(F)F,427.158,3.6605000000000008,129.07444207668746,57.2,0.0,3.0,7.0,0.0,-6.287189
FC(F)(F)C(F)(F)COCC1CO1,206.11,1.5993999999999997,70.61289791992829,21.76,0.0,2.0,4.0,1.0,-4.9173212
OCC(F)(F)C(F)(F)C(F)(F)C(F)(F)C(F)(F)F,300.06699999999995,3.0822000000000003,91.1790847841972,20.23,1.0,1.0,4.0,0.0,-4.9335632
Cc1cc(C(F)(C(F)(F)F)C(F)(F)F)cc(C)c1NC(=O)c1c(F)ccc(NC(=O)c2ccccc2)c1F,548.4050000000002,7.375640000000004,209.01277352604092,58.2,2.0,2.0,5.0,3.0,-8.5772667
FC(F)(F)C1(F)C(F)(F)C(F)(C(F)(F)F)C(F)(C(F)(F)F)C(F)(F)C1(F)C(F)(F)F,500.07,6.353000000000003,148.32860696239447,0.0,0.0,0.0,0.0,1.0,-5.0914292
CC[Si](CC)(CCC(F)(F)C(F)(F)C(F)(F)C(F)(F)C(F)(F)F)OC,414.331,6.111700000000004,137.19236472217304,9.23,0.0,1.0,9.0,0.0,-7.4864941
FC(F)(F)C(F)(F)CCCCCCCCCCCCCCS,348.4650000000001,7.185100000000005,136.19612642181158,0.0,1.0,1.0,14.0,0.0,-7.5749617
C[N+](C)(C)CCCNC(=O)CS(=O)CCC(F)(F)C(F)(F)C(F)(F)C(F)(F)C(F)(F)C(F)(F)F,553.4050000000001,4.076500000000003,187.4207866258461,46.17,1.0,2.0,13.0,0.0,-8.5305405
O=C(CC(O)(C(F)(F)F)C(F)(F)F)C(Cl)C(O)(C(F)(F)F)C(F)(F)F,424.565,3.2644,133.69846860943468,57.53,2.0,3.0,4.0,0.0,-6.0167871
NC(F)(F)C(F)(F)C(F)(F)C(F)(F)C(F)(F)F,285.0559999999999,3.0061,85.35979961461727,26.02,1.0,1.0,3.0,0.0,-4.8060226
FC(F)(F)C(F)(F)C(F)(F)C(F)(F)C(F)(F)[C](F)(F)[Cd][C](F)(F)C(F)(F)C(F)(F)C(F)(F)C(F)(F)C(F)(F)F,750.4920000000004,8.461500000000004,205.39552001928783,0.0,0.0,0.0,10.0,0.0,-7.2573991
C=C(F)C(F)(F)OC(F)(C(F)(F)F)C(F)(F)OC(F)(C(=O)O)C(F)(F)F,422.093,4.2292000000000005,132.30399146011277,55.760000000000005,1.0,3.0,7.0,0.0,-6.1410561
O=C(O)C(F)(F)OC(F)(F)/C(F)=C(\F)C(F)(F)F,292.05299999999994,2.9861,91.4334782757111,46.53,1.0,2.0,4.0,0.0,-5.4140434
C[N+](C)(C)CCCN(CCC(=O)[O-])S(=O)(=O)C(F)(F)C(F)(F)F,370.34,0.0095999999999996,130.66251975808373,77.51,0.0,4.0,9.0,0.0,-7.1362171
OC(CC1CC2C=CC1C2)(C(F)(F)F)C(F)(F)F,274.2039999999999,3.4444000000000017,99.47485300230632,20.23,1.0,1.0,2.0,2.0,-5.700429
FC(OC(F)(F)C(F)Cl)C(F)(F)F,234.498,2.9881,72.40963664789157,9.23,0.0,1.0,3.0,0.0,-4.5917878
O=S(=O)(O)C1(F)C(F)(F)C(F)(F)C(F)(C(F)(F)C(F)(F)F)C1(F)F,412.12299999999993,3.3654,121.70366880876163,54.370000000000005,1.0,2.0,2.0,1.0,-5.246995
CCCN(CC(=O)O)S(=O)(=O)C(F)(F)C(F)(F)C(F)(F)C(F)(F)F,399.231,2.5385,128.62497198419672,74.68,1.0,3.0,8.0,0.0,-6.5583267
CCN(CCC[N+](C)(C)CCC(=O)[O-])S(=O)(=O)C(F)(F)C(F)(F)C(F)(F)F,434.374,1.0349999999999997,151.7234747927294,77.51,0.0,4.0,11.0,0.0,-7.7235475
O=C(O)CCCCNC(=O)SCCC(F)(F)C(F)(F)C(F)(F)C(F)(F)C(F)(F)C(F)(F)C(F)(F)C(F)(F)C(F)(F)C(F)(F)C(F)(F)C(F)(F)F,823.3530000000004,9.624799999999995,262.60178643577774,66.4,2.0,3.0,18.0,0.0,-7.7698998
CCOP(=O)(CCCN(CC)S(=O)(=O)C(F)(F)C(F)(F)C(F)(F)C(F)(F)C(F)(F)C(F)(F)C(F)(F)C(F)(F)F)OCC,705.3640000000001,7.261200000000006,225.6030671459013,72.91,0.0,5.0,17.0,0.0,-8.5345011
O=S(=O)(F)OC(F)(F)C(F)(F)Cl,234.529,1.6417000000000002,68.47858091369787,43.370000000000005,0.0,3.0,3.0,0.0,-4.8088284
O=S(=O)(F)C(F)(F)C(F)(F)C(F)(F)C(F)(F)F,302.08899999999994,2.7114,86.41032682467569,34.14,0.0,2.0,3.0,0.0,-4.8109903
O=C1C=NC(C(F)(F)F)(C(F)(F)F)O1,221.05599999999995,1.4348999999999998,72.35679056485492,38.66,0.0,3.0,0.0,1.0,-4.8909411
O=C(F)C(F)(F)C(=O)F,144.023,0.6139000000000001,46.454321068415226,34.14,0.0,2.0,2.0,0.0,-4.1031318
O=S(=O)(F)C(F)(F)C(F)(F)C(F)(F)C(F)(F)C(F)(F)C(F)(F)C(F)(F)F,452.11,4.6173,130.4983655854229,34.14,0.0,2.0,6.0,0.0,-5.714716
CCN(CCOCCCO)S(=O)(=O)C(F)(F)C(F)(F)C(F)(F)C(F)(F)C(F)(F)C(F)(F)F,529.315,3.733400000000004,171.69890518295122,66.84,1.0,4.0,13.0,0.0,-7.2939792
Fc1c(F)c(F)c([Si](Cl)(Cl)CCC(F)(F)C(F)(F)C(F)(F)C(F)(F)C(F)(F)C(F)(F)F)c(F)c1F,613.1420000000002,7.637800000000004,190.7288167280249,0.0,0.0,0.0,8.0,1.0,-7.7271018
C[N+](C)(CCO)CCCN(CC[O-])S(=O)(=O)C(F)(F)C(F)(F)F,372.356,-0.4075999999999991,131.29523141023597,80.67,1.0,4.0,10.0,0.0,-7.0288086
OCCC(F)(F)F,114.06600000000002,0.9311,38.75997521759748,20.23,1.0,1.0,1.0,0.0,-3.8947291
Oc1ccc(C(F)(F)C(F)(F)C(F)(F)C(F)(F)F)cc1,312.131,4.3169,105.17522395561554,20.23,1.0,1.0,3.0,1.0,-5.339097
FC(F)(F)C(F)(F)C(F)(F)C(F)(F)CI,359.957,3.8896,90.95067623279574,0.0,0.0,0.0,3.0,0.0,-4.9171801
CCCCCCCCCC(F)(F)C(F)(F)C(F)(F)C(F)(F)C(F)(F)C(F)(F)C(F)(F)C(F)(F)C(F)(F)C(F)(F)C(F)(F)C(F)(F)C(F)(F)F,796.3400000000004,12.31299999999999,254.8724913091666,0.0,0.0,0.0,19.0,0.0,-7.1755481
FC(F)(F)C(F)(F)C(F)(F)C(Cc1ccc(P(c2ccccc2)c2ccc(CC(C(F)(F)F)(C(F)(F)F)C(F)(F)C(F)(F)C(F)(F)F)cc2)cc1)(C(F)(F)F)C(F)(F)F,926.4100000000008,12.417599999999991,312.45838699013285,0.0,0.0,0.0,11.0,3.0,-9.2623339
CCN(CCC[N+](C)(C)CCC(=O)[O-])S(=O)(=O)C(F)(F)C(F)(F)C(F)(F)C(F)(F)C(F)(F)C(F)(F)C(F)(F)C(F)(F)F,684.4090000000002,4.211500000000004,225.20353939397475,77.51,0.0,4.0,16.0,0.0,-8.5569906
COc1ccc(C(O)C(C)C(O)(C(F)(F)F)C(F)(F)F)cc1,332.23999999999995,3.220400000000001,121.68122307172956,49.69,2.0,3.0,4.0,1.0,-5.9807739
FC(F)(F)C(F)(F)C1(c2ccccc2)CCCCN1,279.252,3.8530000000000015,107.35770596498324,12.03,1.0,1.0,2.0,2.0,-5.7823429
COC1=C(F)C(F)(F)C(F)(F)C1(F)F,224.075,2.7334000000000005,73.14082046408963,9.23,0.0,1.0,1.0,1.0,-4.7604356
CN(C)CC(O)C=C(F)C(F)(F)C(F)(F)C(F)(F)F,301.1769999999999,2.595200000000001,102.8475355566274,23.47,1.0,2.0,5.0,0.0,-5.6211085
CCCCCCCCCCCCCCC(CCCCCCCCCCCC)COCC(O)CSCCC(F)(F)C(F)(F)C(F)(F)C(F)(F)C(F)(F)C(F)(F)C(F)(F)C(F)(F)F,947.0180000000008,16.51499999999997,354.18192646050795,29.46,1.0,3.0,39.0,0.0,-10.253594
FC1(F)C(F)(F)C(F)(F)C(F)(Br)C(F)(Br)C1(F)F,421.854,4.662600000000001,108.9485796868284,0.0,0.0,0.0,0.0,1.0,-4.334177
O=C(F)C(F)(F)C(F)(F)C(F)(F)C(F)(F)C(F)(F)C(F)(F)C(F)F,398.065,4.559400000000001,119.93839897254308,17.07,0.0,1.0,7.0,0.0,-5.583952
O=C1NCC(C(F)(F)C(F)(F)C(F)(F)F)C(=O)N1,282.11499999999995,1.2748999999999997,94.50458894846724,58.2,2.0,2.0,2.0,1.0,-5.5512781
O=S1(=O)OC(F)(F)C1(F)C(F)(F)F,230.08499999999995,1.1673,67.40446400800244,43.370000000000005,0.0,3.0,0.0,1.0,-4.3796506
FC(=CC(F)(F)C(F)(F)F)/N=N/c1ccccc1,268.16,4.778800000000002,97.64155880694568,24.72,0.0,2.0,3.0,1.0,-5.5292563
FC(C(Cl)C(F)(Cl)Cl)C(F)(F)C(F)(F)C(F)C(F)(Cl)C(F)(Cl)Cl,482.812,6.647000000000001,152.60326181623196,0.0,0.0,0.0,7.0,0.0,-6.3305573
FC(F)(F)C(F)(F)C#Cc1ccccc1,220.14000000000004,3.2357000000000014,82.71807398357386,0.0,0.0,0.0,0.0,1.0,-5.1951437
CCP(C)(F)(F)C(F)(F)C(F)(F)F,232.07899999999995,4.113500000000001,70.27192440728868,0.0,0.0,0.0,2.0,0.0,-5.0978036
O=P(O)(O)CCC(F)(OC(F)(F)C(F)(OC(F)(F)C(F)(F)C(F)(F)F)C(F)(F)F)C(F)(F)F,560.0930000000001,5.426800000000003,168.11633028689866,75.99000000000001,2.0,3.0,9.0,0.0,-7.629283
CC[Si](Cl)(CC)CCC(F)(F)C(F)(F)C(F)(F)C(F)(F)C(F)(F)C(F)(F)F,468.757,7.339400000000005,150.29518786726322,0.0,0.0,0.0,9.0,0.0,-7.2876048
O=S(=O)([O-])C(F)(F)C(F)(F)C(F)(F)C(F)(F)C(F)(F)CCCCCC(F)(F)F,469.23900000000015,5.178400000000002,148.1692684198773,57.2,0.0,3.0,10.0,0.0,-7.081542
FC(F)C(F)(Br)C(F)(Br)C(F)(F)F,341.846,3.9352,84.72792040278573,0.0,0.0,0.0,2.0,0.0,-4.4623418
O=P(O)(OCCC(F)(F)C(F)(F)C(F)(F)C(F)(F)F)OCCC(F)(F)C(F)(F)C(F)(F)C(F)(F)C(F)(F)C(F)(F)F,690.1520000000004,8.107200000000006,209.69621226504745,55.760000000000005,1.0,3.0,14.0,0.0,-7.8964958
CCCCCC(F)(F)C(F)(F)C(F)(F)C(F)(F)C(F)(F)F,340.176,5.670200000000002,111.8446194895876,0.0,0.0,0.0,7.0,0.0,-6.1287494
O=C(Oc1c(Br)cc(Br)cc1Br)C(F)(OC(F)(F)C(F)(F)C(F)(F)F)C(F)(F)F,642.8350000000003,6.914600000000004,177.4332006140468,35.53,0.0,3.0,5.0,1.0,-6.9039259
CN(CC(=O)O)S(=O)(=O)C(F)(F)C(F)(F)C(F)(F)C(F)(F)C(F)(F)C(F)(F)F,471.1909999999999,3.028900000000001,145.28711359590167,74.68,1.0,3.0,8.0,0.0,-6.9499421
N=C(N)C(F)(F)C(F)(F)C(F)(F)C(F)(F)C(=N)N,286.126,1.39954,93.93872821577747,99.74,4.0,2.0,5.0,0.0,-5.2399316
O=C(O)C(F)(F)C(F)(F)C(F)(F)C(F)(F)C(F)(F)C(F)(F)C(F)(F)C(F)(F)C(F)(F)C(F)(F)S(F)(F)(F)(F)F,672.1440000000003,8.680000000000003,192.95558178344749,37.3,1.0,1.0,11.0,0.0,-7.3674769
C=CC(=O)OCCN(CCC)S(=O)(=O)C(F)(F)C(F)(F)C(F)(F)C(F)(F)C(F)(F)C(F)(F)C(F)(F)C(F)(F)F,639.3240000000002,5.724300000000004,206.1335584535095,63.68,0.0,4.0,14.0,0.0,-8.6384592
OC(CCC(O)(C(F)(F)F)C(F)(F)F)(C(F)(F)F)C(F)(F)F,362.1099999999999,3.478,112.86873816811264,40.46,2.0,2.0,3.0,0.0,-5.4911203
O=C(CC(F)(F)C(F)(F)C(F)(F)C(F)(F)C(F)(F)C(F)(F)C(F)(F)C(F)(F)C(F)(F)C(F)(F)C(F)(F)C(F)(F)C(F)(F)C(F)(F)F)CS(=O)(=O)O,856.2320000000004,8.654600000000004,257.16900965312044,71.44,1.0,3.0,16.0,0.0,-7.6014857
CN(C)CCCNC(=O)CSCCC(F)(F)C(F)(F)C(F)(F)C(F)(F)C(F)(F)C(F)(F)C(F)(F)C(F)(F)C(F)(F)C(F)(F)F,722.3990000000002,7.457600000000005,236.37878052763975,32.34,1.0,3.0,17.0,0.0,-8.1269121
CC(=O)C(F)(F)C(F)(F)C(F)(F)C(F)(F)C(F)(F)C(F)(F)C(F)(F)C(F)(F)F,462.09899999999993,5.584800000000002,140.99935400718874,17.07,0.0,1.0,7.0,0.0,-6.2899532
CCP(F)(CC)(CC)C(F)=C(F)C(F)(F)F,268.181,5.154300000000003,90.7542136490026,0.0,0.0,0.0,4.0,0.0,-6.1641345
C[N+](C)([O-])CCNC(=O)C(F)(F)C(F)(F)C(F)(F)C(F)(F)C(F)(F)C(F)(F)C(F)(F)C(F)(F)C(F)(F)C(F)(F)C(F)(F)F,700.2300000000002,6.592100000000003,220.4501587032065,52.16,1.0,2.0,13.0,0.0,-8.3490143
O=[N+]([O-])c1ccc2nc(C(F)(F)C(F)(F)F)[nH]c2c1,281.14,3.1252000000000004,100.75241301911716,71.82,1.0,3.0,2.0,2.0,-5.4761639
C=C(C)C(=O)OCCN(CC)S(=O)(=O)C(F)(F)C(F)(F)C(F)(F)C(F)(F)C(F)(F)C(F)(F)C(F)(F)C(F)(F)F,639.3240000000002,5.724300000000004,206.1335584535095,63.68,0.0,4.0,13.0,0.0,-8.4141111
FC(F)(F)C(F)(C(F)(F)F)C(F)(F)C(F)(F)C(F)(F)C(F)(F)C(F)(F)C(F)(F)I,595.9649999999999,7.023600000000003,158.06579871964448,0.0,0.0,0.0,6.0,0.0,-6.1224489
C[N+](C)(C)CC(O)CS(=O)(=O)CCC(F)(F)C(F)(F)F,328.3229999999999,1.0559999999999998,114.24084436281149,54.37,1.0,3.0,7.0,0.0,-6.4586163
O=C(CC(O)C(F)(F)C(F)F)c1ccccc1,250.19100000000003,2.5207000000000006,94.87401115542475,37.3,1.0,2.0,5.0,1.0,-5.5831246
O=C(O)c1ccc(OC(F)=C(F)C(F)(F)F)cc1,268.13699999999994,3.434000000000001,97.09854664127695,46.53,1.0,2.0,3.0,1.0,-5.8896608
O=S(=O)([O-])C(O)CC(F)(F)C(F)(F)F,243.12899999999996,0.4377000000000001,75.08462414788718,77.43,1.0,4.0,3.0,0.0,-5.0681334
O=S(=O)(O)CCCNS(=O)(=O)C(F)(F)C(F)(F)C(F)(F)C(F)(F)C(F)(F)C(F)(F)C(F)(F)F,571.2800000000001,3.5153000000000016,172.44603518735627,100.54,2.0,4.0,11.0,0.0,-7.9980536
OCC(F)(F)C(F)(F)C(F)(F)C(F)(F)C(F)(F)C(F)(F)C(F)(F)C(F)(F)C(F)(F)C(F)F,532.1120000000001,5.961500000000004,160.4936139825163,20.23,1.0,1.0,10.0,0.0,-6.7228508
O=S(=O)(F)C(F)C(F)(F)C(F)(F)C(F)S(=O)(=O)F,330.174,1.4468,95.00015144321716,68.28,0.0,4.0,5.0,0.0,-5.0808687
O=C(O)/C(F)=C(\F)C(F)(C(F)(F)F)C(F)(F)F,276.054,3.0545,86.31993304620423,37.3,1.0,1.0,2.0,0.0,-4.9064255
Fc1ccc2nc(C(F)(F)C(F)(F)F)[nH]c2c1,254.133,3.3561000000000005,90.26497269954362,28.68,1.0,1.0,1.0,2.0,-5.3677268
FC(F)(F)CCC(F)(F)C(F)(F)C(F)(F)C(F)(F)F,316.0849999999999,4.7971,96.91532854932402,0.0,0.0,0.0,4.0,0.0,-5.3202906
Nc1ccc(C(F)(F)C(F)(F)C(F)(F)C(F)(F)C(F)(F)C(F)(F)F)cc1,411.161,5.464100000000001,135.11290674093036,26.02,1.0,1.0,5.0,1.0,-6.3535686
C[Si](C)(C)OC1=CC(=O)C1(C(F)(F)F)C(F)(F)F,292.2509999999999,3.415500000000001,99.73594927868233,26.3,0.0,2.0,2.0,1.0,-6.0697622
C[N+](C)(CC(=O)[O-])CC(O)CC(F)(F)C(F)(F)C(F)(F)C(F)(F)C(F)(F)C(F)(F)C(F)(F)C(F)(F)C(F)(F)C(F)(F)C(F)(F)C(F)(F)C(F)(F)C(F)(F)F,879.2890000000004,7.384900000000005,276.5584147618569,60.36,1.0,3.0,18.0,0.0,-7.862144
CCN(CCOC(C)=O)c1ccc(N=Nc2ccc(S(=O)(=O)OCC(F)(F)C(F)(F)C(F)(F)C(F)F)cc2)cc1,605.5040000000004,6.3677000000000055,223.2567701389281,97.63,0.0,8.0,14.0,2.0,-9.0371637
CC(=C(C(F)(C(F)(F)F)C(F)(F)F)C(F)(C(F)(F)F)C(F)(F)F)C(F)(F)F,446.0999999999999,6.531000000000003,136.14822887496075,0.0,0.0,0.0,2.0,0.0,-6.1317229
O=[N+]([O-])c1cccc(C(O)C=C(C(F)(F)F)C(F)(F)F)c1,315.1689999999999,3.6792000000000007,113.00693255154896,63.370000000000005,1.0,3.0,3.0,1.0,-6.1353259
FC(F)(F)C(F)(F)C(F)(F)c1nnc(-c2ccccc2)o1,314.16,4.026000000000002,111.94415028360906,38.92,0.0,3.0,3.0,2.0,-5.7285371
O=S(=O)(O)C(F)(F)C(F)(F)C(F)(F)C(F)(F)C(F)(F)C(F)C(F)=C(F)C(F)(F)F,494.14699999999993,5.059200000000001,147.24638736767855,54.370000000000005,1.0,2.0,7.0,0.0,-6.420825
FC(F)(F)C(F)(F)C(F)(F)C(CCI)(C(F)(F)F)C(F)(F)F,473.99799999999993,5.755400000000002,126.70764418769048,0.0,0.0,0.0,4.0,0.0,-5.8377776
CC(=O)OCC1OC(OC(C)=O)C(OS(=O)(=O)C(F)(F)C(F)(F)C(F)(F)C(F)(F)F)C(OC(C)=O)C1OC(C)=O,630.387,1.8416,217.5890164804397,157.79999999999998,0.0,12.0,10.0,1.0,-9.0282516
C=C(C)c1ccc(C(F)(F)C(F)(F)c2ccccc2)cc1,294.29099999999994,5.603500000000004,120.28574647706476,0.0,0.0,0.0,4.0,2.0,-6.4683347
OCCC(F)(F)C(F)(F)C(F)(F)C(F)(F)F,264.087,2.8370000000000006,82.84801397834472,20.23,1.0,1.0,4.0,0.0,-4.8959732
C=CCNC(=O)c1ccc(OC(F)=C(F)C(F)(F)C(F)(F)C(F)(F)C(F)(F)C(F)(F)C(F)(F)C(F)(F)F)cc1,607.2600000000001,7.463400000000004,204.43547590518895,38.33,1.0,2.0,11.0,1.0,-7.7718878
C=CC(=O)OC(F)(F)C(F)(F)F,190.067,1.8707,63.61216079741355,26.3,0.0,2.0,2.0,0.0,-4.9024038
FC(F)(F)C1(F)C(F)(F)C(F)(F)C1(F)C(F)(F)F,300.0419999999999,3.8118,89.54455528139817,0.0,0.0,0.0,0.0,1.0,-4.7263041
CCCCCC(F)(F)C(F)(F)C(F)(F)F,240.16199999999995,4.399600000000002,82.45259364908945,0.0,0.0,0.0,5.0,0.0,-5.5225835
CCOC(=O)C(C(=O)C(F)(F)C(F)(F)C(F)(F)C(=O)C(C(=O)OCC)=P(c1ccccc1)(c1ccccc1)c1ccccc1)=P(c1ccccc1)(c1ccccc1)c1ccccc1,900.7890000000004,7.489700000000009,360.0128953206152,86.74000000000001,0.0,6.0,16.0,6.0,-7.4367914
C=C(C)C(=O)OC(F)(F)C(F)(F)C(F)(F)C(F)(F)C(F)(F)C(F)(F)C(F)(F)C(F)(F)F,504.1359999999999,6.072600000000002,158.1531804333046,26.3,0.0,2.0,8.0,0.0,-6.9401484
FC(F)(F)C1(F)OC1(F)C(F)(F)F,216.027,2.4728,65.26607467040691,12.53,0.0,1.0,0.0,1.0,-4.532177
CC(C)[C@H](NC(=O)c1ccc(C(=O)N2CCOCC2)cc1)C(=O)N1CCC[C@H]1C(=O)N[C@@H](C(=O)C(F)(F)C(F)(F)F)C(C)C,632.6270000000003,2.8119,251.18163389554024,125.12,2.0,6.0,10.0,3.0,-11.277128
CC(C)CC(=O)CC(Cl)(C(F)(F)F)C(F)(F)F,284.62699999999995,4.093900000000002,99.11678868748524,17.07,0.0,1.0,4.0,0.0,-5.6569929
CCCCCCCCCCCCCCCCCCC(F)(F)C(F)(F)C(F)(F)C(F)(F)C(F)(F)C(F)(F)F,572.534,11.376799999999989,209.2848798969926,0.0,0.0,0.0,21.0,0.0,-9.7076893
FC1(F)C(F)(F)C(F)(F)[C@]2(F)C(F)(F)C(F)(F)C(F)(F)C(F)(F)[C@]2(F)C1(F)F,462.074,5.512600000000003,138.99170500301278,0.0,0.0,0.0,0.0,2.0,-5.0300674
C[N+](C)(CCC(F)C(F)(F)C(F)(F)F)CC(=O)[O-],281.196,0.7384999999999997,99.57756136959831,40.13,0.0,2.0,6.0,0.0,-6.0575714
FC(F)C(F)(F)C(F)(F)C(F)(F)C(F)(F)C(F)(F)C(F)(F)C(F)(F)Cl,436.517,5.894900000000002,130.2456785023072,0.0,0.0,0.0,7.0,0.0,-5.9179683
FC(F)C(F)(F)C(F)(F)C(F)(F)C(F)(F)C(F)(F)C(F)(F)C(F)(F)C(F)(F)C(F)(F)C(F)(F)C(F)(F)C(F)(F)C(F)(F)C(F)(F)F,770.1110000000003,10.072700000000005,226.9800381200953,0.0,0.0,0.0,13.0,0.0,-7.8091197
OC(CN(Cc1cccc(C(F)(F)C(F)(F)C(F)(F)F)c1)c1cccc(Oc2cccc(C3CC3)c2)c1)C(F)(F)F,595.4770000000003,8.575500000000003,227.51214820323048,32.7,1.0,3.0,10.0,4.0,-9.3606806
CC(C)(O)C(F)(Cl)C(F)(F)F,194.555,2.2242,65.95866107619861,20.23,1.0,1.0,1.0,0.0,-4.7975378
O=C1C(F)(F)C(F)(F)C(F)(F)C(F)(F)C1(F)F,278.045,2.7456,85.37500657558947,17.07,0.0,1.0,0.0,1.0,-4.564435
O=S(=O)(O)C(F)(Cl)C(F)(F)C(F)(F)C(F)(F)C(F)(F)C(F)(F)C(F)(F)C(F)(F)C(F)(F)C(F)(F)C(F)(F)C(F)(F)F,716.6090000000003,7.651600000000005,210.6583661933441,54.370000000000005,1.0,2.0,11.0,0.0,-7.9204516
COC1=C(OC)C(F)(F)C(F)(F)C1(F)F,236.11099999999996,2.4103000000000003,80.45377240506687,18.46,0.0,2.0,2.0,1.0,-5.3427701
C[N+](C)(CCCC(F)(F)C(F)(F)C(F)(F)C(F)(F)C(F)(F)C(F)(F)C(F)(F)C(F)(F)C(F)(F)C(F)(F)C(F)(F)C(F)(F)C(F)(F)C(F)(F)F)CC(=O)[O-],863.2900000000003,8.414100000000005,271.76418100966094,40.13,0.0,2.0,18.0,0.0,-7.6192188
O=C([O-])C(F)(F)C(F)(F)C(F)(F)C(F)(F)C(F)(F)C(F)(F)F,363.0489999999999,2.4750999999999994,110.03661980449002,40.13,0.0,2.0,5.0,0.0,-5.4944367
O=C(O)c1ccc([Si](CCC(F)(F)C(F)(F)C(F)(F)C(F)(F)C(F)(F)C(F)(F)F)(CCC(F)(F)C(F)(F)C(F)(F)C(F)(F)C(F)(F)C(F)(F)F)CCC(F)(F)C(F)(F)C(F)(F)C(F)(F)C(F)(F)C(F)(F)F)cc1,1190.4830000000006,15.427299999999986,375.3475797911521,37.3,1.0,1.0,23.0,1.0,-5.7897878
COc1ccc(OC)c(OC(=O)C(F)(F)C(F)(F)C(F)(F)F)c1,350.1859999999999,3.4421000000000017,124.28196141492464,44.760000000000005,0.0,4.0,5.0,1.0,-6.3731074
C=CC(=O)OCC(NC)S(=O)(=O)C(F)(F)C(F)(F)C(F)(F)C(F)(F)F,411.242,2.1016000000000004,134.27427354649612,72.47,1.0,5.0,8.0,0.0,-7.0355954
CCOC1(O)C(C)(C)C(F)(F)C1(F)F,216.17399999999995,2.0219,78.8579352684844,29.46,1.0,2.0,2.0,1.0,-5.5914125
C[N+](C)(CC(=O)O)CC(F)C(F)(F)C(F)(F)F,268.177,1.6830999999999998,93.21261925520167,37.3,1.0,1.0,5.0,0.0,-5.8514042
FC(F)(F)C(F)(F)CBr,212.943,2.5789,56.1643598768953,0.0,0.0,0.0,1.0,0.0,-4.2163911
FC(F)C(F)(F)C(F)(F)C(F)(F)C(F)(F)C(F)(F)C(F)(F)C(F)(F)I,527.968,6.091100000000002,139.20425039646918,0.0,0.0,0.0,7.0,0.0,-6.0759354
OCC(I)CC(F)(F)C(F)(F)C(F)(F)C(F)(F)C(F)(C(F)(F)F)C(F)(F)F,554.0310000000001,5.546500000000003,152.5628329745322,20.23,1.0,1.0,7.0,0.0,-6.491622
OC[C@@H]1O[C@H](O)[C@](O)(C(F)(F)C(F)(F)C(F)(F)C(F)(F)F)[C@H]1O,368.1479999999999,0.2560999999999996,120.43325565410022,90.15,4.0,5.0,4.0,1.0,-5.9221606
CN(C)CCCNC(=O)CSCCC(F)(F)C(F)(F)C(F)(F)C(F)(F)C(F)(F)C(F)(F)C(F)(F)C(F)(F)F,622.3850000000001,6.187000000000004,206.98675468714168,32.34,1.0,3.0,15.0,0.0,-8.8857307
FC(F)C(F)(F)C(F)(F)Br,230.933,2.8745000000000003,60.32989527982153,0.0,0.0,0.0,2.0,0.0,-4.1451077
FC(F)(F)C(F)(F)C(F)(F)c1nnnn1-c1ccccc1,314.16400000000004,2.9517000000000007,111.72550804489782,43.6,0.0,4.0,3.0,2.0,-5.8628898
O=C(O)c1ccc(C(F)(F)C(F)(F)F)c(F)c1,258.1169999999999,3.178,90.475197732484,37.3,1.0,1.0,2.0,1.0,-5.4238272
FC(F)(F)C(F)(F)C(F)(F)C1(F)C(F)(F)C(F)(F)C(F)(F)C(F)(F)C1(F)F,450.063,5.717700000000002,133.6325940421454,0.0,0.0,0.0,2.0,1.0,-5.3311181
CO[Si](CCC(F)(F)C(F)(F)C(F)(F)C(F)(F)C(F)(F)C(F)(F)C(F)(F)C(F)(F)C(F)(F)C(F)(F)F)(OC)OC,668.3100000000002,7.534600000000006,208.41629261145548,27.69,0.0,3.0,14.0,0.0,-8.632906
C[N+](C)(CCCN(CC(=O)O)S(=O)(=O)C(F)(F)C(F)(F)C(F)(F)C(F)(F)C(F)(F)C(F)(F)C(F)(F)C(F)(F)F)CC(O)CS(=O)(=O)O,781.4800000000002,3.384900000000001,251.62640915621145,149.28,3.0,6.0,18.0,0.0,-9.4792452
CCN(CC1CO1)C(=O)C(F)(F)C(F)(F)C(F)(F)C(F)(F)F,347.1769999999999,2.701900000000001,117.5426185299599,32.84,0.0,2.0,6.0,1.0,-6.0448108
FC(F)(F)C(F)(c1ccc(C(F)(C(F)(F)F)C(F)(F)F)cc1)C(F)(F)F,414.136,6.265400000000002,133.9385514468439,0.0,0.0,0.0,2.0,1.0,-5.9286709
CCN(CC(=O)O)S(=O)(=O)C(F)(F)C(F)(F)C(F)(F)F,335.19699999999995,1.5131000000000003,107.56401694955105,74.68,1.0,3.0,6.0,0.0,-6.0149002
CN(CCCCO)S(=O)(=O)C(F)(F)C(F)(F)C(F)(F)C(F)(F)C(F)(F)C(F)(F)C(F)(F)C(F)(F)F,585.2760000000001,4.987400000000003,183.2475015651493,57.61,1.0,3.0,12.0,0.0,-8.3441181
O=S(=O)(O)CC=C(F)C(F)(F)C(F)(F)C(F)(F)C(F)(F)C(F)(F)C(F)(F)C(F)(F)C(F)(F)C(F)(F)C(F)(F)C(F)(F)C(F)(F)C(F)(F)F,808.2160000000003,8.913500000000003,241.7874070035696,54.370000000000005,1.0,2.0,14.0,0.0,-8.737958
C=CCC(O)(C(F)(F)F)C(F)(F)C(F)(Cl)C(F)(F)Cl,341.025,4.227400000000001,111.32929222579078,20.23,1.0,1.0,5.0,0.0,-5.5121856
Nc1nc2ccc(OCC(F)(F)C(F)F)cc2s1,280.2459999999999,3.157700000000001,103.18348278400453,48.14,1.0,4.0,4.0,2.0,-5.8447294
FC(F)C(F)(F)OC1CCCCC1,200.17499999999995,3.1936000000000018,74.0637015162884,9.23,0.0,1.0,3.0,1.0,-5.5023823
O=C1OCC(CC(F)(F)C(F)(F)C(F)(F)C(F)(F)C(F)(F)C(F)(F)F)O1,420.121,4.650700000000001,133.55847170096834,35.53,0.0,3.0,6.0,1.0,-6.2819839
CC(C)COC(=O)C(F)(OC(F)(F)C(F)(OC(F)(F)C(F)(F)C(F)(F)F)C(F)(F)F)C(F)(F)F,552.177,6.058200000000003,175.4348160388992,44.760000000000005,0.0,4.0,9.0,0.0,-7.661119
O=C(O)c1ccc(OCCCCC(F)(F)C(F)(F)C(F)(F)C(F)(F)F)c(F)c1F,448.228,5.680300000000002,154.60607266300167,46.53,1.0,2.0,9.0,1.0,-7.3287263
COC(=O)C(=O)C(F)(F)C(F)(F)F,206.066,0.9260999999999998,68.46328592964157,43.370000000000005,0.0,3.0,2.0,0.0,-4.7396383
CCCCCCCCCCCCCCOC(=O)C(F)(F)C(F)(F)C(F)(F)C(F)(F)C(F)(F)C(F)(F)C(F)(F)C(F)(F)C(F)(F)F,710.4560000000002,10.875399999999988,243.55315964410065,26.3,0.0,2.0,21.0,0.0,-10.003253
C[N+](C)(CCC(=O)O)CC(O)CC(F)(F)C(F)(F)F,294.23999999999995,1.4860999999999995,106.57120183326468,57.53,2.0,2.0,7.0,0.0,-6.3748183
O=C(N1CCc2ccccc21)C(F)(F)C(F)(F)C(F)(F)F,315.188,3.4086000000000016,113.69532824307817,20.31,0.0,1.0,2.0,2.0,-5.8658414
FC(F)(F)C(F)(F)C(F)(F)C(F)(F)C(F)(F)C(F)(F)C(F)(F)C(F)(F)CC1CO1,476.1260000000001,5.784700000000004,147.31048809751923,12.53,0.0,1.0,8.0,1.0,-6.523272
O=c1ccn(-c2ccc(C(F)(F)C(F)(F)C(F)(F)C(F)(F)C(F)(F)C(F)(F)F)cc2)cc1,489.231,6.032800000000003,168.42125181756725,22.0,0.0,2.0,6.0,2.0,-7.4158835
O=C(O)C(F)(F)C(F)(F)C(F)(F)C(F)(F)C(F)(F)C(F)(F)C(F)(F)C(F)(F)C(F)(F)C(F)(F)C(F)(F)C(F)(F)C(F)(F)C(F)(F)C(F)(F)C(F)(F)C(F)(F)C(F)(F)C(F)(F)C(F)(F)C(F)(F)F,1114.1620000000007,13.339299999999998,330.47681360822605,37.3,1.0,1.0,20.0,0.0,-7.9275799
FC(F)(F)C(F)(F)C(F)(F)C(F)(F)C(F)(F)C(F)(F)C[CH2][Sn]([Br])([CH2]CC(F)(F)C(F)(F)C(F)(F)C(F)(F)C(F)(F)C(F)(F)F)[CH2]CC(F)(F)C(F)(F)C(F)(F)C(F)(F)C(F)(F)C(F)(F)F,1239.8970000000006,15.71349999999999,339.7020264949168,0.0,0.0,0.0,21.0,0.0,-6.6378322
COc1ccc(OS(=O)(=O)C(F)(F)C(F)(F)C(F)(F)C(F)(F)F)c(Cl)c1,440.667,4.482900000000002,144.11069126155613,52.6,0.0,4.0,6.0,1.0,-6.4509149
C[N+](C)(CCCN(CCC(=O)O)S(=O)(=O)C(F)(F)C(F)(F)C(F)(F)C(F)(F)C(F)(F)C(F)(F)C(F)(F)C(F)(F)F)CCC(=O)[O-],728.4180000000001,3.6663000000000014,240.52423736061112,114.81,1.0,5.0,18.0,0.0,-8.583643
CCCCCCCC(O)C(F)(F)C(F)(F)C(F)(F)C(F)(F)F,348.249,5.176000000000004,121.03766666472434,20.23,1.0,1.0,9.0,0.0,-6.7802405
FC(F)(F)C1(F)OC(F)(C(F)(F)F)C(F)(F)C1(F)F,316.04099999999994,3.7434,94.65810051090504,9.23,0.0,1.0,0.0,1.0,-4.9534612
O=C([O-])CCC(F)(F)C(F)(F)C(F)(F)F,241.082,1.3494000000000002,78.678465272536,40.13,0.0,2.0,4.0,0.0,-5.1651425
C=CC(=O)OCCCCOc1ccc(C(F)(F)C(F)(F)C(F)(F)C(F)(F)C(F)(F)C(F)(F)C(F)(F)C(F)(F)F)cc1,638.3140000000002,8.040700000000005,217.4186462120653,35.53,0.0,3.0,14.0,1.0,-9.4641418
FC(F)C(F)(C(F)(F)F)[Si](Cl)(Cl)Cl,285.47400000000005,3.7166,83.86921321251587,0.0,0.0,0.0,2.0,0.0,-4.8578029
O=S(=O)(O)C(O)CC(F)(F)C(F)(F)C(F)(F)C(F)(F)F,344.1509999999999,2.0509000000000004,104.47664998838532,74.60000000000001,2.0,3.0,5.0,0.0,-5.9592681
COc1ccccc1C(=O)C=C(C(F)(F)F)C(F)(F)F,298.1819999999999,3.9289000000000014,109.1997325208004,26.3,0.0,2.0,3.0,1.0,-6.1472182
C[C@@H](n1ncn(-c2ccc(OCC(F)(F)C(F)F)cc2)c1=O)[C@](O)(Cn1cncn1)c1ccc(F)cc1F,542.4400000000002,3.331900000000002,210.08352840017943,99.99,1.0,9.0,10.0,4.0,-9.1407728
CCCCCC=CC(F)(F)C(F)(F)C(F)(F)C(F)(F)F,316.2069999999999,5.591100000000003,109.18888776594748,0.0,0.0,0.0,7.0,0.0,-5.9778237
FC1(F)CC(CCl)C1(F)F,176.54,2.5157000000000007,60.158596170473366,0.0,0.0,0.0,1.0,1.0,-4.5914602
OCC=CC(F)(F)C(F)(F)C(F)(F)C(F)(F)F,276.098,3.0031000000000008,88.52335306055706,20.23,1.0,1.0,4.0,0.0,-5.5226197
C[N+](C)(C)CCCN(CCC(=O)[O-])S(=O)(=O)C(F)(F)C(F)(F)C(F)(F)C(F)(F)F,470.354,1.2801999999999996,160.05454559858188,77.51,0.0,4.0,11.0,0.0,-8.0281534
C=C(CCN(CC)S(=O)(=O)C(F)(F)C(F)(F)C(F)(F)C(F)(F)C(F)(F)C(F)(F)C(F)(F)C(F)(F)F)C(=O)[O-],624.2890000000001,4.301200000000003,199.44930486180195,77.51,0.0,4.0,13.0,0.0,-7.548553
C=C(C)C(=O)OC(C(F)(F)F)(C(F)(F)F)C(F)(F)F,304.1079999999999,3.5314000000000005,99.3691287523083,26.3,0.0,2.0,2.0,0.0,-5.4473166
O=C(O)CC(F)(F)C(F)(F)C(F)(F)C(F)(F)C(F)(F)C(F)(F)C(F)(F)C(F)(F)C(F)(F)C(F)(F)C(F)(F)C(F)(F)C(F)(F)F,728.1330000000003,8.647000000000004,219.2736523606301,37.3,1.0,1.0,13.0,0.0,-7.3829398
CCOP(OCC)(OCC)=C(C(F)(F)F)C(F)(F)F,316.17799999999994,4.155500000000003,106.59533802691024,27.69,0.0,3.0,6.0,0.0,-6.3973384
FC(F)=C(F)OC(F)(F)C(F)(F)Cl,232.482,3.4625000000000004,71.72003361570731,9.23,0.0,1.0,3.0,0.0,-4.6920133
CCN(CCOCCO)S(=O)(=O)C(F)(F)C(F)(F)C(F)(F)C(F)(F)C(F)(F)C(F)(F)F,515.288,3.3433000000000037,165.3339630685546,66.84,1.0,4.0,12.0,0.0,-7.8087049
O=[N+]([O-])C1=C(F)C(F)(F)C(F)(Br)C(F)(F)C1(F)F,349.959,3.4244,100.71333396565014,43.14,0.0,2.0,1.0,1.0,-4.9682117
OCCCCCCC(F)(F)C(F)(F)C(F)(F)C(F)(F)F,320.19499999999994,4.397400000000002,108.30778243593114,20.23,1.0,1.0,8.0,0.0,-6.3617382
CC(=O)CC(=O)C(F)(F)C(F)(F)C(F)(F)C(F)(F)C(F)(F)C(F)(F)C(F)(F)C(F)(F)F,504.136,5.544000000000002,157.89076033602575,34.14,0.0,2.0,9.0,0.0,-7.198348
FC(F)(F)C(F)(F)C(F)(F)C(F)(F)COc1nc(OCC(F)(F)C(F)(F)C(F)(F)C(F)(F)F)nc(OCC(F)(F)C(F)(F)C(F)(F)C(F)(F)F)n1,825.2100000000003,8.412600000000003,258.37457034581456,66.36,0.0,6.0,15.0,1.0,-9.1888981
CN(C)CC(O)CC(F)(F)C(F)(F)C(F)(F)C(F)(F)C(F)(F)C(F)(F)C(F)(F)C(F)(F)C(F)(F)C(F)(F)C(F)(F)C(F)(F)F,721.2390000000003,7.849600000000007,225.27077735373047,23.47,1.0,2.0,14.0,0.0,-8.3461924
O=C(Cl)C1(F)C(F)(F)C(F)(F)C(F)(F)C(F)(F)C1(F)F,344.50699999999995,3.6502,106.20875031979398,17.07,0.0,1.0,1.0,1.0,-4.9074364
C=CCNCCC(F)(F)C(F)(F)C(F)(F)C(F)(F)C(F)(F)C(F)(F)F,403.182,4.890900000000002,131.4008915612605,12.03,1.0,1.0,9.0,0.0,-6.7648234
O=C(O)CNS(=O)(=O)C(F)(F)C(F)(F)C(F)(F)C(F)(F)C(F)(F)C(F)(F)C(F)(F)C(F)(F)C(F)(F)C(F)(F)C(F)(F)F,707.1990000000003,5.863200000000002,212.1922645961551,83.47,2.0,3.0,13.0,0.0,-8.1493397
CCOP(=O)(OCC)C1=C(P(=O)(OCC)OCC)C(F)(F)C1(F)F,398.22600000000006,5.014400000000004,137.10038346290688,71.06,0.0,6.0,10.0,1.0,-7.4413276
O=C(CC(=O)C(F)(F)C(F)(F)F)C(F)(F)F,258.064,2.2746000000000004,82.21128902331,34.14,0.0,2.0,3.0,0.0,-5.059947
FC(F)(F)C(F)(F)C(F)(F)C(F)(F)C(F)(Cl)C(F)(F)F,354.49299999999994,4.921500000000001,105.0191880647353,0.0,0.0,0.0,3.0,0.0,-5.12922
O=S(=O)(F)C(F)(F)C(F)(F)C(F)(F)C(F)(F)C(F)(F)C(F)(F)C(F)(F)C(F)(F)F,502.117,5.252600000000001,145.19437850567198,34.14,0.0,2.0,7.0,0.0,-6.3315301
Oc1ccc(OCC(F)(F)C(F)F)cc1,224.153,2.671400000000001,83.09615005609463,29.46,1.0,2.0,4.0,1.0,-5.0855904
CCCCCCCCCCC(I)CC(F)(F)C(F)(F)C(F)(F)C(F)(F)F,514.2540000000001,8.179100000000005,160.96503949115842,0.0,0.0,0.0,13.0,0.0,-7.8097296
C[N+](C)(CCCNS(=O)(=O)C(F)(F)C(F)(F)C(F)(F)C(F)(F)F)CC(=O)O,443.3080000000001,1.8826,147.11468988319328,83.47,2.0,3.0,10.0,0.0,-7.2778149
C=CC(=O)OCCCC(=O)C(F)(F)C(F)(F)C(F)(F)C(F)(F)C(F)(F)C(F)(F)C(F)(F)C(F)(F)F,560.2,6.074300000000003,181.40952887653816,43.370000000000005,0.0,3.0,12.0,0.0,-8.0114594
FC(C(F)(F)F)C(F)(F)Oc1ccccc1Br,323.03,4.321100000000001,100.50053471539243,9.23,0.0,1.0,3.0,1.0,-5.4248519
COC(=O)c1c(OC)cccc1OS(=O)(=O)C(F)(F)C(F)(F)C(F)(F)C(F)(F)F,464.258,3.616100000000001,155.8123765930183,78.9,0.0,6.0,7.0,1.0,-7.1039953
C=COC(=O)C(F)(F)C(F)(F)C(F)(F)C(F)(F)C(F)(F)C(F)(F)F,390.095,4.411900000000001,122.39621247840984,26.3,0.0,2.0,6.0,0.0,-5.7655602
O=S(=O)(O)C1(F)C(F)(F)C(F)(F)C(F)(C(F)(F)F)C1(F)F,362.11599999999993,2.7301,107.00765588851256,54.370000000000005,1.0,2.0,1.0,1.0,-5.1478443
FC1(F)OC2(OC1(F)F)C(F)(F)C(F)(F)C(F)(F)C2(F)F,344.051,3.4699,105.1307567012793,18.46,0.0,2.0,0.0,2.0,-5.0842319
Cc1c(C(=O)O)ccc(C(F)(C(F)(F)F)C(F)(F)F)c1S(=O)C(C)C,394.308,4.498620000000002,139.83969791096916,54.37,1.0,2.0,4.0,1.0,-6.989037
CO[Si](O)(O)CCC(F)(F)C(F)(F)C(F)(F)C(F)(F)C(F)(F)C(F)(F)F,440.228,3.685200000000001,136.26373374704423,49.69,2.0,3.0,8.0,0.0,-6.8838406
FC(F)(F)C(F)(F)C(F)(F)C(F)(F)C(F)(F)C(F)(F)C(F)(Cl)C(F)(Cl)Cl,487.4169999999999,6.730700000000001,146.68667555314434,0.0,0.0,0.0,6.0,0.0,-6.273068
NC(C(=O)O)C(C(F)(F)F)C(F)(F)F,225.08799999999997,1.1391,73.48787845222589,63.32000000000001,2.0,2.0,2.0,0.0,-4.6838322
O=S(=O)(O)C(F)(F)C(F)(F)C(F)(F)OC(F)(F)F,316.0969999999999,2.2315,92.06607723690298,63.60000000000001,1.0,3.0,4.0,0.0,-5.0823002
[N-]=[N+]=NS(=O)(=O)C(F)(F)C(F)(F)OC(F)(F)C(F)F,323.1209999999999,2.6866000000000003,98.166403735126,92.13,0.0,3.0,6.0,0.0,-5.7001786
C[N+](C)(CCCNC(=O)CSCCC(F)(F)C(F)(F)C(F)(F)C(F)(F)C(F)(F)C(F)(F)C(F)(F)C(F)(F)C(F)(F)C(F)(F)C(F)(F)C(F)(F)F)CC(=O)[O-],880.4490000000003,6.992900000000008,287.6664179357662,69.23,1.0,4.0,21.0,0.0,-10.271592
O=C(O)C(F)(F)OC(F)(F)C(F)(OC(F)(OC(F)(F)C(F)(F)C(F)(F)Cl)C(F)(F)F)C(F)(F)F,578.5300000000001,5.779800000000002,175.60302507771334,64.99000000000001,1.0,4.0,10.0,0.0,-7.0954185
FC(F)(F)C(C(F)(F)F)(C(F)(F)F)C(F)(F)C(C(F)(F)F)(C(F)(F)F)C(F)(F)F,488.059,6.968300000000003,142.96949600152712,0.0,0.0,0.0,2.0,0.0,-5.2685809
CSc1ccc(OS(=O)(=O)C(F)(F)C(F)(F)F)cc1,322.27599999999995,3.2722000000000016,109.4249639900347,43.370000000000005,0.0,4.0,4.0,1.0,-5.903378
Cc1ccc2nc(C(F)(F)C(F)(F)C(F)(F)F)ccc2c1,311.2,4.832620000000002,113.95123191024877,12.89,0.0,1.0,2.0,2.0,-5.7366891
CCCCCCCC/C=C\CCCCCCCCOC(=O)Nc1cc(NC(=O)OCCN(C)S(=O)(=O)C(F)(F)C(F)(F)C(F)(F)C(F)(F)C(F)(F)C(F)(F)C(F)(F)C(F)(F)F)ccc1C,999.8660000000008,13.358019999999977,363.404518186686,114.04,2.0,6.0,29.0,1.0,-10.657429
CCCCCCCCCCCCCCCCC(CC(=O)O)C(=O)OCC(F)(F)C(F)(F)C(F)(F)C(F)(F)OC(F)(F)C(F)(F)C(F)(F)C(F)(F)C(F)(F)OC(F)(F)C(F)(F)C(F)(F)C(F)(F)F,1056.6260000000009,14.540999999999976,359.70971032273013,82.06,1.0,5.0,33.0,0.0,-7.8912959
COc1nc(C(F)(F)C(F)(F)C(F)(F)F)n(C)n1,281.131,2.1131,95.35528817937792,39.94,0.0,4.0,3.0,1.0,-5.8496904
COC(=O)CC(=O)C(F)(F)C(F)(F)F,220.093,1.3161999999999998,74.82822804403818,43.370000000000005,0.0,3.0,3.0,0.0,-5.1349092
C=COC(=O)C(F)(F)C(F)(F)C(F)(F)C(F)(F)C(F)(F)C(F)F,372.105,4.114700000000001,118.2306770754836,26.3,0.0,2.0,7.0,0.0,-5.8113556
CCCC(OP(=O)(Oc1ccccc1)Oc1ccccc1)c1ccc(C(F)(F)C(F)(F)C(F)(F)C(F)(F)F)cc1,600.4140000000002,9.735199999999995,222.84519343612973,44.760000000000005,0.0,4.0,12.0,3.0,-9.4193373
C=CC(=O)OC(F)(F)C(F)(F)N(CC)S(=O)(=O)C(F)(F)C(F)(F)C(F)(F)C(F)(F)C(F)(F)C(F)(F)C(F)(F)C(F)(F)F,697.2570000000003,6.519800000000004,216.4307579508178,63.68,0.0,4.0,13.0,0.0,-8.4934521
FC(F)(F)OC(F)(F)C(F)(F)OC(F)(F)Cl,286.477,3.5141,85.8542526832509,18.46,0.0,2.0,4.0,0.0,-5.0703354
CCCCCCC(=O)C(F)C(F)(F)F,214.20199999999997,3.426300000000002,80.48245165475112,17.07,0.0,1.0,6.0,0.0,-5.7552114
O=S(=O)(O)OC(F)C(F)C(F)C(F)C(F)C(F)C(F)C(F)C(F)C(F)C(F)C(F)(F)C(F)(F)F,568.2700000000001,4.680000000000002,178.71830796301413,63.60000000000001,1.0,3.0,13.0,0.0,-8.2611227
CC=CC1(F)C(F)(F)C1(F)F,172.096,2.5550000000000006,59.69620442873028,0.0,0.0,0.0,1.0,1.0,-4.696826
O=S(=O)(F)C(F)(F)C(F)(F)C(F)(F)C(F)(F)C(F)(F)C(F)(F)S(=O)(=O)F,466.168,3.3118,132.72324808956782,68.28,0.0,4.0,7.0,0.0,-6.0403118
CCOP(=O)(OCC)C(CC)(C(F)(F)F)C(F)(F)F,316.17799999999994,4.525900000000003,106.3420312359214,35.53,0.0,3.0,6.0,0.0,-6.3080544
CC[N+](C)(C)CCC(F)(F)C(F)(F)C(F)(F)C(F)(F)C(F)(F)C(F)(F)C(F)(F)C(F)(F)C(F)(F)C(F)(F)C(F)(F)C(F)(F)C(F)(F)C(F)(F)F,820.2890000000004,10.293999999999995,256.44348304302457,0.0,0.0,0.0,16.0,0.0,-7.5599046
O=C([O-])C(F)(F)C(F)(F)C(F)(F)C(F)(F)C(F)(F)C(F)(F)C(F)(F)C(F)(F)C(F)(F)C(F)(F)C(F)(F)C(F)(F)C(F)(F)C(F)F,745.1150000000004,7.2603000000000035,223.4391877635564,40.13,0.0,2.0,14.0,0.0,-8.0319109
O=C(C(F)(F)F)C(F)(C(F)(F)F)C(F)(F)C(F)(F)F,316.04099999999994,3.586,94.71190853497116,17.07,0.0,1.0,2.0,0.0,-5.0507216
N=C(O)C(F)(F)C(F)(F)C(=N)O,188.08,1.32754,63.45538848564592,88.16000000000001,4.0,2.0,3.0,0.0,-4.5173531
C[N+](C)([O-])CCCNC(=O)C(F)(F)C(F)(F)OC(F)(F)C(F)(F)C(F)(F)C(F)(F)C(F)(F)F,530.2280000000001,4.372600000000003,173.14459436611372,61.39,1.0,3.0,11.0,0.0,-7.3038192
FC(C(F)(F)F)C(F)(F)C(F)(c1ccccc1)C(F)(F)F,328.149,4.9494000000000025,110.91146772074238,0.0,0.0,0.0,3.0,1.0,-5.8886919
CC(=O)OCCCC(F)(F)C(F)(F)C(F)(F)C(F)(F)C(F)(F)C(F)(F)C(F)(F)C(F)(F)F,520.179,6.339100000000004,165.20772557988545,26.3,0.0,2.0,10.0,0.0,-7.3696465
NNC(=O)C(F)(F)C(F)(F)C(F)(F)C(F)(F)C(F)(F)C(F)(F)C(F)(F)C(F)(F)C(F)(F)C(F)(F)C(F)(F)C(F)(F)C(=O)NN,718.1800000000001,4.589800000000002,221.499170187014,110.24,4.0,4.0,13.0,0.0,-7.8255057
O=S(=O)(O)C(O)CC(F)(F)C(F)(F)C(F)(F)C(F)(F)C(F)(F)C(F)(F)C(F)(F)F,494.1719999999999,3.9568,148.56468874913256,74.60000000000001,2.0,3.0,8.0,0.0,-6.9501615
FC(F)(F)C(F)(F)C(F)(F)C(F)(F)C(F)(F)C(F)(F)C(F)(F)N=NC(F)(F)C(F)(F)C(F)(F)C(F)(F)C(F)(F)C(F)(F)C(F)(F)F,766.1080000000004,10.101800000000004,226.89633844726157,24.72,0.0,2.0,12.0,0.0,-7.1165156
FC(F)(F)C(F)(F)C(F)(F)C(F)(F)CCCCI,402.038,5.059900000000002,110.04550257598557,0.0,0.0,0.0,6.0,0.0,-5.8884621
O=C(F)C(F)(F)C(F)(F)C(F)(F)C(F)(F)C(=O)F,294.044,2.5198,90.54235982916246,34.14,0.0,2.0,5.0,0.0,-5.0036287
N#CC(F)(F)OC(F)(F)C(F)(F)I,318.942,2.73998,81.595252820596,33.02,0.0,2.0,3.0,0.0,-5.0385485
CCN(CCC[N+](C)(C)CC)S(=O)(=O)C(F)(F)C(F)(F)C(F)(F)C(F)(F)C(F)(F)C(F)(F)C(F)(F)F,591.4010000000002,5.456100000000005,195.1868285070893,37.38,0.0,2.0,13.0,0.0,-8.4927645
OC1CC(F)(F)C1(F)F,144.067,1.0216,48.2846215813911,20.23,1.0,1.0,0.0,1.0,-4.0663409
O=C(O)C(F)(F)OC(F)(OC(F)F)C(F)(F)F,278.051,2.1052,86.70614902007938,55.760000000000005,1.0,3.0,5.0,0.0,-5.0589867
FC(F)(F)C(F)(F)OC(F)(F)C(F)(OC(F)(F)C(F)(OC(F)(F)C(F)(OC(F)(F)C(F)(OC(F)(F)C(F)(F)Br)C(F)(F)F)C(F)(F)F)C(F)(F)F)C(F)(F)F,979.0090000000006,11.0886,281.11132479352017,46.150000000000006,0.0,5.0,15.0,0.0,-8.6637392
CS(=O)(=O)CC(F)(F)C(F)F,194.149,0.9314,61.1216173645109,34.14,0.0,2.0,3.0,0.0,-4.8159614
CN1CCN(C(=O)C(F)(F)C(F)(F)C(F)(F)F)CC1,296.18600000000004,1.5932999999999995,103.49289405040732,23.55,0.0,2.0,2.0,1.0,-6.0812006
Cc1c(OC(F)=C(F)C(F)(F)C(F)(F)C(F)(F)C(F)(F)F)cc(C(=O)O)cc1C(=O)O,476.1940000000001,5.346520000000003,162.87222548305718,83.83,2.0,3.0,7.0,1.0,-7.1455884
C=C(C)C(=O)OCC(F)(F)C(F)(F)C(F)(F)C(F)(F)COC(=O)C(=C)C,398.2460000000001,3.766200000000003,141.9787103331281,52.6,0.0,4.0,9.0,0.0,-7.6813684
C=CC(=O)OCCCC(F)(F)C(F)(F)C(F)(F)C(F)(F)C(F)(F)C(F)(F)F,432.17599999999993,5.234600000000002,141.49103882159966,26.3,0.0,2.0,9.0,0.0,-6.8919673
CCOC(=O)C(SCCC(F)(F)C(F)(F)C(F)(F)C(F)(F)C(F)(F)C(F)(F)F)SCCC(F)(F)C(F)(F)C(F)(F)C(F)(F)C(F)(F)C(F)(F)F,844.4120000000004,10.599799999999997,267.49835905772824,26.3,0.0,4.0,18.0,0.0,-8.5302687
OCCC(F)(F)C(F)(F)C(F)(F)C(F)(F)C(F)(F)C(F)(F)C(F)(F)C(F)(F)C(F)(F)C(F)(F)C(F)(F)F,614.1360000000002,7.284100000000005,185.72010442008823,20.23,1.0,1.0,11.0,0.0,-7.4400659
OCCCCCCOCC(F)(F)C(F)(F)C(F)(F)F,300.21399999999994,3.388600000000002,105.09025685958554,29.46,1.0,2.0,9.0,0.0,-5.9845462
O=C(O)CC(F)(F)C(F)(F)C(F)(F)C(F)(F)C(F)(F)C(F)(F)C(F)(F)C(F)(F)C(F)(F)C(F)(F)F,578.1120000000001,6.741100000000003,175.1856135998829,37.3,1.0,1.0,10.0,0.0,-7.1357918
C[N+](C)([O-])CCCNS(=O)(=O)C(F)(F)C(F)(F)C(F)(F)C(F)(F)C(F)(F)C(F)(F)F,500.277,3.5664000000000016,159.56934789433248,69.22999999999999,1.0,3.0,10.0,0.0,-7.3746428
Nc1cccc(C(F)(F)C(F)(F)F)c1,211.133,2.9229000000000003,76.32885505993407,26.02,1.0,1.0,1.0,1.0,-5.0069208
CN(C)C(F)(F)C(F)F,145.099,1.4059,50.256052652927686,3.24,0.0,1.0,2.0,0.0,-4.4004774
OC(c1cccc(OC(F)(F)C(F)F)c1)C1CCCC1,292.27200000000005,4.146900000000003,113.91502947454843,29.46,1.0,2.0,5.0,2.0,-6.5340147
OCCSC(F)=C(F)C(F)(F)C(F)(F)F,258.158,3.0176000000000007,83.95045016567323,20.23,1.0,2.0,4.0,0.0,-5.3185525
CC(C(O)c1ccccc1)C(O)(C(F)(F)F)C(F)(F)F,302.21399999999994,3.211800000000001,110.20273572782602,40.46,2.0,2.0,3.0,1.0,-5.6715741
O=[N+]([O-])c1ccc(NN=C(C(F)(F)F)C(F)(F)F)c([N+](=O)[O-])c1,346.14300000000003,3.3955,121.24071401494692,110.67000000000002,1.0,6.0,4.0,1.0,-6.2875061
FC(F)(F)C(F)(F)C(F)(F)SCl,236.539,3.6638,70.55806258254916,0.0,0.0,1.0,2.0,0.0,-4.5858603
O=C(Nc1c(Br)cc(C(F)(C(F)(F)F)C(F)(F)F)cc1C(F)(F)F)c1cccc([N+](=O)[O-])c1F,575.128,7.056900000000003,188.3660049415256,72.24,1.0,3.0,4.0,2.0,-7.4441023
C[N+](C)(C)CC(O)CS(=O)(=O)CCC(F)(F)C(F)(F)C(F)(F)C(F)(F)C(F)(F)C(F)(F)C(F)(F)C(F)(F)F,628.3650000000001,4.867800000000004,202.41692188430596,54.37,1.0,3.0,13.0,0.0,-8.0704937
O=S(=O)(O)CCCC(F)(F)C(F)(F)C(F)(F)C(F)(F)C(F)(F)C(F)(F)C(F)(F)C(F)(F)C(F)(F)C(F)(F)C(F)(F)C(F)(F)F,742.2350000000002,8.205000000000004,223.6154617125785,54.370000000000005,1.0,2.0,14.0,0.0,-8.3986216
FC(F)(F)C(F)(F)C(F)(F)/C=C/I,321.961,3.768,81.93000239475901,0.0,0.0,0.0,2.0,0.0,-4.8140044
O=S(O)C(F)(F)C(F)(F)C(F)(F)C(F)(F)S(=O)O,330.174,1.886,97.91334425808914,74.6,2.0,2.0,5.0,0.0,-5.1904974
CC(C)(C)c1ccc(C(O)(C(F)(F)F)C(F)(F)F)cc1,300.242,4.296300000000003,111.77344409002664,20.23,1.0,1.0,1.0,1.0,-6.0251393
CN(CCC[N+](C)(C)CCCS(=O)(=O)[O-])S(=O)(=O)C(F)(F)C(F)(F)C(F)(F)C(F)(F)C(F)(F)F,570.4430000000002,2.7108000000000017,187.42343867663175,94.57999999999998,0.0,5.0,13.0,0.0,-8.9900885
C=C(CO)C(=O)OCCC(F)(F)C(F)(F)C(F)(F)C(F)(F)C(F)(F)C(F)(F)F,448.175,4.207000000000001,146.28527257379565,46.53,1.0,3.0,9.0,0.0,-7.1415782
NS(=O)(=O)c1ccc(CNC(=O)C(F)(F)C(F)(F)C(F)(F)C(F)(F)F)cc1,432.264,2.4184,144.9229253052923,89.25999999999999,2.0,3.0,6.0,1.0,-7.0451298
C[SiH](C)C(F)(F)C(F)(F)C(F)(F)C(F)(F)C(F)(F)C(F)(F)C(F)(F)C(F)(F)F,478.218,6.021700000000004,144.8154937713253,0.0,0.0,0.0,7.0,0.0,-6.8053346
FC1(F)C(F)(F)C(F)(F)C2(F)C(F)(F)C(F)(F)C(F)(F)C2(F)C1(F)F,412.067,4.877300000000002,124.2956920827637,0.0,0.0,0.0,0.0,2.0,-4.7073064
CCN(CCOP(=O)(O)O)S(=O)(=O)C(F)(F)C(F)(F)C(F)(F)C(F)(F)C(F)(F)F,501.207,2.8084000000000016,154.2519103461834,104.14,2.0,4.0,10.0,0.0,-7.3958726
O=C(N1c2ccccc2Sc2ccccc21)C(F)(F)C(F)(F)F,345.292,5.013500000000001,131.44963532546512,20.31,0.0,2.0,1.0,3.0,-6.261344
O=C(NC1CCCCC1)C(=O)C(C(F)(F)F)C(F)(F)F,305.218,2.7452000000000005,110.24895981951938,46.17,1.0,2.0,3.0,1.0,-6.1285896
C[N+](C)(C)CC(O)CC(F)(F)C(F)(F)C(F)(F)C(F)(F)C(F)(F)C(F)(F)F,436.2319999999999,4.182400000000002,143.66961343322797,20.23,1.0,1.0,8.0,0.0,-7.3053117
CC(C)(CS(=O)(=O)O)NC(=O)CCSCCC(F)(F)C(F)(F)C(F)(F)C(F)(F)C(F)(F)C(F)(F)C(F)(F)C(F)(F)C(F)(F)C(F)(F)F,787.4480000000004,7.562400000000005,252.24758286747704,83.47,2.0,4.0,17.0,0.0,-8.3516569
O=C(OCC(F)(F)C(F)(F)C(F)(F)C(F)F)c1ccc(O)cc1,352.177,3.7200000000000015,123.0146401110332,46.53,1.0,3.0,6.0,1.0,-6.0457602
FC(F)(F)C(F)(F)C(F)(F)C(F)(F)C(F)(F)C(F)(F)C[CH2][SnH]([CH2]CC(F)(F)C(F)(F)C(F)(F)C(F)(F)C(F)(F)C(F)(F)F)[CH2]CC(F)(F)C(F)(F)C(F)(F)C(F)(F)C(F)(F)C(F)(F)F,1161.0010000000009,14.600199999999992,331.069977635418,0.0,0.0,0.0,21.0,0.0,-6.200016
O=S(=O)(F)C(F)C(F)(F)C(F)(F)C(F)(F)C(F)(F)C(F)=C(F)F,396.124,4.2001,117.31215634445996,34.14,0.0,2.0,6.0,0.0,-5.6928225
CC(C)OC(=O)C[N+](C)(C)CCCNC(=O)C(F)(F)C(F)(F)C(F)(F)F,399.327,2.3536,145.59850310547026,55.4,1.0,3.0,9.0,0.0,-7.7634745
O=P(O)(O)CCC(F)(OC(F)(F)C(F)(OC(F)(F)C(F)(OC(F)(F)C(F)(OC(F)(F)C(F)(OC(F)(F)C(F)(F)C(F)(F)F)C(F)(F)F)C(F)(F)F)C(F)(F)F)C(F)(F)F)C(F)(F)F,1058.1530000000007,10.9393,315.721082257661,103.68000000000002,2.0,6.0,18.0,0.0,-7.5167384
O=C(O)CCCCNC(=O)CCNC(=O)SCCC(F)(F)C(F)(F)C(F)(F)C(F)(F)C(F)(F)C(F)(F)F,594.3900000000002,5.319300000000004,203.2319195411249,95.5,3.0,4.0,15.0,0.0,-8.5273981
O=C(n1cnnn1)C(F)(F)C(F)(F)C(F)(F)F,266.076,1.1462,87.19487805327415,60.67,0.0,5.0,2.0,1.0,-5.2517238
Fc1c(F)c(F)c(OCC(F)(F)C(F)F)c(F)c1F,298.104,3.6613,99.1295933185298,9.23,0.0,1.0,4.0,1.0,-5.3311009
Nc1ccc2c(c1)C(F)(F)C(F)(F)O2,207.126,2.345800000000001,76.27103373298547,35.25,1.0,2.0,0.0,2.0,-4.9874067
CCCCCCC=CC(=O)C(F)(F)C(F)(F)F,258.23,4.279700000000003,96.6882682542863,17.07,0.0,1.0,7.0,0.0,-5.747498
FC1(F)c2c(Br)c(Br)c(Br)c(Br)c2C1(F)F,491.696,5.9338000000000015,121.2877882290313,0.0,0.0,0.0,0.0,2.0,-5.4192691
CCCCCCCCCCCCCCCCC(CC(=O)O)C(=O)OCC(F)(F)C(F)(F)C(F)(F)C(F)(F)OC(F)(F)C(F)(F)C(F)(F)C(F)(F)C(F)(F)OC(F)(F)C(F)(F)C(F)(F)C(F)(F)C(F)(F)OC(F)(F)C(F)(F)C(F)(F)C(F)(F)F,1322.660000000001,17.64909999999999,438.3033201534824,91.29,1.0,6.0,39.0,0.0,-8.3055258
FC(F)=C(F)OC(F)(F)C(F)(F)C(F)(F)F,266.03399999999993,3.8285,80.27831571200095,9.23,0.0,1.0,3.0,0.0,-4.8545537
C=C(CC(=O)OCCC(F)(F)C(F)(F)C(F)(F)C(F)(F)C(F)(F)C(F)(F)F)C(=O)OCCC(F)(F)C(F)(F)C(F)(F)C(F)(F)C(F)(F)C(F)(F)F,822.2710000000005,9.276899999999998,262.2025454187608,52.60000000000001,0.0,4.0,17.0,0.0,-9.2204905
FC(F)C(F)(F)C(F)(F)C(F)(F)COC(C(F)(F)F)C(F)(F)F,382.091,4.667200000000001,116.72488669907996,9.23,0.0,1.0,6.0,0.0,-5.7038207
C[N+](C)(C)CCCNC(=O)CS(=O)CCC(F)(F)C(F)(F)C(F)(F)C(F)(F)C(F)(F)C(F)(F)C(F)(F)C(F)(F)C(F)(F)C(F)(F)F,753.4330000000003,6.617700000000004,246.2048383068424,46.17,1.0,2.0,17.0,0.0,-8.5734558
COC(=O)C(F)(F)C(F)(F)C(F)(F)Br,288.96899999999994,2.417700000000001,82.33484683816539,26.3,0.0,2.0,3.0,0.0,-4.8782706
C[N+](C)(C)CC(O)CC(F)(F)C(F)(F)C(F)(F)C(F)(F)C(F)(F)C(F)(F)C(F)(F)C(F)(F)F,536.246,5.453000000000003,173.06163927372612,20.23,1.0,1.0,10.0,0.0,-8.0829687
CNCCCNS(=O)(=O)CCC(F)(F)C(F)(F)C(F)(F)C(F)(F)C(F)(F)C(F)(F)C(F)(F)C(F)(F)F,598.3190000000001,4.914800000000003,190.15810062436256,58.2,2.0,3.0,14.0,0.0,-7.9729176
C=C(C)C(=O)OCCCCCCCCCCCC(F)(F)C(F)(F)C(F)(F)C(F)(F)C(F)(F)C(F)(F)C(F)(F)C(F)(F)F,658.4330000000001,10.016099999999994,228.1675436916673,26.3,0.0,2.0,19.0,0.0,-8.5201979
O=S(=O)(O)CCCC(F)(F)C(F)(F)C(F)(F)C(F)(F)C(F)(F)C(F)(F)C(F)(F)F,492.19999999999993,5.028500000000001,150.13539711133316,54.370000000000005,1.0,2.0,9.0,0.0,-7.2733951
FC(F)(F)C(F)(F)C(F)(F)c1nc(-c2ccccc2)nc(C(F)(F)C(F)(F)C(F)(F)F)n1,493.198,6.117400000000004,166.65458959574747,38.67,0.0,3.0,5.0,2.0,-7.1938915
FC1(F)C(F)(F)C2(F)C(F)(F)C(F)(F)C(F)(F)C3(F)C(F)(F)C(F)(F)C(F)(C1(F)F)C23F,524.092,5.942800000000003,159.0468288841292,0.0,0.0,0.0,0.0,3.0,-5.1285772
FC(F)(F)C(F)(F)C(F)(C(F)(F)F)C(F)(C(F)(F)F)C(F)(F)C(F)(F)F,438.052,5.922800000000002,128.27348308127802,0.0,0.0,0.0,3.0,0.0,-5.494916
O=C(O)C(F)(F)C(F)C(F)(F)OC(F)(F)C(F)(F)OC(F)(F)OC(F)(F)OC(F)(F)F,510.07700000000006,4.509600000000001,155.71729116008947,74.22000000000001,1.0,5.0,11.0,0.0,-7.0428405
FC(F)(F)C(F)(F)C(F)(F)c1cc2ccccc2[nH]1,285.16200000000003,4.457300000000002,101.57580223591997,15.79,1.0,0.0,2.0,2.0,-5.512301
OCCOC(C(F)(F)F)C(F)(F)F,212.089,1.4885,69.10001088467628,29.46,1.0,2.0,3.0,0.0,-5.0502028
OCC(F)(F)C(F)(F)C(F)(F)C(F)(F)C(F)(F)C(F)(F)C(F)(F)CO,412.117,3.4181000000000004,127.56475108836172,40.46,2.0,2.0,8.0,0.0,-6.2562666
CN(C(=O)c1ccccc1F)c1cccc(C(=O)Nc2c(I)cc(C(F)(C(F)(F)F)C(F)(F)F)cc2C(F)(F)F)c1F,728.2710000000003,8.406500000000003,240.98118934245872,49.41,1.0,2.0,5.0,3.0,-8.4536085
O=S(=O)([O-])C(F)(F)C(F)(F)C(F)(F)C(F)(F)C(F)(F)C(F)CC(F)(F)F,445.148,3.9561,133.23997747961369,57.2,0.0,3.0,7.0,0.0,-6.5055151
FC1(F)c2cccnc2-c2ncccc2C1(F)F,254.186,3.3408000000000007,99.31398797442294,25.78,0.0,2.0,0.0,3.0,-5.5007062
COc1ccc(/N=C/C(F)(F)C(F)(F)F)cc1,253.17,3.5951000000000013,93.72771630708158,21.59,0.0,2.0,3.0,1.0,-5.5837631
O=C(O)C(F)(F)C(F)C(F)(F)F,196.046,1.6067000000000002,61.78304564081656,37.3,1.0,1.0,2.0,0.0,-4.2252221
COC(=O)CC(=O)C(F)(F)C(F)(F)C(F)(F)F,270.1,1.9515,89.52424096428726,43.370000000000005,0.0,3.0,4.0,0.0,-5.4321795
COC(=O)C(F)(OC(F)(F)C(F)(F)C(F)(F)F)C(F)(F)F,344.076,3.194500000000001,107.1384057054553,35.53,0.0,3.0,4.0,0.0,-5.5628061
Nc1nc(F)c(C(F)(F)F)c(C(F)(F)C(F)(F)F)n1,299.09599999999995,2.8708,97.79523474792865,51.8,1.0,3.0,1.0,1.0,-5.5759287
FC(F)(F)C(F)(F)C(F)(F)CCCCCCCCC(F)(F)C(F)(F)C(F)(F)F,450.254,7.773000000000005,149.80099415595276,0.0,0.0,0.0,11.0,0.0,-7.3378868
C=C(C)c1ccccc1CC(F)(F)C(F)(F)C(F)(F)C(F)(F)C(F)(F)F,400.2309999999999,6.365700000000003,139.84716854907072,0.0,0.0,0.0,6.0,1.0,-6.6474509
C[N+](C)(CCCNCC(O)CC(F)(F)C(F)(F)C(F)(F)C(F)(F)C(F)(F)C(F)(F)C(F)(F)C(F)(F)C(F)(F)C(F)(F)C(F)(C(F)(F)F)C(F)(F)F)CCC(=O)[O-],900.4050000000003,7.119400000000009,292.8720324828023,72.39,2.0,4.0,21.0,0.0,-8.0690765
O=C(Nc1cc(Cl)c(Cl)c(Cl)c1Cl)C1(F)C(F)(F)C(F)(F)C(F)(F)C(F)(F)C1(F)F,538.9550000000002,7.137100000000004,177.72550539011104,29.1,1.0,1.0,2.0,2.0,-6.9607234
FC(F)(CCI)C(F)(F)C(F)(F)C(F)(F)CCI,509.9440000000001,5.177800000000001,125.14180529410297,0.0,0.0,0.0,7.0,0.0,-6.1200609
Cc1cc(C(F)(C(F)(F)F)C(F)(F)F)cc(C)c1NC(=O)c1cccc(N(C)C(=O)c2ccc(F)cc2Cl)c1F,596.8770000000002,8.053340000000004,225.89095335391465,49.41,1.0,2.0,5.0,3.0,-8.4255028
O=C1C(F)(F)C(F)(F)C(F)(F)C2(F)C(F)(F)C(F)(F)C(F)(F)C(F)(F)C12F,440.077,4.446400000000001,134.82215629720406,17.07,0.0,1.0,0.0,2.0,-5.0570531
CCCCCCCCCCCCCCCCCCCC(F)(F)C(F)(F)C(F)(F)C(F)(F)C(F)(F)C(F)(F)C(F)(F)C(F)(F)F,686.5750000000002,13.037499999999978,245.04184785188733,0.0,0.0,0.0,24.0,0.0,-9.8749123
CC[Si](CC)(CCC(F)(F)C(F)(F)C(F)(F)C(F)(F)F)OC,364.324,5.476400000000004,122.49635180192398,9.23,0.0,1.0,8.0,0.0,-6.6901231
C=CCC(F)(C(F)(F)F)C(F)(F)Br,270.99799999999993,3.820800000000001,78.7351185908271,0.0,0.0,0.0,3.0,0.0,-5.1263256
O=C(O)C(F)(F)OC(F)(F)C(F)(F)C(F)(F)C(F)(F)C(F)(F)/C(F)=C(\F)C(F)(F)F,492.081,5.527300000000001,150.2175299567074,46.53,1.0,2.0,8.0,0.0,-6.8035736
Nc1nc(OCC(F)(F)C(F)(F)C(F)(F)C(F)(F)C(F)(F)C(F)(F)F)nc(OCC(F)(F)C(F)(F)C(F)(F)C(F)(F)C(F)(F)C(F)(F)F)n1,792.2090000000004,7.689000000000004,248.07043829599755,83.15,1.0,6.0,14.0,1.0,-8.6569176
O=C(Nc1ccccc1NC(=O)C(F)(F)C(F)(F)C(F)(F)F)C(F)(F)C(F)(F)C(F)(F)F,500.1859999999999,5.229400000000001,166.0912042429407,58.2,2.0,2.0,6.0,1.0,-7.0919466
C[N+](C)(CCO)CCC[N-]S(=O)(=O)C(F)(F)C(F)(F)C(F)(F)C(F)(F)C(F)(F)C(F)(F)C(F)(F)F,578.3380000000002,4.480300000000003,187.0412065438968,68.47,1.0,3.0,13.0,0.0,-8.6618795
C[N+](C)(C)CCCNC(=O)CS(=O)CCC(F)(F)C(F)(F)C(F)(F)C(F)(F)C(F)(F)C(F)(F)C(F)(F)C(F)(F)C(F)(F)C(F)(F)C(F)(F)C(F)(F)F,853.4470000000005,7.888300000000005,275.5968641473405,46.17,1.0,2.0,19.0,0.0,-8.3014507
OCC(F)(F)C(F)(F)C(F)(F)C(F)(F)CO,262.09599999999995,1.5122,83.4767123276145,40.46,2.0,2.0,5.0,0.0,-4.9960723
O=C(O)C(F)(Br)C(F)(F)F,224.935,1.6940000000000002,60.95458032620885,37.3,1.0,1.0,1.0,0.0,-4.0941739
CCCCCCCCCC(=O)OCC(F)(F)C(F)(F)C(F)(F)C(F)(F)C(F)(F)C(F)F,486.33699999999993,7.111900000000005,169.83981702284072,26.3,0.0,2.0,15.0,0.0,-8.4050074
C[N+](C)(CCCN(CCC(=O)O)S(=O)(=O)C(F)(F)C(F)(F)C(F)(F)C(F)(F)C(F)(F)C(F)(F)C(F)(F)C(F)(F)C(F)(F)C(F)(F)C(F)(F)C(F)(F)F)CC(=O)[O-],914.4190000000004,5.8174000000000055,292.9433469272108,114.81,1.0,5.0,21.0,0.0,-7.873528
FC(F)(F)OC(F)(F)C(F)(F)N(C(F)(F)F)C(F)(F)F,337.035,4.05,99.22435862316728,12.47,0.0,2.0,3.0,0.0,-5.6993575
FC(F)(F)C(F)(F)C(F)(F)C(F)(F)C(F)(F)C(F)(F)C(F)(F)C(F)(F)c1ccc[nH]1,485.137,6.480600000000003,152.3742023054301,15.79,1.0,0.0,7.0,1.0,-6.986989
COc1ccc(C(F)(F)C(F)(F)F)cc1C(C)=O,268.181,3.5519000000000016,99.35885803566184,26.3,0.0,2.0,3.0,1.0,-5.6433129
FC(F)(F)C(F)(F)SSC(F)(F)C(F)(F)F,302.158,4.678000000000001,89.13561353736185,0.0,0.0,2.0,3.0,0.0,-5.1219125
O=C(N1CCOCC1)C(F)(OC(F)(F)C(F)(OC(F)(F)C(F)(F)C(F)(F)F)C(F)(F)F)C(F)(F)F,565.176,4.717800000000001,180.18881855557336,48.0,0.0,4.0,7.0,1.0,-7.516675
COC(=O)C(=O)C(F)(F)C(F)(F)C(F)(F)C(F)F,288.09,1.8995,93.68977636721348,43.370000000000005,0.0,3.0,5.0,0.0,-5.3973923
O=S(=O)(F)C(F)(F)C(F)(F)C(F)(F)C(F)(F)C(F)(F)C(F)(F)F,402.103,3.982,115.80235266517384,34.14,0.0,2.0,5.0,0.0,-5.3680353
NCCC(F)(F)C(F)(F)C(F)F,195.106,1.8709,64.53212259998611,26.02,1.0,1.0,4.0,0.0,-4.501617
FC(F)=CC(F)(F)C(F)(F)C(F)(C(F)(F)F)C(F)(F)F,332.059,4.8703,100.391260920066,0.0,0.0,0.0,3.0,0.0,-5.4347095
C=CC(F)(F)C(F)(F)C(F)(F)C(F)(F)C(F)(F)C(F)(F)Br,406.992,5.336600000000001,116.45821523717773,0.0,0.0,0.0,6.0,0.0,-5.6052814
O=P(O)(OCCC(F)(F)C(F)(F)C(F)(F)C(F)(F)C(F)(F)C(F)(F)C(F)(F)C(F)(F)C(F)(F)C(F)(F)F)OCCC(F)(F)C(F)(F)C(F)(F)C(F)(F)C(F)(F)C(F)(F)C(F)(F)C(F)(F)C(F)(F)C(F)(F)F,1190.222000000001,14.460199999999992,356.65634146753814,55.760000000000005,1.0,3.0,24.0,0.0,-8.9103765
FC1(F)CC(C(F)(F)C(F)(F)C(Br)CBr)C1(F)F,413.92800000000005,4.705900000000001,113.34739310976916,0.0,0.0,0.0,4.0,1.0,-5.8632817
O=C(Nc1ccc(N=Nc2ccccc2)c(NC(=O)C2(F)C(F)(F)C(F)(F)C(F)(F)C(F)(F)C2(F)F)c1)C1(F)C(F)(F)C(F)(F)C(F)(F)C(F)(F)C1(F)F,828.3480000000004,9.775799999999998,281.0973498962249,82.91999999999999,2.0,4.0,6.0,4.0,-8.4555874
FC(F)(F)C(F)(OC(F)(F)C(F)(F)I)C(F)(F)F,411.9359999999999,4.414,104.39529226815507,9.23,0.0,1.0,3.0,0.0,-5.3405871
CCCC[N+](C)(C)CC(F)(F)C(F)(F)C(F)(F)C(F)(F)C(F)(F)C(F)F,416.2699999999999,5.304500000000004,141.07478639250232,0.0,0.0,0.0,10.0,0.0,-7.0968108
NC(Cc1ccccc1)C(O)C(F)(F)C(F)(F)C(F)(F)F,319.2199999999999,2.7502000000000018,114.91392807556896,46.25,2.0,2.0,5.0,1.0,-5.938714
CN(C)CC(O)CC(F)(F)C(F)(F)F,221.16899999999995,1.4966,78.31064815123975,23.47,1.0,2.0,4.0,0.0,-5.163413
FC(F)(F)C(F)(F)C(F)(F)C(F)(F)CCCCCCCCC(F)(F)C(F)(F)C(F)(F)C(F)(F)F,550.2680000000004,9.0436,179.19301999645091,0.0,0.0,0.0,13.0,0.0,-8.0810947
O=S(=O)(F)C(F)(F)C(F)(F)C(F)(F)C(F)(F)C(F)(F)C(F)(F)C(F)(F)C(F)(F)C(F)(F)F,552.1240000000001,5.887900000000002,159.89039142592108,34.14,0.0,2.0,8.0,0.0,-6.4717712
O=P(O)(OCCC(F)(F)C(F)(F)C(F)(F)C(F)(F)C(F)(F)C(F)(F)C(F)(F)C(F)(F)C(F)(F)C(F)(F)C(F)(F)C(F)(F)C(F)(F)C(F)(F)F)OCCC(F)(F)C(F)(F)C(F)(F)C(F)(F)C(F)(F)C(F)(F)C(F)(F)C(F)(F)C(F)(F)C(F)(F)C(F)(F)C(F)(F)C(F)(F)C(F)(F)F,1590.2780000000014,19.542600000000007,474.22444482953074,55.760000000000005,1.0,3.0,32.0,0.0,-10.276134
O=C(Cl)C(F)(F)C(F)(F)C(F)(F)C(F)(F)C(F)(F)C(F)(F)F,382.503,4.490600000000001,115.54565227917568,17.07,0.0,1.0,5.0,0.0,-5.7139244
C[N+](C)(CCCNS(=O)(=O)CCC(F)(F)C(F)(F)C(F)(F)C(F)(F)C(F)(F)C(F)(F)C(F)(F)C(F)(F)C(F)(F)C(F)(F)F)CC(=O)[O-],770.3960000000002,4.792300000000004,248.02065163348092,86.3,1.0,4.0,18.0,0.0,-8.5039167
FC(F)(F)C(F)(F)C(F)(F)C(/C=C/I)(C(F)(F)F)C(F)(F)F,471.982,5.879000000000002,126.01804115550622,0.0,0.0,0.0,3.0,0.0,-5.8280182
CCCC[n+]1ccn(CCC(F)(F)C(F)(F)C(F)(F)C(F)(F)C(F)(F)C(F)(F)F)c1,471.281,5.704600000000004,160.81142010544875,8.809999999999999,0.0,1.0,10.0,1.0,-7.9093199
FC(F)(F)C(F)(CCI)C(F)(F)F,323.977,3.6444,82.61960542694325,0.0,0.0,0.0,2.0,0.0,-4.8222804
FC(F)(F)C1(F)OC1(F)F,166.01999999999998,1.8375,50.57006175015783,12.53,0.0,1.0,0.0,1.0,-4.1004691
FC1(F)[Se]C2C3CCC(C3)C2C1(F)F,273.131,2.7669000000000006,85.58399717522583,0.0,0.0,0.0,0.0,3.0,-5.5316043
FC(F)(F)C(F)(F)C=CC(F)(F)C(F)(F)C(F)(F)C(F)(F)F,364.076,5.208400000000001,110.92173843738884,0.0,0.0,0.0,4.0,0.0,-5.493947
O=c1cc2c(cc3ccccc13)C(F)(F)C(F)(F)C2(F)F,304.1889999999999,4.032500000000001,113.36728491842612,17.07,0.0,1.0,0.0,3.0,-5.6795011
O=C(C(F)C(F)F)C(F)(F)C(F)(F)F,230.05399999999997,2.3563,71.68482480886962,17.07,0.0,1.0,3.0,0.0,-4.7754059
CC(C(=O)Cl)(C(F)(F)F)C(F)(F)F,228.519,2.8827000000000007,73.65702022989883,17.07,0.0,1.0,1.0,0.0,-4.7320542
O=C(O)C(F)(F)OC(F)(F)C(F)(F)C(F)(F)F,280.042,2.4708,85.75813919349874,46.53,1.0,2.0,4.0,0.0,-5.1154976
O=S(=O)(O)C(F)(F)C(F)(F)C(F)(F)C(F)(F)C(F)(F)C(F)(F)/C(F)=C(\F)C(F)(F)C(F)(F)C(F)(F)C(F)(F)C(F)(F)C(F)(F)F,762.1720000000004,8.532900000000005,224.8919873718501,54.370000000000005,1.0,2.0,12.0,0.0,-7.7226028
CC(C)CC(=O)CC(=O)C(F)(F)C(F)(F)C(F)(F)C(F)F,328.1989999999999,3.7318000000000016,114.035999595293,34.14,0.0,2.0,8.0,0.0,-6.1938906
FC(F)(F)[C@](F)(Br)C(F)(F)Br,309.82899999999995,3.5971,74.19744288546289,0.0,0.0,0.0,1.0,0.0,-4.3409619
Nc1n[nH]c(C(F)(F)C(F)(F)F)n1,202.086,1.0409999999999997,67.94576501124612,67.59,2.0,3.0,1.0,1.0,-4.6291795
CN(C)CCCN(CC(O)CS(=O)(=O)O)S(=O)(=O)C(F)(F)C(F)(F)C(F)(F)C(F)(F)C(F)(F)C(F)(F)C(F)(F)C(F)(F)F,722.4360000000004,3.7855000000000025,229.73079758858304,115.22,2.0,6.0,16.0,0.0,-8.9528141
O=[N+]([O-])OCCC(F)(F)C(F)(F)C(F)(F)C(F)(F)F,309.08399999999995,3.053,97.77433967763336,52.370000000000005,0.0,3.0,6.0,0.0,-5.6770482
Cc1c(C(=O)O)ccc(C(F)(C(F)(F)F)C(F)(F)F)c1S(=O)C(C)(C)C,408.335,4.888720000000002,146.2046400253658,54.37,1.0,2.0,3.0,1.0,-7.0872755
FC(F)=C(F)OC(F)(F)C(F)=C(F)C(F)(F)F,278.045,4.3438,85.95365479421329,9.23,0.0,1.0,3.0,0.0,-5.0436659
CC(=O)n1nc(C(F)(F)C(F)(F)C(F)(F)F)cc1C(F)(F)C(F)(F)C(F)(F)F,446.138,5.122000000000002,143.43719123264174,34.89,0.0,3.0,4.0,1.0,-6.3714252
O=C1NCCNC1(O)C(F)(F)C(F)F,216.134,-0.7052000000000003,76.27575227744416,61.36,3.0,3.0,2.0,1.0,-5.3379064
C=CCCCCCCC(CCCC(F)(F)C(F)(F)F)C(=O)OCC,358.3910000000001,6.060200000000005,139.99146617017286,26.3,0.0,2.0,13.0,0.0,-7.8448005
FC(F)C(F)F,102.03,1.5166,31.76633475393109,0.0,0.0,0.0,1.0,0.0,-3.3736541
C=C(C)C(=O)OCC(O)CC(F)(F)C(F)(F)C(F)(F)C(F)(F)C(F)(F)C(F)(F)C(F)(F)C(F)(F)F,562.2160000000001,5.866100000000004,182.0422405286904,46.53,1.0,3.0,11.0,0.0,-7.9750438
O=[N+]([O-])c1ccc(OC(F)(F)C(F)(F)F)cc1,257.1139999999999,3.128700000000001,90.75548531492804,52.370000000000005,0.0,3.0,3.0,1.0,-5.4273968
O=C(C1=NNCC1(C(F)(F)F)C(F)(F)F)c1ccccc1,310.19699999999995,2.9395000000000007,114.18527985965171,41.46,1.0,3.0,2.0,2.0,-5.9148731
FC(F)(F)C(F)(F)C(F)(F)C(F)(F)C(F)(F)C(F)(F)CCc1ccc(P(c2ccc(CCC(F)(F)C(F)(F)C(F)(F)C(F)(F)C(F)(F)C(F)(F)F)cc2)c2ccc(CCC(F)(F)C(F)(F)C(F)(F)C(F)(F)C(F)(F)C(F)(F)F)cc2)cc1,1300.5500000000009,17.458999999999996,430.25976837213983,0.0,0.0,0.0,24.0,3.0,-9.0114479
C[N+](C)(CC(=O)[O-])CC(O)CC(F)(F)C(F)(F)F,279.2049999999999,-0.2387000000000003,100.20625971886804,60.36,1.0,3.0,6.0,0.0,-6.2953334
C=Cc1ccc(C(F)(F)C(F)(F)C(F)(F)C(F)(F)F)cc1,322.17,5.2543000000000015,112.42127140002847,0.0,0.0,0.0,4.0,1.0,-5.8218465
O=S(=O)(F)C(F)C(F)(F)C(F)(F)C(F)(F)C(F)(F)C(F)S(=O)(=O)F,430.188,2.7174000000000005,124.39217728371533,68.28,0.0,4.0,7.0,0.0,-6.1250129
Nc1ccc(C(c2ccc(N)cc2)(C(F)(F)F)C(F)(F)F)cc1,334.263,4.261700000000002,127.25631748033364,52.04,2.0,2.0,2.0,2.0,-5.9308791
COC(=O)c1ccc(C(F)(F)C(F)(F)C(F)(F)C(F)(F)C(F)(F)C(F)(F)C(F)(F)C(F)(F)F)cc1,554.196,6.939100000000004,181.1699934427596,26.3,0.0,2.0,8.0,1.0,-7.6760383
C[N-]S(=O)(=O)C(F)(F)C(F)(F)C(F)(F)C(F)(F)F,312.1329999999999,2.7454,93.9994761877752,48.24,0.0,2.0,4.0,0.0,-5.2990818
C=CC#CC(C)(C)OCC(F)(F)C(F)(F)C(F)(F)C(F)F,324.2109999999999,4.142000000000002,115.50106509878398,9.23,0.0,1.0,6.0,0.0,-6.487205
O=C(F)C(F)(OC(F)(F)C(F)(F)C(F)(F)C(F)(F)S(=O)(=O)F)C(F)(F)F,446.112,3.4827,131.44236210912106,60.440000000000005,0.0,4.0,7.0,0.0,-6.0948839
FC1(F)C(F)(F)C(F)(F)C2(F)C(F)(F)C(F)(F)C(F)(F)C(F)(F)C2(F)C1(F)F,462.074,5.512600000000003,138.99170500301278,0.0,0.0,0.0,0.0,2.0,-5.0421324
OCCOCCOCCC(F)(F)C(F)(F)C(F)(F)C(F)(F)C(F)(F)C(F)(F)F,452.207,4.140800000000002,147.92689873544305,38.69,1.0,3.0,12.0,0.0,-7.3497672
CCOc1ccc2nc(NC(NC(C)=O)(C(F)(F)F)C(F)(F)F)sc2c1,401.332,4.063900000000002,146.89567781769057,63.25,2.0,5.0,5.0,2.0,-7.3947015
CN(C)CC(O)CC(F)(F)C(F)(F)C(F)(F)C(F)(F)C(F)(F)C(F)(F)C(F)(F)C(F)(F)C(F)(F)C(F)(F)C(F)(F)C(F)(F)C(F)(F)C(F)(F)F,821.2530000000004,9.1202,254.66280319422864,23.47,1.0,2.0,16.0,0.0,-7.9903474
FC(F)(F)N1C(F)(F)N(C(F)(F)F)C(F)(F)C1(F)F,316.045,3.3795,94.69928050740828,6.48,0.0,2.0,0.0,1.0,-5.382061
FC(F)(F)C(F)(F)C(F)(F)C(F)(F)C(F)(F)C(F)(F)Cl,354.49299999999994,4.9215,105.0191880647353,0.0,0.0,0.0,4.0,0.0,-5.1687379
FC(F)(F)C(F)(F)C(F)(F)C(F)(F)C(F)(F)C(F)(F)C(F)(F)C(F)(F)CCOCC1CO1,520.1790000000002,5.801300000000005,165.15391755581936,21.76,0.0,2.0,11.0,1.0,-7.5860696
FC(F)C(F)(F)COP1(Cl)=NP(Cl)(Cl)=NP(Cl)(Cl)=N1,443.2559999999999,7.9496,128.94081484300546,46.31,0.0,4.0,4.0,1.0,-6.4536486
FC(Cl)C(F)(F)C(F)(F)Cl,202.937,2.9877,62.90334472501729,0.0,0.0,0.0,2.0,0.0,-4.1733694
CC(C)OCC(F)(F)C(F)F,174.137,2.3118000000000007,62.33964844102441,9.23,0.0,1.0,4.0,0.0,-5.1063008
FC(F)(F)C1(C(F)(F)F)OC(F)(Cl)C(Cl)(Cl)O1,331.398,3.8476,103.48882529202916,18.46,0.0,2.0,0.0,1.0,-5.1567273
O=C(N[C@H]1CCCC[C@@H]1NC(=O)C(F)(F)C(F)(F)C(F)(F)F)C(F)(F)C(F)(F)C(F)(F)F,506.234,4.195800000000002,168.21793156972714,58.2,2.0,2.0,6.0,1.0,-7.6640191
O=C(C=C(O)c1ccc2ccccc2c1)C(F)(F)C(F)(F)C(F)(F)F,366.232,5.140700000000001,135.72762097815095,37.3,1.0,2.0,4.0,2.0,-6.4627528
COc1ccc(C)cc1C(F)(F)C(F)(F)C(F)(F)F,290.17799999999994,4.293020000000001,103.52840674147052,9.23,0.0,1.0,3.0,1.0,-5.8187146
O=C(CC(=O)C(F)(F)OC(F)(F)F)c1cccs1,288.193,3.0192000000000005,101.1607434061171,43.370000000000005,0.0,4.0,5.0,1.0,-5.8283887
FC(Br)C(F)(F)F,180.926,2.2391999999999994,45.63388235957245,0.0,0.0,0.0,0.0,0.0,-3.8309381
FC(OC(F)(F)C(Cl)Cl)C(F)(F)F,250.953,3.2574,78.547367471847,9.23,0.0,1.0,3.0,0.0,-4.8554082
CCOc1ccc(C2(C(=O)OC)CC(F)(F)C2(F)F)cc1,306.25499999999994,3.1704000000000017,118.39586305190306,35.53,0.0,3.0,4.0,2.0,-6.6529841
O=S(=O)(O)C(F)(F)C(F)(F)C(F)(F)C(F)C(F)(F)F,332.11499999999995,2.638,97.48300952471897,54.370000000000005,1.0,2.0,4.0,0.0,-5.3742762
FC(F)(F)C(F)(F)C(F)(F)C(F)(F)C(F)(F)C(F)(F)C(F)(F)C(F)(F)C(F)(F)C(F)(F)I,645.972,7.658900000000004,172.76181163989358,0.0,0.0,0.0,8.0,0.0,-6.7492466
O=[13C](O)[13C](F)(F)C(F)(F)C(F)(F)C(F)(F)C(F)(F)C(F)(F)C(F)(F)C(F)(F)C(F)(F)F,516.06270968,5.715700000000002,154.12465856523724,37.3,1.0,1.0,8.0,0.0,-6.6748614
CCCCCCCCC(F)(F)C(F)(F)C(F)(F)F,282.24299999999994,5.569900000000003,101.54741999227926,0.0,0.0,0.0,8.0,0.0,-6.3135619
O=C([O-])C(F)(F)C(F)(F)C(F)(F)C(F)(F)C(F)(F)C(F)(F)C(F)(F)C(F)(F)C(F)(F)C(F)(F)C(F)(F)C(F)(F)C(F)F,695.1080000000003,6.625000000000003,208.7431748433073,40.13,0.0,2.0,13.0,0.0,-7.6503358
OC(c1cccc(C(O)(C(F)(F)F)C(F)(F)F)c1)(C(F)(F)F)C(F)(F)F,410.154,4.311000000000002,135.19594814538345,40.46,2.0,2.0,2.0,1.0,-6.1967273
Cc1cc(C(F)(C(F)(F)F)C(F)(F)F)cc(Br)c1N,354.06300000000005,4.62912,111.2573577002211,26.02,1.0,1.0,1.0,1.0,-5.9383659
O=P(O)(O)OCCC(F)(F)C(F)(F)C(F)(F)C(F)(F)C(F)(F)C(F)(F)C(F)(F)C(F)(F)C(F)(F)C(F)(F)C(F)(F)C(F)(F)C(F)(F)C(F)(F)C(F)(C(F)(F)F)C(F)(F)F,994.1570000000006,11.2129,295.3535715977606,66.76,2.0,2.0,18.0,0.0,-8.5408802
CCC(C(O)c1ccccc1)C(O)(C(F)(F)F)C(F)(F)F,316.241,3.601900000000002,116.56767784222264,40.46,2.0,2.0,4.0,1.0,-6.0716944
CC(O)C(F)(F)C(F)C(F)(F)C(F)(F)C(F)(F)F,296.1039999999999,3.1735000000000007,93.37849149566756,20.23,1.0,1.0,4.0,0.0,-5.3097258
CCCCC(Oc1ccc(C(C)(C)CC)cc1C(C)(C)CC)C(=O)Nc1ccc(NC(=O)C(F)(F)C(F)(F)C(F)(F)C(F)F)c(O)c1,682.6930000000004,9.4532,268.8071125003061,87.66000000000001,3.0,4.0,16.0,2.0,-9.6967459
C=CCOc1ccccc1C(=O)NC(O)(C(F)(F)F)C(F)(F)F,343.223,2.794400000000001,125.90877057100109,58.56,2.0,3.0,5.0,1.0,-6.4061656
C#CC(C)(O)CCOC(=O)C(F)(F)OC(F)(F)C(F)(F)OC(F)(F)C(F)(F)OC(F)(F)C(F)(F)OC(F)(F)C(F)(F)OC(F)(F)C(F)(F)F,790.2160000000005,6.8772000000000055,251.3868338610156,92.68000000000002,1.0,8.0,18.0,0.0,-10.439593
O=C(F)C(F)(F)C(F)(F)I,273.926,2.1456,65.72017249234132,17.07,0.0,1.0,2.0,0.0,-4.6864624
O=C(NC(=O)c1c(F)cccc1F)Nc1ccc(C(O)(C(F)(F)F)C(F)(F)F)cc1,442.262,4.238900000000001,161.85449344045355,78.43,3.0,3.0,3.0,2.0,-7.3072906
FC(Oc1cccc(OC(F)=C(F)C(F)(F)C(F)(F)C(F)(F)C(F)(F)C(F)(F)C(F)(F)C(F)(F)F)c1)=C(F)C(F)(F)C(F)(F)C(F)(F)C(F)(F)C(F)(F)C(F)(F)C(F)(F)F,970.2260000000006,13.408599999999996,302.4764492727731,18.46,0.0,2.0,16.0,1.0,-9.7580843
O=S(=O)(Cl)C(F)(F)C(F)(F)C(F)(F)C(F)(F)C(F)(F)C(F)(F)F,418.558,4.2513000000000005,121.14838969971773,34.14,0.0,2.0,5.0,0.0,-5.5328569
NC(=O)C(F)(OC(F)(F)C(F)(OC(F)(F)C(F)(OC(F)(F)C(F)(F)C(F)(F)F)C(F)(F)F)C(F)(F)F)C(F)(F)F,661.1050000000002,6.181800000000002,199.4029770390728,70.78000000000002,1.0,4.0,10.0,0.0,-7.8724713
CC(O)C(F)(F)C(F)(F)C(F)(F)C(F)(F)C(F)(F)F,314.09399999999994,3.4707000000000003,97.5440268985938,20.23,1.0,1.0,4.0,0.0,-5.322897
FC(F)(F)C(F)(F)c1nc2ccncc2[nH]1,237.13100000000009,2.612000000000001,85.31908527756386,41.57,1.0,2.0,1.0,2.0,-5.1652746
O=C(CC(=O)C(F)(F)C(F)(F)C(F)(F)F)c1csc2ccccc12,372.261,4.876100000000002,133.4248756285945,34.14,0.0,3.0,5.0,2.0,-6.6100202
O=C(NS(=O)(=O)C(F)(F)C(F)(F)C(F)(F)C(F)(F)F)C1CCCC1,395.2430000000001,3.048300000000001,128.9798777062728,63.24,1.0,3.0,5.0,1.0,-6.2516813
C=CC(=O)OCC(F)(F)C(F)(F)C(F)(F)C(F)(F)C(F)(F)C(F)(F)C(F)(F)C(F)(F)C(F)(F)C(F)(F)C(F)(C(F)F)C(F)(F)F,736.1810000000004,8.604300000000002,227.46770963162373,26.3,0.0,2.0,14.0,0.0,-8.0432568
O=C(O)C(F)(F)C(F)(F)C(F)(F)C(F)(F)C(F)(F)C(F)(F)C(F)(F)C(F)(F)C(F)(F)C(F)(F)C(F)(F)C(F)(F)C(F)F,696.1160000000003,7.959700000000005,208.7431748433073,37.3,1.0,1.0,13.0,0.0,-7.7556248
CCCCCC1(OCC)CC(C(F)(F)F)(C(F)(F)F)SS1,356.39699999999993,5.948000000000004,127.50072291680742,9.23,0.0,3.0,6.0,1.0,-6.9271202
O=C(C(F)(F)C(F)(F)F)C(Cl)(C(F)(F)F)C(F)(F)F,332.496,3.8553,100.8496393589266,17.07,0.0,1.0,2.0,0.0,-5.2458463
O=C(C=C(C(F)(F)F)C(F)(F)F)c1ccccc1,268.156,3.920300000000002,97.72124517689696,17.07,0.0,1.0,2.0,1.0,-5.2195349
NS(=O)(=O)C(F)(F)C(F)(F)C(F)(F)C(F)(F)F,299.1139999999999,1.7006,87.42456258678328,60.16,1.0,2.0,3.0,0.0,-4.9950185
FC(F)C(F)(F)Sc1ccccc1,210.195,3.6366000000000014,76.94653898536036,0.0,0.0,1.0,3.0,1.0,-5.1466517
N#CC(F)(OC(F)(F)C(F)(F)C(F)(F)OC(F)=C(F)F)C(F)(F)F,389.067,4.62728,121.37587317494506,42.25,0.0,3.0,6.0,0.0,-5.7135658
OCCOCCOCCOCCOCCOC(F)(F)C(F)(F)C(F)(F)C(F)(F)C(F)(F)C(F)(F)C(F)(F)F,606.3190000000002,4.393300000000004,203.4233158017992,66.38000000000001,1.0,6.0,20.0,0.0,-8.3968945
CCCCCCN(CCC[N+](C)(C)CC(=O)[O-])S(=O)(=O)C(F)(F)C(F)(F)C(F)(F)C(F)(F)C(F)(F)C(F)(F)F,626.4760000000002,4.111200000000004,214.90633989666645,77.51,0.0,4.0,17.0,0.0,-9.5251036
O=S(=O)(F)C(F)(F)C(O)(F)F,200.084,0.4636000000000002,57.64699933344731,54.370000000000005,1.0,3.0,2.0,0.0,-4.1960974
COC(C(F)(F)F)(C(F)(F)F)C(F)(F)F,250.05999999999997,3.0585000000000004,76.80238334125897,9.23,0.0,1.0,1.0,0.0,-4.5947127
CC(F)(F)C(F)(F)C(F)F,166.064,2.5420000000000007,52.82728978857679,0.0,0.0,0.0,2.0,0.0,-4.1566057
FC(F)(SCl)C(F)(F)SCl,235.054,3.946,71.62669376481661,0.0,0.0,2.0,3.0,0.0,-4.6833615
O=C(OOC(=O)C(F)(F)C(F)(F)C(F)(F)C(F)(F)F)C(F)(F)C(F)(F)C(F)(F)C(F)(F)F,526.0699999999999,4.924200000000001,159.48279728491084,52.6,0.0,4.0,6.0,0.0,-6.872364
Nc1nc(N)nc(C(F)C(F)(F)F)n1,211.122,0.6089,75.16215429686008,90.71,2.0,5.0,1.0,1.0,-5.1863236
CCP(=O)(OCC(C)C)C(F)(F)C(F)(F)C(F)(F)F,318.1689999999999,4.7474000000000025,105.30735115121354,26.3,0.0,2.0,6.0,0.0,-6.1940455
O=C(C=C(C(F)(F)F)C(F)(F)F)c1cccc(Cl)c1,302.601,4.573700000000001,108.02451140377862,17.07,0.0,1.0,2.0,1.0,-5.9385438
O=C(O)C(F)(C(F)(F)C(F)(F)F)C(F)(F)C(F)(F)C(F)(F)C(F)(F)F,414.064,4.4451,124.7326327247391,37.3,1.0,1.0,5.0,0.0,-5.6106949
FC(F)(F)C(F)(/C=C\I)C(F)(F)F,321.961,3.768,81.930002394759,0.0,0.0,0.0,1.0,0.0,-5.0549197
FC(F)(F)C(F)(F)N1C(F)(F)C(F)(F)C(F)(F)C(F)(F)C1(F)F,383.054,4.5486,114.16593727477684,3.24,0.0,1.0,1.0,1.0,-5.2644205
CCN(CCC[N+](C)(C)CCC(=O)[O-])S(=O)(=O)C(F)(F)C(F)(F)C(F)(F)C(F)(F)C(F)(F)C(F)(F)F,584.3950000000001,2.940900000000001,195.81151355347663,77.51,0.0,4.0,14.0,0.0,-8.5381365
CC(NC(=O)CCSCCC(F)(F)C(F)(F)C(F)(F)C(F)(F)C(F)(F)C(F)(F)F)C(=O)O,523.311,4.827900000000002,174.42570891428332,66.4,2.0,3.0,12.0,0.0,-8.1753578
FC(F)C(F)(F)C(F)(F)C(F)CC1CCCO1,268.172,3.4293000000000022,92.9252498394637,9.23,0.0,1.0,5.0,1.0,-5.6794243
FC(F)(F)C(F)(F)C(F)(I)C(F)(F)F,345.93,3.8471,84.58573411839912,0.0,0.0,0.0,1.0,0.0,-5.0353312
FC(F)(F)C(F)(OC(F)(F)C(F)(F)C(F)(F)C(F)(F)C(F)(F)C(F)(F)C(F)(F)C(F)(F)OC(F)(C(F)(F)F)C(F)(F)F)C(F)(F)F,770.0920000000003,9.597800000000005,226.6766510617863,18.46,0.0,2.0,11.0,0.0,-7.9014072
O=C(N=C(O)c1c(F)cccc1F)Nc1cc(Cl)c(S(=O)C(F)(F)C(F)F)cc1Cl,493.2120000000001,5.7738000000000005,176.323205379752,78.75999999999999,2.0,2.0,5.0,2.0,-7.6408405
CCCCCc1ccc(-c2ccc(C(F)(F)C(F)(F)C(F)(F)C(F)(F)C(F)(F)C(F)(F)F)cc2)nc1,543.367,8.676600000000002,195.8744688029112,12.89,0.0,1.0,10.0,2.0,-8.1607533
COC(=O)C(F)(F)C(F)(F)C(F)(F)C(F)(F)C(F)(F)C(F)(F)C(F)(F)C(=O)OC,468.13700000000006,3.7795000000000014,149.2563024718642,52.60000000000001,0.0,4.0,8.0,0.0,-6.8235087
O=C1OC(=O)C(F)(F)C1(F)F,172.033,0.3403999999999998,56.9269772587895,43.370000000000005,0.0,3.0,0.0,1.0,-4.0865273
Cc1cc(C(F)(C(F)(F)F)C(F)(F)F)cc(C)c1-c1cnn(-c2cnc(Cl)c(C(=O)O)c2)c1,495.7820000000002,6.192140000000003,185.97989555551715,68.01,1.0,4.0,4.0,3.0,-8.0094929
COCCNS(=O)(=O)C(F)(F)C(F)(F)C(F)(F)C(F)(F)F,357.1939999999999,1.9779,111.8429056460753,55.4,1.0,3.0,7.0,0.0,-5.9814897
O=P(OC(F)(F)C(F)(F)F)(OC(F)(F)C(F)(F)F)OC(F)(F)C(F)(F)F,452.006,5.609600000000001,129.93723900670182,44.760000000000005,0.0,4.0,6.0,0.0,-5.9157286
C[N+](C)(CCC(CO)N(CCCS(=O)(=O)[O-])S(=O)(=O)C(F)(F)C(F)(F)C(F)(F)C(F)(F)C(F)(F)C(F)(F)C(F)(F)C(F)(F)F)CC(O)CO,810.5420000000003,2.701000000000002,264.98900503715686,155.26999999999998,3.0,8.0,20.0,0.0,-10.181886
O=C(N1CCOCC1)C(F)(F)C(F)(F)C(F)(F)C(F)(F)C(F)(F)C(F)(F)F,433.16399999999993,3.5840000000000014,140.56970225606145,29.540000000000003,0.0,2.0,5.0,1.0,-6.6860547
O=C(OCC(F)(F)C(F)(F)C(F)(F)C(F)F)c1ccccc1C(=O)OCC(F)(F)C(F)(F)C(F)(F)C(F)F,594.2420000000003,6.342200000000004,199.0094095981773,52.60000000000001,0.0,4.0,12.0,1.0,-8.4459791
Nc1ccc(-c2n[nH]c(C(F)(F)C(F)(F)C(F)(F)F)n2)cc1,328.191,3.343300000000001,117.6988721375592,67.59,2.0,3.0,3.0,2.0,-5.9947615
O=C(O)C(F)(F)C(F)(Cl)C(F)(F)C(F)(F)C(F)(F)C(F)(F)C(F)(F)C(F)(F)C(F)(F)C(F)(F)F,580.5400000000002,6.620300000000003,174.95840230944177,37.3,1.0,1.0,9.0,0.0,-7.0661297
CC(NC(=O)C(F)(OC(F)(F)C(F)(F)C(F)(F)F)C(F)(F)F)c1ccccc1,433.217,4.898900000000002,148.99675898001706,38.33,1.0,2.0,6.0,1.0,-7.0320172
C[N+](C)(CCCN(CCC(=O)O)S(=O)(=O)C(F)(F)C(F)(F)C(F)(F)C(F)(F)C(F)(F)C(F)(F)C(F)(F)C(F)(F)C(F)(F)F)CCC(=O)[O-],778.4250000000002,4.301600000000003,255.2202502808602,114.81,1.0,5.0,19.0,0.0,-10.029963
O=C(O)[C@H]1O[C@@H](OCCC(F)(F)C(F)(F)C(F)(F)C(F)(F)C(F)(F)C(F)(F)C(F)(F)C(F)(F)F)[C@H](O)[C@@H](O)[C@@H]1O,640.2390000000003,3.294700000000002,207.5872010078369,116.45000000000002,4.0,6.0,11.0,1.0,-8.3396053
C=CC(=O)OCC(F)(F)C(F)(F)C(F)(F)F,254.10099999999997,2.5485000000000007,84.67311583205922,26.3,0.0,2.0,4.0,0.0,-5.2652416
N[C@@H](CSC(F)(F)C(F)(F)C(F)F)C(=O)O,271.182,1.6247,89.97593059198775,63.32000000000001,2.0,3.0,6.0,0.0,-5.6971869
FC(F)(F)C(F)(F)C(F)(F)CNc1n[nH]c2cc(Cl)c(-c3ccccc3)cc12,425.7350000000002,6.128100000000002,158.03906851622148,40.71,2.0,2.0,5.0,3.0,-7.1024356
Cc1[nH]nc(C(F)(F)C(F)(F)C(F)(F)C(F)(F)F)c1Cl,334.569,4.296220000000001,109.44646051506332,28.68,1.0,1.0,3.0,1.0,-5.4450283
COP(=O)(CC(=O)CCCC(F)(F)C(F)(F)F)OC,312.17099999999994,3.4093000000000018,106.33801793303894,52.60000000000001,0.0,4.0,8.0,0.0,-6.3643761
COC1=C(F)C(F)(F)C(F)(F)C1=O,202.078,1.6671999999999998,68.97127175828092,26.3,0.0,2.0,1.0,1.0,-4.5219541
FC(F)(F)C(F)(c1ccc(Cl)nc1)C(F)(F)F,281.558,4.0244,95.2078914909986,12.89,0.0,1.0,1.0,1.0,-5.0198917
O=C(OS(=O)(=O)C(F)(F)F)C(F)(F)F,246.08399999999992,0.9415,72.57181726157543,60.440000000000005,0.0,4.0,1.0,0.0,-4.6104527
Oc1ccc(C(F)(F)C(F)(F)F)cc1,212.117,3.0463000000000005,75.78319811511737,20.23,1.0,1.0,1.0,1.0,-4.9203234
CCN(CCCP(=O)(O)O)S(=O)(=O)C(F)(F)C(F)(F)C(F)(F)C(F)(F)C(F)(F)C(F)(F)C(F)(F)F,599.2490000000001,4.537500000000002,184.80866281344404,94.91,2.0,3.0,12.0,0.0,-8.0573311
O=C(Nc1ccccc1)C(F)(F)C(F)(F)C(F)(F)C(F)(F)C(F)(F)C(F)(F)F,439.171,5.363900000000002,145.84934244196606,29.1,1.0,1.0,6.0,1.0,-6.5968914
CCC[Si](Cl)(CCC)CCC(F)(F)C(F)(F)C(F)(F)C(F)(F)F,396.7969999999999,6.849000000000004,133.6330462555583,0.0,0.0,0.0,9.0,0.0,-7.5855494
O=C(O)C1C(F)(F)C1(F)F,158.05,0.9714,52.44614368143486,37.3,1.0,1.0,1.0,1.0,-4.1795983
FC1(F)N(C2(F)C(F)(F)C(F)(F)C(F)(F)C2(F)F)C(F)(F)C(F)(F)C1(F)F,445.072,4.9788000000000014,134.22106115589327,3.24,0.0,1.0,1.0,2.0,-5.5712638
C[N+](C)(CCO)CC(O)CNS(=O)(=O)C(F)(F)C(F)(F)C(F)(F)C(F)(F)C(F)(F)C(F)(F)C(F)(F)C(F)(F)C(F)(F)C(F)(F)C(F)(F)C(F)(F)F,845.3800000000005,5.843500000000004,265.31550489733814,86.63,3.0,4.0,18.0,0.0,-8.2824221
FC(C(F)(F)F)C(F)(F)C1CCCO1,222.128,2.701100000000001,76.02983020774427,9.23,0.0,1.0,2.0,1.0,-5.1998496
FC1=C(C(F)(F)F)C(F)(F)C(F)(F)C1(F)F,262.04599999999994,3.6918,80.52388144336145,0.0,0.0,0.0,0.0,1.0,-4.8579535
FC(F)(F)c1ccc(-c2cc3nc(C(F)(F)C(F)(F)C(F)(F)F)[nH]c3cc2Cl)cc1,464.69000000000005,7.191500000000002,165.0173589729874,28.68,1.0,1.0,3.0,3.0,-7.2890511
CCCCCC=C(C)C(F)(F)C(F)(F)C(F)(F)C(F)(F)F,330.2339999999999,5.981200000000003,115.55382988034408,0.0,0.0,0.0,7.0,0.0,-6.3364172
C[N+](C)([O-])CCCNS(=O)(=O)CCC(F)(F)C(F)(F)C(F)(F)C(F)(F)C(F)(F)C(F)(F)F,528.331,3.9990000000000014,172.2992321231257,69.22999999999999,1.0,3.0,12.0,0.0,-7.5834551
O=S(=O)(F)C(F)(F)C(F)(F)OC(F)(F)C(F)(F)S(=O)(=O)F,382.153,1.9728,108.44476747857652,77.51,0.0,5.0,6.0,0.0,-5.6346302
NCC(F)(F)C(F)(F)C(F)(F)C(F)(F)C(F)(F)C(F)(F)F,349.0899999999999,3.6839,106.42075464926296,26.02,1.0,1.0,5.0,0.0,-5.4059277
O=P(O)(CCC(F)(F)C(F)(F)C(F)(F)C(F)(F)C(F)(F)C(F)(F)C(F)(F)C(F)(F)F)CCC(F)(F)C(F)(F)C(F)(F)C(F)(F)C(F)(F)C(F)(F)C(F)(F)C(F)(F)F,958.1960000000004,12.055799999999996,287.47185881127365,37.3,1.0,1.0,18.0,0.0,-8.7477369
N#COc1ccc(C(c2ccc(OC#N)cc2)(C(F)(F)F)C(F)(F)F)cc1,386.251,4.8170600000000015,148.31867013705258,66.03999999999999,0.0,4.0,4.0,2.0,-6.6265426
CC(=NS(=O)(=O)C(F)(F)C(F)(F)C(F)(F)C(F)(F)F)N1CCOCC1,410.2580000000001,2.492500000000001,135.03719480819137,58.97,0.0,3.0,4.0,1.0,-6.9048681
C[N+](C)(CC(=O)O)CC(F)C(F)(F)C(F)(F)C(F)(F)C(F)(F)C(F)(F)C(F)(F)C(F)(F)C(F)(F)C(F)(F)F,618.2260000000001,6.130200000000003,196.0847096969452,37.3,1.0,1.0,12.0,0.0,-7.8534441
O=S1(=O)CC(F)(C(F)(F)F)C(F)C1(F)F,260.12999999999994,1.6163,78.97733453415698,34.14,0.0,2.0,0.0,1.0,-4.8758593
OCC(F)(F)C(F)(F)C(F)(F)C(F)(F)C(F)(F)C(F)(F)C(F)(F)C(F)(F)C(F)(F)C(F)(F)C(F)(F)F,600.1090000000002,6.894000000000005,179.35516230569164,20.23,1.0,1.0,10.0,0.0,-7.6344061
CN(C)CCC(NS(=O)(=O)C(F)(F)C(F)(F)C(F)(F)C(F)(F)C(F)(F)C(F)(F)C(F)(F)F)C(=O)O,578.2940000000001,3.6423000000000014,184.6278150429486,86.71000000000001,2.0,4.0,12.0,0.0,-8.0718937
FC(F)C(F)(F)CSCc1ccccc1,238.249,3.8202000000000025,89.6764232141536,0.0,0.0,1.0,5.0,1.0,-5.8349648
FC1(F)C(F)(Cl)C(F)(F)C1(F)Cl,232.938,3.0798,72.42799108881088,0.0,0.0,0.0,0.0,1.0,-4.1860685
CC(=O)SCC(F)(F)C(F)(F)F,208.15099999999995,2.4637,69.31132862545616,17.07,0.0,2.0,2.0,0.0,-4.9104271
CC(=O)OC(C(CO)C(F)(F)C(F)(F)C(F)(F)C(F)(F)C(F)(F)C(F)(F)C(F)(F)C(F)(F)C(F)(F)C(F)(F)C(F)(F)C(F)(F)C(F)(F)C(F)(F)C(F)(F)C(F)(F)F)C(CO)[N+](C)(C)CC(=O)[O-],1081.3920000000005,7.805600000000007,345.4795101416882,106.89,2.0,6.0,23.0,0.0,-7.8192034
C=C(CC(F)(F)C(F)(F)F)C(F)(F)F,228.082,3.692600000000001,73.19864179103821,0.0,0.0,0.0,2.0,0.0,-4.9842181
NS(=O)(=O)c1cc2c(cc1C(F)(F)C(F)(F)F)N=CNS2(=O)=O,379.288,0.9398000000000006,125.65470247509975,118.69,2.0,5.0,2.0,2.0,-6.5349617
COC(=O)C(F)(Br)C(F)(F)C(F)(F)F,288.96899999999994,2.4177,82.33484683816539,26.3,0.0,2.0,2.0,0.0,-4.9951096
O=C(O)c1cnc(C(F)(F)C(F)(F)F)nc1C1CC1,282.16800000000006,2.7063000000000006,102.83795348111136,63.08,1.0,3.0,3.0,2.0,-5.9911289
C[N+](C)(CCCNC(=O)CSCCC(F)(F)C(F)(F)C(F)(F)C(F)(F)C(F)(F)C(F)(F)C(F)(F)C(F)(F)C(F)(F)C(F)(F)C(F)(F)C(F)(F)C(F)(F)C(F)(F)F)CC(=O)O,981.4710000000003,9.598200000000002,317.0584437762644,66.4,2.0,3.0,23.0,0.0,-8.224576
NC(=S)NN=Cc1nccc2c(C(F)(F)C(F)(F)C(F)(F)F)cccc12,398.307,3.691300000000001,146.43016565856604,63.3,2.0,3.0,4.0,2.0,-6.9124246
O=C(N(CC(O)CO)CC(O)CO)C(F)(F)C(F)(F)C(F)(F)C(F)(F)C(F)(F)C(F)(F)C(F)(F)C(F)(F)F,611.2450000000001,2.5308000000000006,197.7608332581592,101.23000000000002,4.0,5.0,13.0,0.0,-8.3299103
CC(C=O)C(F)(F)C(F)(F)C(F)(F)C(F)(F)C(F)(F)C(F)(F)F,376.112,4.560200000000001,117.9722702810872,17.07,0.0,1.0,6.0,0.0,-5.6812754
O=S(=O)(O)OC(F)C(F)C(F)C(F)C(F)C(F)C(F)C(F)C(F)C(F)(F)C(F)(F)F,504.23599999999993,4.003800000000002,157.65735292836845,63.60000000000001,1.0,3.0,11.0,0.0,-7.4576554
O=S(=O)(CCCl)CCC(F)(F)C(F)(F)C(F)(F)C(F)(F)C(F)(F)C(F)(F)F,474.666,4.768900000000001,147.1043549041083,34.14,0.0,2.0,9.0,0.0,-6.7644863
FC(F)OC(F)(F)C(Cl)Cl,200.94600000000003,2.6221000000000005,63.85135455159793,9.23,0.0,1.0,3.0,0.0,-4.3851233
FC(F)(F)C(F)(F)C(F)(F)C(F)(F)c1cc2ccccc2[nH]1,335.16900000000004,5.092600000000001,116.27181515616904,15.79,1.0,0.0,3.0,2.0,-5.7550964
O=P(O)(OCCC(F)(F)C(F)(F)C(F)(F)C(F)(F)C(F)(F)C(F)(F)C(F)(F)C(F)(F)F)OCCC(F)(F)C(F)(F)C(F)(F)C(F)(F)C(F)(F)C(F)(F)C(F)(F)C(F)(F)C(F)(F)C(F)(F)C(F)(F)C(F)(F)F,1190.222000000001,14.460199999999992,356.65634146753814,55.760000000000005,1.0,3.0,24.0,0.0,-9.049202
O=C(F)C(F)(F)OC(F)(F)OC(F)(F)OC(F)(F)OC(F)(F)F,380.037,3.3124,115.16608945299868,53.99000000000001,0.0,5.0,8.0,0.0,-5.9350476
O=C(O)Cc1ccc(-c2ncn(-c3ccc(OC(F)(F)C(F)(F)F)cc3)n2)cc1,413.302,4.095300000000003,159.7292195234966,77.24,1.0,5.0,6.0,3.0,-7.6326871
O=C(C(F)(F)F)C(F)(F)C(F)(F)S(=O)(=O)O,278.101,1.2337,82.7829833015874,71.44,1.0,3.0,3.0,0.0,-4.8894968
FC(F)C(F)(F)Oc1cccc(Br)c1,273.023,3.685800000000001,85.80452179514336,9.23,0.0,1.0,3.0,1.0,-5.1422505
FC(F)(I)C(F)(F)C(F)(F)C(F)(F)I,453.836,4.3126,99.68203683651652,0.0,0.0,0.0,3.0,0.0,-5.2872748
O=C(F)C(F)(OC(F)(F)C(F)(OC(F)(F)F)C(F)(F)F)C(F)(F)F,398.046,4.0845,119.635011914234,35.53,0.0,3.0,5.0,0.0,-5.9874916
C[N+](C)(CCCNS(=O)(=O)C(F)(F)C(F)(F)C(F)(F)C(F)(F)F)CCCS(=O)(=O)[O-],506.40900000000016,1.7332999999999998,166.1525121553908,103.37,1.0,5.0,12.0,0.0,-8.2116985
O=C(Nc1ccc(Cl)cc1)C(F)(F)C(F)(F)C(F)(F)F,323.5949999999999,4.111400000000001,112.06456990810052,29.1,1.0,1.0,3.0,1.0,-5.429688
O=C(O)C(F)(C(F)(F)F)C(F)(C(F)(F)F)C(F)(F)C(F)(F)C(F)(F)F,414.064,4.4451,124.7326327247391,37.3,1.0,1.0,4.0,0.0,-5.5560942
FC1(F)c2c3c(c4c(c2C1(F)F)C(F)(F)C4(F)F)C(F)(F)C3(F)F,372.108,5.278200000000002,122.58998718040372,0.0,0.0,0.0,0.0,4.0,-5.8540735
OC(c1c(F)c(F)c(F)c(F)c1F)(c1c(F)c(F)c(F)c(F)c1F)C(F)(F)OC(F)(F)C(F)(F)OC(F)(F)C(F)(F)F,664.1610000000003,7.280200000000006,213.17571768460132,38.69,1.0,3.0,8.0,2.0,-7.9082141
O=S1(=O)CCC(F)(F)C1(F)F,192.133,1.033,60.11578621098167,34.14,0.0,2.0,0.0,1.0,-4.6557164
FC(F)=C(F)OC(F)(F)C(F)(F)C(F)(F)OC(F)=C(F)F,344.051,4.9107,105.76321294396924,18.46,0.0,2.0,6.0,0.0,-5.5441527
O=C(O)C(F)(F)C(F)(C(F)(F)F)C(F)(C(F)(F)F)C(F)(F)C(F)(F)F,414.064,4.4451,124.7326327247391,37.3,1.0,1.0,4.0,0.0,-5.4619865
C=CCOCC(F)(F)C(F)(F)C(F)(F)C(F)(F)C(F)(F)F,340.13199999999995,4.292500000000001,109.9036195725136,9.23,0.0,1.0,7.0,0.0,-6.1877036
OC(F)(C(F)(F)F)C(F)(F)F,186.026,1.7691,55.42211682930242,20.23,1.0,1.0,0.0,0.0,-4.1564207
O=C([O-])C(F)(F)C(F)(F)C(F)(F)C(F)(F)C(F)(F)C(F)(F)C(F)(F)C(F)(F)C(F)(F)C(F)(F)C(F)(F)Cl,629.5390000000001,5.9209000000000005,189.65441522969084,40.13,0.0,2.0,11.0,0.0,-7.4949274
O=C(OC1C2CCC(C2)C1O)C(F)(C(F)(F)F)S(=O)(=O)O,336.259,0.8049000000000002,116.37214645383276,100.9,2.0,5.0,3.0,2.0,-6.4043818
O=c1[nH]c(=O)n([C@H]2C[C@H](O)[C@@H](CO)O2)cc1C(F)(F)C(F)(F)C(F)(F)F,396.215,0.4667000000000001,138.178181084099,104.55,3.0,6.0,4.0,2.0,-7.0731192
O=CC=C(Oc1ccccc1)C(F)(F)C(F)(F)C(F)(F)C(F)(F)C(F)(F)F,416.1859999999999,5.251700000000001,142.75729376422478,26.3,0.0,2.0,7.0,1.0,-6.461432
CCOC(=O)C(F)(F)C(F)(F)C(F)(F)F,242.08999999999995,2.3824000000000005,78.99777674984688,26.3,0.0,2.0,3.0,0.0,-5.1535821
O=C(O)CC(CC(=O)O)C(F)(F)C(F)(F)C(F)(F)F,300.1259999999999,2.3849,100.364105353569,74.6,2.0,2.0,6.0,0.0,-5.5119367
O=S(O)C(F)(F)C(F)(F)C(F)(F)C(F)(F)F,284.09899999999993,2.6338,83.70138782918544,37.3,1.0,1.0,3.0,0.0,-4.9494276
Cn1c(CC(O)(C(F)(F)F)C(F)(F)F)ccc1CC(O)(C(F)(F)F)C(F)(F)F,441.2120000000001,3.821500000000001,147.70990639618293,45.39,2.0,3.0,4.0,1.0,-6.5981007
FC(F)(CC[SiH2]C(Cl)Cl)C(F)(F)CC[SiH2]C(Cl)Cl,384.176,3.733800000000001,128.31772531380443,0.0,0.0,0.0,9.0,0.0,-7.0320582
CCCCCCCCC=CC(F)(F)C(F)(F)C(F)(F)C(F)(F)C(F)(F)C(F)(F)C(F)(F)F,508.309,8.667300000000003,172.37175286988452,0.0,0.0,0.0,13.0,0.0,-8.3064737
C[N+](C)(CCCNS(=O)(=O)C(F)(F)C(F)(F)C(F)(F)C(F)(F)F)CCCS(=O)(=O)O,507.41700000000014,2.0759,166.1525121553908,100.54,2.0,4.0,12.0,0.0,-7.9902306
CCC(F)(F)C(F)(F)C(O)(F)F,196.09,2.252100000000001,63.98646565516941,20.23,1.0,1.0,3.0,0.0,-4.7431021
COCCNC(=O)C(F)(F)C(F)(F)C(F)(F)F,271.13199999999995,1.5818999999999996,90.91258104785152,38.33,1.0,2.0,5.0,0.0,-5.7279787
C[C@]12CC[C@@H]3c4ccc(O)cc4CC(CCCCCCCCCS(=O)CCCC(F)(F)C(F)(F)F)[C@H]3[C@@H]1CC[C@@H]2O,606.7820000000003,8.682600000000003,243.6928033558202,57.53,2.0,3.0,14.0,4.0,-9.0262184
CCCCCCCCCCCCCCCCOC[C@H](COC(=O)C(F)(F)C(F)(F)C(F)(F)F)OC(C)=O,554.5840000000001,7.792100000000008,214.32028948244,61.830000000000005,0.0,5.0,22.0,0.0,-9.7124529
OCC(F)(F)OC(F)(F)C(F)(F)OC(F)(F)C(F)(F)OC(F)(F)C(F)(F)C(F)(F)C(F)(F)F,548.0920000000001,5.418200000000002,165.3037721537141,47.92,1.0,4.0,11.0,0.0,-6.9242005
CCCCCCC(F)(F)C(F)(F)C(F)(F)C(F)(F)C(F)(F)C(F)(F)F,404.2099999999999,6.695600000000004,132.90557452423326,0.0,0.0,0.0,9.0,0.0,-6.7965679
OCC(F)(F)C(F)(F)C(F)(F)C(F)(F)C(F)(F)C(F)(F)C(F)F,382.091,4.0556,116.4055752217691,20.23,1.0,1.0,7.0,0.0,-5.6638703
C[N+](C)(C)CC([O-])CS(=O)CCC(F)(F)C(F)(F)C(F)(F)C(F)(F)C(F)(F)C(F)(F)C(F)(F)C(F)(F)F,611.3580000000002,4.569700000000004,199.16577770609524,40.13,0.0,2.0,13.0,0.0,-8.2651024
O=S(=O)([O-])C(F)(F)C(F)(F)OCc1ccc2ccccc2c1,337.27000000000004,3.087200000000001,122.61221684567448,66.43,0.0,4.0,5.0,2.0,-6.2556567
O=C(NC(=O)c1c(F)cccc1F)Nc1cc(Cl)c(OC(F)(F)C(F)C(F)(F)F)c(Cl)c1F,529.142,6.244600000000001,186.945872774454,67.43,2.0,3.0,5.0,2.0,-8.0770693
FC1(F)C2CN=NC2C1(F)F,168.093,1.7212,59.29627663455154,24.72,0.0,2.0,0.0,2.0,-4.5634537
C[Si](C)(C)C(Br)CC(F)(F)C(F)(F)Br,360.0589999999999,4.640400000000002,98.70712778257396,0.0,0.0,0.0,4.0,0.0,-6.0618196
O=C(O)c1ccc(OCCC(F)(F)C(F)(F)C(F)(F)C(F)(F)C(F)(F)C(F)(F)C(F)(F)C(F)(F)F)cc1,584.2220000000001,7.163100000000004,192.32916930935224,46.53,1.0,2.0,11.0,1.0,-7.4097633
CCC(C(O)c1cccs1)C(O)(C(F)(F)F)C(F)(F)F,322.2699999999999,3.6634000000000015,114.20804111263412,40.46,2.0,3.0,4.0,1.0,-5.874413
O=Cc1ccccc1OC(F)(F)C(F)F,222.13699999999997,2.735800000000001,82.46343840394238,26.3,0.0,2.0,4.0,1.0,-5.3568234
C[N+](C)(CCO)CCCN(CCCS(=O)(=O)[O-])S(=O)(=O)C(F)(F)C(F)(F)C(F)(F)C(F)(F)F,550.4620000000002,1.4380000000000002,183.8866016229753,114.81,1.0,6.0,14.0,0.0,-8.9627552
FC(F)C(F)(F)COC(F)(F)C(F)F,232.07,2.7613000000000003,72.63684793833272,9.23,0.0,1.0,5.0,0.0,-4.9744821
C=CC(=O)OC(CO)CC(F)(F)C(F)(F)C(F)(F)C(F)(F)C(F)(F)C(F)(F)C(F)(F)C(F)(F)F,548.189,5.476000000000003,175.67729841429383,46.53,1.0,3.0,11.0,0.0,-7.5766082
COc1ccc(OC)c(C(=O)C=C(C(F)(F)F)C(F)(F)F)c1,328.2079999999999,3.9375000000000018,120.6782198647039,35.53,0.0,3.0,4.0,1.0,-6.1905746
CC(C)(C)OC(=O)C(F)(F)C(F)(F)C(F)(F)F,270.14399999999995,3.1610000000000014,91.72766097864007,26.3,0.0,2.0,2.0,0.0,-5.552721
C=CC(=O)OCC1(F)C(F)(F)C(F)(F)C(F)(F)C(F)(F)C1(F)F,366.126,3.6140000000000008,119.42425263342474,26.3,0.0,2.0,3.0,1.0,-5.6150908
CCOC(=O)CN(CC)S(=O)(=O)C(F)(F)C(F)(F)C(F)(F)C(F)(F)C(F)(F)C(F)(F)F,513.272,3.897500000000002,164.70125141640236,63.68,0.0,4.0,10.0,0.0,-7.843904
FC(F)(F)C(F)(Cl)C(F)(Cl)C(F)(C(F)(F)F)C(F)(F)F,370.948,5.190800000000001,111.15691888869075,0.0,0.0,0.0,2.0,0.0,-5.3315291
CC(C)N(C(C)C)P(OCCC#N)OCCCC(F)(F)C(F)(F)C(F)(F)C(F)(F)C(F)(F)C(F)(F)C(F)(F)C(F)(F)F,678.3640000000003,9.06858,228.59599213468263,45.49,0.0,4.0,17.0,0.0,-10.021823
NCC(F)(C(=O)O)C(F)(F)F,175.08099999999996,0.3002999999999997,58.7918655319768,63.32000000000001,2.0,2.0,2.0,0.0,-4.1154203
CCCN(CCOCCCCS(=O)(=O)O)S(=O)(=O)C(F)(F)C(F)(F)C(F)(F)C(F)(F)C(F)(F)C(F)(F)C(F)(F)C(F)(F)F,721.4480000000003,5.679700000000004,230.6552175100872,100.98,1.0,5.0,18.0,0.0,-9.6960163
CC[NH+](CCCNCC(O)CC(F)(F)C(F)(F)C(F)(F)C(F)(F)C(F)(F)C(F)(F)C(F)(F)C(F)(F)C(F)(F)C(F)(F)C(F)(F)C(F)(F)F)CCC(=O)[O-],850.3980000000003,5.312500000000005,277.966048075958,76.83,3.0,4.0,22.0,0.0,-6.8583627
C[N+](C)(CCCNS(=O)(=O)C(F)(F)C(F)(F)C(F)(F)C(F)(F)C(F)(F)F)CCCS(=O)(=O)O,557.4240000000002,2.7112,180.84852507563983,100.54,2.0,4.0,13.0,0.0,-8.7299061
C[N+](C)(CCC(CO)N(CCCS(=O)(=O)[O-])S(=O)(=O)C(F)(F)C(F)(F)F)CC(O)CO,510.50000000000006,-1.1107999999999976,176.81292751566238,155.26999999999998,3.0,8.0,14.0,0.0,-8.524394
CCCc1ccc(C(F)(F)C(F)(F)c2ccc(Br)cc2)cc1,375.203,6.2854000000000045,134.84289711489035,0.0,0.0,0.0,5.0,2.0,-6.7436814
FCC(F)(F)OC(F)F,150.046,1.7879,47.41035750076082,9.23,0.0,1.0,3.0,0.0,-4.1012521
FC(F)(F)C(F)(c1ccnc(Cl)c1)C(F)(F)F,281.558,4.0244,95.20789149099862,12.89,0.0,1.0,1.0,1.0,-5.2903109
O=C(O)C(F)(F)C(F)(F)C(C(F)(F)F)(C(F)(F)F)C(F)(F)C(F)(F)F,414.064,4.6502,124.73263272473908,37.3,1.0,1.0,4.0,0.0,-5.3432369
O=C(Cl)C(F)(F)C(F)F,164.485,1.6522,52.596065195253146,17.07,0.0,1.0,2.0,0.0,-3.9140291
Cc1ccc(S(=O)(=O)OCC(F)(F)C(F)(F)C(F)(F)C(F)(F)C(F)(F)C(F)(F)C(F)(F)C(F)F)cc1,586.2880000000001,6.412520000000003,189.6773381976342,43.370000000000005,0.0,3.0,11.0,1.0,-7.9259634
C=C(C)C(=O)OCC(C)OC(=O)Nc1cc(NC(=O)OCCCCN(C)S(=O)(=O)C(F)(F)C(F)(F)C(F)(F)C(F)(F)C(F)(F)F)ccc1C,753.5840000000005,6.702620000000007,271.30706772592,140.33999999999995,2.0,8.0,16.0,1.0,-9.4936342
O=S(=O)(O)C1(F)C(F)(F)C(F)(F)C(F)(F)C(F)(C(F)(F)F)C1(F)F,412.12299999999993,3.3654,121.70366880876163,54.370000000000005,1.0,2.0,1.0,1.0,-5.4476819
O=C([O-])C(F)(F)C(F)(F)C(F)(F)C(F)(F)F,263.035,1.2044999999999997,80.64459396399187,40.13,0.0,2.0,3.0,0.0,-4.7706265
O=C(Nc1ccc(-c2ccccc2)cc1)C(F)(F)C(F)(F)C(F)(F)F,365.248,5.125000000000002,136.81839788728286,29.1,1.0,1.0,4.0,2.0,-6.7696033
C[N+](C)(CC(=O)O)CC(F)C(F)(F)C(F)(F)C(F)(F)C(F)(F)C(F)(F)F,418.1979999999999,3.589000000000002,137.30065801594887,37.3,1.0,1.0,8.0,0.0,-6.8185759
[CH3][Sn]([CH3])([CH3])[O]C(=O)C(F)(F)C(F)(F)F,326.837,2.562100000000001,81.83344519490055,26.3,0.0,2.0,2.0,0.0,12.797059
CN(C)CCCNC(=O)CSCCC(F)(F)C(F)(F)C(F)(F)C(F)(F)C(F)(F)C(F)(F)C(F)(F)C(F)(F)C(F)(F)C(F)(F)C(F)(F)C(F)(F)F,822.4130000000004,8.728200000000001,265.7708063681379,32.34,1.0,3.0,19.0,0.0,-9.0051899
N=C(N)C(F)(F)F,112.05400000000002,0.4846700000000002,37.62604104728238,49.870000000000005,2.0,1.0,0.0,0.0,-3.6778371
Fc1c(F)c(F)c2c(c1F)C(F)(F)C(F)(F)C2(F)Br,358.985,4.500900000000001,106.87776454113502,0.0,0.0,0.0,0.0,2.0,-5.0970678
O=S(O)C(F)(F)C(F)(F)C(F)(F)C(F)(F)C(F)(F)C(F)(F)C(F)(F)F,434.12,4.5397,127.78942658993266,37.3,1.0,1.0,6.0,0.0,-6.0662584
CCCCCCCCCCCCC(CCCCCCCCCC)COCC(O)CSCCC(F)(F)C(F)(F)C(F)(F)C(F)(F)C(F)(F)C(F)(F)C(F)(F)C(F)(F)F,890.9100000000009,14.954599999999964,328.7221580029216,29.46,1.0,3.0,35.0,0.0,-9.7690983
CC#C[Si](C)(C)CCC(F)(F)C(F)(F)C(F)(F)C(F)(F)C(F)(F)C(F)(F)F,444.307,6.386200000000003,145.65072927586624,0.0,0.0,0.0,7.0,0.0,-7.9296117
C[N+](C)(CC(=O)[O-])CC(O)CC(F)(F)C(F)(F)C(F)(F)C(F)(F)C(F)(F)C(F)(F)C(F)(F)C(F)(F)C(F)(F)C(F)(F)F,679.2610000000002,4.843700000000003,217.77436308086067,60.36,1.0,3.0,14.0,0.0,-8.9398241
O=S(=O)(CCCC(CC(F)(C(F)(F)F)C(F)(F)F)CC(F)(C(F)(F)F)C(F)(F)F)NCCO,545.3329999999999,4.740500000000004,176.9058659841719,66.4,2.0,3.0,11.0,0.0,-8.0590382
OCCCC(F)(F)C(F)(F)C(F)(F)C(F)(F)C(F)(F)F,328.121,3.862400000000001,103.9089690129904,20.23,1.0,1.0,6.0,0.0,-5.6936307
CC(COCCO)OC(=O)CN(C)S(=O)(=O)C(F)(F)C(F)(F)C(F)(F)C(F)(F)C(F)(F)C(F)(F)C(F)(F)C(F)(F)F,673.3380000000002,4.155500000000003,216.7309404673966,93.14,1.0,6.0,15.0,0.0,-8.9526587
OC1C2CCC(C2)C1C(O)(C(F)(F)F)C(F)(F)F,278.19199999999995,2.2491000000000008,98.59374767228998,40.46,2.0,2.0,1.0,2.0,-5.5366874
FC(F)(F)OC(F)(F)C(F)(F)OC(F)(F)OC(F)(Cl)C(F)(F)Cl,418.9450000000001,4.9856,126.49755457721136,27.69,0.0,3.0,7.0,0.0,-5.963243
CC(=O)C#CC(F)(F)C(F)(F)C(F)(F)C(F)(F)C(F)(F)C(F)(F)F,386.107,4.3176000000000005,123.33643778734309,17.07,0.0,1.0,4.0,0.0,-6.4229736
CN(C)CCCNC(=O)CC(SCCC(F)(F)C(F)(F)C(F)(F)C(F)(F)C(F)(F)C(F)(F)C(F)(F)C(F)(F)C(F)(F)C(F)(F)C(F)(F)C(F)(F)F)C(=O)O,880.4490000000005,8.571500000000006,287.4564464491709,69.64,2.0,4.0,21.0,0.0,-8.8872232
OCCOCCCC(F)(F)C(F)(F)F,222.153,1.9731,77.66435971054327,29.46,1.0,2.0,6.0,0.0,-5.4407167
O=S(=O)(O)CCCC(F)(F)C(F)(F)C(F)(F)C(F)(F)C(F)(F)F,392.1859999999999,3.757900000000001,120.743371270835,54.370000000000005,1.0,2.0,7.0,0.0,-6.780478
FC(F)(F)C(F)(C1=NS1(F)C(F)(C(F)(F)F)C(F)(F)F)C(F)(F)F,415.121,5.6259000000000015,121.79149739296174,12.36,0.0,1.0,2.0,1.0,-4.6155052
N=C(NN)C(F)(F)C(F)(F)C(F)(F)F,227.083,1.2598700000000005,72.53806509162355,61.900000000000006,3.0,2.0,2.0,0.0,-5.0226769
FC(C(F)C(F)(C(F)(F)F)C(F)(F)F)C(F)(F)F,302.05799999999994,4.0578,90.5503864349274,0.0,0.0,0.0,2.0,0.0,-5.2660346
FC(F)(F)C(F)(F)C(F)(F)C(F)(F)C(F)(F)C(F)(F)CCOCCC(F)(F)C(F)(F)C(F)(F)C(F)(F)C(F)(F)C(F)(F)F,710.1870000000005,9.2608,217.63084844936765,9.23,0.0,1.0,14.0,0.0,-8.0881653
Cc1ccc(C(=O)C=C(C(F)(F)F)C(F)(F)F)o1,272.14399999999995,3.821720000000001,96.88051655537036,30.21,0.0,2.0,2.0,1.0,-5.4371133
O=CC=C(F)C(F)(F)C(F)(F)C(F)(F)F,242.065,2.8716,77.36016389108197,17.07,0.0,1.0,3.0,0.0,-5.0074086
O=C(O)/C=C/C(F)(F)C(F)(F)C(F)(F)C(F)(F)C(F)(F)F,340.088,3.7307,107.3808880808499,37.3,1.0,1.0,5.0,0.0,-6.0360231
CCCCCCCCOC(F)(F)C(F)F,230.245,4.221400000000004,87.79941689861083,9.23,0.0,1.0,9.0,0.0,-6.0500412
COC(=O)c1ccc(OC(F)(F)C(F)F)cc1,252.16299999999995,2.709900000000001,93.94192574784589,35.53,0.0,3.0,4.0,1.0,-5.4766402
FC(F)(F)I,195.909,1.9412,40.497695357651885,0.0,0.0,0.0,0.0,0.0,-3.6126907
CC(F)(F)C(F)(F)C(F)(F)C(O)(F)F,232.07,2.4973,72.31753646102186,20.23,1.0,1.0,3.0,0.0,-4.7768044
C[N+](C)(CC(O)CC(F)(F)C(F)(F)C(F)(F)C(F)(F)C(F)(F)C(F)(F)C(F)(F)C(F)(F)C(F)(F)C(F)(F)C(F)(F)C(F)(F)F)C(=O)O,766.2560000000003,8.042400000000006,240.8014468069622,57.53,2.0,2.0,14.0,0.0,-8.8116798
O=C1OC(CC(F)(F)C(F)(F)OC(F)(C(F)(F)F)C(F)(F)F)CC(CO)(CO)CC(CC(F)(F)C(F)(F)OC(F)(C(F)(F)F)C(F)(F)F)OC(=O)c2ccc1cc2,890.4050000000005,8.352600000000006,300.09682785518066,111.52,2.0,8.0,12.0,3.0,-7.5045476
O=C(O)C=C(F)C(F)(F)F,158.05,1.4867,52.76237180277984,37.3,1.0,1.0,1.0,0.0,-4.2070279
FC(F)(F)C(F)(F)C(F)(F)Sc1ccc(Cl)cc1,312.63700000000006,5.222500000000001,106.11135353541736,0.0,0.0,1.0,3.0,1.0,-5.5153017
FC1(F)OC(F)(I)C(F)(F)C(F)(F)C1(F)F,373.94,3.5736,95.05839030877335,9.23,0.0,1.0,0.0,1.0,-4.7062044
CCC(N)CC(F)(F)C(F)(F)C(F)(F)F,241.14999999999995,2.9467000000000008,81.42754223170556,26.02,1.0,1.0,4.0,0.0,-5.5274591
COP(=O)(CCC(F)(F)C(F)(F)C(F)(F)C(F)(F)C(F)(F)C(F)(F)C(F)(F)C(F)(F)F)OC,556.149,6.871800000000005,171.2577470112998,35.53,0.0,3.0,11.0,0.0,-7.449141
FC(F)(F)C(F)(F)C(F)(F)C(F)(F)P(F)(F)(C(F)(F)C(F)(F)C(F)(F)C(F)(F)F)C(F)(F)C(F)(F)C(F)(F)C(F)(F)F,726.0480000000003,10.5858,206.4682980724421,0.0,0.0,0.0,9.0,0.0,-7.0366545
OC(O)(C(F)=C(C(F)(F)F)C(F)(F)F)C(F)(F)F,296.05999999999995,2.5777999999999994,91.11818010128272,40.46,2.0,2.0,1.0,0.0,-5.1471949
FC(F)(F)C(CBr)C(F)(F)F,244.95999999999995,3.1221000000000005,66.69483739421814,0.0,0.0,0.0,1.0,0.0,-4.467515
OC(c1ccccc1)C(F)(F)C(F)(F)C(F)(F)F,276.1509999999999,3.552900000000001,96.84415314976305,20.23,1.0,1.0,3.0,1.0,-5.5560193
C#CCN(CC)S(=O)(=O)C(F)(F)C(F)(F)C(F)(F)C(F)(F)C(F)(F)C(F)(F)C(F)(F)C(F)(F)F,565.2450000000001,5.238200000000003,177.45249320481253,37.38,0.0,2.0,10.0,0.0,-7.4333563
CCCCC(I)CC(C(F)(F)F)(C(F)(F)F)C(F)(F)C(F)(F)C(F)(F)F,530.106,7.314200000000005,152.1674126452769,0.0,0.0,0.0,7.0,0.0,-7.1065187
O=C(CCC(F)(F)C(F)(F)C(F)(F)C(F)(F)C(F)(F)C(F)(F)C(F)(F)C(F)(F)F)SCC(O)C(=O)O,596.2550000000001,5.4813000000000045,190.3322220945762,74.6,2.0,4.0,12.0,0.0,-8.1116467
C=C(C)C(=O)OCCN(C(=O)C(F)(F)C(F)(F)C(F)(F)C(F)(F)F)C(=O)C(F)(F)C(F)(F)C(F)(F)C(F)(F)F,621.2150000000001,5.397300000000001,201.86136216410816,63.68,0.0,4.0,10.0,0.0,-8.068429
FC(F)C(F)(F)C(F)(F)C(F)(F)C(F)(F)C(F)(F)CC1(I)OCCN2CCO[SiH]1OCC2,629.252,4.0881000000000025,188.04488744480628,30.930000000000003,0.0,4.0,7.0,3.0,-7.8131504
CC(=O)C(=C(F)C(F)(F)F)c1ccccc1,232.176,3.518500000000002,89.39017437104448,17.07,0.0,1.0,2.0,1.0,-5.5334835
C=C(C)C(=O)OCCOC(=O)C(F)(F)C(F)(F)C(F)(F)F,326.164,2.4818000000000007,113.04300950479968,52.6,0.0,4.0,6.0,0.0,-6.0289359
CCCCCCCCCCCCCCCCCCN1CC(CN(C)S(=O)(=O)C(F)(F)C(F)(F)C(F)(F)C(F)(F)C(F)(F)C(F)(F)C(F)(F)C(F)(F)F)OC1=O,864.7440000000005,11.297199999999988,307.051295718317,66.92000000000002,0.0,4.0,27.0,1.0,-9.5152988
C[N+](C)(CCCN(CCCS(=O)(=O)O)S(=O)(=O)C(F)(F)C(F)(F)C(F)(F)C(F)(F)C(F)(F)C(F)(F)C(F)(F)C(F)(F)C(F)(F)C(F)(F)C(F)(F)F)CCCS(=O)(=O)O,979.6110000000004,6.513300000000005,309.95803643696,146.11999999999998,2.0,6.0,23.0,0.0,-8.4523287
O=C(OC1CCCCC1)C(F)(F)C(F)(F)Oc1ccccc1,320.282,4.169400000000003,124.76080516629968,35.53,0.0,3.0,5.0,2.0,-6.7289891
CC(C)(O)C(F)(F)C(F)C(F)(F)F,210.117,2.293,70.35140776956601,20.23,1.0,1.0,2.0,0.0,-4.891737
FC(F)(F)C(C1C(F)(F)C(F)(F)C(F)(F)C(F)(F)C1(F)F)(C(F)(F)F)C(F)(F)F,482.0799999999999,6.466000000000003,144.16307155946825,0.0,0.0,0.0,1.0,1.0,-5.4114184
O=C(OCC(F)(F)C(F)(F)C(F)(F)F)C(F)F,278.06999999999994,2.6276,87.32884755569935,26.3,0.0,2.0,4.0,0.0,-5.2430458
FC(F)(F)C(F)(F)C(F)(F)C(F)(F)C(F)(F)C(F)(F)CI,459.971,5.160200000000001,120.34270207329388,0.0,0.0,0.0,5.0,0.0,-5.6744242
OC(F)(F)C(F)(F)C(F)(F)F,186.026,1.7691,55.42211682930242,20.23,1.0,1.0,1.0,0.0,-3.9076993
NC(=O)OC(F)(C(F)(F)F)C(F)(F)C(F)(F)C(F)(F)C(F)(F)C(F)(F)C(F)(F)F,479.086,5.0486,145.08784781931175,52.32000000000001,1.0,2.0,6.0,0.0,-6.5266714
CCOP(=O)(CCC(F)(F)C(F)(F)C(F)(F)C(F)(F)F)OCC,384.175,5.110800000000003,125.20357955909677,35.53,0.0,3.0,9.0,0.0,-6.3881316
F/C(=C(/C(F)(F)C(F)(F)F)C(F)(C(F)(F)F)C(F)(F)F)C(F)(F)F,400.0559999999999,5.802800000000001,119.2528092432413,0.0,0.0,0.0,2.0,0.0,-5.8440928
CCN(CCOP(=O)(O)O)S(=O)(=O)C(F)(F)C(F)(F)C(F)(F)C(F)(F)C(F)(F)C(F)(F)C(F)(F)C(F)(F)F,651.2280000000003,4.714300000000003,198.33994910693065,104.14,2.0,4.0,13.0,0.0,-7.9622073
C=C(CC(F)(F)C(F)(F)C(F)(F)F)OC(C)=O,268.128,3.286200000000001,91.03805794645584,26.3,0.0,2.0,4.0,0.0,-5.7555008
CC(=O)SCCC(F)(C(F)(F)F)C(F)(F)F,272.18499999999995,3.489100000000001,90.37228366010184,17.07,0.0,2.0,3.0,0.0,-5.3714819
OCC(F)(F)C(F)(F)C(F)(F)C(F)(F)C(F)(F)C(F)(F)C(F)(F)C(F)(F)F,450.088,4.988100000000002,135.26712354494438,20.23,1.0,1.0,7.0,0.0,-6.1541023
O=C(O)C=C(F)C(F)(F)C(F)(F)C(F)(F)C(F)(F)C(F)(F)C(F)(F)C(F)(F)C(F)(F)C(F)(F)C(F)(F)C(F)(F)F,658.1200000000002,7.839700000000005,199.72250100527057,37.3,1.0,1.0,11.0,0.0,-7.7114038
FC(F)(F)c1cc(C(F)(F)C(F)(F)C(F)(F)F)n[nH]1,304.08699999999993,3.7179,96.94378757671129,28.68,1.0,1.0,2.0,1.0,-5.4404216
CCCCCCCCCCCCCCCCC=CC(F)(F)C(F)(F)C(F)(F)C(F)(F)C(F)(F)C(F)(F)C(F)(F)C(F)(F)F,670.5320000000002,12.42339999999998,237.9873027053065,0.0,0.0,0.0,22.0,0.0,-9.580513
CCOC(=O)Cc1cnc(NC(N=C(O)CC)(C(F)(F)F)C(F)(F)F)s1,407.336,3.8480000000000025,147.4485336835933,83.81,2.0,6.0,7.0,1.0,-7.3769593
C[N+](C)(CCCC(F)(F)C(F)(F)C(F)(F)C(F)(F)C(F)(F)C(F)(F)C(F)(F)C(F)(F)C(F)(F)F)CC(=O)[O-],613.255,5.237600000000005,198.2841164084156,40.13,0.0,2.0,13.0,0.0,-8.0456705
N=C1N=C(N)C(F)(F)C(F)(F)C1(F)F,219.088,1.2403700000000002,73.1069649315818,62.23,2.0,2.0,0.0,1.0,-4.5645609
C[Si](Cl)(Cl)C(F)(F)C(F)C(F)(F)F,265.056,3.610900000000001,80.22552922925962,0.0,0.0,0.0,2.0,0.0,-5.2928028
COC(=O)C(F)(F)C(F)(F)OC(F)(C(F)(F)F)C(F)(F)OC(F)(C(=O)F)C(F)(F)F,488.0990000000001,3.9658,152.17044098990073,61.830000000000005,0.0,5.0,8.0,0.0,-6.5909138
N#Cc1ccc(C(=O)Nc2c(Br)cc(C(F)(C(F)(F)F)C(F)(F)F)cc2C(F)(F)F)c(F)c1NC(=O)c1ccc(Cl)nc1,709.6969999999999,8.32108,245.1268858268317,94.88,2.0,4.0,5.0,3.0,-9.3864613
Cc1ccc(OC(F)(F)C(F)(F)Br)cc1,287.04999999999995,3.954320000000002,92.16946390953996,9.23,0.0,1.0,3.0,1.0,-5.1288967
FC(F)(F)C(F)(c1cccnc1Cl)C(F)(F)F,281.558,4.0244,95.20789149099862,12.89,0.0,1.0,1.0,1.0,-5.3221622
O=C(OC(=O)C(F)(F)C(F)(F)C(F)(F)F)C(F)(F)C(F)(F)C(F)(F)F,410.057,3.722,125.04793089916748,43.370000000000005,0.0,3.0,4.0,0.0,-5.627533
FC(F)(F)C(F)(F)C(F)(F)C(F)(F)C(F)(F)C(F)(F)C(F)(F)C(F)(F)C(F)(F)C(F)(F)C(F)(F)Br,648.979,8.254100000000005,182.0635340447404,0.0,0.0,0.0,9.0,0.0,-7.0569282
O=CCC(F)(F)C(F)(F)F,162.057,1.773,52.82327648569432,17.07,0.0,1.0,2.0,0.0,-4.2347426
O=S(=O)(F)C(F)(F)C(F)(F)C(F)(F)C(F)(F)S(=O)(=O)F,366.154,2.0412,103.33122224906964,68.28,0.0,4.0,5.0,0.0,-5.262495
FC(F)(F)C(F)(F)C(F)(F)c1ccc(CC2CO2)cc1,302.1890000000001,3.9173000000000022,108.88751770233792,12.53,0.0,1.0,4.0,2.0,-6.1399555
O=C(N(C1CCCCC1)C1CCCCC1)C(F)(F)C(F)(F)C(F)(F)F,377.344,5.313300000000004,141.281824027451,20.31,0.0,1.0,4.0,2.0,-7.0226722
O=C([O-])C(F)(F)C(F)(F)C(F)(F)C(F)(F)C(F)(F)Cl,329.497,2.1091,101.47833770819638,40.13,0.0,2.0,5.0,0.0,-5.2156353
CCCCCC(I)CC(F)(F)C(F)(F)C(F)(F)C(F)(F)C(F)(F)C(F)(F)C(F)(F)C(F)(F)C(F)(F)C(F)(F)F,744.1610000000003,10.040399999999996,217.3164064406698,0.0,0.0,0.0,14.0,0.0,-8.182128
CCCCCCCCCCCCCCC(I)CC(F)(F)C(F)(F)C(F)(F)C(F)(F)C(F)(F)C(F)(F)C(F)(F)C(F)(F)F,770.3900000000004,12.280699999999984,245.2088596297412,0.0,0.0,0.0,21.0,0.0,-8.6377363
N[C@@H](CCC(F)(F)C(F)(F)F)C(=O)O,221.125,1.3761,75.68728516369627,63.32000000000001,2.0,2.0,4.0,0.0,-4.9104495
FC1=NC(F)=C1C(F)(C(F)(F)F)C(F)(F)F,257.05499999999995,3.382,81.25366852629534,12.36,0.0,1.0,1.0,1.0,-5.048996
C=CC(F)(F)C(F)C(F)(F)F,178.07499999999996,2.708100000000001,58.50262887078914,0.0,0.0,0.0,2.0,0.0,-4.3906198
O=C(O)C(F)(C(F)(F)C(F)(F)C(F)(F)F)C(F)(C(F)(F)F)C(F)(F)F,414.064,4.4451,124.73263272473912,37.3,1.0,1.0,4.0,0.0,-5.5532055
CN(C)CCCN(O)S(=O)(=O)CCC(F)(F)C(F)(F)C(F)(F)C(F)(F)C(F)(F)C(F)(F)F,528.331,4.088000000000003,172.29923212312568,60.85,1.0,4.0,12.0,0.0,-7.8615022
O=S(=O)(O)C(F)(Cl)C(F)(F)C(F)(F)C(F)(F)C(F)(F)C(F)(F)C(F)(F)C(F)(F)C(F)(F)C(F)(F)C(F)(F)C(F)(F)C(F)(F)C(F)(F)F,816.6230000000004,8.922200000000005,240.05039203384223,54.370000000000005,1.0,2.0,13.0,0.0,-7.935957
O=P(O)(O)C(F)(F)F,149.992,0.6839,42.28726515734813,57.53,2.0,1.0,0.0,0.0,-4.091495
CC(COCC(O)CC(F)(F)C(F)(F)C(F)(F)C(F)(F)C(F)(F)C(F)(F)C(F)(F)C(F)(F)C(F)(F)C(F)(F)C(F)(F)C(F)(F)F)OC(C)COCC(O)CC(F)(F)C(F)(F)C(F)(F)C(F)(F)C(F)(F)C(F)(F)C(F)(F)C(F)(F)C(F)(F)C(F)(F)C(F)(F)C(F)(F)F,1486.483000000001,16.416399999999992,464.7180983709352,68.15,2.0,5.0,34.0,0.0,-7.4996691
CCCCC(I)CC(F)(F)C(F)(F)F,330.078,4.5679000000000025,93.3833609642806,0.0,0.0,0.0,5.0,0.0,-5.8339386
FC(F)(F)C(F)(F)C(F)(F)COCC(F)(F)C(F)(F)C(F)(F)F,382.091,4.668800000000001,116.72488669907996,9.23,0.0,1.0,6.0,0.0,-5.555088
O=C(O)C(F)(F)C(F)(F)C(F)(F)C(F)(F)C(F)F,296.05999999999995,2.8773,91.17507148131472,37.3,1.0,1.0,5.0,0.0,-4.9546261
C[N+](C)(CCCN(CCC(=O)[O-])S(=O)(=O)C(F)(F)C(F)(F)C(F)(F)C(F)(F)C(F)(F)F)CCC(=O)[O-],577.3889999999999,0.4256999999999999,196.4361985998639,117.64,0.0,6.0,15.0,0.0,-8.9881754
CC(C)(O)CCC(F)(F)C(F)(F)C(F)(F)C(F)(F)F,306.16799999999995,4.005700000000001,101.94284032153452,20.23,1.0,1.0,5.0,0.0,-5.6608663
O=C(Br)C(F)(F)C(F)(F)C(F)(F)C(F)(F)C(F)(F)C(F)(F)F,426.954,4.6467,119.10993365793536,17.07,0.0,1.0,5.0,0.0,-5.4339786
FC1=CC(F)(F)C(F)(F)C(F)(F)C=C1F,238.077,3.6127,77.86814971972133,0.0,0.0,0.0,0.0,1.0,-4.7816644
F/C=C(\F)C(F)(F)F,132.031,2.3290999999999995,41.60720923906968,0.0,0.0,0.0,0.0,0.0,-3.7287631
CCCCCCCCSSCCC(F)(F)C(F)(F)C(F)(F)C(F)(F)C(F)(F)C(F)(F)F,524.452,8.857200000000002,178.01152511889984,0.0,0.0,2.0,15.0,0.0,-7.9131684
CCCCC(I)CC(F)(F)C(F)(F)C(F)(F)C(F)(F)C(F)(F)C(F)(F)C(F)(F)C(F)(F)C(F)(F)C(F)(F)F,730.1340000000004,9.650299999999996,210.9514643262732,0.0,0.0,0.0,13.0,0.0,-8.1233349
O=S(=O)(Oc1ccccc1)C(F)(F)C(F)(F)C(F)(F)C(F)(F)F,376.196,3.820900000000001,122.328937690771,43.370000000000005,0.0,3.0,5.0,1.0,-5.9208636
CO[Si](CCC(F)(F)C(F)(F)C(F)(F)C(F)(F)C(F)(F)C(F)(F)F)(OC)OC,468.282,4.993400000000002,149.6322409304592,27.69,0.0,3.0,10.0,0.0,-7.5783505
CCCCCCCCC(CCC(F)(F)C(F)(F)C(F)(F)C(F)(F)C(F)(F)C(F)(F)C(F)(F)C(F)(F)F)C(OCCC)(OCCC)OCCC,762.6259999999996,12.076399999999984,273.1123677692012,27.69,0.0,3.0,26.0,0.0,-9.2192812
CCN(CC)S(=O)(=O)C(F)(F)C(F)(F)C(F)(F)C(F)(F)C(F)(F)C(F)(F)C(F)(F)C(F)(F)F,555.2500000000001,5.624900000000002,172.08832569855667,37.38,0.0,2.0,10.0,0.0,-7.209805
CCN(CC)CCCNC(=O)C(F)(F)C(F)(F)C(F)(F)C(F)(F)C(F)(F)C(F)(F)C(F)(F)C(F)(F)F,576.2910000000002,5.843900000000002,190.49870254737985,32.34,1.0,2.0,13.0,0.0,-8.7292366
C=COC(F)(F)C(F)(OC(F)(F)C(F)(F)S(=O)(=O)F)C(F)(F)F,392.142,3.4689000000000005,119.20817599762124,52.6,0.0,4.0,7.0,0.0,-6.0108643
O=S(=O)(O)CCC(F)(F)C(F)(F)C(F)(F)C(F)(F)C(F)(F)C(F)(F)F,428.166,4.003100000000001,129.07444207668746,54.370000000000005,1.0,2.0,7.0,0.0,-6.3366609
FC(F)(F)N1C(Br)(Br)N(C(F)(F)F)C(F)(F)C1(F)F,437.857,4.2303,114.10330491283857,6.48,0.0,2.0,0.0,1.0,-5.1194954
CN(C)CCC(CO)N(CCCS(=O)(=O)O)S(=O)(=O)C(F)(F)C(F)(F)C(F)(F)C(F)(F)C(F)(F)C(F)(F)C(F)(F)F,686.4560000000002,3.540300000000002,221.3997267827306,115.22,2.0,6.0,16.0,0.0,-7.830627
*C(F)(F)C(*)(F)F,100.014,1.2706,31.76633475393109,0.0,0.0,0.0,1.0,0.0,-4.2960858
O=C(O)C(F)C(F)(F)C(F)(F)C(F)(F)C(F)(F)C(F)(F)C(F)(F)C(F)(F)C(F)(F)C(F)(F)C(F)(F)C(F)(F)C(F)(F)F,696.1160000000002,7.959700000000004,208.7431748433073,37.3,1.0,1.0,12.0,0.0,-7.3068805
Nc1ncn(CC(F)(F)C(F)F)n1,198.123,0.7606999999999999,70.3551432093118,56.73,1.0,4.0,3.0,1.0,-4.9822159
O=C(CO)SC(=O)CCC(F)(F)C(F)(F)C(F)(F)C(F)(F)C(F)(F)C(F)(F)F,466.2149999999999,4.2841000000000005,149.78102038748546,54.37,1.0,4.0,8.0,0.0,-6.9377437
C=CCOC(=O)C(F)(F)C(F)(F)C(F)(F)C(F)(F)F,304.10799999999995,3.1838000000000006,99.3691287523083,26.3,0.0,2.0,5.0,0.0,-5.4153571
O=C([O-])C(F)(F)C(F)(F)C(F)(F)C(F)(F)C(F)F,295.0519999999999,1.5425999999999995,91.17507148131472,40.13,0.0,2.0,5.0,0.0,-4.8859725
COC(=O)C1CCC(C(F)(F)C(F)(F)C(F)(F)C(F)(F)C(F)(F)C(F)(F)F)CC1,460.23,5.704600000000003,153.9046949290479,26.3,0.0,2.0,6.0,1.0,-7.3956242
C[N+](C)(CCCC(F)(F)C(F)(F)C(F)(F)F)CC(=O)[O-],313.213,1.4258,110.10803888692116,40.13,0.0,2.0,7.0,0.0,-6.2101817
COC(=O)C(F)(F)C(F)(F)OC(F)(F)C(F)(OC(F)=C(F)F)C(F)(F)F,422.093,4.2767,132.62330293742363,44.760000000000005,0.0,4.0,7.0,0.0,-6.2811913
