Canonical SMILES,Molecular Weight,LogP,Labute ASA,TPSA,Num H Donors,Num H Acceptors,Num Rotatable Bonds,Num Rings
CCOC(=O)/C=C/C(F)(F)C(F)(F)C(F)(F)F,268.12799999999993,2.938600000000001,91.03805794645582,26.3,0.0,2.0,4.0,0.0
CC(C)OC(=O)C[N+](C)(C)CCCNC(=O)C(F)(F)C(F)(F)C(F)(F)C(F)(F)C(F)(F)C(F)(F)C(F)(F)C(F)(F)C(F)(F)C(F)(F)F,749.3760000000003,6.800700000000005,248.47059354721375,55.4,1.0,3.0,16.0,0.0
C=CC(=O)OCCN(C)S(=O)(=O)CCC(F)(F)C(F)(F)C(F)(F)C(F)(F)C(F)(F)C(F)(F)C(F)(F)C(F)(F)C(F)(F)C(F)(F)C(F)(F)C(F)(F)F,839.3520000000004,7.917900000000006,264.91761013450576,63.68,0.0,4.0,18.0,0.0
O=P([O-])([O-])OCCC(F)(F)C(F)(F)C(F)(F)C(F)(F)C(F)(F)C(F)(F)C(F)(F)C(F)(F)F.[NH4+].[NH4+],578.1560000000001,4.9836,175.36095604341224,145.42000000000002,2.0,4.0,10.0,0.0
C=CCOCC(F)(OC(F)(F)C(F)(OC(F)(F)C(F)(F)C(F)(F)F)C(F)(F)F)C(F)(F)F,522.151,6.061600000000003,164.21874879227462,27.69,0.0,3.0,10.0,0.0
OCC(F)(F)C(F)(F)C(F)(F)C(F)(F)C(F)(F)C(F)(F)C(F)(F)C(F)(F)C(F)(F)C(F)(F)CO,562.138,5.324000000000004,171.65278984910893,40.46,2.0,2.0,11.0,0.0
O=S(=O)(O)OCCC(F)(F)C(F)(F)C(F)(F)C(F)(F)C(F)(F)C(F)(F)C(F)(F)C(F)(F)C(F)(F)C(F)(F)C(F)(F)C(F)(F)F,744.2070000000003,7.746500000000005,222.5730687037468,63.60000000000001,1.0,3.0,14.0,0.0
CCc1c(C(=O)O)ccc(C(F)(C(F)(F)F)C(F)(F)F)c1SC,364.2819999999999,4.958500000000002,130.22361161836187,37.3,1.0,2.0,4.0,1.0
C[Si](C)(CCCC(F)(F)C(F)(F)C(F)(F)F)N1CCOCC1,355.3700000000001,4.136800000000004,125.24084789808228,12.47,0.0,2.0,6.0,1.0
C[NH+]1C=CN(CCC(F)(F)C(F)(F)C(F)(F)C(F)(F)F)C1.O=S(=O)([N-]S(=O)(=O)C(F)(F)F)C(F)(F)F,611.3490000000003,3.163000000000002,191.13812360674646,90.06,1.0,5.0,7.0,1.0
O=P([O-])(OCCC(F)(F)C(F)(F)C(F)(F)C(F)(F)C(F)(F)C(F)(F)C(F)(F)C(F)(F)C(F)(F)C(F)(F)C(F)(F)C(F)(F)C(F)(F)C(F)(F)C(F)(F)C(F)(F)F)OCCC(F)(F)C(F)(F)C(F)(F)C(F)(F)C(F)(F)C(F)(F)C(F)(F)C(F)(F)C(F)(F)C(F)(F)C(F)(F)C(F)(F)C(F)(F)C(F)(F)C(F)(F)C(F)(F)F.OCC[NH2+]CCO,1895.443000000002,18.986200000000025,574.6124258096424,115.66000000000001,3.0,6.0,40.0,0.0
O=C(CCCCC(=O)OCC(I)CC(F)(F)C(F)(F)C(F)(F)C(F)(F)C(F)(F)C(F)(F)C(F)(F)C(F)(F)F)OCC(I)CC(F)(F)C(F)(F)C(F)(F)C(F)(F)C(F)(F)C(F)(F)C(F)(F)C(F)(F)F,1318.1880000000008,14.039399999999988,379.29470271721846,52.60000000000001,0.0,4.0,25.0,0.0
FC(F)(F)COC(F)(F)C(F)(F)Cl,234.49799999999996,2.9897,72.40963664789156,9.23,0.0,1.0,3.0,0.0
Cc1cc(C(F)(C(F)(F)F)C(F)(F)F)cc(C)c1NC(=O)c1cccc(NC(=O)c2ccccc2)c1F,530.4150000000002,7.236540000000004,204.84723812311472,58.2,2.0,2.0,5.0,3.0
N#CC=Cc1ccc(OCC(F)(F)C(F)F)cc1,259.20199999999994,3.502580000000002,101.0997192963729,33.019999999999996,0.0,2.0,5.0,1.0
O=C(O)C1(F)C(F)(F)C(F)(F)C(F)(F)C(F)(C(F)(F)C(F)(F)C(F)(F)C(F)(F)C(F)(F)F)C1(F)F,576.0960000000001,6.145900000000002,174.1797824463537,37.3,1.0,1.0,5.0,1.0
Cl.FC1(F)CNCC1(F)F,179.54399999999998,1.2820000000000003,61.19334326535254,12.03,1.0,1.0,0.0,1.0
CCN([O-])CCCNS(=O)(=O)C(F)(F)C(F)(F)C(F)(F)C(F)(F)C(F)(F)C(F)(F)F,499.26899999999995,3.8119000000000023,159.35937640773716,72.47,1.0,4.0,11.0,0.0
C=C(Br)C(F)(F)C(F)(F)F,224.95399999999995,3.0926,61.83969895910766,0.0,0.0,0.0,1.0,0.0
O=C(O)CCC(F)(F)C(F)(F)C(F)(F)C(F)(F)C(F)(F)C(F)(F)C(F)(F)C(F)(F)C(F)(F)C(F)(F)C(F)(F)F,642.1460000000002,7.766500000000005,196.2465686345286,37.3,1.0,1.0,12.0,0.0
OCCC(F)(F)C(F)(F)C(F)(F)C(F)(F)C(F)(F)C(F)(F)C(F)(F)C(F)(F)C(F)(F)C(F)(F)C(F)(F)C(F)(F)C(F)(F)F,714.1500000000003,8.554700000000002,215.11213026058638,20.23,1.0,1.0,13.0,0.0
O=C(O)C(F)(F)C(C(F)(F)F)(C(F)(F)F)C(F)(C(F)(F)F)C(F)(F)F,414.06399999999996,4.6502,124.7326327247391,37.3,1.0,1.0,3.0,0.0
FC(F)=C(F)OCC(F)(F)C(F)(F)F,230.05399999999995,3.2357000000000005,71.94724490614847,9.23,0.0,1.0,3.0,0.0
O=P(O)(C(F)(F)C(F)(F)C(F)(F)C(F)(F)C(F)(F)C(F)(F)C(F)(F)F)C(F)(F)C(F)(F)C(F)(F)C(F)(F)C(F)(F)C(F)(F)C(F)(F)F,802.0740000000004,9.920000000000002,232.62006451318908,37.3,1.0,1.0,12.0,0.0
CCN(CCC[N+](C)(C)CCC(=O)[O-])S(=O)(=O)C(F)(F)C(F)(F)C(F)(F)C(F)(F)C(F)(F)C(F)(F)C(F)(F)C(F)(F)C(F)(F)C(F)(F)C(F)(F)F,834.4300000000004,6.117400000000004,269.291578154722,77.51,0.0,4.0,19.0,0.0
O=C(O)c1ccc(C(F)(F)C(F)(F)C(F)(F)F)cc1,290.13399999999996,3.674200000000001,101.00567524980683,37.3,1.0,1.0,3.0,1.0
O=S(=O)(O)c1ccc(OC(F)=C(F)C(F)(F)C(F)(F)C(F)(F)C(F)(F)C(F)(F)C(F)(F)C(F)(F)C(F)(F)F)cc1,654.2410000000002,7.429600000000004,206.2785751264247,63.60000000000001,1.0,3.0,10.0,1.0
O=P([O-])(C(F)(F)C(F)(F)C(F)(F)C(F)(F)F)C(F)(F)C(F)(F)C(F)(F)C(F)(F)F.O=P([O-])(C(F)(F)C(F)(F)C(F)(F)C(F)(F)F)C(F)(F)C(F)(F)C(F)(F)C(F)(F)F.O=P([O-])(C(F)(F)C(F)(F)C(F)(F)C(F)(F)F)C(F)(F)C(F)(F)C(F)(F)C(F)(F)F.[Er+3],1670.3320000000012,16.428599999999996,466.3037487063016,120.38999999999999,0.0,6.0,18.0,0.0
O=S(=O)(OS(=O)(=O)C(F)(F)C(F)(F)C(F)(F)C(F)(F)C(F)(F)C(F)(F)F)C(F)(F)C(F)(F)C(F)(F)C(F)(F)C(F)(F)C(F)(F)F,782.2090000000003,7.055200000000005,225.8398845074704,77.51,0.0,5.0,12.0,0.0
CCc1c(C(=O)O)ccc(C(F)(C(F)(F)F)C(F)(F)F)c1S(=O)(=O)C(C)CC,438.36100000000005,4.808800000000003,155.82072631797305,71.44,1.0,3.0,6.0,1.0
FC(F)(F)C(F)(F)C(F)(F)C(F)(F)C(F)(F)C(F)(F)CCC(F)(F)C(F)(F)C(F)(F)C(F)(F)C(F)(F)C(F)(F)F,666.1340000000004,9.244200000000001,199.78741899106754,0.0,0.0,0.0,11.0,0.0
O=S(=O)(Cc1ccccc1)C(F)(F)C(F)(F)C(F)(F)C(F)(F)F,374.22399999999993,4.027100000000002,123.3713306996027,34.14,0.0,2.0,5.0,1.0
N#CC(F)(F)C(F)(F)C(F)(F)C(F)(F)C(F)(F)C(F)(F)C(F)(F)C(F)(F)C(F)(F)F,495.07899999999995,6.154680000000003,149.56148239446617,23.79,0.0,1.0,7.0,0.0
O=C(C(F)(F)C(F)(F)F)C(F)(C(F)(F)F)C(F)(F)F,316.04099999999994,3.586,94.71190853497116,17.07,0.0,1.0,2.0,0.0
O=C(C(C(F)(F)F)C(F)(F)C(F)(F)C(F)(F)F)N1CCCC1,349.1680000000001,3.6202000000000014,116.59460870337928,20.310000000000002,0.0,1.0,3.0,1.0
O=C(O)C(F)(F)C(F)(F)C(F)(F)C(F)(F)C(F)(F)C(F)(F)C(F)(F)C(F)(F)C(F)(F)Cl,530.533,5.985000000000001,160.2623893891927,37.3,1.0,1.0,9.0,0.0
FC(F)(F)C(OCC1CO1)(c1ccccc1)C(F)(F)F,300.198,3.4219000000000017,109.83552752891855,21.759999999999998,0.0,2.0,4.0,2.0
O=C(O)C=C(F)C(F)(F)C(F)(F)C(F)(F)C(F)(F)C(F)(F)C(F)(F)C(F)(F)C(F)(F)C(F)(F)C(F)(F)F,608.1130000000002,7.204400000000004,185.02648808502153,37.3,1.0,1.0,10.0,0.0
Oc1ccc(CCCNCC(F)(F)C(F)(F)F)cc1O,299.239,2.817600000000001,111.58706250850784,52.489999999999995,3.0,3.0,6.0,1.0
CC(C)(C)C(N)=CC(=O)C(F)(F)C(F)(F)C(F)(F)F,295.1979999999999,3.277100000000001,103.99428764275487,43.09,1.0,2.0,3.0,0.0
FC(F)(F)C1(C(F)(F)F)C[CH-]CO1.[C-]#[O+].[C-]#[O+].[Fe+6].[c-]1[c-][c-][cH-][c-]1,380.0210000000001,3.0031300000000014,138.81538733223087,49.03,0.0,1.0,0.0,2.0
FCOC(C(F)(F)F)C(F)(F)F,200.05299999999997,2.4232000000000005,62.10637042100989,9.23,0.0,1.0,2.0,0.0
Oc1ccc(Br)cc1CCCC(F)(F)C(F)(F)C(F)(F)C(F)(F)C(F)(C(F)(F)F)C(F)(F)F,583.1290000000001,7.851500000000006,182.22563666519395,20.23,1.0,1.0,8.0,1.0
C=CC(F)(F)C(F)(F)C(F)(F)C(F)(F)C(F)(F)C(F)(F)C(F)(F)C(F)(F)C=C,454.148,6.440800000000003,144.02297466864346,0.0,0.0,0.0,9.0,0.0
C[N+](C)(CCCCC(F)(F)C(F)(F)C(F)(F)C(F)(F)C(F)(F)C(F)(F)F)CC(=O)[O-],477.261,3.7218000000000018,160.56101976206494,40.129999999999995,0.0,2.0,11.0,0.0
O=S(=O)(O)C1(F)C(F)(F)C(F)(F)C(F)(F)C(F)(F)C1(F)C(F)(F)C(F)(F)F,462.12999999999994,4.0007,136.3996817290107,54.370000000000005,1.0,2.0,2.0,1.0
FC(F)(F)C(F)(F)C=CC(F)(F)C(F)(F)C(F)(F)C(F)(F)C(F)(F)C(F)(F)F,464.09,6.479000000000003,140.31376427788695,0.0,0.0,0.0,6.0,0.0
CCC(OC(=O)C(C(=O)[O-])C(F)(F)F)(C(F)(F)F)C(F)(F)F,349.12499999999994,1.7314,115.37942975112892,66.43,0.0,4.0,4.0,0.0
O=C=Nc1ccc2c(c1)C(F)(F)OC(F)(F)O2,249.11899999999991,2.6625000000000005,91.46647496578014,47.89,0.0,4.0,1.0,2.0
C=CC(F)(F)C(F)(F)C(F)(F)C(F)(F)C(F)(F)C(F)(F)F,346.08599999999996,4.911200000000001,106.75620303446259,0.0,0.0,0.0,5.0,0.0
O=C(O)C(F)(Cl)C(F)(F)F,180.48399999999998,1.5379,57.39029894744916,37.3,1.0,1.0,1.0,0.0
FC(F)(C(Cl)(Cl)Cl)C(F)(Cl)C(F)(F)C(F)(Cl)C(F)(F)C(Cl)(Cl)Cl,519.685,7.4419,162.67931675267246,0.0,0.0,0.0,4.0,0.0
OC(CCl)(c1ccc(F)cc1F)C(F)(F)C(F)(F)C(F)(F)F,360.6029999999999,4.224100000000001,121.84343229689378,20.23,1.0,1.0,4.0,1.0
FC(F)(Cl)C(F)(F)Cl,170.92000000000002,2.6495999999999995,52.37286720769444,0.0,0.0,0.0,1.0,0.0
O=C(O)C(F)(F)C(F)(F)C(F)(F)C(F)(C(F)(F)F)C(F)(F)C(F)(F)F,414.06399999999996,4.4451,124.7326327247391,37.3,1.0,1.0,5.0,0.0
COC(=O)C(F)(F)OC(F)(F)C(F)(F)C(F)(F)C(F)(F)C(F)(F)C(F)(F)C(F)(F)C(F)(F)F,544.104,5.735700000000002,165.9224573864516,35.53,0.0,3.0,9.0,0.0
Cc1cc(Br)c(N)c(C(O)(C(F)(F)F)C(F)(F)F)c1,352.072,3.6519200000000005,111.88605604949089,46.25,2.0,2.0,1.0,1.0
FC(=NN=C(Cl)C(F)(F)F)C(F)(F)F,244.49699999999993,3.0313,77.0568724103399,24.72,0.0,2.0,1.0,0.0
FC(OC(F)(F)C(F)F)C(F)(F)F,218.04299999999995,2.7188,66.27190582393614,9.23,0.0,1.0,3.0,0.0
CCCSc1c(C(F)(C(F)(F)F)C(F)(F)F)ccc(C(=O)O)c1CC,392.3360000000001,5.738700000000002,142.95349584715512,37.3,1.0,2.0,6.0,1.0
F/C=C(\F)C(F)(F)C(F)(F)C(F)(F)C(F)(F)C(F)(F)C(F)(F)F,382.066,5.505600000000001,115.08727384031506,0.0,0.0,0.0,5.0,0.0
CCC(=O)C(C)=C(F)C(F)(F)F,184.13199999999998,2.771300000000001,67.06296439377365,17.07,0.0,1.0,2.0,0.0
O=C(CCF)C(F)(F)C(F)(F)F,194.07399999999998,2.1127000000000002,63.35375400301716,17.07,0.0,1.0,3.0,0.0
O=S(=O)(O)CC(F)(F)C(F)(F)C(F)(F)C(F)(F)C(F)(F)C(F)(F)C(F)(F)C(F)(F)C(F)(F)C(F)(F)C(F)(F)C(F)(F)F,714.1810000000003,7.424800000000004,210.88557748378528,54.370000000000005,1.0,2.0,12.0,0.0
NC(=O)C(F)C(F)(F)F,145.055,0.3721000000000002,47.632689665384184,43.09,1.0,1.0,1.0,0.0
CC(F)(F)C(F)(F)OC(F)(C(=O)O)C(F)(F)F,276.07899999999995,2.5637,87.95754590496912,46.53,1.0,2.0,4.0,0.0
O=P(O)(O)CCC(F)(OC(F)(F)C(F)(OC(F)(F)C(F)(OC(F)(F)C(F)(F)C(F)(F)F)C(F)(F)F)C(F)(F)F)C(F)(F)F,726.1130000000003,7.264300000000006,217.31791427715282,85.22000000000001,2.0,4.0,12.0,0.0
C[N+](C)(CCC(F)C(F)(F)C(F)(F)C(F)(F)C(F)(F)C(F)(F)C(F)(F)C(F)(F)C(F)(F)C(F)(F)C(F)(F)C(F)(F)F)CC(=O)O,732.2670000000002,7.790900000000007,231.84167765183994,37.3,1.0,1.0,15.0,0.0
FC(F)(F)C(F)(F)C(F)(F)COCC1CO1,256.11699999999996,2.2347,85.30891084017736,21.759999999999998,0.0,2.0,5.0,1.0
CC(=O)OCCC(F)(F)C(F)(F)C(F)(F)C(F)(F)C(F)(F)C(F)(F)C(F)(F)C(F)(F)C(F)(F)C(F)(F)F,606.1660000000002,7.219600000000004,188.234809305987,26.3,0.0,2.0,11.0,0.0
CCCCCCCCCCN(CC(=O)O)S(=O)(=O)C(F)(F)C(F)(F)C(F)(F)C(F)(F)C(F)(F)C(F)(F)C(F)(F)C(F)(F)F,697.4480000000003,7.810400000000006,231.96361846596935,74.68,1.0,3.0,19.0,0.0
FC1=C(I)C(F)(F)C(F)(F)C(F)(F)C1(F)F,369.95199999999994,4.1573,95.62018416147885,0.0,0.0,0.0,0.0,1.0
CNS(=O)(=O)C(F)(F)C(F)(F)C(F)(F)C(F)(F)F,313.1409999999999,1.9613000000000003,93.9994761877752,46.17,1.0,2.0,4.0,0.0
Cc1cc(C(F)(C(F)(F)F)C(F)(F)F)cc(C)c1NC(=O)c1cccc(NC(=O)c2ccc(F)cc2Cl)c1F,582.8500000000001,8.029040000000004,219.31603975292268,58.2,2.0,2.0,5.0,3.0
FC(F)=C(F)OC(F)(F)C(F)(F)C(F)(F)C(F)(F)OC(F)(F)F,382.04699999999997,5.030700000000001,114.78388678200598,18.46,0.0,2.0,6.0,0.0
CCCN(CCOCCOCCCCS(=O)(=O)[O-])S(=O)(=O)CCC(F)(F)C(F)(F)C(F)(F)C(F)(F)C(F)(F)C(F)(F)C(F)(F)C(F)(F)F.[Li+],799.4880000000005,2.790300000000001,279.52609672311286,113.03999999999999,0.0,7.0,23.0,0.0
O=C([O-])C(F)(F)C(F)(F)C(F)(F)C(F)(F)C(F)(F)C(F)(F)C(F)(F)C(F)(F)C(F)(F)C(F)F.[NH4+],563.126,5.0953,170.7908864465067,76.63,1.0,2.0,10.0,0.0
CCCC(=O)OCC(F)(F)C(F)(F)C(F)(F)F,270.14399999999995,3.162600000000002,91.72766097864009,26.3,0.0,2.0,5.0,0.0
O=C(O)C(F)(F)C(F)(Cl)C(F)(F)C(F)(F)C(F)(F)C(F)(F)C(F)(F)C(F)(F)C(F)(F)C(F)(F)C(F)(F)F,630.5470000000003,7.255600000000004,189.65441522969084,37.3,1.0,1.0,10.0,0.0
FC(F)(F)C(F)(F)C(F)(C(F)(C(F)(F)F)C(F)(F)F)C(F)(C(F)(F)F)C(F)(F)F,488.05899999999997,6.558100000000003,142.96949600152712,0.0,0.0,0.0,3.0,0.0
O=C(O)C(F)(F)C(F)(C(F)(F)F)C(F)(F)C(F)(C(F)(F)F)C(F)(F)F,414.06399999999996,4.4451,124.7326327247391,37.3,1.0,1.0,4.0,0.0
O=C(O)C(F)(F)C(F)(F)C(F)(F)C(F)(F)C(F)(F)C(F)(F)C(F)(F)C(F)(F)C(F)(F)C(F)(F)C(F)(F)C(=O)O,640.1110000000002,6.143900000000004,194.6718469694455,74.6,2.0,2.0,12.0,0.0
COC(F)(F)C(F)(F)Cl,166.501,2.0572,53.54808832471626,9.23,0.0,1.0,2.0,0.0
FC(F)(F)C(F)(F)C(F)(F)C(F)(F)C(F)(F)C(F)(F)C(F)(F)C(F)(F)CCc1ccc(P(c2ccccc2)c2ccc(CCC(F)(F)C(F)(F)C(F)(F)C(F)(F)C(F)(F)C(F)(F)C(F)(F)C(F)(F)F)cc2)cc1,1154.4920000000004,15.328799999999983,383.97232289992223,0.0,0.0,0.0,21.0,3.0
FC(F)(F)C(F)(F)C(F)(F)C(F)(F)C(F)(F)C(F)(F)c1cc(-c2ccccc2)[nH]n1,462.20900000000006,6.272000000000002,157.22737222034718,28.68,1.0,1.0,6.0,2.0
CCOC(F)(F)C(F)(F)F,164.073,2.178,53.77529961515744,9.23,0.0,1.0,2.0,0.0
FC(OC(F)(F)C(F)(F)F)(OC(F)(F)C(F)(F)F)OC(F)(F)C(F)(F)F,436.042,5.082300000000001,128.91810584954956,27.69,0.0,3.0,6.0,0.0
OCCC(F)(C(F)(F)F)C(F)(F)F,214.07999999999998,2.2016999999999998,68.15200105809564,20.23,1.0,1.0,2.0,0.0
C=C(C)C(=O)OCCN(CC)S(=O)(=O)C(F)(F)C(F)(F)C(F)(F)C(F)(F)C(F)(F)F,489.303,3.818400000000003,162.04551969276224,63.68,0.0,4.0,10.0,0.0
O=[S@](/N=C/c1ccccc1F)C(F)(F)C(F)(F)C(F)(F)C(F)(F)F,389.21399999999994,4.3340000000000005,129.31642192080685,29.43,0.0,1.0,5.0,1.0
C[N+](C)(CCC(F)C(F)(F)C(F)(F)C(F)(F)C(F)(F)C(F)(F)C(F)(F)C(F)(F)C(F)(F)C(F)(F)F)CC(=O)[O-],631.245,5.185600000000004,202.4496518113418,40.129999999999995,0.0,2.0,13.0,0.0
CN(CC1CO1)S(=O)(=O)C(F)(F)C(F)(F)C(F)(F)C(F)(F)F,369.2049999999999,2.0725000000000002,117.411988093538,49.910000000000004,0.0,3.0,6.0,1.0
FC(F)(CC1CO1)C(F)(F)CC1CO1,214.15799999999996,1.8348,78.17141559226603,25.06,0.0,2.0,5.0,2.0
OC(CC(O)(C(F)(F)F)C(F)(F)F)CC(O)(C(F)(F)F)C(F)(F)F,392.1359999999999,2.8389,124.02791403470526,60.69,3.0,3.0,4.0,0.0
CN(CCC[N+](C)(C)[O-])S(=O)(=O)CCC(F)(F)C(F)(F)C(F)(F)C(F)(F)C(F)(F)C(F)(F)F,542.3580000000001,4.341200000000004,178.87414572411762,60.44,0.0,3.0,12.0,0.0
C[N+](C)(CCCNC(=O)C(F)(F)C(F)(F)C(F)(F)C(F)(F)C(F)(F)F)CC(=O)[O-],456.25200000000007,1.4225,155.57639112546767,69.23,1.0,3.0,10.0,0.0
C[N+](C)(CCC(=O)O)CC(O)CC(F)(F)C(F)(F)C(F)(F)C(F)(F)C(F)(F)C(F)(F)C(F)(F)C(F)(F)C(F)(F)C(F)(F)C(F)(F)C(F)(F)C(F)(F)C(F)(F)C(F)(F)C(F)(F)C(F)(F)C(F)(F)F,1094.3520000000008,11.650899999999993,341.7074085572498,57.53,2.0,2.0,23.0,0.0
OC(C(F)(F)F)(C(F)(F)F)C(F)(F)F,236.03299999999996,2.4044,70.1181297495515,20.23,1.0,1.0,0.0,0.0
O=P(O)(C(F)(F)C(F)(F)C(F)(F)C(F)(F)C(F)(F)C(F)(F)C(F)(F)C(F)(F)F)C(F)(F)C(F)(F)C(F)(F)C(F)(F)C(F)(F)C(F)(F)C(F)(F)C(F)(F)C(F)(F)C(F)(F)F,1002.1020000000007,12.461199999999998,291.40411619418535,37.3,1.0,1.0,16.0,0.0
Cc1ccc(S(=O)(=O)OCC(F)(F)C(F)(F)C(F)(F)C(F)(F)COS(=O)(=O)c2ccc(C)cc2)cc1,570.4760000000001,4.955440000000004,200.6282124388467,86.74000000000001,0.0,6.0,11.0,2.0
N#CC1(F)C(F)(F)C(F)(F)C(F)(F)C(F)(F)C1(F)F,307.06199999999995,3.4083799999999997,96.13654167433725,23.79,0.0,1.0,0.0,1.0
O=C(O)C(F)(F)C(F)(F)C(F)(F)C(F)(F)C(F)(F)C(F)(F)C(F)(F)C(F)(F)C(F)(F)C(F)(F)C(F)(F)C(F)(F)C(F)(F)C(F)(F)C(F)(F)C(F)(F)C(F)(F)C(F)(F)F,964.1410000000006,11.4334,286.3887748474789,37.3,1.0,1.0,17.0,0.0
C[N+](C)(CCO)CC(O)CNS(=O)(=O)C(F)(F)C(F)(F)C(F)(F)C(F)(F)C(F)(F)C(F)(F)F,545.3380000000001,2.0317,177.1394273758437,86.63,3.0,4.0,12.0,0.0
FC(F)(F)C(F)(F)C(F)(F)C(F)(F)C(F)(F)C(F)(F)CCCCC(F)(F)C(F)(F)C(F)(F)C(F)(F)C(F)(F)C(F)(F)F,694.1880000000004,10.024399999999998,212.51730321986076,0.0,0.0,0.0,13.0,0.0
C=CC(F)(F)C(F)(F)C(F)(F)C(F)(F)C(F)(F)C(F)(F)C(F)(F)C(F)(F)C(F)(F)C(F)(F)F,546.114,7.452400000000004,165.54025471545887,0.0,0.0,0.0,9.0,0.0
C[N+](C)(C)CCCNS(=O)(=O)c1ccc(OC(=C(C(F)(C(F)(F)F)C(F)(F)F)C(F)(C(F)(F)F)C(F)(F)F)C(F)(F)F)cc1,703.4350000000004,6.922200000000004,236.42402211533658,55.400000000000006,1.0,3.0,10.0,1.0
OB(O)c1ccc(C(F)(C(F)(F)F)C(F)(F)F)cc1,289.9429999999999,1.6557999999999995,102.166048804056,40.46,2.0,2.0,2.0,1.0
NS(=O)(=O)c1ccc(CNC(=O)C(F)(F)C(F)(F)C(F)(F)C(F)(F)C(F)(F)C(F)(F)F)cc1,532.278,3.689000000000001,174.31495114579047,89.25999999999999,2.0,3.0,8.0,1.0
O=P(O)(OCCC(F)(F)C(F)(F)C(F)(F)C(F)(F)C(F)(F)F)OCCC(F)(F)C(F)(F)C(F)(F)C(F)(F)C(F)(F)C(F)(F)C(F)(F)F,790.1660000000005,9.377799999999999,239.0882381055456,55.760000000000005,1.0,3.0,16.0,0.0
O=C(O)c1cccc(C(F)(C(F)(F)F)C(F)(F)F)c1,290.1339999999999,3.674200000000001,101.00567524980681,37.3,1.0,1.0,2.0,1.0
FC(F)(F)C(F)(F)C(F)(F)OC1(F)C(F)(F)C1(F)F,316.041,3.7434,94.65810051090504,9.23,0.0,1.0,3.0,1.0
Fc1c(F)c(F)c2c(c1F)C(F)(F)C(F)(F)C2(F)Cl,314.534,4.3448,103.31348316237533,0.0,0.0,0.0,0.0,2.0
CCCCCCCCCCCCCCCCCCOC(=O)C(F)(F)C(F)(F)C(F)(F)F,466.52199999999993,8.624000000000002,180.83685058019265,26.3,0.0,2.0,19.0,0.0
Cc1cc(C(F)(C(F)(F)F)C(F)(F)F)cc(C)c1NC(=O)c1cccc(NC(=O)c2ccc(F)cc2Cl)c1,564.8600000000001,7.889940000000004,215.15050434999642,58.2,2.0,2.0,5.0,3.0
CC(C)OC(=O)C(F)(F)C(F)(F)C(F)(F)C(F)(F)C(F)(F)C(F)(F)C(F)(F)C(F)(F)C(F)(F)F,556.1590000000001,6.5827000000000035,173.53879638573792,26.3,0.0,2.0,9.0,0.0
CCOC(=O)C(F)(F)C(F)(F)F,192.08299999999997,1.7470999999999999,64.3017638295978,26.3,0.0,2.0,2.0,0.0
C[N+](C)(CCCC(F)(F)C(F)(F)C(F)(F)C(F)(F)C(F)(F)C(F)(F)C(F)(F)C(F)(F)C(F)(F)C(F)(F)C(F)(F)C(F)(F)F)CC(=O)[O-],763.2760000000002,7.143500000000008,242.3721551691628,40.129999999999995,0.0,2.0,16.0,0.0
O=S(=O)(O)C(F)(F)C(F)(F)C(F)(F)C(F)(C(F)(F)F)C(F)(F)C(F)(F)C(F)(F)F,500.1259999999999,4.841100000000001,145.73658368839241,54.370000000000005,1.0,2.0,6.0,0.0
C[N+](C)(C)CC(O)CSCCC(F)(F)C(F)(F)C(F)(F)C(F)(F)C(F)(F)C(F)(F)C(F)(F)C(F)(F)C(F)(F)C(F)(F)C(F)(F)C(F)(F)F,796.3950000000003,8.727400000000001,254.69868520888085,20.23,1.0,2.0,17.0,0.0
O=C(O)C(F)(F)C(F)(F)C(F)=CCl,224.512,2.3913,73.59611554698435,37.3,1.0,1.0,3.0,0.0
C=CCOCCC(F)(F)C(F)(F)C(F)(F)C(F)(F)F,304.15199999999993,4.047300000000002,101.57254876666114,9.23,0.0,1.0,7.0,0.0
C[N+](C)(CCCC(=O)[O-])CCCC(F)(F)C(F)(F)C(F)(F)C(F)(F)C(F)(F)C(F)(F)C(F)(F)C(F)(F)F,591.3020000000001,5.382500000000003,196.3179877169597,40.129999999999995,0.0,2.0,14.0,0.0
O=C(O)C(F)OC(F)(F)C(F)(F)OC(F)(F)OC(F)(F)OC(F)(F)OC(F)(F)F,476.069,3.8059000000000003,146.13482346934728,83.45000000000002,1.0,6.0,11.0,0.0
CC1CCC(C(F)(C(F)(F)F)C(F)(F)F)C(O)C1,282.19899999999996,3.6164000000000023,98.97088047654945,20.23,1.0,1.0,1.0,1.0
CCOP(=O)(OCC)C1=C(P(=O)(OCC)OCC)C(F)(F)C(F)(F)C1(F)F,448.23300000000006,5.649700000000004,151.79639638315595,71.06,0.0,6.0,10.0,1.0
CC1=CC2=S(S1)SC(C)=C2C1(C(C(F)(F)F)C(F)(F)F)SC(=C(C(F)(F)F)C(F)(F)F)S1,576.5400000000001,9.182399999999998,190.33579415264862,0.0,0.0,4.0,2.0,3.0
CCCC[P+](CCCC)(CCCC)CC(C)OC.[O-]c1ccc(C(c2ccc(O)cc2)(C(F)(F)F)C(F)(F)F)cc1,610.6600000000003,9.315699999999998,241.20803426445121,52.519999999999996,1.0,3.0,14.0,2.0
NCCCSC(F)(F)C(F)(F)F,209.18299999999996,2.2235000000000005,70.48969722242511,26.02,1.0,2.0,4.0,0.0
C=C(Cl)C(=O)OCCC(F)(F)C(F)(F)C(F)(F)C(F)(F)C(F)(F)C(F)(F)F,452.59399999999994,5.411000000000001,145.42936293408474,26.3,0.0,2.0,8.0,0.0
CC(SC(F)(F)C(F)(F)F)C(=O)O,224.14999999999998,2.3478,74.10556237765219,37.3,1.0,2.0,3.0,0.0
CN(O)C(=O)C(F)(F)C(F)(F)C(F)(F)F,243.07799999999995,1.6669000000000003,78.02739532782076,40.54,1.0,2.0,2.0,0.0
Cl.NCCc1cc(OC(F)(F)C(F)F)c(OC(F)(F)C(F)F)c(OC(F)(F)C(F)F)c1,505.683,5.319700000000002,171.17098450786742,53.71000000000001,1.0,4.0,11.0,1.0
C=CC(=O)OCCOC(=O)Nc1ccc(Cc2ccc(NC(=O)OCCN(C)S(=O)(=O)C(F)(F)C(F)(F)C(F)(F)C(F)(F)F)cc2)cc1,723.5670000000006,5.790900000000005,266.2083805541485,140.33999999999997,2.0,8.0,15.0,2.0
FC(F)(F)C(F)(F)C(F)(F)C(F)(F)C1(F)OC(F)(F)C(F)(F)C1(F)F,416.055,5.014000000000001,124.05012635140321,9.23,0.0,1.0,3.0,1.0
COC(=O)OCC(F)(F)C(F)(F)F,208.08199999999997,1.967,69.41530905910469,35.53,0.0,3.0,2.0,0.0
CCC(C)(C)c1ccc(OCCCCCC(=O)Nc2ccc(NC(=O)C(F)(F)C(F)(F)C(F)C(F)(F)F)c(O)c2)c(C(C)(C)CC)c1,682.6929999999999,9.454799999999999,268.8071125003061,87.66000000000001,3.0,4.0,16.0,2.0
CC(=O)OC(C(CO)C(F)(F)C(F)(F)F)C(CO)[N+](C)(C)CC(=O)[O-],381.29400000000015,-1.0885999999999996,139.73532925820118,106.89000000000001,2.0,6.0,9.0,0.0
CCCSSC(C(F)(F)F)C(F)(F)F,258.25199999999995,4.271000000000001,85.20335615445013,0.0,0.0,2.0,4.0,0.0
O=C(COC(=O)C(F)(C(F)(F)F)S(=O)(=O)O)OC1C2CC3C(=O)OC1C3C2,420.28900000000016,0.13870000000000027,148.21704255039865,133.27,1.0,8.0,5.0,3.0
O=[N+]([O-])c1cccc(C(F)(F)C(F)(F)C(F)(F)C(F)(F)F)c1,341.1289999999999,4.519500000000001,115.0339659259193,43.14,0.0,2.0,4.0,1.0
O=C(F)C(F)(OC(F)(F)C(F)(OC(F)(F)C(F)(OC(F)(F)C(F)(OC(F)(F)C(F)(F)C(F)(F)F)C(F)(F)F)C(F)(F)F)C(F)(F)F)C(F)(F)F,830.1000000000006,9.030100000000003,247.43020573524046,53.99000000000001,0.0,5.0,13.0,0.0
CCCCCCN.O=C(O)C(F)(F)C(F)(F)C(F)(F)C(F)(F)C(F)(F)F,415.24299999999994,4.699900000000003,139.8759814211625,63.32000000000001,2.0,2.0,8.0,0.0
O=P(O)(O)OCC(O)CC(F)(F)C(F)(F)C(F)(F)C(F)(F)C(F)(F)C(F)(F)C(F)(F)C(F)(F)C(F)(F)C(F)(F)F,674.1340000000002,6.126700000000005,203.64065702260973,86.99000000000001,3.0,3.0,13.0,0.0
O=S(=O)(F)C(F)(F)C(F)(F)C(F)(F)C(F)(F)C(F)(F)F,352.09599999999995,3.3467,101.10633974492477,34.14,0.0,2.0,4.0,0.0
OCCCSCCC(F)(F)C(F)(F)C(F)(F)C(F)(F)C(F)(F)C(F)(F)C(F)(F)C(F)(F)F,538.263,6.5015000000000045,170.85000202789607,20.23,1.0,2.0,12.0,0.0
C[N+](C)([O-])CCC[N-]S(=O)(=O)C(F)(F)C(F)(F)C(F)(F)C(F)(F)C(F)(F)C(F)(F)C(F)(F)C(F)(F)F.[K+],638.3810000000001,2.6251000000000015,237.8839384301932,71.3,0.0,3.0,12.0,0.0
FC(F)(F)C(F)(F)C(F)(F)C(F)(F)C(F)(F)C(F)(F)C(F)(F)Br,448.95099999999996,5.712900000000001,123.27948236374408,0.0,0.0,0.0,5.0,0.0
O=C(O)CCSC(CO)C(CO)C(F)(F)C(F)(F)C(F)(F)C(F)(F)C(F)(F)C(F)(F)C(F)(F)C(F)(F)C(F)(F)C(F)(F)C(F)(F)C(F)(F)C(F)(F)C(F)(F)F,912.3400000000006,8.9849,285.50595338261945,77.76,3.0,4.0,20.0,0.0
FC(F)(F)C(F)(F)C(F)(F)C(F)(F)C(F)(F)C(F)(F)C(F)(F)C(F)(F)C(F)(F)C(F)(F)C(F)(F)C(F)(F)CCS,680.211,8.856900000000001,206.776950251543,0.0,1.0,1.0,12.0,0.0
CCOC(=O)C(F)(F)C(F)(F)C(F)(F)C(F)(F)C(F)(F)C(F)(F)C(F)(F)C(F)F,474.13499999999993,5.261700000000002,148.312305948166,26.3,0.0,2.0,9.0,0.0
C[N+](C)(C)CC(O)CS(=O)(=O)CCC(F)(F)C(F)(F)C(F)(F)C(F)(F)F,428.33699999999993,2.3266,143.6328702033096,54.37,1.0,3.0,9.0,0.0
O=S(=O)([O-])C(F)(F)C(F)(F)C(F)CCCCCC(F)(F)F,351.235,3.6106000000000025,114.61170717645292,57.2,0.0,3.0,8.0,0.0
FC(F)(F)C(F)(F)C(F)(F)C(F)(F)CCBr,326.9839999999999,4.2396,91.92132783179005,0.0,0.0,0.0,4.0,0.0
C[N+](C)(C)CC(O)CS(=O)(=O)CCC(F)(F)C(F)(F)C(F)(F)C(F)(F)C(F)(F)C(F)(F)C(F)(F)C(F)(F)C(F)(F)C(F)(F)C(F)(F)C(F)(F)C(F)(F)C(F)(F)F,928.4070000000005,8.6796,290.5929994058003,54.37,1.0,3.0,19.0,0.0
FC(F)(F)C1(C(F)(F)F)OI(Cl)c2ccccc21,404.475,4.781500000000001,108.70502954057702,9.23,0.0,1.0,0.0,2.0
FC(C(F)(F)F)C(F)(F)COCC1CO1,238.12699999999995,1.9374999999999998,81.14337543725112,21.759999999999998,0.0,2.0,5.0,1.0
FC(F)(F)C(F)(F)Cl,154.46500000000003,2.3803,46.235136383739004,0.0,0.0,0.0,0.0,0.0
CCCCCC(CO)C(O)(C(F)(F)F)C(F)(F)F,282.22399999999993,3.0309000000000026,100.60540997934844,40.46,2.0,2.0,6.0,0.0
O=P(OCC(F)(F)C(F)(F)C(F)(F)F)(OCC(F)(F)C(F)(F)C(F)(F)F)OCC(F)(F)C(F)(F)C(F)(F)F,644.1080000000003,7.643000000000005,193.12010411063886,44.760000000000005,0.0,4.0,12.0,0.0
CCC(C)C(=O)OC(C(F)(F)F)(C(F)(F)F)C(F)(F)F,320.1509999999999,4.001400000000002,106.42367389888916,26.3,0.0,2.0,3.0,0.0
O=S(=O)([O-])C(F)(F)C(F)(F)C(F)(F)C(F)(F)F.[K+],338.18799999999993,-1.0387,135.8750967027587,57.2,0.0,3.0,3.0,0.0
NCCSC(F)(F)C(F)(F)F,195.15599999999998,1.8334000000000001,64.12475510802851,26.02,1.0,2.0,3.0,0.0
FC(F)=C(F)C1(F)C(F)(F)OC1(C(F)(F)F)C(F)(F)F,328.05199999999996,4.2587,100.3334395931174,9.23,0.0,1.0,1.0,1.0
FC1=C(OCc2ccccc2)C(F)(F)C(F)(F)C1(F)F,300.17299999999994,4.303800000000001,108.19791467015364,9.23,0.0,1.0,3.0,2.0
FC(C(F)C(F)(F)C(F)(F)F)C(F)(F)F,252.05099999999996,3.4225000000000003,75.85437351467833,0.0,0.0,0.0,2.0,0.0
O=C([O-])C(F)(F)OC(F)(C(F)(F)F)C(F)(F)OC(F)(Cl)C(F)(F)Cl.[Na+],450.947,-0.11909999999999998,160.9525715341266,58.59,0.0,4.0,7.0,0.0
FC(F)=C(F)OC(F)(F)C(F)(F)F,216.02699999999996,3.1932,65.58230279175189,9.23,0.0,1.0,2.0,0.0
FC(F)(F)C(F)(F)C(F)(F)C(F)(F)N(C(F)(F)C(F)(F)C(F)(F)C(F)(F)F)C(F)(F)C(F)(F)C(F)(F)C(F)(F)F,671.0850000000003,8.565500000000004,196.9829038354039,3.24,0.0,1.0,9.0,0.0
C[N+](C)(CC=O)CC(CC(F)(F)C(F)(F)C(F)(F)C(F)(F)F)OC=O,392.23799999999994,2.661600000000001,135.64982749892144,43.370000000000005,0.0,3.0,10.0,0.0
FC(F)(F)C(F)(F)Oc1ccc(Cl)cc1,246.56200000000004,3.873900000000001,86.40577581930991,9.23,0.0,1.0,2.0,1.0
O=C(OOC(=O)C(F)(F)C(F)(F)F)C(F)(F)C(F)(F)F,326.042,2.383,100.69874560391453,52.6,0.0,4.0,2.0,0.0
O=S(=O)(C(F)(F)F)C(F)(F)C(F)(F)F,252.08199999999994,2.0761,71.41881686181924,34.14,0.0,2.0,1.0,0.0
FC1=C(Cl)C(F)(F)C1(F)F,178.48699999999997,2.6905,57.26958642681874,0.0,0.0,0.0,0.0,1.0
CC(=O)C(F)=C(F)C(F)(F)C(F)(F)C(F)(F)C(F)(F)C(F)(F)C(F)(F)F,424.10299999999995,5.464800000000002,131.97868016915203,17.07,0.0,1.0,6.0,0.0
CC(C)(CS(=O)(=O)O)NC(=O)CCS(=O)(=O)CCC(F)(F)C(F)(F)C(F)(F)C(F)(F)C(F)(F)C(F)(F)C(F)(F)C(F)(F)C(F)(F)C(F)(F)F,819.4460000000006,6.244000000000002,258.74987122389837,117.60999999999999,2.0,5.0,17.0,0.0
Cc1ccc2c(c1)C(C(F)(F)F)(C(F)(F)F)OS2,288.21199999999993,4.352220000000001,102.3242119720417,9.23,0.0,2.0,0.0,2.0
OCC1CC(F)(F)C1(F)F,158.094,1.2692,54.649563695787705,20.23,1.0,1.0,1.0,1.0
Cc1ccc2c(c1)CC(F)(F)C2(F)F,204.16599999999997,3.278220000000002,78.54748203525911,0.0,0.0,0.0,0.0,2.0
OCCCC(F)(F)C(F)(F)C(F)(F)C(F)(F)C(F)(F)C(F)(F)C(F)(F)F,428.135,5.133000000000002,133.30099485348853,20.23,1.0,1.0,8.0,0.0
O=C(CC(=O)C(F)(F)C(F)(F)C(F)(F)C(F)(F)C(F)(F)C(F)(F)C(F)(F)F)C(F)(F)C(F)(F)C(F)(F)C(F)(F)C(F)(F)C(F)(F)C(F)(F)F,808.1410000000004,9.262900000000004,243.8674311460498,34.14,0.0,2.0,14.0,0.0
OCCCOCCOCC(O)CC(F)(F)C(F)(F)C(F)(F)C(F)(F)C(F)(F)C(F)(F)C(F)(F)C(F)(F)C(F)(F)F,646.2810000000002,5.797700000000004,209.5390554771795,58.92,2.0,4.0,17.0,0.0
FC(=CI)C(F)(F)C(F)(F)C(F)(F)C(F)(F)C(F)F,421.97499999999997,5.0386000000000015,111.32202823525715,0.0,0.0,0.0,5.0,0.0
FC1(F)SC2CCCCCC2C1(F)F,228.25399999999996,3.9102000000000023,84.43237727301413,0.0,0.0,1.0,0.0,2.0
CC(C)(C)C(=O)C=C(O)C(F)(F)C(F)(F)C(F)(F)F,296.1819999999999,3.876400000000002,103.44863069793817,37.3,1.0,2.0,3.0,0.0
C[N+](C)(CCCNC(=O)C(F)(F)C(F)(F)C(F)(F)F)CC(=O)[O-],356.23800000000006,0.1519000000000002,126.18436528496956,69.23,1.0,3.0,8.0,0.0
CCOC(=O)c1ccc(C(F)(F)C(F)(F)C(F)(F)F)nc1,319.17599999999993,3.5477000000000016,113.27451893685738,39.19,0.0,3.0,4.0,1.0
CCOC(=O)C(=O)CC(C(F)(F)F)C(F)(F)F,266.13699999999994,2.2495000000000003,91.7236476757576,43.370000000000005,0.0,3.0,4.0,0.0
FC(F)(F)C(F)(F)c1ccccc1,196.11800000000005,3.340700000000002,70.98896436292135,0.0,0.0,0.0,1.0,1.0
Cc1ccc(S(=O)(=O)OCC(F)(F)C(F)(F)C(F)(F)F)cc1,354.24299999999994,3.533220000000002,120.36280899931512,43.370000000000005,0.0,3.0,5.0,1.0
FC(F)(F)C(F)(F)c1cccc2ccccc12,246.17800000000005,4.493900000000003,93.67062889465657,0.0,0.0,0.0,1.0,2.0
O=S(=O)([O-])C(F)(F)C(F)(F)C(F)(F)C(F)(F)F.c1ccc([S+](c2ccccc2)c2ccccc2)cc1,562.4750000000001,6.7393000000000045,202.2207991664461,57.2,0.0,3.0,6.0,3.0
CN(C)CCCNS(=O)(=O)C(F)(F)C(F)(F)C(F)(F)C(F)(F)C(F)(F)C(F)(F)C(F)(F)F,534.2850000000001,4.1891000000000025,169.30711707631224,49.410000000000004,1.0,3.0,11.0,0.0
O=C1CC(C(F)(F)F)(C(F)(F)F)O1,208.057,1.7967,67.4614680789948,26.3,0.0,2.0,0.0,1.0
FC(F)(Cl)C(F)(F)C(Cl)(Cl)Cl,253.83700000000002,3.8234999999999992,79.34434177585439,0.0,0.0,0.0,1.0,0.0
CCCCCCCCCCCCC(Oc1ccccc1C#N)/C(O)=N\c1ccc(NC(=O)C(F)(F)C(F)(F)C(F)(F)F)c(O)c1,647.6320000000004,9.38188,256.2824445044598,114.94000000000001,3.0,5.0,18.0,2.0
OOOOOOOOOOOOOOOC(F)(F)C(F)(F)C(F)(F)C(F)(F)C(F)(F)C(F)(F)C(F)(F)C(F)(F)C(F)(F)C(F)(F)C(F)(F)C(F)(F)C(F)(F)C(F)(F)C(F)(F)C(F)(F)C(F)(F)C(F)(F)C(F)(F)C(F)(F)C(F)(F)C(F)(F)C(F)(F)C(F)(F)C(F)(F)C(F)(F)C(F)(F)C(F)(F)C(F)(F)C(F)(F)C(F)(F)C(F)(F)C(F)(F)C(F)(F)C(F)(F)C(F)(F)C(F)(F)C(F)(F)C(F)(F)C(F)(F)C(F)(F)C(F)(F)C(F)(F)C(F)(F)C(F)(F)C(F)(F)C(F)(F)F,2610.320000000003,29.33040000000001,772.6464529536921,149.45000000000002,1.0,15.0,59.0,0.0
O=S([O-])C(F)(F)C(F)(F)C(F)(F)C(F)(F)C(F)(F)C(F)(F)C(F)(F)F.[Na+],456.102,1.2010999999999998,156.20282621264462,40.129999999999995,0.0,2.0,6.0,0.0
O=S(=O)(O)C(F)(F)C(F)(F)C(F)(F)C(F)(F)C(F)(F)C(F)(F)C(F)(F)C(F)(F)C(F)(F)C(F)C(F)(F)F,632.1570000000002,6.449800000000003,185.65908704621341,54.370000000000005,1.0,2.0,10.0,0.0
[N-]=[N+]=NCCCC(F)(F)C(F)(F)C(F)(F)C(F)(F)C(F)(F)C(F)(F)C(F)(F)C(F)(F)F,503.15599999999995,7.086300000000004,158.33649604031643,48.760000000000005,0.0,1.0,10.0,0.0
O=C(O)C(F)(F)C(F)C(F)(F)OC(F)(F)F,262.05199999999996,2.1736000000000004,81.59260379057251,46.53,1.0,2.0,4.0,0.0
O=C(CCC(F)(F)C(F)(F)C(F)(F)C(F)(F)F)SC(=O)C(O)C(=O)O,410.2100000000001,2.466700000000001,135.7096925136237,91.67,2.0,5.0,7.0,0.0
O=S(=O)(OC1=CCCC1)C(F)(F)C(F)(F)C(F)(F)C(F)(F)F,366.2009999999999,3.8263000000000016,117.40111987097652,43.370000000000005,0.0,3.0,5.0,1.0
COc1cc(C(=O)C=C(C(F)(F)F)C(F)(F)F)cc(OC)c1OC,358.2340000000001,3.946100000000002,132.1567072086074,44.760000000000005,0.0,4.0,5.0,1.0
C[N+](C)(CCCC(F)(F)C(F)(F)C(F)(F)C(F)(F)C(F)(F)C(F)(F)C(F)(F)C(F)(F)C(F)(F)C(F)(F)C(F)(F)C(F)(F)C(F)(F)C(F)(F)C(F)(F)F)CC(=O)[O-],913.2970000000004,9.0494,286.46019392990996,40.129999999999995,0.0,2.0,19.0,0.0
FC(F)(F)C(F)(Cl)C(F)(F)F,204.47199999999998,3.0155999999999996,60.931149303988086,0.0,0.0,0.0,0.0,0.0
CCCCCC(F)C(F)(F)C(F)(F)C(F)(F)C(F)(F)C(F)(F)C(F)(F)C(F)(F)C(F)(F)C(=O)O,548.2330000000001,7.071800000000006,177.61829833136778,37.3,1.0,1.0,13.0,0.0
O=C(CC(F)(C(F)(F)F)C(F)(F)F)c1ccccc1,288.162,4.092300000000002,102.57638361200745,17.07,0.0,1.0,3.0,1.0
OCC(F)(F)C(F)(F)C(F)(F)C(F)(F)C(F)(F)C(F)(F)C(F)(F)C(F)(F)C(F)(F)C(F)(F)C(F)(F)C(F)(F)C(F)(F)C(F)(F)C(F)(F)F,800.1370000000004,9.435200000000004,238.1392139866879,20.23,1.0,1.0,14.0,0.0
O=C(C(F)(F)C(F)(F)F)C(F)(Br)C(F)(F)F,326.93999999999994,3.3761,89.71790781743721,17.07,0.0,1.0,2.0,0.0
FC(C(F)C(F)(F)C(F)(F)C(F)(F)C(F)(F)F)C(F)(F)F,352.06499999999994,4.693100000000001,105.24639935517648,0.0,0.0,0.0,4.0,0.0
CNC(=S)NCC(F)(F)C(F)(F)C(F)(F)F,272.18899999999996,1.9132,91.18121403471719,24.06,2.0,1.0,3.0,0.0
COC(=O)C(F)(F)C(F)(F)C(=O)F,206.06599999999997,0.9260999999999999,68.46328592964157,43.370000000000005,0.0,3.0,3.0,0.0
O=c1oc(=O)n(CCCC(F)(F)C(F)(F)C(F)(F)C(F)(F)C(F)(F)C(F)(F)C(F)(F)C(F)(F)F)c2ccccc12,623.259,6.744300000000002,207.4990132509792,52.21,0.0,4.0,10.0,2.0
O=C([O-])CCSCCC(F)(F)C(F)(F)C(F)(F)C(F)(F)C(F)(F)C(F)(F)F.[NH4+],469.2629999999999,4.364700000000002,151.75524865138829,76.63,1.0,3.0,10.0,0.0
C[N+](C)(CCCN(CCC(=O)O)S(=O)(=O)C(F)(F)C(F)(F)C(F)(F)C(F)(F)C(F)(F)C(F)(F)C(F)(F)C(F)(F)F)CC(=O)[O-],714.3910000000002,3.276200000000001,234.15929524621453,114.81,1.0,5.0,17.0,0.0
O=C([O-])C(F)(F)OC(F)(F)OC(F)(F)OC(F)(F)C(F)(F)OC(F)(F)C(F)(F)OC(F)(F)C(=O)[O-].[Na+].[Na+],614.0490000000001,-4.7654000000000005,232.9783336016566,126.41000000000003,0.0,9.0,14.0,0.0
O=S(=O)(O)CC(F)(F)C(F)(F)C(F)(F)C(F)(F)C(F)(F)C(F)(F)F,414.13899999999995,3.6130000000000004,122.70949996229085,54.370000000000005,1.0,2.0,6.0,0.0
O=C(Oc1ccc([N+](=O)[O-])cc1)N1CC(F)(F)C(F)(F)C1,308.187,2.679800000000001,114.60030087190954,72.67999999999999,0.0,4.0,2.0,2.0
O=C(Cl)c1cc(OC(F)=C(F)C(F)(F)C(F)(F)C(F)(F)C(F)(F)C(F)(F)C(F)(F)C(F)(F)F)cc(C(=O)Cl)c1,649.0799999999999,8.305600000000002,211.61338707877914,43.370000000000005,0.0,3.0,10.0,1.0
CO[Si](CCCNC(=O)OCCC(F)(F)C(F)(F)C(F)(F)C(F)(F)C(F)(F)C(F)(F)F)(OC)OC,569.387,5.109700000000004,189.91693890120428,66.02000000000001,1.0,5.0,14.0,0.0
O=S(=O)(O)C(F)(C(F)(F)F)C(F)(F)C(F)(F)C(F)(F)C(F)(F)C(F)(F)C(F)(F)F,500.1259999999999,4.841100000000001,145.7365836883924,54.370000000000005,1.0,2.0,6.0,0.0
C=CC(=O)OCCN(C)S(=O)(=O)C(F)(F)C(F)(F)C(F)(F)C(F)(F)C(F)(F)C(F)(F)F,511.256,3.6735000000000015,164.0116483842181,63.68,0.0,4.0,10.0,0.0
CC(=O)n1nc(C(F)(F)C(F)(F)C(F)(F)C(F)(F)F)cc1C(F)(F)C(F)(F)C(F)(F)C(F)(F)F,546.152,6.392600000000003,172.82921707313992,34.89,0.0,3.0,6.0,1.0
O=S(=O)(O)OC(F)(F)C(F)(F)C(F)(F)C(F)(F)C(F)(F)C(F)(F)C(F)(F)C(F)(F)C(F)(F)F,566.1320000000001,5.408000000000001,165.75514571420635,63.60000000000001,1.0,3.0,9.0,0.0
FC1(F)C(F)(F)C(F)(Cl)C1(F)Cl,232.938,3.0798000000000005,72.42799108881088,0.0,0.0,0.0,0.0,1.0
O=[N+]([O-])c1ccccc1S(=O)(=O)OCC(F)(F)C(F)F,317.2159999999999,2.2005,109.789294284243,86.51,0.0,5.0,6.0,1.0
Oc1ccc2c(c1)CCCC(c1ccccc1)=C2c1ccc(OCCCCCSCCC(F)(F)C(F)(F)C(F)(F)F)cc1,626.6780000000006,10.192899999999995,250.5139258894125,29.46,1.0,3.0,13.0,4.0
NCCCNS(=O)(=O)CCC(F)(F)C(F)(F)C(F)(F)C(F)(F)C(F)(F)C(F)(F)F,484.2779999999999,3.3835000000000024,154.1911611828725,72.19,2.0,3.0,11.0,0.0
C[N+](C)(CC[O-])CCCN(CCO)S(=O)(=O)C(F)(F)C(F)(F)C(F)(F)C(F)(F)C(F)(F)C(F)(F)C(F)(F)C(F)(F)F,672.3980000000003,3.4042000000000026,219.47130893173042,80.67,1.0,4.0,16.0,0.0
O=C(O)CCC(F)(F)C(F)(F)C(F)(F)C(F)(F)C(F)(F)C(F)(F)C(F)(F)C(F)(F)F,492.125,5.8606000000000025,152.15852987378136,37.3,1.0,1.0,9.0,0.0
FC(=C(F)C(C(F)(F)F)(C(F)(F)F)C(F)(F)F)C(F)(F)C(F)(F)C(F)=C(F)C(C(F)(F)F)(C(F)(F)F)C(F)(F)F,662.1020000000002,9.904800000000002,198.40821292669906,0.0,0.0,0.0,5.0,0.0
CCCCCCCCCCCCCCC(F)(F)C(F)(F)C(F)(F)C(F)(F)C(F)(F)C(F)(F)C(F)(F)C(F)(F)F,616.4400000000002,11.086999999999987,213.2171372799043,0.0,0.0,0.0,19.0,0.0
O=C(O)CCC(F)(F)C(F)(F)OC(F)(C(F)(F)F)C(F)(F)F,358.10299999999995,3.8863000000000003,113.18403634254103,46.53,1.0,2.0,6.0,0.0
Cc1cc(C(F)(C(F)(F)F)C(F)(F)F)ccc1NC(=O)c1ccccc1/C(O)=N/C(C)(C)CS(C)=O,540.5010000000003,5.998420000000005,204.4368031296912,78.75999999999999,2.0,3.0,7.0,2.0
O=P(C(F)(F)C(F)(F)C(F)(F)F)(C(F)(F)C(F)(F)C(F)(F)F)C(F)(F)C(F)(F)C(F)(F)F,554.0300000000001,7.720700000000004,158.42463130454675,17.07,0.0,1.0,6.0,0.0
O=C(O)CCCCCCCCCCC(F)(F)C(F)(F)C(F)(F)C(F)(F)C(F)(F)F,454.31999999999994,7.075500000000004,158.99002802820704,37.3,1.0,1.0,14.0,0.0
O=C(O)COC(COP(=O)([O-])[O-])CC(F)(F)C(F)(F)C(F)(F)C(F)(F)C(F)(F)C(F)(F)C(F)(C(F)(F)F)C(F)(F)F.[NH4+].[NH4+],716.2250000000003,5.0887,223.2210963885978,191.95000000000002,3.0,6.0,14.0,0.0
FC(F)(F)C(F)(OC(F)(F)C(F)(F)C(F)(F)F)c1cc2ccccc2s1,418.22700000000003,6.392900000000002,140.5125761553222,9.23,0.0,2.0,4.0,2.0
FC(C(Cl)C(F)(F)F)C(F)(F)F,218.49899999999997,3.0564999999999998,67.29609141838469,0.0,0.0,0.0,1.0,0.0
CCN(CCP(=O)(O)O)S(=O)(=O)C(F)(F)C(F)(F)C(F)(F)C(F)(F)C(F)(F)C(F)(F)C(F)(F)C(F)(F)F,635.2290000000003,4.782700000000003,193.13973361929652,94.91,2.0,3.0,12.0,0.0
CN(C)CC(OCO)C(OC=O)C(F)(F)C(F)(F)C(F)(F)C(F)(F)C(F)(F)C(F)(F)C(F)(F)C(F)(F)C(F)(F)C(F)(F)C(F)(F)C(F)(F)C(F)(F)C(F)(F)C(F)(F)C(F)(F)F,995.3020000000006,9.516399999999996,311.1733258225774,59.00000000000001,1.0,5.0,22.0,0.0
CN(CCO)S(=O)(=O)C(F)(F)C(F)(F)C(F)(F)C(F)(F)F,357.1939999999999,1.6660000000000001,111.73356565535975,57.61,1.0,3.0,6.0,0.0
C[N+](C)(CCCN(CC(=O)O)S(=O)(=O)C(F)(F)C(F)(F)C(F)(F)F)CC(=O)O,451.3370000000001,1.0443000000000002,154.31428853057255,111.98,2.0,4.0,11.0,0.0
FC(F)(F)C(F)(F)C(F)(F)C(F)(F)CCCCCCCCCCC(F)(F)C(F)(F)C(F)(F)C(F)(F)F,578.3220000000005,9.823799999999995,191.92290422524414,0.0,0.0,0.0,15.0,0.0
OC(c1ccccc1)(c1ccccc1)c1ccc(CCC(F)(F)C(F)(F)C(F)(F)C(F)(F)C(F)(F)C(F)(F)C(F)(F)C(F)(F)F)cc1,706.4360000000003,9.912799999999995,253.16829039192967,20.23,1.0,1.0,12.0,3.0
CCN(CC(=O)O)S(=O)(=O)C(F)(F)C(F)(F)C(F)(F)C(F)(F)C(F)(F)C(F)(F)C(F)(F)C(F)(F)C(F)(F)C(F)(F)C(F)(F)C(F)(F)C(F)(F)C(F)(F)F,885.2740000000005,8.501400000000004,269.22015907229087,74.68,1.0,3.0,17.0,0.0
Cc1cc(C(CO)(C(F)(F)F)C(F)(F)F)cc(C(CO)(C(F)(F)F)C(F)(F)F)n1,453.223,4.099420000000002,153.51042246951982,53.35,2.0,3.0,4.0,1.0
O=S(=O)([O-])CCC(F)(F)C(F)(F)C(F)(F)C(F)(F)C(F)(F)C(F)(F)F,427.15799999999996,3.6605000000000008,129.07444207668746,57.2,0.0,3.0,7.0,0.0
FC(F)(F)C(F)(F)COCC1CO1,206.10999999999999,1.5993999999999997,70.61289791992829,21.759999999999998,0.0,2.0,4.0,1.0
OCC(F)(F)C(F)(F)C(F)(F)C(F)(F)C(F)(F)F,300.06699999999995,3.0822000000000003,91.17908478419719,20.23,1.0,1.0,4.0,0.0
Cc1cc(C(F)(C(F)(F)F)C(F)(F)F)cc(C)c1NC(=O)c1c(F)ccc(NC(=O)c2ccccc2)c1F,548.4050000000002,7.375640000000004,209.01277352604095,58.2,2.0,2.0,5.0,3.0
CC(C)(C)C(=O)CC(=O)C(F)(F)C(F)(F)C(F)(F)F.CC(C)(C)C(=O)CC(=O)C(F)(F)C(F)(F)C(F)(F)F.CC(C)(C)C(=O)CC(=O)C(F)(F)C(F)(F)C(F)(F)F.[Tb],1047.4710000000002,10.181099999999994,344.71634598474867,102.41999999999999,0.0,6.0,12.0,0.0
FC(F)(F)C1(F)C(F)(F)C(F)(C(F)(F)F)C(F)(C(F)(F)F)C(F)(F)C1(F)C(F)(F)F,500.06999999999994,6.353000000000003,148.32860696239447,0.0,0.0,0.0,0.0,1.0
CC[Si](CC)(CCC(F)(F)C(F)(F)C(F)(F)C(F)(F)C(F)(F)F)OC,414.331,6.111700000000004,137.19236472217304,9.23,0.0,1.0,9.0,0.0
FC(F)(F)C(F)(F)CCCCCCCCCCCCCCS,348.4650000000001,7.185100000000005,136.19612642181158,0.0,1.0,1.0,14.0,0.0
C[N+](C)(C)CCCNC(=O)CS(=O)CCC(F)(F)C(F)(F)C(F)(F)C(F)(F)C(F)(F)C(F)(F)F,553.4050000000001,4.076500000000003,187.42078662584612,46.17,1.0,2.0,13.0,0.0
O=C(CC(O)(C(F)(F)F)C(F)(F)F)C(Cl)C(O)(C(F)(F)F)C(F)(F)F,424.565,3.2643999999999997,133.69846860943468,57.53,2.0,3.0,4.0,0.0
O.OC(N1CCNCC1)(C(F)(F)F)C(F)(F)F,270.17299999999994,-0.11990000000000056,92.50096801265916,67.0,2.0,3.0,1.0,1.0
NC(F)(F)C(F)(F)C(F)(F)C(F)(F)C(F)(F)F,285.0559999999999,3.0060999999999996,85.35979961461727,26.02,1.0,1.0,3.0,0.0
FC(F)(F)C(F)(F)C(F)(F)C(F)(F)C(F)(F)[C](F)(F)[Cd][C](F)(F)C(F)(F)C(F)(F)C(F)(F)C(F)(F)C(F)(F)F,750.4920000000004,8.461500000000004,205.39552001928786,0.0,0.0,0.0,10.0,0.0
C=C(F)C(F)(F)OC(F)(C(F)(F)F)C(F)(F)OC(F)(C(=O)O)C(F)(F)F,422.093,4.2292000000000005,132.30399146011277,55.760000000000005,1.0,3.0,7.0,0.0
O=C(O)C(F)(F)OC(F)(F)/C(F)=C(\F)C(F)(F)F,292.05299999999994,2.9861,91.4334782757111,46.53,1.0,2.0,4.0,0.0
C[N+](C)(C)CCCN(CCC(=O)[O-])S(=O)(=O)C(F)(F)C(F)(F)F,370.34,0.009599999999999609,130.66251975808373,77.51,0.0,4.0,9.0,0.0
OC(CC1CC2C=CC1C2)(C(F)(F)F)C(F)(F)F,274.2039999999999,3.4444000000000017,99.47485300230632,20.23,1.0,1.0,2.0,2.0
FC(OC(F)(F)C(F)Cl)C(F)(F)F,234.49799999999996,2.9881,72.40963664789157,9.23,0.0,1.0,3.0,0.0
CCC[N+](CCC)(CCC)CCC(F)(F)C(F)(F)C(F)(F)C(F)(F)F.[I-],517.2579999999999,2.895500000000001,164.4518568291507,0.0,0.0,0.0,11.0,0.0
O=S(=O)(O)C1(F)C(F)(F)C(F)(F)C(F)(C(F)(F)C(F)(F)F)C1(F)F,412.12299999999993,3.3654,121.70366880876163,54.370000000000005,1.0,2.0,2.0,1.0
CCCN(CC(=O)O)S(=O)(=O)C(F)(F)C(F)(F)C(F)(F)C(F)(F)F,399.23099999999994,2.5385,128.62497198419672,74.68,1.0,3.0,8.0,0.0
CCN(CCC[N+](C)(C)CCC(=O)[O-])S(=O)(=O)C(F)(F)C(F)(F)C(F)(F)F,434.37399999999997,1.0349999999999995,151.7234747927294,77.51,0.0,4.0,11.0,0.0
O=C(O)CCCCNC(=O)SCCC(F)(F)C(F)(F)C(F)(F)C(F)(F)C(F)(F)C(F)(F)C(F)(F)C(F)(F)C(F)(F)C(F)(F)C(F)(F)C(F)(F)F,823.3530000000004,9.624799999999997,262.60178643577774,66.4,2.0,3.0,18.0,0.0
CCOP(=O)(CCCN(CC)S(=O)(=O)C(F)(F)C(F)(F)C(F)(F)C(F)(F)C(F)(F)C(F)(F)C(F)(F)C(F)(F)F)OCC,705.3640000000001,7.261200000000006,225.6030671459013,72.91,0.0,5.0,17.0,0.0
CCn1cc[n+](C)c1.O=S(=O)([O-])C(F)(F)C(F)F,292.25399999999996,0.7220000000000001,101.40147384190625,66.01,0.0,4.0,3.0,1.0
O=S(=O)(F)OC(F)(F)C(F)(F)Cl,234.52899999999997,1.6417000000000002,68.47858091369787,43.370000000000005,0.0,3.0,3.0,0.0
O=S(=O)(F)C(F)(F)C(F)(F)C(F)(F)C(F)(F)F,302.08899999999994,2.7114,86.41032682467569,34.14,0.0,2.0,3.0,0.0
O=C1C=NC(C(F)(F)F)(C(F)(F)F)O1,221.05599999999995,1.4348999999999998,72.35679056485492,38.66,0.0,3.0,0.0,1.0
O=C(F)C(F)(F)C(=O)F,144.023,0.6139000000000001,46.454321068415226,34.14,0.0,2.0,2.0,0.0
CCC(CN)C(F)(F)C(F)(F)C(F)(F)F.Cl,277.61099999999993,3.2260000000000013,93.58063548425498,26.02,1.0,1.0,4.0,0.0
O=S(=O)(F)C(F)(F)C(F)(F)C(F)(F)C(F)(F)C(F)(F)C(F)(F)C(F)(F)F,452.10999999999996,4.6173,130.4983655854229,34.14,0.0,2.0,6.0,0.0
CCN(CCOCCCO)S(=O)(=O)C(F)(F)C(F)(F)C(F)(F)C(F)(F)C(F)(F)C(F)(F)F,529.315,3.7334000000000036,171.69890518295122,66.84,1.0,4.0,13.0,0.0
Fc1c(F)c(F)c([Si](Cl)(Cl)CCC(F)(F)C(F)(F)C(F)(F)C(F)(F)C(F)(F)C(F)(F)F)c(F)c1F,613.1420000000002,7.637800000000004,190.7288167280249,0.0,0.0,0.0,8.0,1.0
C[N+](C)(CCO)CCCN(CC[O-])S(=O)(=O)C(F)(F)C(F)(F)F,372.35599999999994,-0.4075999999999991,131.29523141023597,80.67,1.0,4.0,10.0,0.0
OCCC(F)(F)F,114.06600000000002,0.9311,38.75997521759748,20.23,1.0,1.0,1.0,0.0
Oc1ccc(C(F)(F)C(F)(F)C(F)(F)C(F)(F)F)cc1,312.131,4.3169,105.17522395561554,20.23,1.0,1.0,3.0,1.0
FC(F)(F)C(F)(F)C(F)(F)C(F)(F)CI,359.957,3.8895999999999997,90.95067623279574,0.0,0.0,0.0,3.0,0.0
CCCCCCCCCC(F)(F)C(F)(F)C(F)(F)C(F)(F)C(F)(F)C(F)(F)C(F)(F)C(F)(F)C(F)(F)C(F)(F)C(F)(F)C(F)(F)C(F)(F)F,796.3400000000004,12.31299999999999,254.8724913091666,0.0,0.0,0.0,19.0,0.0
FC(F)(F)C(F)(F)C(F)(F)C(Cc1ccc(P(c2ccccc2)c2ccc(CC(C(F)(F)F)(C(F)(F)F)C(F)(F)C(F)(F)C(F)(F)F)cc2)cc1)(C(F)(F)F)C(F)(F)F,926.4100000000008,12.417599999999991,312.45838699013285,0.0,0.0,0.0,11.0,3.0
CCN(CCC[N+](C)(C)CCC(=O)[O-])S(=O)(=O)C(F)(F)C(F)(F)C(F)(F)C(F)(F)C(F)(F)C(F)(F)C(F)(F)C(F)(F)F,684.4090000000002,4.211500000000004,225.20353939397475,77.51,0.0,4.0,16.0,0.0
COc1ccc(C(O)C(C)C(O)(C(F)(F)F)C(F)(F)F)cc1,332.23999999999995,3.2204000000000015,121.68122307172955,49.69,2.0,3.0,4.0,1.0
FC(F)(F)C(F)(F)C1(c2ccccc2)CCCCN1,279.252,3.8530000000000024,107.35770596498323,12.03,1.0,1.0,2.0,2.0
COC1=C(F)C(F)(F)C(F)(F)C1(F)F,224.07499999999996,2.7334000000000005,73.14082046408963,9.23,0.0,1.0,1.0,1.0
CN(C)CC(O)C=C(F)C(F)(F)C(F)(F)C(F)(F)F,301.1769999999999,2.595200000000001,102.84753555662739,23.47,1.0,2.0,5.0,0.0
CCCCCCCCCCCCCCC(CCCCCCCCCCCC)COCC(O)CSCCC(F)(F)C(F)(F)C(F)(F)C(F)(F)C(F)(F)C(F)(F)C(F)(F)C(F)(F)F,947.0180000000009,16.51499999999997,354.18192646050795,29.46,1.0,3.0,39.0,0.0
FC1(F)C(F)(F)C(F)(F)C(F)(Br)C(F)(Br)C1(F)F,421.854,4.662600000000001,108.94857968682841,0.0,0.0,0.0,0.0,1.0
O=C(F)C(F)(F)C(F)(F)C(F)(F)C(F)(F)C(F)(F)C(F)(F)C(F)F,398.06499999999994,4.559400000000001,119.93839897254307,17.07,0.0,1.0,7.0,0.0
O=C1NCC(C(F)(F)C(F)(F)C(F)(F)F)C(=O)N1,282.11499999999995,1.2748999999999997,94.50458894846724,58.2,2.0,2.0,2.0,1.0
O=S1(=O)OC(F)(F)C1(F)C(F)(F)F,230.08499999999995,1.1673,67.40446400800244,43.370000000000005,0.0,3.0,0.0,1.0
FC(=CC(F)(F)C(F)(F)F)/N=N/c1ccccc1,268.16,4.778800000000002,97.64155880694567,24.72,0.0,2.0,3.0,1.0
CCN(CCCCS(=O)(=O)[O-])S(=O)(=O)C(F)(F)C(F)(F)C(F)(F)C(F)(F)C(F)(F)C(F)(F)C(F)(F)C(F)(F)F.[K+],701.4580000000002,1.9344000000000003,255.36941063275307,94.57999999999998,0.0,5.0,14.0,0.0
FC(C(Cl)C(F)(Cl)Cl)C(F)(F)C(F)(F)C(F)C(F)(Cl)C(F)(Cl)Cl,482.812,6.647000000000001,152.60326181623196,0.0,0.0,0.0,7.0,0.0
FC(F)(F)C(F)(F)C#Cc1ccccc1,220.14000000000004,3.2357000000000014,82.71807398357386,0.0,0.0,0.0,0.0,1.0
CCP(C)(F)(F)C(F)(F)C(F)(F)F,232.07899999999995,4.113500000000001,70.27192440728868,0.0,0.0,0.0,2.0,0.0
O=P(O)(O)CCC(F)(OC(F)(F)C(F)(OC(F)(F)C(F)(F)C(F)(F)F)C(F)(F)F)C(F)(F)F,560.0930000000001,5.426800000000003,168.11633028689866,75.99000000000001,2.0,3.0,9.0,0.0
CC[Si](Cl)(CC)CCC(F)(F)C(F)(F)C(F)(F)C(F)(F)C(F)(F)C(F)(F)F,468.75699999999995,7.339400000000005,150.29518786726322,0.0,0.0,0.0,9.0,0.0
O=S(=O)([O-])C(F)(F)C(F)(F)C(F)(F)C(F)(F)C(F)(F)CCCCCC(F)(F)F,469.23900000000015,5.178400000000002,148.1692684198773,57.2,0.0,3.0,10.0,0.0
FC(F)C(F)(Br)C(F)(Br)C(F)(F)F,341.846,3.9352,84.72792040278573,0.0,0.0,0.0,2.0,0.0
O=P(O)(OCCC(F)(F)C(F)(F)C(F)(F)C(F)(F)F)OCCC(F)(F)C(F)(F)C(F)(F)C(F)(F)C(F)(F)C(F)(F)F,690.1520000000004,8.107200000000006,209.69621226504745,55.760000000000005,1.0,3.0,14.0,0.0
CCCCCC(F)(F)C(F)(F)C(F)(F)C(F)(F)C(F)(F)F,340.17599999999993,5.670200000000002,111.84461948958759,0.0,0.0,0.0,7.0,0.0
O=C(Oc1c(Br)cc(Br)cc1Br)C(F)(OC(F)(F)C(F)(F)C(F)(F)F)C(F)(F)F,642.8350000000003,6.914600000000004,177.4332006140468,35.53,0.0,3.0,5.0,1.0
CN(CC(=O)O)S(=O)(=O)C(F)(F)C(F)(F)C(F)(F)C(F)(F)C(F)(F)C(F)(F)F,471.1909999999999,3.028900000000001,145.28711359590167,74.68,1.0,3.0,8.0,0.0
N=C(N)C(F)(F)C(F)(F)C(F)(F)C(F)(F)C(=N)N,286.126,1.39954,93.93872821577749,99.74,4.0,2.0,5.0,0.0
O=C(O)C(F)(F)C(F)(F)C(F)(F)C(F)(F)C(F)(F)C(F)(F)C(F)(F)C(F)(F)C(F)(F)C(F)(F)S(F)(F)(F)(F)F,672.1440000000003,8.680000000000003,192.95558178344749,37.3,1.0,1.0,11.0,0.0
C=CC(=O)OCCN(CCC)S(=O)(=O)C(F)(F)C(F)(F)C(F)(F)C(F)(F)C(F)(F)C(F)(F)C(F)(F)C(F)(F)F,639.3240000000002,5.724300000000004,206.13355845350947,63.68,0.0,4.0,14.0,0.0
OC(CCC(O)(C(F)(F)F)C(F)(F)F)(C(F)(F)F)C(F)(F)F,362.1099999999999,3.478,112.86873816811264,40.46,2.0,2.0,3.0,0.0
O=C(CC(F)(F)C(F)(F)C(F)(F)C(F)(F)C(F)(F)C(F)(F)C(F)(F)C(F)(F)C(F)(F)C(F)(F)C(F)(F)C(F)(F)C(F)(F)C(F)(F)F)CS(=O)(=O)O,856.2320000000004,8.654600000000004,257.16900965312044,71.44,1.0,3.0,16.0,0.0
CN(C)CCCNC(=O)CSCCC(F)(F)C(F)(F)C(F)(F)C(F)(F)C(F)(F)C(F)(F)C(F)(F)C(F)(F)C(F)(F)C(F)(F)F,722.3990000000002,7.457600000000005,236.37878052763978,32.34,1.0,3.0,17.0,0.0
O=S(=O)([O-])CCCCOC(F)(F)C(F)(F)C(F)(F)C(F)(F)F.[NH4+],389.23599999999993,3.1303,123.66159605843602,102.93,1.0,4.0,8.0,0.0
CC(=O)C(F)(F)C(F)(F)C(F)(F)C(F)(F)C(F)(F)C(F)(F)C(F)(F)C(F)(F)F,462.09899999999993,5.584800000000002,140.99935400718874,17.07,0.0,1.0,7.0,0.0
CCP(F)(CC)(CC)C(F)=C(F)C(F)(F)F,268.181,5.154300000000003,90.7542136490026,0.0,0.0,0.0,4.0,0.0
C[N+](C)([O-])CCNC(=O)C(F)(F)C(F)(F)C(F)(F)C(F)(F)C(F)(F)C(F)(F)C(F)(F)C(F)(F)C(F)(F)C(F)(F)C(F)(F)F,700.2300000000002,6.592100000000003,220.45015870320654,52.16,1.0,2.0,13.0,0.0
CCCC[n+]1ccccc1.O=S(=O)([O-])C(F)(F)C(F)(F)C(F)(F)C(F)(F)F,435.30799999999994,3.731500000000003,147.9048452921176,61.08,0.0,3.0,6.0,1.0
O=[N+]([O-])c1ccc2nc(C(F)(F)C(F)(F)F)[nH]c2c1,281.14,3.1252000000000004,100.75241301911717,71.82,1.0,3.0,2.0,2.0
C=C(C)C(=O)OCCN(CC)S(=O)(=O)C(F)(F)C(F)(F)C(F)(F)C(F)(F)C(F)(F)C(F)(F)C(F)(F)C(F)(F)F,639.3240000000002,5.724300000000004,206.13355845350947,63.68,0.0,4.0,13.0,0.0
FC(F)(F)C(F)(C(F)(F)F)C(F)(F)C(F)(F)C(F)(F)C(F)(F)C(F)(F)C(F)(F)I,595.9649999999999,7.023600000000003,158.06579871964448,0.0,0.0,0.0,6.0,0.0
C[N+](C)(C)CC(O)CS(=O)(=O)CCC(F)(F)C(F)(F)F,328.3229999999999,1.0559999999999998,114.24084436281147,54.37,1.0,3.0,7.0,0.0
O=C(CC(O)C(F)(F)C(F)F)c1ccccc1,250.19100000000003,2.5207000000000006,94.87401115542475,37.3,1.0,2.0,5.0,1.0
O=C(O)c1ccc(OC(F)=C(F)C(F)(F)F)cc1,268.13699999999994,3.434000000000001,97.09854664127697,46.53,1.0,2.0,3.0,1.0
O=S(=O)([O-])C(O)CC(F)(F)C(F)(F)F,243.12899999999993,0.43770000000000014,75.08462414788718,77.43,1.0,4.0,3.0,0.0
O=C([O-])C(F)(F)C(F)(F)C(F)(F)C(F)(F)C(F)(F)C(F)(F)C(F)(F)C(F)(F)F.[Na+],486.05299999999994,0.7496999999999994,167.8420452677001,40.129999999999995,0.0,2.0,7.0,0.0
O=S(=O)(O)CCCNS(=O)(=O)C(F)(F)C(F)(F)C(F)(F)C(F)(F)C(F)(F)C(F)(F)C(F)(F)F,571.2800000000001,3.5153000000000016,172.44603518735627,100.53999999999999,2.0,4.0,11.0,0.0
OCC(F)(F)C(F)(F)C(F)(F)C(F)(F)C(F)(F)C(F)(F)C(F)(F)C(F)(F)C(F)(F)C(F)F,532.1120000000001,5.961500000000004,160.4936139825163,20.23,1.0,1.0,10.0,0.0
O=S(=O)(F)C(F)C(F)(F)C(F)(F)C(F)S(=O)(=O)F,330.174,1.4468,95.00015144321716,68.28,0.0,4.0,5.0,0.0
O=C(O)/C(F)=C(\F)C(F)(C(F)(F)F)C(F)(F)F,276.054,3.0545,86.31993304620423,37.3,1.0,1.0,2.0,0.0
Fc1ccc2nc(C(F)(F)C(F)(F)F)[nH]c2c1,254.13299999999998,3.3561000000000005,90.26497269954362,28.68,1.0,1.0,1.0,2.0
O=S([O-])C(F)(F)C(F)(F)F.[Na+],206.06699999999998,-1.9754,82.72276161139924,40.129999999999995,0.0,2.0,1.0,0.0
FC(F)(F)CCC(F)(F)C(F)(F)C(F)(F)C(F)(F)F,316.0849999999999,4.7971,96.91532854932402,0.0,0.0,0.0,4.0,0.0
Nc1ccc(C(F)(F)C(F)(F)C(F)(F)C(F)(F)C(F)(F)C(F)(F)F)cc1,411.161,5.464100000000001,135.11290674093036,26.02,1.0,1.0,5.0,1.0
C[Si](C)(C)OC1=CC(=O)C1(C(F)(F)F)C(F)(F)F,292.2509999999999,3.4155000000000015,99.73594927868233,26.3,0.0,2.0,2.0,1.0
CC(C)(C)C(=O)[CH-]C(=O)C(F)(F)C(F)(F)C(F)(F)F.CC(C)(C)C(=O)[CH-]C(=O)C(F)(F)C(F)(F)C(F)(F)F.[Pb+2],797.5480000000002,6.034980000000004,231.92511796959826,68.28,0.0,4.0,8.0,0.0
O=S([O-])C(F)(F)C(F)(F)C(F)(F)C(F)(F)C(F)(F)C(F)(F)C(F)(F)C(F)(F)F.[NH4+],501.15799999999996,5.208600000000001,148.62118987412833,76.63,1.0,2.0,7.0,0.0
C[N+](C)(CC(=O)[O-])CC(O)CC(F)(F)C(F)(F)C(F)(F)C(F)(F)C(F)(F)C(F)(F)C(F)(F)C(F)(F)C(F)(F)C(F)(F)C(F)(F)C(F)(F)C(F)(F)C(F)(F)F,879.2890000000004,7.384900000000005,276.5584147618569,60.36,1.0,3.0,18.0,0.0
CCN(CCOC(C)=O)c1ccc(N=Nc2ccc(S(=O)(=O)OCC(F)(F)C(F)(F)C(F)(F)C(F)F)cc2)cc1,605.5040000000004,6.3677000000000055,223.25677013892812,97.63000000000001,0.0,8.0,14.0,2.0
CC(=C(C(F)(C(F)(F)F)C(F)(F)F)C(F)(C(F)(F)F)C(F)(F)F)C(F)(F)F,446.0999999999999,6.531000000000003,136.14822887496075,0.0,0.0,0.0,2.0,0.0
O=[N+]([O-])c1cccc(C(O)C=C(C(F)(F)F)C(F)(F)F)c1,315.1689999999999,3.6792000000000007,113.00693255154896,63.370000000000005,1.0,3.0,3.0,1.0
FC(F)(F)C(F)(F)C(F)(F)c1nnc(-c2ccccc2)o1,314.16,4.026000000000002,111.94415028360906,38.92,0.0,3.0,3.0,2.0
O=S(=O)(O)C(F)(F)C(F)(F)C(F)(F)C(F)(F)C(F)(F)C(F)C(F)=C(F)C(F)(F)F,494.14699999999993,5.059200000000001,147.24638736767855,54.370000000000005,1.0,2.0,7.0,0.0
FC(F)(F)C(F)(F)C(F)(F)C(CCI)(C(F)(F)F)C(F)(F)F,473.99799999999993,5.755400000000002,126.70764418769048,0.0,0.0,0.0,4.0,0.0
CC(=O)OCC1OC(OC(C)=O)C(OS(=O)(=O)C(F)(F)C(F)(F)C(F)(F)C(F)(F)F)C(OC(C)=O)C1OC(C)=O,630.387,1.8416000000000001,217.58901648043974,157.79999999999998,0.0,12.0,10.0,1.0
C=C(C)c1ccc(C(F)(F)C(F)(F)c2ccccc2)cc1,294.29099999999994,5.603500000000004,120.28574647706475,0.0,0.0,0.0,4.0,2.0
OCCC(F)(F)C(F)(F)C(F)(F)C(F)(F)F,264.087,2.8370000000000006,82.84801397834472,20.23,1.0,1.0,4.0,0.0
C=CCNC(=O)c1ccc(OC(F)=C(F)C(F)(F)C(F)(F)C(F)(F)C(F)(F)C(F)(F)C(F)(F)C(F)(F)F)cc1,607.2600000000001,7.4634000000000045,204.43547590518898,38.33,1.0,2.0,11.0,1.0
C=CC(=O)OC(F)(F)C(F)(F)F,190.06699999999998,1.8707,63.61216079741355,26.3,0.0,2.0,2.0,0.0
FC(F)(F)C1(F)C(F)(F)C(F)(F)C1(F)C(F)(F)F,300.0419999999999,3.8118,89.54455528139817,0.0,0.0,0.0,0.0,1.0
CCCCCC(F)(F)C(F)(F)C(F)(F)F,240.16199999999995,4.399600000000002,82.45259364908945,0.0,0.0,0.0,5.0,0.0
CCOC(=O)C(C(=O)C(F)(F)C(F)(F)C(F)(F)C(=O)C(C(=O)OCC)=P(c1ccccc1)(c1ccccc1)c1ccccc1)=P(c1ccccc1)(c1ccccc1)c1ccccc1,900.7890000000003,7.489700000000009,360.0128953206152,86.74000000000001,0.0,6.0,16.0,6.0
C=C(C)C(=O)OC(F)(F)C(F)(F)C(F)(F)C(F)(F)C(F)(F)C(F)(F)C(F)(F)C(F)(F)F,504.1359999999999,6.072600000000002,158.1531804333046,26.3,0.0,2.0,8.0,0.0
O=P([O-])(OCCC(F)(F)C(F)(F)C(F)(F)C(F)(F)C(F)(F)C(F)(F)C(F)(F)C(F)(F)F)OCCC(F)(F)C(F)(F)C(F)(F)C(F)(F)C(F)(F)C(F)(F)C(F)(F)C(F)(F)F.[Na+],1012.1760000000004,8.291000000000002,326.2856894092538,58.59,0.0,4.0,20.0,0.0
FC(F)(F)C1(F)OC1(F)C(F)(F)F,216.02699999999996,2.4728,65.26607467040691,12.53,0.0,1.0,0.0,1.0
CC(C)[C@H](NC(=O)c1ccc(C(=O)N2CCOCC2)cc1)C(=O)N1CCC[C@H]1C(=O)N[C@@H](C(=O)C(F)(F)C(F)(F)F)C(C)C,632.6270000000003,2.8118999999999996,251.18163389554024,125.12,2.0,6.0,10.0,3.0
CC(C)CC(=O)CC(Cl)(C(F)(F)F)C(F)(F)F,284.62699999999995,4.093900000000002,99.11678868748525,17.07,0.0,1.0,4.0,0.0
CCCCCCCCCCCCCCCCCCC(F)(F)C(F)(F)C(F)(F)C(F)(F)C(F)(F)C(F)(F)F,572.534,11.376799999999987,209.2848798969926,0.0,0.0,0.0,21.0,0.0
FC1(F)C(F)(F)C(F)(F)[C@]2(F)C(F)(F)C(F)(F)C(F)(F)C(F)(F)[C@]2(F)C1(F)F,462.07399999999996,5.512600000000003,138.99170500301278,0.0,0.0,0.0,0.0,2.0
C[N+](C)(CCC(F)C(F)(F)C(F)(F)F)CC(=O)[O-],281.19599999999997,0.7384999999999997,99.57756136959831,40.129999999999995,0.0,2.0,6.0,0.0
FC(F)C(F)(F)C(F)(F)C(F)(F)C(F)(F)C(F)(F)C(F)(F)C(F)(F)Cl,436.51699999999994,5.894900000000002,130.24567850230721,0.0,0.0,0.0,7.0,0.0
FC(F)C(F)(F)C(F)(F)C(F)(F)C(F)(F)C(F)(F)C(F)(F)C(F)(F)C(F)(F)C(F)(F)C(F)(F)C(F)(F)C(F)(F)C(F)(F)C(F)(F)F,770.1110000000003,10.072700000000003,226.9800381200953,0.0,0.0,0.0,13.0,0.0
OC(CN(Cc1cccc(C(F)(F)C(F)(F)C(F)(F)F)c1)c1cccc(Oc2cccc(C3CC3)c2)c1)C(F)(F)F,595.4770000000003,8.575500000000003,227.51214820323048,32.7,1.0,3.0,10.0,4.0
CC(C)(O)C(F)(Cl)C(F)(F)F,194.55499999999998,2.2242,65.95866107619861,20.23,1.0,1.0,1.0,0.0
O=C1C(F)(F)C(F)(F)C(F)(F)C(F)(F)C1(F)F,278.04499999999996,2.7456,85.37500657558947,17.07,0.0,1.0,0.0,1.0
O=S(=O)(O)C(F)(Cl)C(F)(F)C(F)(F)C(F)(F)C(F)(F)C(F)(F)C(F)(F)C(F)(F)C(F)(F)C(F)(F)C(F)(F)C(F)(F)F,716.6090000000003,7.651600000000005,210.65836619334414,54.370000000000005,1.0,2.0,11.0,0.0
COC1=C(OC)C(F)(F)C(F)(F)C1(F)F,236.11099999999993,2.4103000000000003,80.45377240506687,18.46,0.0,2.0,2.0,1.0
C[N+](C)(CCCC(F)(F)C(F)(F)C(F)(F)C(F)(F)C(F)(F)C(F)(F)C(F)(F)C(F)(F)C(F)(F)C(F)(F)C(F)(F)C(F)(F)C(F)(F)C(F)(F)F)CC(=O)[O-],863.2900000000003,8.414100000000005,271.76418100966094,40.129999999999995,0.0,2.0,18.0,0.0
O=C([O-])C(F)(F)C(F)(F)C(F)(F)C(F)(F)C(F)(F)C(F)(F)F,363.0489999999999,2.4750999999999994,110.03661980449002,40.129999999999995,0.0,2.0,5.0,0.0
O=C(O)c1ccc([Si](CCC(F)(F)C(F)(F)C(F)(F)C(F)(F)C(F)(F)C(F)(F)F)(CCC(F)(F)C(F)(F)C(F)(F)C(F)(F)C(F)(F)C(F)(F)F)CCC(F)(F)C(F)(F)C(F)(F)C(F)(F)C(F)(F)C(F)(F)F)cc1,1190.4830000000006,15.427299999999986,375.3475797911521,37.3,1.0,1.0,23.0,1.0
COc1ccc(OC)c(OC(=O)C(F)(F)C(F)(F)C(F)(F)F)c1,350.1859999999999,3.4421000000000017,124.28196141492465,44.760000000000005,0.0,4.0,5.0,1.0
C=CC(=O)OCC(NC)S(=O)(=O)C(F)(F)C(F)(F)C(F)(F)C(F)(F)F,411.24199999999996,2.1016000000000004,134.27427354649612,72.47,1.0,5.0,8.0,0.0
CCOC1(O)C(C)(C)C(F)(F)C1(F)F,216.17399999999995,2.0219,78.8579352684844,29.46,1.0,2.0,2.0,1.0
CC(C)O.CC(C)O.CCN(CC(=O)[O][Cr]([Cl])([Cl])[O][Cr]([Cl])[Cl])S(=O)(=O)C(F)(F)C(F)(F)C(F)(F)C(F)(F)C(F)(F)F.O.O,852.2280000000003,4.516000000000007,261.9812995205974,176.37,2.0,7.0,11.0,0.0
C[N+](C)(C)CC(O)CC(F)(F)C(F)(F)C(F)(F)C(F)(F)C(F)(F)C(F)(F)C(F)(C(F)(F)F)C(F)(F)F.[I-],713.157,3.0923000000000025,210.90144461060908,20.23,1.0,1.0,10.0,0.0
C[N+](C)(CC(=O)O)CC(F)C(F)(F)C(F)(F)F,268.17699999999996,1.6830999999999998,93.21261925520167,37.3,1.0,1.0,5.0,0.0
FC(F)(F)C(F)(F)CBr,212.943,2.5789,56.1643598768953,0.0,0.0,0.0,1.0,0.0
FC(F)C(F)(F)C(F)(F)C(F)(F)C(F)(F)C(F)(F)C(F)(F)C(F)(F)I,527.968,6.091100000000002,139.20425039646918,0.0,0.0,0.0,7.0,0.0
OCC(I)CC(F)(F)C(F)(F)C(F)(F)C(F)(F)C(F)(C(F)(F)F)C(F)(F)F,554.0310000000001,5.546500000000003,152.5628329745322,20.23,1.0,1.0,7.0,0.0
OC[C@@H]1O[C@H](O)[C@](O)(C(F)(F)C(F)(F)C(F)(F)C(F)(F)F)[C@H]1O,368.1479999999999,0.2560999999999996,120.43325565410022,90.15,4.0,5.0,4.0,1.0
CN(C)CCCNC(=O)CSCCC(F)(F)C(F)(F)C(F)(F)C(F)(F)C(F)(F)C(F)(F)C(F)(F)C(F)(F)F,622.3850000000001,6.187000000000004,206.98675468714166,32.34,1.0,3.0,15.0,0.0
FC(F)C(F)(F)C(F)(F)Br,230.933,2.8745000000000003,60.32989527982153,0.0,0.0,0.0,2.0,0.0
FC(F)(F)C(F)(F)C(F)(F)c1nnnn1-c1ccccc1,314.16400000000004,2.9517000000000007,111.72550804489782,43.6,0.0,4.0,3.0,2.0
O=C(O)c1ccc(C(F)(F)C(F)(F)F)c(F)c1,258.1169999999999,3.178,90.47519773248399,37.3,1.0,1.0,2.0,1.0
FC(F)(F)C(F)(F)C(F)(F)C1(F)C(F)(F)C(F)(F)C(F)(F)C(F)(F)C1(F)F,450.063,5.7177000000000024,133.6325940421454,0.0,0.0,0.0,2.0,1.0
CO[Si](CCC(F)(F)C(F)(F)C(F)(F)C(F)(F)C(F)(F)C(F)(F)C(F)(F)C(F)(F)C(F)(F)C(F)(F)F)(OC)OC,668.3100000000002,7.534600000000006,208.41629261145548,27.69,0.0,3.0,14.0,0.0
C[N+](C)(CCCN(CC(=O)O)S(=O)(=O)C(F)(F)C(F)(F)C(F)(F)C(F)(F)C(F)(F)C(F)(F)C(F)(F)C(F)(F)F)CC(O)CS(=O)(=O)O,781.4800000000002,3.384900000000001,251.62640915621142,149.28,3.0,6.0,18.0,0.0
CCN(CC1CO1)C(=O)C(F)(F)C(F)(F)C(F)(F)C(F)(F)F,347.1769999999999,2.701900000000001,117.5426185299599,32.84,0.0,2.0,6.0,1.0
FC(F)(F)C(F)(c1ccc(C(F)(C(F)(F)F)C(F)(F)F)cc1)C(F)(F)F,414.13599999999997,6.265400000000002,133.9385514468439,0.0,0.0,0.0,2.0,1.0
CCN(CC(=O)O)S(=O)(=O)C(F)(F)C(F)(F)C(F)(F)F,335.19699999999995,1.5131000000000003,107.56401694955105,74.68,1.0,3.0,6.0,0.0
CN(CCCCO)S(=O)(=O)C(F)(F)C(F)(F)C(F)(F)C(F)(F)C(F)(F)C(F)(F)C(F)(F)C(F)(F)F,585.2760000000001,4.987400000000003,183.24750156514926,57.61,1.0,3.0,12.0,0.0
O=S(=O)(O)CC=C(F)C(F)(F)C(F)(F)C(F)(F)C(F)(F)C(F)(F)C(F)(F)C(F)(F)C(F)(F)C(F)(F)C(F)(F)C(F)(F)C(F)(F)C(F)(F)F,808.2160000000003,8.913500000000003,241.78740700356957,54.370000000000005,1.0,2.0,14.0,0.0
C=CCC(O)(C(F)(F)F)C(F)(F)C(F)(Cl)C(F)(F)Cl,341.025,4.227400000000001,111.32929222579078,20.23,1.0,1.0,5.0,0.0
Nc1nc2ccc(OCC(F)(F)C(F)F)cc2s1,280.2459999999999,3.157700000000001,103.18348278400453,48.14,1.0,4.0,4.0,2.0
FC(F)C(F)(F)OC1CCCCC1,200.17499999999995,3.1936000000000018,74.0637015162884,9.23,0.0,1.0,3.0,1.0
O=C1OCC(CC(F)(F)C(F)(F)C(F)(F)C(F)(F)C(F)(F)C(F)(F)F)O1,420.121,4.650700000000001,133.55847170096834,35.53,0.0,3.0,6.0,1.0
CC(C)COC(=O)C(F)(OC(F)(F)C(F)(OC(F)(F)C(F)(F)C(F)(F)F)C(F)(F)F)C(F)(F)F,552.177,6.058200000000003,175.4348160388992,44.760000000000005,0.0,4.0,9.0,0.0
O=C(O)c1ccc(OCCCCC(F)(F)C(F)(F)C(F)(F)C(F)(F)F)c(F)c1F,448.22799999999995,5.680300000000002,154.60607266300167,46.53,1.0,2.0,9.0,1.0
COC(=O)C(=O)C(F)(F)C(F)(F)F,206.06599999999997,0.9260999999999998,68.46328592964157,43.370000000000005,0.0,3.0,2.0,0.0
CCCCCCCCCCCCCCOC(=O)C(F)(F)C(F)(F)C(F)(F)C(F)(F)C(F)(F)C(F)(F)C(F)(F)C(F)(F)C(F)(F)F,710.4560000000002,10.875399999999988,243.55315964410065,26.3,0.0,2.0,21.0,0.0
C[N+](C)(CCC(=O)O)CC(O)CC(F)(F)C(F)(F)F,294.23999999999995,1.4860999999999995,106.57120183326467,57.53,2.0,2.0,7.0,0.0
O=C(N1CCc2ccccc21)C(F)(F)C(F)(F)C(F)(F)F,315.18799999999993,3.4086000000000016,113.69532824307815,20.310000000000002,0.0,1.0,2.0,2.0
FC(F)(F)C(F)(F)C(F)(F)C(F)(F)C(F)(F)C(F)(F)C(F)(F)C(F)(F)CC1CO1,476.1260000000001,5.7847000000000035,147.31048809751925,12.53,0.0,1.0,8.0,1.0
O=c1ccn(-c2ccc(C(F)(F)C(F)(F)C(F)(F)C(F)(F)C(F)(F)C(F)(F)F)cc2)cc1,489.23099999999994,6.032800000000003,168.42125181756725,22.0,0.0,2.0,6.0,2.0
O=C(O)C(F)(F)C(F)(F)C(F)(F)C(F)(F)C(F)(F)C(F)(F)C(F)(F)C(F)(F)C(F)(F)C(F)(F)C(F)(F)C(F)(F)C(F)(F)C(F)(F)C(F)(F)C(F)(F)C(F)(F)C(F)(F)C(F)(F)C(F)(F)C(F)(F)F,1114.1620000000007,13.339299999999998,330.47681360822605,37.3,1.0,1.0,20.0,0.0
FC(F)(F)C(F)(F)C(F)(F)C(F)(F)C(F)(F)C(F)(F)C[CH2][Sn]([Br])([CH2]CC(F)(F)C(F)(F)C(F)(F)C(F)(F)C(F)(F)C(F)(F)F)[CH2]CC(F)(F)C(F)(F)C(F)(F)C(F)(F)C(F)(F)C(F)(F)F,1239.8970000000006,15.71349999999999,339.70202649491677,0.0,0.0,0.0,21.0,0.0
COc1ccc(OS(=O)(=O)C(F)(F)C(F)(F)C(F)(F)C(F)(F)F)c(Cl)c1,440.66700000000003,4.482900000000002,144.11069126155613,52.6,0.0,4.0,6.0,1.0
C[N+](C)(CCCN(CCC(=O)O)S(=O)(=O)C(F)(F)C(F)(F)C(F)(F)C(F)(F)C(F)(F)C(F)(F)C(F)(F)C(F)(F)F)CCC(=O)[O-],728.4180000000001,3.6663000000000023,240.52423736061112,114.81,1.0,5.0,18.0,0.0
CCCCCCCC(O)C(F)(F)C(F)(F)C(F)(F)C(F)(F)F,348.24899999999997,5.176000000000004,121.03766666472434,20.23,1.0,1.0,9.0,0.0
FC(F)(F)C1(F)OC(F)(C(F)(F)F)C(F)(F)C1(F)F,316.04099999999994,3.7434,94.65810051090504,9.23,0.0,1.0,0.0,1.0
O=C([O-])CCC(F)(F)C(F)(F)C(F)(F)F,241.08199999999997,1.3494000000000002,78.678465272536,40.129999999999995,0.0,2.0,4.0,0.0
C=CC(=O)OCCCCOc1ccc(C(F)(F)C(F)(F)C(F)(F)C(F)(F)C(F)(F)C(F)(F)C(F)(F)C(F)(F)F)cc1,638.3140000000002,8.040700000000005,217.4186462120653,35.53,0.0,3.0,14.0,1.0
FC(F)C(F)(C(F)(F)F)[Si](Cl)(Cl)Cl,285.47400000000005,3.7165999999999997,83.86921321251587,0.0,0.0,0.0,2.0,0.0
O=S(=O)(O)C(O)CC(F)(F)C(F)(F)C(F)(F)C(F)(F)F,344.1509999999999,2.0509000000000004,104.47664998838533,74.60000000000001,2.0,3.0,5.0,0.0
COc1ccccc1C(=O)C=C(C(F)(F)F)C(F)(F)F,298.1819999999999,3.9289000000000014,109.1997325208004,26.3,0.0,2.0,3.0,1.0
C[C@@H](n1ncn(-c2ccc(OCC(F)(F)C(F)F)cc2)c1=O)[C@](O)(Cn1cncn1)c1ccc(F)cc1F,542.4400000000002,3.331900000000002,210.08352840017946,99.99000000000001,1.0,9.0,10.0,4.0
CCCCCC=CC(F)(F)C(F)(F)C(F)(F)C(F)(F)F,316.2069999999999,5.591100000000003,109.18888776594747,0.0,0.0,0.0,7.0,0.0
CCS(=O)(=O)N(CC(=O)[O-])C(F)(F)C(F)(F)C(F)(F)C(F)(F)C(F)(F)C(F)(F)C(F)(F)C(F)(F)F.[K+],623.3220000000001,0.35889999999999955,229.966646246159,77.51,0.0,4.0,11.0,0.0
FC1(F)CC(CCl)C1(F)F,176.54,2.5157000000000007,60.158596170473366,0.0,0.0,0.0,1.0,1.0
OCC=CC(F)(F)C(F)(F)C(F)(F)C(F)(F)F,276.09799999999996,3.0031000000000008,88.52335306055706,20.23,1.0,1.0,4.0,0.0
C[N+](C)(C)CCCN(CCC(=O)[O-])S(=O)(=O)C(F)(F)C(F)(F)C(F)(F)C(F)(F)F,470.354,1.2801999999999996,160.05454559858188,77.51,0.0,4.0,11.0,0.0
C=C(CCN(CC)S(=O)(=O)C(F)(F)C(F)(F)C(F)(F)C(F)(F)C(F)(F)C(F)(F)C(F)(F)C(F)(F)F)C(=O)[O-],624.2890000000001,4.301200000000003,199.44930486180195,77.51,0.0,4.0,13.0,0.0
C=C(C)C(=O)OC(C(F)(F)F)(C(F)(F)F)C(F)(F)F,304.1079999999999,3.5314000000000005,99.3691287523083,26.3,0.0,2.0,2.0,0.0
O=C(O)CC(F)(F)C(F)(F)C(F)(F)C(F)(F)C(F)(F)C(F)(F)C(F)(F)C(F)(F)C(F)(F)C(F)(F)C(F)(F)C(F)(F)C(F)(F)F,728.1330000000003,8.647000000000004,219.27365236063014,37.3,1.0,1.0,13.0,0.0
CCOP(OCC)(OCC)=C(C(F)(F)F)C(F)(F)F,316.17799999999994,4.155500000000003,106.59533802691023,27.69,0.0,3.0,6.0,0.0
FC(F)=C(F)OC(F)(F)C(F)(F)Cl,232.48199999999997,3.4625000000000004,71.72003361570731,9.23,0.0,1.0,3.0,0.0
CCN(CCOCCO)S(=O)(=O)C(F)(F)C(F)(F)C(F)(F)C(F)(F)C(F)(F)C(F)(F)F,515.288,3.3433000000000033,165.3339630685546,66.84,1.0,4.0,12.0,0.0
O=[N+]([O-])C1=C(F)C(F)(F)C(F)(Br)C(F)(F)C1(F)F,349.959,3.4244,100.71333396565014,43.14,0.0,2.0,1.0,1.0
OCCCCCCC(F)(F)C(F)(F)C(F)(F)C(F)(F)F,320.19499999999994,4.397400000000002,108.30778243593114,20.23,1.0,1.0,8.0,0.0
CC(=O)CC(=O)C(F)(F)C(F)(F)C(F)(F)C(F)(F)C(F)(F)C(F)(F)C(F)(F)C(F)(F)F,504.13599999999997,5.544000000000002,157.89076033602575,34.14,0.0,2.0,9.0,0.0
FC(F)(F)C(F)(F)C(F)(F)C(F)(F)COc1nc(OCC(F)(F)C(F)(F)C(F)(F)C(F)(F)F)nc(OCC(F)(F)C(F)(F)C(F)(F)C(F)(F)F)n1,825.2100000000003,8.412600000000003,258.37457034581456,66.36,0.0,6.0,15.0,1.0
CN(C)CCC[NH2+]S(=O)(=O)C(F)(F)C(F)(F)C(F)(F)C(F)(F)C(F)(F)C(F)(F)C(F)(F)F.[Cl-],570.7460000000001,0.16689999999999972,181.46021032886165,53.99,1.0,3.0,11.0,0.0
CN(C)CC(O)CC(F)(F)C(F)(F)C(F)(F)C(F)(F)C(F)(F)C(F)(F)C(F)(F)C(F)(F)C(F)(F)C(F)(F)C(F)(F)C(F)(F)F,721.2390000000003,7.849600000000007,225.27077735373047,23.47,1.0,2.0,14.0,0.0
CC[NH3+].O=C([O-])C(F)(F)C(F)(F)C(F)(F)C(F)(C(F)(F)F)C(F)(F)F,409.14199999999994,1.7233,129.11222588382518,67.77,1.0,2.0,4.0,0.0
O=C(Cl)C1(F)C(F)(F)C(F)(F)C(F)(F)C(F)(F)C1(F)F,344.50699999999995,3.6502,106.20875031979398,17.07,0.0,1.0,1.0,1.0
C=CCNCCC(F)(F)C(F)(F)C(F)(F)C(F)(F)C(F)(F)C(F)(F)F,403.18199999999996,4.890900000000002,131.40089156126047,12.03,1.0,1.0,9.0,0.0
O=C(O)CNS(=O)(=O)C(F)(F)C(F)(F)C(F)(F)C(F)(F)C(F)(F)C(F)(F)C(F)(F)C(F)(F)C(F)(F)C(F)(F)C(F)(F)F,707.1990000000003,5.863200000000002,212.1922645961551,83.47,2.0,3.0,13.0,0.0
CCOP(=O)(OCC)C1=C(P(=O)(OCC)OCC)C(F)(F)C1(F)F,398.22600000000006,5.014400000000004,137.10038346290688,71.06,0.0,6.0,10.0,1.0
O=C(CC(=O)C(F)(F)C(F)(F)F)C(F)(F)F,258.06399999999996,2.2746000000000004,82.21128902331,34.14,0.0,2.0,3.0,0.0
FC(F)(F)C(F)(F)C(F)(F)C(F)(F)C(F)(Cl)C(F)(F)F,354.49299999999994,4.921500000000001,105.0191880647353,0.0,0.0,0.0,3.0,0.0
O=S(=O)(F)C(F)(F)C(F)(F)C(F)(F)C(F)(F)C(F)(F)C(F)(F)C(F)(F)C(F)(F)F,502.11699999999996,5.252600000000001,145.19437850567198,34.14,0.0,2.0,7.0,0.0
Oc1ccc(OCC(F)(F)C(F)F)cc1,224.153,2.671400000000001,83.09615005609463,29.46,1.0,2.0,4.0,1.0
CCCCCCCCCCC(I)CC(F)(F)C(F)(F)C(F)(F)C(F)(F)F,514.2540000000001,8.179100000000005,160.96503949115842,0.0,0.0,0.0,13.0,0.0
C[N+](C)(CCCNS(=O)(=O)C(F)(F)C(F)(F)C(F)(F)C(F)(F)F)CC(=O)O,443.30800000000005,1.8825999999999998,147.11468988319328,83.47,2.0,3.0,10.0,0.0
C=CC(=O)OCCCC(=O)C(F)(F)C(F)(F)C(F)(F)C(F)(F)C(F)(F)C(F)(F)C(F)(F)C(F)(F)F,560.2,6.074300000000003,181.40952887653816,43.370000000000005,0.0,3.0,12.0,0.0
FC(C(F)(F)F)C(F)(F)Oc1ccccc1Br,323.03,4.321100000000001,100.50053471539243,9.23,0.0,1.0,3.0,1.0
COC(=O)c1c(OC)cccc1OS(=O)(=O)C(F)(F)C(F)(F)C(F)(F)C(F)(F)F,464.258,3.616100000000001,155.8123765930183,78.9,0.0,6.0,7.0,1.0
C=COC(=O)C(F)(F)C(F)(F)C(F)(F)C(F)(F)C(F)(F)C(F)(F)F,390.09499999999997,4.411900000000001,122.39621247840985,26.3,0.0,2.0,6.0,0.0
O=S(=O)(O)C1(F)C(F)(F)C(F)(F)C(F)(C(F)(F)F)C1(F)F,362.11599999999993,2.7301,107.00765588851256,54.370000000000005,1.0,2.0,1.0,1.0
FC1(F)OC2(OC1(F)F)C(F)(F)C(F)(F)C(F)(F)C2(F)F,344.05099999999993,3.4699,105.1307567012793,18.46,0.0,2.0,0.0,2.0
Cc1c(C(=O)O)ccc(C(F)(C(F)(F)F)C(F)(F)F)c1S(=O)C(C)C,394.308,4.498620000000002,139.83969791096916,54.37,1.0,2.0,4.0,1.0
CO[Si](O)(O)CCC(F)(F)C(F)(F)C(F)(F)C(F)(F)C(F)(F)C(F)(F)F,440.22799999999995,3.685200000000001,136.26373374704423,49.69,2.0,3.0,8.0,0.0
FC(F)(F)C(F)(F)C(F)(F)C(F)(F)C(F)(F)C(F)(F)C(F)(Cl)C(F)(Cl)Cl,487.4169999999999,6.730700000000001,146.68667555314434,0.0,0.0,0.0,6.0,0.0
NC(C(=O)O)C(C(F)(F)F)C(F)(F)F,225.08799999999994,1.1391,73.48787845222589,63.32000000000001,2.0,2.0,2.0,0.0
O=S(=O)(O)C(F)(F)C(F)(F)C(F)(F)OC(F)(F)F,316.0969999999999,2.2315,92.06607723690298,63.60000000000001,1.0,3.0,4.0,0.0
[N-]=[N+]=NS(=O)(=O)C(F)(F)C(F)(F)OC(F)(F)C(F)F,323.1209999999999,2.6866000000000003,98.16640373512601,92.13000000000001,0.0,3.0,6.0,0.0
C[N+](C)(CCCNC(=O)CSCCC(F)(F)C(F)(F)C(F)(F)C(F)(F)C(F)(F)C(F)(F)C(F)(F)C(F)(F)C(F)(F)C(F)(F)C(F)(F)C(F)(F)F)CC(=O)[O-],880.4490000000003,6.992900000000008,287.6664179357662,69.23,1.0,4.0,21.0,0.0
O=C(O)C(F)(F)OC(F)(F)C(F)(OC(F)(OC(F)(F)C(F)(F)C(F)(F)Cl)C(F)(F)F)C(F)(F)F,578.5300000000001,5.779800000000002,175.60302507771334,64.99000000000001,1.0,4.0,10.0,0.0
FC(F)(F)C(C(F)(F)F)(C(F)(F)F)C(F)(F)C(C(F)(F)F)(C(F)(F)F)C(F)(F)F,488.05899999999997,6.968300000000003,142.96949600152712,0.0,0.0,0.0,2.0,0.0
CSc1ccc(OS(=O)(=O)C(F)(F)C(F)(F)F)cc1,322.27599999999995,3.2722000000000016,109.4249639900347,43.370000000000005,0.0,4.0,4.0,1.0
O.O=CC(F)(F)C(F)(F)C(F)(F)C(F)F,248.06899999999996,1.5316,77.16557823728401,48.57,0.0,1.0,4.0,0.0
Cc1ccc2nc(C(F)(F)C(F)(F)C(F)(F)F)ccc2c1,311.2,4.832620000000002,113.95123191024877,12.89,0.0,1.0,2.0,2.0
O=S(=O)([O-])C(F)(F)C(F)(F)C(F)(F)C(F)(F)C(F)(F)C(F)(F)C(F)(F)F.[K+],488.20899999999995,0.8672,179.9631354635059,57.2,0.0,3.0,6.0,0.0
CCCCCCCC/C=C\CCCCCCCCOC(=O)Nc1cc(NC(=O)OCCN(C)S(=O)(=O)C(F)(F)C(F)(F)C(F)(F)C(F)(F)C(F)(F)C(F)(F)C(F)(F)C(F)(F)F)ccc1C,999.8660000000007,13.358019999999977,363.40451818668595,114.03999999999999,2.0,6.0,29.0,1.0
CCCCCCCCCCCCCCCCC(CC(=O)O)C(=O)OCC(F)(F)C(F)(F)C(F)(F)C(F)(F)OC(F)(F)C(F)(F)C(F)(F)C(F)(F)C(F)(F)OC(F)(F)C(F)(F)C(F)(F)C(F)(F)F,1056.6260000000007,14.540999999999977,359.70971032273013,82.06,1.0,5.0,33.0,0.0
COc1nc(C(F)(F)C(F)(F)C(F)(F)F)n(C)n1,281.131,2.1130999999999998,95.35528817937791,39.94,0.0,4.0,3.0,1.0
O=C([O-])CNS(=O)(=O)C(F)(F)C(F)(F)C(F)(F)C(F)(F)C(F)(F)C(F)(F)C(F)(F)C(F)(F)F.[K+],595.268,-0.3733999999999997,217.02679053077046,86.29999999999998,1.0,4.0,10.0,0.0
COC(=O)CC(=O)C(F)(F)C(F)(F)F,220.09299999999996,1.3161999999999998,74.82822804403818,43.370000000000005,0.0,3.0,3.0,0.0
C=COC(=O)C(F)(F)C(F)(F)C(F)(F)C(F)(F)C(F)(F)C(F)F,372.10499999999996,4.114700000000001,118.23067707548361,26.3,0.0,2.0,7.0,0.0
CCCC(OP(=O)(Oc1ccccc1)Oc1ccccc1)c1ccc(C(F)(F)C(F)(F)C(F)(F)C(F)(F)F)cc1,600.4140000000002,9.735199999999995,222.84519343612973,44.760000000000005,0.0,4.0,12.0,3.0
C=CC(=O)OC(F)(F)C(F)(F)N(CC)S(=O)(=O)C(F)(F)C(F)(F)C(F)(F)C(F)(F)C(F)(F)C(F)(F)C(F)(F)C(F)(F)F,697.2570000000003,6.519800000000004,216.4307579508178,63.68,0.0,4.0,13.0,0.0
FC(F)(F)OC(F)(F)C(F)(F)OC(F)(F)Cl,286.477,3.5141,85.8542526832509,18.46,0.0,2.0,4.0,0.0
CCCCCCC(=O)C(F)C(F)(F)F,214.20199999999994,3.426300000000002,80.48245165475112,17.07,0.0,1.0,6.0,0.0
O=S(=O)(O)OC(F)C(F)C(F)C(F)C(F)C(F)C(F)C(F)C(F)C(F)C(F)C(F)(F)C(F)(F)F,568.2700000000001,4.680000000000002,178.71830796301413,63.60000000000001,1.0,3.0,13.0,0.0
CC=CC1(F)C(F)(F)C1(F)F,172.096,2.5550000000000006,59.696204428730276,0.0,0.0,0.0,1.0,1.0
O=S(=O)(F)C(F)(F)C(F)(F)C(F)(F)C(F)(F)C(F)(F)C(F)(F)S(=O)(=O)F,466.168,3.3118,132.72324808956782,68.28,0.0,4.0,7.0,0.0
CCOP(=O)(OCC)C(CC)(C(F)(F)F)C(F)(F)F,316.17799999999994,4.525900000000003,106.34203123592141,35.53,0.0,3.0,6.0,0.0
CC[N+](C)(C)CCC(F)(F)C(F)(F)C(F)(F)C(F)(F)C(F)(F)C(F)(F)C(F)(F)C(F)(F)C(F)(F)C(F)(F)C(F)(F)C(F)(F)C(F)(F)C(F)(F)F,820.2890000000004,10.293999999999995,256.44348304302457,0.0,0.0,0.0,16.0,0.0
O=C([O-])C(F)(F)C(F)(F)C(F)(F)C(F)(F)C(F)(F)C(F)(F)C(F)(F)C(F)(F)C(F)(F)C(F)(F)C(F)(F)C(F)(F)C(F)(F)C(F)F,745.1150000000004,7.2603000000000035,223.43918776355636,40.129999999999995,0.0,2.0,14.0,0.0
O=C(C(F)(F)F)C(F)(C(F)(F)F)C(F)(F)C(F)(F)F,316.04099999999994,3.586,94.71190853497117,17.07,0.0,1.0,2.0,0.0
N=C(O)C(F)(F)C(F)(F)C(=N)O,188.08,1.32754,63.45538848564592,88.16000000000001,4.0,2.0,3.0,0.0
C[N+](C)([O-])CCCNC(=O)C(F)(F)C(F)(F)OC(F)(F)C(F)(F)C(F)(F)C(F)(F)C(F)(F)F,530.2280000000001,4.372600000000003,173.14459436611372,61.39,1.0,3.0,11.0,0.0
FC(C(F)(F)F)C(F)(F)C(F)(c1ccccc1)C(F)(F)F,328.149,4.9494000000000025,110.91146772074238,0.0,0.0,0.0,3.0,1.0
CC(=O)OCCCC(F)(F)C(F)(F)C(F)(F)C(F)(F)C(F)(F)C(F)(F)C(F)(F)C(F)(F)F,520.179,6.339100000000004,165.20772557988545,26.3,0.0,2.0,10.0,0.0
NNC(=O)C(F)(F)C(F)(F)C(F)(F)C(F)(F)C(F)(F)C(F)(F)C(F)(F)C(F)(F)C(F)(F)C(F)(F)C(F)(F)C(F)(F)C(=O)NN,718.1800000000001,4.589800000000002,221.49917018701402,110.24,4.0,4.0,13.0,0.0
O=S(=O)(O)C(O)CC(F)(F)C(F)(F)C(F)(F)C(F)(F)C(F)(F)C(F)(F)C(F)(F)F,494.1719999999999,3.9568000000000003,148.56468874913256,74.60000000000001,2.0,3.0,8.0,0.0
FC(F)(F)C(F)(F)C(F)(F)C(F)(F)C(F)(F)C(F)(F)C(F)(F)N=NC(F)(F)C(F)(F)C(F)(F)C(F)(F)C(F)(F)C(F)(F)C(F)(F)F,766.1080000000004,10.101800000000003,226.89633844726154,24.72,0.0,2.0,12.0,0.0
FC(F)(F)C(F)(F)C(F)(F)C(F)(F)CCCCI,402.038,5.059900000000002,110.04550257598557,0.0,0.0,0.0,6.0,0.0
O=C(F)C(F)(F)C(F)(F)C(F)(F)C(F)(F)C(=O)F,294.044,2.5198,90.54235982916246,34.14,0.0,2.0,5.0,0.0
O=C(O)C(F)(F)C(F)(F)C(F)(F)C(F)(F)C(F)(F)C(F)(F)C(F)(F)F.c1ccc(N2CCNCC2)cc1,576.3,5.541300000000003,196.55919124220094,52.57,2.0,3.0,7.0,2.0
N#CC(F)(F)OC(F)(F)C(F)(F)I,318.942,2.73998,81.595252820596,33.019999999999996,0.0,2.0,3.0,0.0
CCN(CCC[N+](C)(C)CC)S(=O)(=O)C(F)(F)C(F)(F)C(F)(F)C(F)(F)C(F)(F)C(F)(F)C(F)(F)F,591.4010000000002,5.456100000000005,195.1868285070893,37.38,0.0,2.0,13.0,0.0
OC1CC(F)(F)C1(F)F,144.067,1.0216,48.2846215813911,20.23,1.0,1.0,0.0,1.0
O=C(O)C(F)(F)OC(F)(OC(F)F)C(F)(F)F,278.051,2.1052,86.70614902007938,55.760000000000005,1.0,3.0,5.0,0.0
FC(F)(F)C(F)(F)OC(F)(F)C(F)(OC(F)(F)C(F)(OC(F)(F)C(F)(OC(F)(F)C(F)(OC(F)(F)C(F)(F)Br)C(F)(F)F)C(F)(F)F)C(F)(F)F)C(F)(F)F,979.0090000000006,11.088600000000001,281.11132479352017,46.150000000000006,0.0,5.0,15.0,0.0
CS(=O)(=O)CC(F)(F)C(F)F,194.149,0.9314,61.121617364510904,34.14,0.0,2.0,3.0,0.0
CN1CCN(C(=O)C(F)(F)C(F)(F)C(F)(F)F)CC1,296.18600000000004,1.5932999999999997,103.49289405040733,23.55,0.0,2.0,2.0,1.0
Cc1c(OC(F)=C(F)C(F)(F)C(F)(F)C(F)(F)C(F)(F)F)cc(C(=O)O)cc1C(=O)O,476.19400000000013,5.346520000000003,162.87222548305718,83.83,2.0,3.0,7.0,1.0
C=C(C)C(=O)OCC(F)(F)C(F)(F)C(F)(F)C(F)(F)COC(=O)C(=C)C,398.2460000000001,3.766200000000003,141.9787103331281,52.6,0.0,4.0,9.0,0.0
C=CC(=O)OCCCC(F)(F)C(F)(F)C(F)(F)C(F)(F)C(F)(F)C(F)(F)F,432.17599999999993,5.234600000000002,141.49103882159966,26.3,0.0,2.0,9.0,0.0
CCOC(=O)C(SCCC(F)(F)C(F)(F)C(F)(F)C(F)(F)C(F)(F)C(F)(F)F)SCCC(F)(F)C(F)(F)C(F)(F)C(F)(F)C(F)(F)C(F)(F)F,844.4120000000004,10.599799999999995,267.49835905772824,26.3,0.0,4.0,18.0,0.0
OCCC(F)(F)C(F)(F)C(F)(F)C(F)(F)C(F)(F)C(F)(F)C(F)(F)C(F)(F)C(F)(F)C(F)(F)C(F)(F)F,614.1360000000002,7.284100000000005,185.72010442008823,20.23,1.0,1.0,11.0,0.0
O=C([O-])C(F)(F)C(F)(F)C(F)(F)C(F)(F)C(F)(C(F)(F)F)C(F)(F)F.[NH4+],431.0949999999999,3.4865999999999993,130.8683830886857,76.63,1.0,2.0,5.0,0.0
OCCCCCCOCC(F)(F)C(F)(F)C(F)(F)F,300.21399999999994,3.388600000000002,105.09025685958554,29.46,1.0,2.0,9.0,0.0
O=C(O)CC(F)(F)C(F)(F)C(F)(F)C(F)(F)C(F)(F)C(F)(F)C(F)(F)C(F)(F)C(F)(F)C(F)(F)F,578.1120000000001,6.741100000000003,175.1856135998829,37.3,1.0,1.0,10.0,0.0
C[N+](C)([O-])CCCNS(=O)(=O)C(F)(F)C(F)(F)C(F)(F)C(F)(F)C(F)(F)C(F)(F)F,500.277,3.5664000000000016,159.56934789433248,69.22999999999999,1.0,3.0,10.0,0.0
Nc1cccc(C(F)(F)C(F)(F)F)c1,211.13299999999998,2.9229000000000003,76.32885505993407,26.02,1.0,1.0,1.0,1.0
CN(C)C(F)(F)C(F)F,145.099,1.4059,50.256052652927686,3.24,0.0,1.0,2.0,0.0
OC(c1cccc(OC(F)(F)C(F)F)c1)C1CCCC1,292.27200000000005,4.146900000000003,113.91502947454845,29.46,1.0,2.0,5.0,2.0
C[N+]1(CCO)CCC(C(=O)C(F)(F)C(F)(F)C(F)(F)C(F)(F)C(F)(F)C(F)(F)C(F)(F)F)CC1.[Cl-],575.7399999999998,1.7824999999999993,192.7692368957308,37.3,1.0,2.0,9.0,1.0
OCCSC(F)=C(F)C(F)(F)C(F)(F)F,258.15799999999996,3.0176000000000007,83.95045016567323,20.23,1.0,2.0,4.0,0.0
CC(C(O)c1ccccc1)C(O)(C(F)(F)F)C(F)(F)F,302.21399999999994,3.2118000000000015,110.20273572782602,40.46,2.0,2.0,3.0,1.0
O=[N+]([O-])c1ccc(NN=C(C(F)(F)F)C(F)(F)F)c([N+](=O)[O-])c1,346.14300000000003,3.3955,121.24071401494693,110.67000000000002,1.0,6.0,4.0,1.0
FC(F)(F)C(F)(F)C(F)(F)SCl,236.53900000000002,3.6638,70.55806258254916,0.0,0.0,1.0,2.0,0.0
O=C(Nc1c(Br)cc(C(F)(C(F)(F)F)C(F)(F)F)cc1C(F)(F)F)c1cccc([N+](=O)[O-])c1F,575.128,7.056900000000003,188.36600494152557,72.24,1.0,3.0,4.0,2.0
C[N+](C)(C)CC(O)CS(=O)(=O)CCC(F)(F)C(F)(F)C(F)(F)C(F)(F)C(F)(F)C(F)(F)C(F)(F)C(F)(F)F,628.3650000000001,4.867800000000004,202.41692188430594,54.37,1.0,3.0,13.0,0.0
O=S(=O)(O)CCCC(F)(F)C(F)(F)C(F)(F)C(F)(F)C(F)(F)C(F)(F)C(F)(F)C(F)(F)C(F)(F)C(F)(F)C(F)(F)C(F)(F)F,742.2350000000002,8.205000000000004,223.6154617125785,54.370000000000005,1.0,2.0,14.0,0.0
FC(F)(F)C(F)(F)C(F)(F)/C=C/I,321.961,3.768,81.93000239475901,0.0,0.0,0.0,2.0,0.0
O=S(O)C(F)(F)C(F)(F)C(F)(F)C(F)(F)S(=O)O,330.174,1.8860000000000001,97.91334425808914,74.6,2.0,2.0,5.0,0.0
CC(C)(C)c1ccc(C(O)(C(F)(F)F)C(F)(F)F)cc1,300.24199999999996,4.296300000000003,111.77344409002664,20.23,1.0,1.0,1.0,1.0
CN(CCC[N+](C)(C)CCCS(=O)(=O)[O-])S(=O)(=O)C(F)(F)C(F)(F)C(F)(F)C(F)(F)C(F)(F)F,570.4430000000002,2.7108000000000017,187.42343867663178,94.57999999999998,0.0,5.0,13.0,0.0
C=C(CO)C(=O)OCCC(F)(F)C(F)(F)C(F)(F)C(F)(F)C(F)(F)C(F)(F)F,448.17499999999995,4.207000000000001,146.28527257379565,46.53,1.0,3.0,9.0,0.0
NS(=O)(=O)c1ccc(CNC(=O)C(F)(F)C(F)(F)C(F)(F)C(F)(F)F)cc1,432.26399999999995,2.4184,144.9229253052923,89.25999999999999,2.0,3.0,6.0,1.0
C[SiH](C)C(F)(F)C(F)(F)C(F)(F)C(F)(F)C(F)(F)C(F)(F)C(F)(F)C(F)(F)F,478.21799999999996,6.021700000000004,144.8154937713253,0.0,0.0,0.0,7.0,0.0
FC1(F)C(F)(F)C(F)(F)C2(F)C(F)(F)C(F)(F)C(F)(F)C2(F)C1(F)F,412.06699999999995,4.877300000000002,124.2956920827637,0.0,0.0,0.0,0.0,2.0
CCN(CCOP(=O)(O)O)S(=O)(=O)C(F)(F)C(F)(F)C(F)(F)C(F)(F)C(F)(F)F,501.207,2.8084000000000016,154.2519103461834,104.13999999999999,2.0,4.0,10.0,0.0
O=C(N1c2ccccc2Sc2ccccc21)C(F)(F)C(F)(F)F,345.292,5.013500000000001,131.44963532546512,20.310000000000002,0.0,2.0,1.0,3.0
O=C(NC1CCCCC1)C(=O)C(C(F)(F)F)C(F)(F)F,305.21799999999996,2.7452000000000005,110.24895981951938,46.17,1.0,2.0,3.0,1.0
O=S(=O)([O-])OCCC(F)(F)C(F)(F)C(F)(F)C(F)(F)C(F)(F)C(F)(F)C(F)(F)C(F)(F)C(F)(F)C(F)(F)F.[NH4+],661.2240000000002,6.509500000000003,199.3167932271953,102.93,1.0,4.0,12.0,0.0
C[N+](C)(C)CC(O)CC(F)(F)C(F)(F)C(F)(F)C(F)(F)C(F)(F)C(F)(F)F,436.2319999999999,4.182400000000002,143.66961343322797,20.23,1.0,1.0,8.0,0.0
CC(C)(CS(=O)(=O)O)NC(=O)CCSCCC(F)(F)C(F)(F)C(F)(F)C(F)(F)C(F)(F)C(F)(F)C(F)(F)C(F)(F)C(F)(F)C(F)(F)F,787.4480000000004,7.562400000000005,252.24758286747706,83.47,2.0,4.0,17.0,0.0
O=C(OCC(F)(F)C(F)(F)C(F)(F)C(F)F)c1ccc(O)cc1,352.177,3.7200000000000015,123.01464011103319,46.53,1.0,3.0,6.0,1.0
FC(F)(F)C(F)(F)C(F)(F)C(F)(F)C(F)(F)C(F)(F)C[CH2][SnH]([CH2]CC(F)(F)C(F)(F)C(F)(F)C(F)(F)C(F)(F)C(F)(F)F)[CH2]CC(F)(F)C(F)(F)C(F)(F)C(F)(F)C(F)(F)C(F)(F)F,1161.0010000000009,14.600199999999992,331.06997763541796,0.0,0.0,0.0,21.0,0.0
O=S(=O)(F)C(F)C(F)(F)C(F)(F)C(F)(F)C(F)(F)C(F)=C(F)F,396.12399999999997,4.2001,117.31215634445996,34.14,0.0,2.0,6.0,0.0
CC(C)OC(=O)C[N+](C)(C)CCCNC(=O)C(F)(F)C(F)(F)C(F)(F)F,399.32699999999994,2.3536,145.59850310547026,55.4,1.0,3.0,9.0,0.0
O=P(O)(O)CCC(F)(OC(F)(F)C(F)(OC(F)(F)C(F)(OC(F)(F)C(F)(OC(F)(F)C(F)(OC(F)(F)C(F)(F)C(F)(F)F)C(F)(F)F)C(F)(F)F)C(F)(F)F)C(F)(F)F)C(F)(F)F,1058.1530000000007,10.9393,315.721082257661,103.68000000000002,2.0,6.0,18.0,0.0
O=C(O)CCCCNC(=O)CCNC(=O)SCCC(F)(F)C(F)(F)C(F)(F)C(F)(F)C(F)(F)C(F)(F)F,594.3900000000002,5.319300000000004,203.23191954112494,95.5,3.0,4.0,15.0,0.0
O=C(n1cnnn1)C(F)(F)C(F)(F)C(F)(F)F,266.07599999999996,1.1462,87.19487805327415,60.67,0.0,5.0,2.0,1.0
Fc1c(F)c(F)c(OCC(F)(F)C(F)F)c(F)c1F,298.104,3.6612999999999998,99.12959331852979,9.23,0.0,1.0,4.0,1.0
Nc1ccc2c(c1)C(F)(F)C(F)(F)O2,207.12599999999998,2.3458000000000006,76.27103373298547,35.25,1.0,2.0,0.0,2.0
O=S(=O)([O-])c1ccc(OC(F)(F)C(F)(F)C(F)(F)C(F)(F)C(F)(F)C(F)(F)F)cc1.[Na+],514.1909999999999,1.6698,184.92859690617706,66.43,0.0,4.0,7.0,1.0
CCCCCCC=CC(=O)C(F)(F)C(F)(F)F,258.22999999999996,4.279700000000003,96.6882682542863,17.07,0.0,1.0,7.0,0.0
FC1(F)c2c(Br)c(Br)c(Br)c(Br)c2C1(F)F,491.696,5.9338000000000015,121.2877882290313,0.0,0.0,0.0,0.0,2.0
CCCCCCCCCCCCCCCCC(CC(=O)O)C(=O)OCC(F)(F)C(F)(F)C(F)(F)C(F)(F)OC(F)(F)C(F)(F)C(F)(F)C(F)(F)C(F)(F)OC(F)(F)C(F)(F)C(F)(F)C(F)(F)C(F)(F)OC(F)(F)C(F)(F)C(F)(F)C(F)(F)F,1322.660000000001,17.64909999999999,438.3033201534824,91.29,1.0,6.0,39.0,0.0
FC(F)=C(F)OC(F)(F)C(F)(F)C(F)(F)F,266.03399999999993,3.8285,80.27831571200095,9.23,0.0,1.0,3.0,0.0
O=C(NCCSS(=O)(=O)[O-])OCCC(F)(F)C(F)(F)C(F)(F)C(F)(F)C(F)(F)C(F)(F)F.[Na+],569.2930000000001,1.0389000000000004,200.93066966746287,95.53,1.0,6.0,11.0,0.0
C=C(CC(=O)OCCC(F)(F)C(F)(F)C(F)(F)C(F)(F)C(F)(F)C(F)(F)F)C(=O)OCCC(F)(F)C(F)(F)C(F)(F)C(F)(F)C(F)(F)C(F)(F)F,822.2710000000005,9.276899999999998,262.2025454187608,52.60000000000001,0.0,4.0,17.0,0.0
FC(F)C(F)(F)C(F)(F)C(F)(F)COC(C(F)(F)F)C(F)(F)F,382.09099999999995,4.667200000000001,116.72488669907996,9.23,0.0,1.0,6.0,0.0
O=S(=O)([O-])C(F)(F)C(F)(F)C(F)(F)C(F)(F)F.O=S(=O)([O-])C(F)(F)C(F)(F)C(F)(F)C(F)(F)F.[Zn+2],663.5700000000002,3.9121,191.41991429745335,114.4,0.0,6.0,6.0,0.0
C[N+](C)(C)CCCNC(=O)CS(=O)CCC(F)(F)C(F)(F)C(F)(F)C(F)(F)C(F)(F)C(F)(F)C(F)(F)C(F)(F)C(F)(F)C(F)(F)F,753.4330000000003,6.617700000000004,246.20483830684242,46.17,1.0,2.0,17.0,0.0
COC(=O)C(F)(F)C(F)(F)C(F)(F)Br,288.96899999999994,2.417700000000001,82.33484683816539,26.3,0.0,2.0,3.0,0.0
C[N+](C)(C)CC(O)CC(F)(F)C(F)(F)C(F)(F)C(F)(F)C(F)(F)C(F)(F)C(F)(F)C(F)(F)F,536.246,5.453000000000003,173.06163927372612,20.23,1.0,1.0,10.0,0.0
CNCCCNS(=O)(=O)CCC(F)(F)C(F)(F)C(F)(F)C(F)(F)C(F)(F)C(F)(F)C(F)(F)C(F)(F)F,598.3190000000001,4.914800000000003,190.15810062436256,58.199999999999996,2.0,3.0,14.0,0.0
C=C(C)C(=O)OCCCCCCCCCCCC(F)(F)C(F)(F)C(F)(F)C(F)(F)C(F)(F)C(F)(F)C(F)(F)C(F)(F)F,658.4330000000001,10.016099999999994,228.1675436916673,26.3,0.0,2.0,19.0,0.0
O=S(=O)(O)CCCC(F)(F)C(F)(F)C(F)(F)C(F)(F)C(F)(F)C(F)(F)C(F)(F)F,492.19999999999993,5.028500000000001,150.13539711133316,54.370000000000005,1.0,2.0,9.0,0.0
FC(F)(F)C(F)(F)C(F)(F)c1nc(-c2ccccc2)nc(C(F)(F)C(F)(F)C(F)(F)F)n1,493.19800000000004,6.117400000000004,166.65458959574747,38.67,0.0,3.0,5.0,2.0
FC1(F)C(F)(F)C2(F)C(F)(F)C(F)(F)C(F)(F)C3(F)C(F)(F)C(F)(F)C(F)(C1(F)F)C23F,524.092,5.942800000000003,159.0468288841292,0.0,0.0,0.0,0.0,3.0
FC(F)(F)C(F)(F)C(F)(C(F)(F)F)C(F)(C(F)(F)F)C(F)(F)C(F)(F)F,438.05199999999996,5.922800000000002,128.27348308127802,0.0,0.0,0.0,3.0,0.0
CC[NH3+].O=C([O-])C(F)(F)C(F)(F)C(F)(C(F)(F)F)C(F)(F)F,359.13499999999993,1.088,114.4162129635761,67.77,1.0,2.0,3.0,0.0
O=C(O)C(F)(F)C(F)C(F)(F)OC(F)(F)C(F)(F)OC(F)(F)OC(F)(F)OC(F)(F)F,510.07700000000006,4.509600000000001,155.71729116008947,74.22000000000001,1.0,5.0,11.0,0.0
O=S(=O)([O-])OC(COCC(F)(F)C(F)F)COCC(F)(F)C(F)(F)C(F)(F)C(F)(F)C(F)(F)C(F)F.[Na+],622.2500000000002,1.2109999999999996,217.3587980447398,84.89000000000001,0.0,6.0,16.0,0.0
FC(F)(F)C(F)(F)C(F)(F)c1cc2ccccc2[nH]1,285.16200000000003,4.457300000000002,101.57580223591995,15.79,1.0,0.0,2.0,2.0
OCCOC(C(F)(F)F)C(F)(F)F,212.08899999999997,1.4885,69.10001088467628,29.46,1.0,2.0,3.0,0.0
OCC(F)(F)C(F)(F)C(F)(F)C(F)(F)C(F)(F)C(F)(F)C(F)(F)CO,412.117,3.4181000000000004,127.56475108836172,40.46,2.0,2.0,8.0,0.0
CN(C(=O)c1ccccc1F)c1cccc(C(=O)Nc2c(I)cc(C(F)(C(F)(F)F)C(F)(F)F)cc2C(F)(F)F)c1F,728.2710000000003,8.406500000000003,240.98118934245872,49.410000000000004,1.0,2.0,5.0,3.0
O=S(=O)([O-])C(F)(F)C(F)(F)C(F)(F)C(F)(F)C(F)(F)C(F)CC(F)(F)F,445.14799999999997,3.9561,133.23997747961369,57.2,0.0,3.0,7.0,0.0
FC1(F)c2cccnc2-c2ncccc2C1(F)F,254.18599999999998,3.3408000000000007,99.31398797442294,25.78,0.0,2.0,0.0,3.0
COc1ccc(/N=C/C(F)(F)C(F)(F)F)cc1,253.16999999999996,3.5951000000000013,93.72771630708158,21.59,0.0,2.0,3.0,1.0
O=C(O)C(F)(F)C(F)C(F)(F)F,196.046,1.6067000000000002,61.78304564081656,37.3,1.0,1.0,2.0,0.0
COC(=O)CC(=O)C(F)(F)C(F)(F)C(F)(F)F,270.09999999999997,1.9515,89.52424096428726,43.370000000000005,0.0,3.0,4.0,0.0
O=P([O-])(OCCC(F)(F)C(F)(F)C(F)(F)C(F)(F)C(F)(F)C(F)(F)C(F)(F)C(F)(F)C(F)(F)C(F)(F)C(F)(F)C(F)(F)C(F)(F)C(F)(F)C(F)(C(F)(F)F)C(F)(F)F)OCCC(F)(F)C(F)(F)C(F)(F)C(F)(F)C(F)(F)C(F)(F)C(F)(F)C(F)(F)C(F)(F)C(F)(F)C(F)(F)C(F)(F)C(F)(F)C(F)(F)C(F)(C(F)(F)F)C(F)(F)F.OCC[NH2+]CCO,1995.4570000000022,20.256800000000027,604.0044516501404,115.66000000000001,3.0,6.0,40.0,0.0
COC(=O)C(F)(OC(F)(F)C(F)(F)C(F)(F)F)C(F)(F)F,344.07599999999996,3.1945000000000006,107.1384057054553,35.53,0.0,3.0,4.0,0.0
Nc1nc(F)c(C(F)(F)F)c(C(F)(F)C(F)(F)F)n1,299.09599999999995,2.8707999999999996,97.79523474792863,51.8,1.0,3.0,1.0,1.0
FC(F)(F)C(F)(F)C(F)(F)CCCCCCCCC(F)(F)C(F)(F)C(F)(F)F,450.254,7.773000000000005,149.80099415595276,0.0,0.0,0.0,11.0,0.0
C=C(C)c1ccccc1CC(F)(F)C(F)(F)C(F)(F)C(F)(F)C(F)(F)F,400.2309999999999,6.365700000000003,139.84716854907072,0.0,0.0,0.0,6.0,1.0
C[N+](C)(CCCNCC(O)CC(F)(F)C(F)(F)C(F)(F)C(F)(F)C(F)(F)C(F)(F)C(F)(F)C(F)(F)C(F)(F)C(F)(F)C(F)(C(F)(F)F)C(F)(F)F)CCC(=O)[O-],900.4050000000003,7.119400000000009,292.8720324828023,72.39,2.0,4.0,21.0,0.0
O=C([O-])C(F)(C(F)(F)F)C(F)(F)F.[K+],252.12599999999998,-2.4268,114.87114573910537,40.129999999999995,0.0,2.0,1.0,0.0
O=C(Nc1cc(Cl)c(Cl)c(Cl)c1Cl)C1(F)C(F)(F)C(F)(F)C(F)(F)C(F)(F)C1(F)F,538.9550000000002,7.137100000000004,177.72550539011104,29.1,1.0,1.0,2.0,2.0
FC(F)(CCI)C(F)(F)C(F)(F)C(F)(F)CCI,509.9440000000001,5.177800000000001,125.14180529410295,0.0,0.0,0.0,7.0,0.0
Cc1cc(C(F)(C(F)(F)F)C(F)(F)F)cc(C)c1NC(=O)c1cccc(N(C)C(=O)c2ccc(F)cc2Cl)c1F,596.8770000000002,8.053340000000004,225.89095335391463,49.410000000000004,1.0,2.0,5.0,3.0
O=C1C(F)(F)C(F)(F)C(F)(F)C2(F)C(F)(F)C(F)(F)C(F)(F)C(F)(F)C12F,440.077,4.446400000000001,134.82215629720406,17.07,0.0,1.0,0.0,2.0
CCCCCCCCCCCCCCCCCCCC(F)(F)C(F)(F)C(F)(F)C(F)(F)C(F)(F)C(F)(F)C(F)(F)C(F)(F)F,686.5750000000002,13.037499999999978,245.04184785188735,0.0,0.0,0.0,24.0,0.0
CC[Si](CC)(CCC(F)(F)C(F)(F)C(F)(F)C(F)(F)F)OC,364.324,5.4764000000000035,122.49635180192398,9.23,0.0,1.0,8.0,0.0
C=CCC(F)(C(F)(F)F)C(F)(F)Br,270.99799999999993,3.820800000000001,78.7351185908271,0.0,0.0,0.0,3.0,0.0
O=C(O)C(F)(F)OC(F)(F)C(F)(F)C(F)(F)C(F)(F)C(F)(F)/C(F)=C(\F)C(F)(F)F,492.081,5.527300000000001,150.2175299567074,46.53,1.0,2.0,8.0,0.0
Nc1nc(OCC(F)(F)C(F)(F)C(F)(F)C(F)(F)C(F)(F)C(F)(F)F)nc(OCC(F)(F)C(F)(F)C(F)(F)C(F)(F)C(F)(F)C(F)(F)F)n1,792.2090000000004,7.6890000000000045,248.07043829599755,83.15,1.0,6.0,14.0,1.0
O=C(Nc1ccccc1NC(=O)C(F)(F)C(F)(F)C(F)(F)F)C(F)(F)C(F)(F)C(F)(F)F,500.1859999999999,5.229400000000001,166.0912042429407,58.2,2.0,2.0,6.0,1.0
O=C([O-])C(F)(F)C(F)(F)C(F)(F)C(F)(F)C(F)(F)C(F)(F)C(F)(F)C(F)(F)F.[Ag+],570.9309999999999,3.7431999999999994,161.0620484982818,40.129999999999995,0.0,2.0,7.0,0.0
C[N+](C)(CCO)CCC[N-]S(=O)(=O)C(F)(F)C(F)(F)C(F)(F)C(F)(F)C(F)(F)C(F)(F)C(F)(F)F,578.3380000000002,4.480300000000003,187.04120654389678,68.47,1.0,3.0,13.0,0.0
C[N+](C)(C)CCCNC(=O)CS(=O)CCC(F)(F)C(F)(F)C(F)(F)C(F)(F)C(F)(F)C(F)(F)C(F)(F)C(F)(F)C(F)(F)C(F)(F)C(F)(F)C(F)(F)F,853.4470000000005,7.888300000000005,275.5968641473405,46.17,1.0,2.0,19.0,0.0
OCC(F)(F)C(F)(F)C(F)(F)C(F)(F)CO,262.09599999999995,1.5122,83.4767123276145,40.46,2.0,2.0,5.0,0.0
CCCN(CCOCCOCCC(=O)[O-])S(=O)(=O)C(F)(F)C(F)(F)C(F)(F)C(F)(F)C(F)(F)C(F)(F)C(F)(F)C(F)(F)F.[K+],739.4820000000003,1.1722999999999997,278.3833893915524,95.97,0.0,6.0,19.0,0.0
O=C(O)C(F)(Br)C(F)(F)F,224.93499999999997,1.6940000000000002,60.95458032620885,37.3,1.0,1.0,1.0,0.0
OC(C(F)(F)F)C(F)(F)F.c1ccncc1,247.138,2.5535000000000005,86.53915476691596,33.120000000000005,1.0,2.0,0.0,1.0
CCCCCCCCCC(=O)OCC(F)(F)C(F)(F)C(F)(F)C(F)(F)C(F)(F)C(F)F,486.33699999999993,7.111900000000005,169.83981702284072,26.3,0.0,2.0,15.0,0.0
C[N+](C)(CCCN(CCC(=O)O)S(=O)(=O)C(F)(F)C(F)(F)C(F)(F)C(F)(F)C(F)(F)C(F)(F)C(F)(F)C(F)(F)C(F)(F)C(F)(F)C(F)(F)C(F)(F)F)CC(=O)[O-],914.4190000000004,5.8174000000000055,292.9433469272108,114.81,1.0,5.0,21.0,0.0
FC(F)(F)OC(F)(F)C(F)(F)N(C(F)(F)F)C(F)(F)F,337.03499999999997,4.05,99.22435862316728,12.47,0.0,2.0,3.0,0.0
FC(F)(F)C(F)(F)C(F)(F)C(F)(F)C(F)(F)C(F)(F)C(F)(F)C(F)(F)c1ccc[nH]1,485.137,6.480600000000003,152.3742023054301,15.79,1.0,0.0,7.0,1.0
COc1ccc(C(F)(F)C(F)(F)F)cc1C(C)=O,268.181,3.5519000000000016,99.35885803566184,26.3,0.0,2.0,3.0,1.0
FC(F)(F)C(F)(F)SSC(F)(F)C(F)(F)F,302.15799999999996,4.678000000000001,89.13561353736185,0.0,0.0,2.0,3.0,0.0
O=S(=O)([O-])C(F)(F)C(F)(F)OC(F)(F)C(F)(F)C(F)(F)C(F)(F)C(F)(F)C(F)(F)C(F)(F)C(F)(F)Cl.[K+],670.6840000000001,2.9740000000000015,235.30245027771545,66.43,0.0,4.0,11.0,0.0
O=C(N1CCOCC1)C(F)(OC(F)(F)C(F)(OC(F)(F)C(F)(F)C(F)(F)F)C(F)(F)F)C(F)(F)F,565.176,4.717800000000001,180.18881855557336,48.0,0.0,4.0,7.0,1.0
COC(=O)C(=O)C(F)(F)C(F)(F)C(F)(F)C(F)F,288.09,1.8994999999999997,93.68977636721348,43.370000000000005,0.0,3.0,5.0,0.0
O=S(=O)(F)C(F)(F)C(F)(F)C(F)(F)C(F)(F)C(F)(F)C(F)(F)F,402.10299999999995,3.9819999999999998,115.80235266517383,34.14,0.0,2.0,5.0,0.0
NCCC(F)(F)C(F)(F)C(F)F,195.106,1.8709,64.53212259998611,26.02,1.0,1.0,4.0,0.0
FC(F)=CC(F)(F)C(F)(F)C(F)(C(F)(F)F)C(F)(F)F,332.05899999999997,4.8703,100.39126092006599,0.0,0.0,0.0,3.0,0.0
CCCC[NH+](CCCC)CCC(F)(F)C(F)(F)C(F)(F)C(F)(F)C(F)(F)C(F)(F)C(F)(F)C(F)(F)C(F)(F)C(F)(F)C(F)(F)C(F)(F)C(F)(F)F.O=[N+]([O-])[O-],888.3940000000005,9.808399999999999,287.40434622146955,70.64,1.0,3.0,20.0,0.0
C=CC(F)(F)C(F)(F)C(F)(F)C(F)(F)C(F)(F)C(F)(F)Br,406.99199999999996,5.336600000000001,116.45821523717771,0.0,0.0,0.0,6.0,0.0
O=P(O)(OCCC(F)(F)C(F)(F)C(F)(F)C(F)(F)C(F)(F)C(F)(F)C(F)(F)C(F)(F)C(F)(F)C(F)(F)F)OCCC(F)(F)C(F)(F)C(F)(F)C(F)(F)C(F)(F)C(F)(F)C(F)(F)C(F)(F)C(F)(F)C(F)(F)F,1190.222000000001,14.460199999999993,356.65634146753814,55.760000000000005,1.0,3.0,24.0,0.0
FC1(F)CC(C(F)(F)C(F)(F)C(Br)CBr)C1(F)F,413.92800000000005,4.705900000000001,113.34739310976916,0.0,0.0,0.0,4.0,1.0
O=C(Nc1ccc(N=Nc2ccccc2)c(NC(=O)C2(F)C(F)(F)C(F)(F)C(F)(F)C(F)(F)C2(F)F)c1)C1(F)C(F)(F)C(F)(F)C(F)(F)C(F)(F)C1(F)F,828.3480000000004,9.775799999999998,281.0973498962249,82.91999999999999,2.0,4.0,6.0,4.0
FC(F)(F)C(F)(OC(F)(F)C(F)(F)I)C(F)(F)F,411.9359999999999,4.414,104.39529226815507,9.23,0.0,1.0,3.0,0.0
CCCC[N+](C)(C)CC(F)(F)C(F)(F)C(F)(F)C(F)(F)C(F)(F)C(F)F,416.2699999999999,5.3045000000000035,141.07478639250232,0.0,0.0,0.0,10.0,0.0
NC(Cc1ccccc1)C(O)C(F)(F)C(F)(F)C(F)(F)F,319.2199999999999,2.7502000000000018,114.91392807556896,46.25,2.0,2.0,5.0,1.0
CN(C)CC(O)CC(F)(F)C(F)(F)F,221.16899999999993,1.4966,78.31064815123975,23.47,1.0,2.0,4.0,0.0
FC(F)(F)C(F)(F)C(F)(F)C(F)(F)CCCCCCCCC(F)(F)C(F)(F)C(F)(F)C(F)(F)F,550.2680000000004,9.0436,179.19301999645091,0.0,0.0,0.0,13.0,0.0
O=S(=O)(F)C(F)(F)C(F)(F)C(F)(F)C(F)(F)C(F)(F)C(F)(F)C(F)(F)C(F)(F)C(F)(F)F,552.1240000000001,5.887900000000002,159.89039142592108,34.14,0.0,2.0,8.0,0.0
O=P(O)(OCCC(F)(F)C(F)(F)C(F)(F)C(F)(F)C(F)(F)C(F)(F)C(F)(F)C(F)(F)C(F)(F)C(F)(F)C(F)(F)C(F)(F)C(F)(F)C(F)(F)F)OCCC(F)(F)C(F)(F)C(F)(F)C(F)(F)C(F)(F)C(F)(F)C(F)(F)C(F)(F)C(F)(F)C(F)(F)C(F)(F)C(F)(F)C(F)(F)C(F)(F)F,1590.2780000000014,19.542600000000007,474.22444482953074,55.760000000000005,1.0,3.0,32.0,0.0
O=C(Cl)C(F)(F)C(F)(F)C(F)(F)C(F)(F)C(F)(F)C(F)(F)F,382.503,4.490600000000001,115.54565227917567,17.07,0.0,1.0,5.0,0.0
C[N+](C)(CCCNS(=O)(=O)CCC(F)(F)C(F)(F)C(F)(F)C(F)(F)C(F)(F)C(F)(F)C(F)(F)C(F)(F)C(F)(F)C(F)(F)F)CC(=O)[O-],770.3960000000002,4.792300000000004,248.02065163348095,86.3,1.0,4.0,18.0,0.0
CN(CCCS(=O)(=O)[O-])S(=O)(=O)C(F)(F)C(F)(F)C(F)(F)C(F)(F)F.[Li+],441.21899999999994,-1.386999999999999,153.23047555353338,94.57999999999998,0.0,5.0,8.0,0.0
FC(F)(F)C(F)(F)C(F)(F)C(/C=C/I)(C(F)(F)F)C(F)(F)F,471.98199999999997,5.879000000000002,126.01804115550622,0.0,0.0,0.0,3.0,0.0
CCCC[n+]1ccn(CCC(F)(F)C(F)(F)C(F)(F)C(F)(F)C(F)(F)C(F)(F)F)c1,471.28099999999995,5.704600000000004,160.81142010544875,8.809999999999999,0.0,1.0,10.0,1.0
FC(F)(F)C(F)(CCI)C(F)(F)F,323.977,3.6444,82.61960542694325,0.0,0.0,0.0,2.0,0.0
FC(F)(F)C1(F)OC1(F)F,166.01999999999998,1.8375,50.57006175015783,12.53,0.0,1.0,0.0,1.0
FC1(F)[Se]C2C3CCC(C3)C2C1(F)F,273.131,2.7669000000000006,85.58399717522583,0.0,0.0,0.0,0.0,3.0
FC(F)(F)C(F)(F)C=CC(F)(F)C(F)(F)C(F)(F)C(F)(F)F,364.07599999999996,5.208400000000001,110.92173843738883,0.0,0.0,0.0,4.0,0.0
O=c1cc2c(cc3ccccc13)C(F)(F)C(F)(F)C2(F)F,304.1889999999999,4.032500000000001,113.36728491842612,17.07,0.0,1.0,0.0,3.0
O=C(C(F)C(F)F)C(F)(F)C(F)(F)F,230.05399999999995,2.3563,71.68482480886962,17.07,0.0,1.0,3.0,0.0
CC(C(=O)Cl)(C(F)(F)F)C(F)(F)F,228.51899999999998,2.8827000000000007,73.65702022989883,17.07,0.0,1.0,1.0,0.0
O=C(O)C(F)(F)OC(F)(F)C(F)(F)C(F)(F)F,280.042,2.4708,85.75813919349874,46.53,1.0,2.0,4.0,0.0
O=S(=O)(O)C(F)(F)C(F)(F)C(F)(F)C(F)(F)C(F)(F)C(F)(F)/C(F)=C(\F)C(F)(F)C(F)(F)C(F)(F)C(F)(F)C(F)(F)C(F)(F)F,762.1720000000004,8.532900000000005,224.89198737185012,54.370000000000005,1.0,2.0,12.0,0.0
CC(C)CC(=O)CC(=O)C(F)(F)C(F)(F)C(F)(F)C(F)F,328.1989999999999,3.7318000000000024,114.035999595293,34.14,0.0,2.0,8.0,0.0
FC(F)(F)[C@](F)(Br)C(F)(F)Br,309.82899999999995,3.5971,74.19744288546289,0.0,0.0,0.0,1.0,0.0
Nc1n[nH]c(C(F)(F)C(F)(F)F)n1,202.08599999999998,1.0409999999999997,67.94576501124612,67.59,2.0,3.0,1.0,1.0
CN(C)CCCN(CC(O)CS(=O)(=O)O)S(=O)(=O)C(F)(F)C(F)(F)C(F)(F)C(F)(F)C(F)(F)C(F)(F)C(F)(F)C(F)(F)F,722.4360000000004,3.7855000000000025,229.73079758858304,115.22,2.0,6.0,16.0,0.0
O=[N+]([O-])OCCC(F)(F)C(F)(F)C(F)(F)C(F)(F)F,309.08399999999995,3.053,97.77433967763336,52.370000000000005,0.0,3.0,6.0,0.0
Cc1c(C(=O)O)ccc(C(F)(C(F)(F)F)C(F)(F)F)c1S(=O)C(C)(C)C,408.33500000000004,4.888720000000002,146.2046400253658,54.37,1.0,2.0,3.0,1.0
FC(F)=C(F)OC(F)(F)C(F)=C(F)C(F)(F)F,278.04499999999996,4.3438,85.95365479421329,9.23,0.0,1.0,3.0,0.0
CC(=O)n1nc(C(F)(F)C(F)(F)C(F)(F)F)cc1C(F)(F)C(F)(F)C(F)(F)F,446.138,5.122000000000002,143.43719123264174,34.89,0.0,3.0,4.0,1.0
O=C1NCCNC1(O)C(F)(F)C(F)F,216.13399999999996,-0.7052000000000003,76.27575227744416,61.36,3.0,3.0,2.0,1.0
C=CCCCCCCC(CCCC(F)(F)C(F)(F)F)C(=O)OCC,358.3910000000001,6.060200000000005,139.99146617017286,26.3,0.0,2.0,13.0,0.0
FC(F)C(F)F,102.03,1.5166,31.766334753931094,0.0,0.0,0.0,1.0,0.0
C=C(C)C(=O)OCC(O)CC(F)(F)C(F)(F)C(F)(F)C(F)(F)C(F)(F)C(F)(F)C(F)(F)C(F)(F)F,562.2160000000001,5.866100000000004,182.0422405286904,46.53,1.0,3.0,11.0,0.0
O=[N+]([O-])c1ccc(OC(F)(F)C(F)(F)F)cc1,257.1139999999999,3.128700000000001,90.75548531492805,52.370000000000005,0.0,3.0,3.0,1.0
O=C(C1=NNCC1(C(F)(F)F)C(F)(F)F)c1ccccc1,310.19699999999995,2.9395000000000007,114.18527985965173,41.46,1.0,3.0,2.0,2.0
FC(F)(F)C(F)(F)C(F)(F)C(F)(F)C(F)(F)C(F)(F)CCc1ccc(P(c2ccc(CCC(F)(F)C(F)(F)C(F)(F)C(F)(F)C(F)(F)C(F)(F)F)cc2)c2ccc(CCC(F)(F)C(F)(F)C(F)(F)C(F)(F)C(F)(F)C(F)(F)F)cc2)cc1,1300.5500000000009,17.458999999999996,430.25976837213983,0.0,0.0,0.0,24.0,3.0
C[N+](C)(CC(=O)[O-])CC(O)CC(F)(F)C(F)(F)F,279.2049999999999,-0.2387000000000003,100.20625971886805,60.36,1.0,3.0,6.0,0.0
C=Cc1ccc(C(F)(F)C(F)(F)C(F)(F)C(F)(F)F)cc1,322.16999999999996,5.2543000000000015,112.42127140002847,0.0,0.0,0.0,4.0,1.0
O=S(=O)(F)C(F)C(F)(F)C(F)(F)C(F)(F)C(F)(F)C(F)S(=O)(=O)F,430.188,2.7174000000000005,124.39217728371533,68.28,0.0,4.0,7.0,0.0
F[B-](F)(F)C(F)(F)C(F)(F)F.[K+],225.916,-0.4254000000000002,104.15702618440481,0.0,0.0,0.0,1.0,0.0
Nc1ccc(C(c2ccc(N)cc2)(C(F)(F)F)C(F)(F)F)cc1,334.263,4.261700000000002,127.25631748033365,52.04,2.0,2.0,2.0,2.0
COC(=O)c1ccc(C(F)(F)C(F)(F)C(F)(F)C(F)(F)C(F)(F)C(F)(F)C(F)(F)C(F)(F)F)cc1,554.196,6.939100000000004,181.16999344275962,26.3,0.0,2.0,8.0,1.0
C[N-]S(=O)(=O)C(F)(F)C(F)(F)C(F)(F)C(F)(F)F,312.1329999999999,2.7454,93.9994761877752,48.24,0.0,2.0,4.0,0.0
C=CC#CC(C)(C)OCC(F)(F)C(F)(F)C(F)(F)C(F)F,324.2109999999999,4.142000000000002,115.50106509878398,9.23,0.0,1.0,6.0,0.0
O=P([O-])(OCCC(F)(F)C(F)(F)C(F)(F)C(F)(F)C(F)(F)C(F)(F)C(F)(F)C(F)(F)C(F)(F)C(F)(F)C(F)(F)C(F)(F)C(F)(F)C(F)(F)F)OCCC(F)(F)C(F)(F)C(F)(F)C(F)(F)C(F)(F)C(F)(F)C(F)(F)C(F)(F)C(F)(F)C(F)(F)C(F)(F)C(F)(F)C(F)(F)C(F)(F)F.[NH4+],1607.3090000000013,19.286800000000014,480.36019519347735,95.09,1.0,4.0,32.0,0.0
O=C(F)C(F)(OC(F)(F)C(F)(F)C(F)(F)C(F)(F)S(=O)(=O)F)C(F)(F)F,446.11199999999997,3.4827,131.44236210912106,60.440000000000005,0.0,4.0,7.0,0.0
FC1(F)C(F)(F)C(F)(F)C2(F)C(F)(F)C(F)(F)C(F)(F)C(F)(F)C2(F)C1(F)F,462.07399999999996,5.512600000000003,138.99170500301278,0.0,0.0,0.0,0.0,2.0
OCCOCCOCCC(F)(F)C(F)(F)C(F)(F)C(F)(F)C(F)(F)C(F)(F)F,452.20699999999994,4.140800000000002,147.92689873544305,38.69,1.0,3.0,12.0,0.0
CCOc1ccc2nc(NC(NC(C)=O)(C(F)(F)F)C(F)(F)F)sc2c1,401.332,4.063900000000002,146.89567781769057,63.25,2.0,5.0,5.0,2.0
CN(C)CC(O)CC(F)(F)C(F)(F)C(F)(F)C(F)(F)C(F)(F)C(F)(F)C(F)(F)C(F)(F)C(F)(F)C(F)(F)C(F)(F)C(F)(F)C(F)(F)C(F)(F)F,821.2530000000004,9.120199999999999,254.66280319422862,23.47,1.0,2.0,16.0,0.0
FC(F)(F)N1C(F)(F)N(C(F)(F)F)C(F)(F)C1(F)F,316.04499999999996,3.3794999999999997,94.69928050740829,6.48,0.0,2.0,0.0,1.0
FC(F)(F)C(F)(F)C(F)(F)C(F)(F)C(F)(F)C(F)(F)Cl,354.49299999999994,4.9215,105.0191880647353,0.0,0.0,0.0,4.0,0.0
FC(F)(F)C(F)(F)C(F)(F)C(F)(F)C(F)(F)C(F)(F)C(F)(F)C(F)(F)CCOCC1CO1,520.1790000000002,5.801300000000005,165.15391755581936,21.759999999999998,0.0,2.0,11.0,1.0
CCCC[P+](CCCC)(CCCC)CC(C)OC.[Na+].[O-]c1ccc(C(c2ccc([O-])cc2)(C(F)(F)F)C(F)(F)F)cc1,632.6420000000004,5.687700000000006,269.6214338871631,55.349999999999994,0.0,3.0,14.0,2.0
FC(F)C(F)(F)COP1(Cl)=NP(Cl)(Cl)=NP(Cl)(Cl)=N1,443.2559999999999,7.9496,128.94081484300546,46.31,0.0,4.0,4.0,1.0
FC(Cl)C(F)(F)C(F)(F)Cl,202.93699999999998,2.9877000000000002,62.90334472501729,0.0,0.0,0.0,2.0,0.0
CC(C)OCC(F)(F)C(F)F,174.137,2.3118000000000007,62.33964844102441,9.23,0.0,1.0,4.0,0.0
FC(F)(F)C1(C(F)(F)F)OC(F)(Cl)C(Cl)(Cl)O1,331.398,3.8475999999999995,103.48882529202915,18.46,0.0,2.0,0.0,1.0
O=S([O-])C(F)(F)C(F)(F)OC(F)(F)C(F)(OC(F)=C(F)F)C(F)(F)F.[Na+],450.104,0.9442999999999997,157.40924283362165,58.59,0.0,4.0,7.0,0.0
O=C(N[C@H]1CCCC[C@@H]1NC(=O)C(F)(F)C(F)(F)C(F)(F)F)C(F)(F)C(F)(F)C(F)(F)F,506.234,4.195800000000002,168.21793156972714,58.2,2.0,2.0,6.0,1.0
O=C(C=C(O)c1ccc2ccccc2c1)C(F)(F)C(F)(F)C(F)(F)F,366.23199999999997,5.140700000000001,135.72762097815095,37.3,1.0,2.0,4.0,2.0
COc1ccc(C)cc1C(F)(F)C(F)(F)C(F)(F)F,290.17799999999994,4.293020000000001,103.52840674147052,9.23,0.0,1.0,3.0,1.0
O=C(CC(=O)C(F)(F)OC(F)(F)F)c1cccs1,288.193,3.0192000000000005,101.1607434061171,43.370000000000005,0.0,4.0,5.0,1.0
FC(Br)C(F)(F)F,180.92599999999996,2.2391999999999994,45.63388235957245,0.0,0.0,0.0,0.0,0.0
FC(OC(F)(F)C(Cl)Cl)C(F)(F)F,250.95299999999997,3.2573999999999996,78.547367471847,9.23,0.0,1.0,3.0,0.0
CCOc1ccc(C2(C(=O)OC)CC(F)(F)C2(F)F)cc1,306.25499999999994,3.1704000000000017,118.39586305190306,35.53,0.0,3.0,4.0,2.0
O=S(=O)([O-])C(F)(F)C(F)(F)C(F)(F)C(F)(F)F.[Li+],306.0309999999999,-1.0387,105.25009753332853,57.2,0.0,3.0,3.0,0.0
O=S(=O)(O)C(F)(F)C(F)(F)C(F)(F)C(F)C(F)(F)F,332.11499999999995,2.638,97.48300952471895,54.370000000000005,1.0,2.0,4.0,0.0
FC(F)(F)C(F)(F)C(F)(F)C(F)(F)C(F)(F)C(F)(F)C(F)(F)C(F)(F)C(F)(F)C(F)(F)I,645.972,7.658900000000004,172.76181163989358,0.0,0.0,0.0,8.0,0.0
O=[13C](O)[13C](F)(F)C(F)(F)C(F)(F)C(F)(F)C(F)(F)C(F)(F)C(F)(F)C(F)(F)C(F)(F)F,516.06270968,5.715700000000002,154.12465856523724,37.3,1.0,1.0,8.0,0.0
O=P(O)(O)OCCC(F)(F)F.OCCNCCO,299.182,-0.39130000000000037,101.82129417289121,119.25000000000001,5.0,5.0,7.0,0.0
CCCCCCCCC(F)(F)C(F)(F)C(F)(F)F,282.24299999999994,5.569900000000003,101.54741999227926,0.0,0.0,0.0,8.0,0.0
O=C([O-])C(F)(F)C(F)(F)C(F)(F)C(F)(F)C(F)(F)C(F)(F)C(F)(F)C(F)(F)C(F)(F)C(F)(F)C(F)(F)C(F)(F)C(F)F,695.1080000000003,6.625000000000003,208.7431748433073,40.129999999999995,0.0,2.0,13.0,0.0
OC(c1cccc(C(O)(C(F)(F)F)C(F)(F)F)c1)(C(F)(F)F)C(F)(F)F,410.15399999999994,4.311000000000002,135.19594814538343,40.46,2.0,2.0,2.0,1.0
Cc1cc(C(F)(C(F)(F)F)C(F)(F)F)cc(Br)c1N,354.06300000000005,4.62912,111.2573577002211,26.02,1.0,1.0,1.0,1.0
O=P(O)(O)OCCC(F)(F)C(F)(F)C(F)(F)C(F)(F)C(F)(F)C(F)(F)C(F)(F)C(F)(F)C(F)(F)C(F)(F)C(F)(F)C(F)(F)C(F)(F)C(F)(F)C(F)(C(F)(F)F)C(F)(F)F,994.1570000000006,11.2129,295.3535715977606,66.76,2.0,2.0,18.0,0.0
CCC(C(O)c1ccccc1)C(O)(C(F)(F)F)C(F)(F)F,316.24099999999993,3.601900000000002,116.56767784222264,40.46,2.0,2.0,4.0,1.0
CC(O)C(F)(F)C(F)C(F)(F)C(F)(F)C(F)(F)F,296.1039999999999,3.1735000000000007,93.37849149566755,20.23,1.0,1.0,4.0,0.0
CCCCC(Oc1ccc(C(C)(C)CC)cc1C(C)(C)CC)C(=O)Nc1ccc(NC(=O)C(F)(F)C(F)(F)C(F)(F)C(F)F)c(O)c1,682.6930000000004,9.453199999999999,268.8071125003061,87.66000000000001,3.0,4.0,16.0,2.0
C=CCOc1ccccc1C(=O)NC(O)(C(F)(F)F)C(F)(F)F,343.22299999999996,2.794400000000001,125.90877057100109,58.56,2.0,3.0,5.0,1.0
C#CC(C)(O)CCOC(=O)C(F)(F)OC(F)(F)C(F)(F)OC(F)(F)C(F)(F)OC(F)(F)C(F)(F)OC(F)(F)C(F)(F)OC(F)(F)C(F)(F)F,790.2160000000005,6.8772000000000055,251.38683386101556,92.68000000000002,1.0,8.0,18.0,0.0
O=C(F)C(F)(F)C(F)(F)I,273.926,2.1456,65.72017249234132,17.07,0.0,1.0,2.0,0.0
O=C(NC(=O)c1c(F)cccc1F)Nc1ccc(C(O)(C(F)(F)F)C(F)(F)F)cc1,442.262,4.238900000000001,161.85449344045355,78.43,3.0,3.0,3.0,2.0
FC(Oc1cccc(OC(F)=C(F)C(F)(F)C(F)(F)C(F)(F)C(F)(F)C(F)(F)C(F)(F)C(F)(F)F)c1)=C(F)C(F)(F)C(F)(F)C(F)(F)C(F)(F)C(F)(F)C(F)(F)C(F)(F)F,970.2260000000006,13.408599999999995,302.4764492727731,18.46,0.0,2.0,16.0,1.0
O=S(=O)(Cl)C(F)(F)C(F)(F)C(F)(F)C(F)(F)C(F)(F)C(F)(F)F,418.55799999999994,4.2513000000000005,121.14838969971773,34.14,0.0,2.0,5.0,0.0
NC(=O)C(F)(OC(F)(F)C(F)(OC(F)(F)C(F)(OC(F)(F)C(F)(F)C(F)(F)F)C(F)(F)F)C(F)(F)F)C(F)(F)F,661.1050000000002,6.181800000000002,199.40297703907277,70.78000000000002,1.0,4.0,10.0,0.0
CCCCn1cc[n+](C)c1.O=S(=O)([O-])C(F)(F)C(F)F,320.30799999999994,1.5022000000000002,114.13135807069946,66.01,0.0,4.0,5.0,1.0
CC(O)C(F)(F)C(F)(F)C(F)(F)C(F)(F)C(F)(F)F,314.09399999999994,3.4707000000000003,97.5440268985938,20.23,1.0,1.0,4.0,0.0
FC(F)(F)C(F)(F)c1nc2ccncc2[nH]1,237.13100000000006,2.612000000000001,85.31908527756386,41.57,1.0,2.0,1.0,2.0
O=C(CC(=O)C(F)(F)C(F)(F)C(F)(F)F)c1csc2ccccc12,372.261,4.876100000000002,133.4248756285945,34.14,0.0,3.0,5.0,2.0
O=C(NS(=O)(=O)C(F)(F)C(F)(F)C(F)(F)C(F)(F)F)C1CCCC1,395.2430000000001,3.048300000000001,128.9798777062728,63.24,1.0,3.0,5.0,1.0
C=CC(=O)OCC(F)(F)C(F)(F)C(F)(F)C(F)(F)C(F)(F)C(F)(F)C(F)(F)C(F)(F)C(F)(F)C(F)(F)C(F)(C(F)F)C(F)(F)F,736.1810000000004,8.604300000000002,227.46770963162373,26.3,0.0,2.0,14.0,0.0
O=C(O)C(F)(F)C(F)(F)C(F)(F)C(F)(F)C(F)(F)C(F)(F)C(F)(F)C(F)(F)C(F)(F)C(F)(F)C(F)(F)C(F)(F)C(F)F,696.1160000000003,7.959700000000005,208.7431748433073,37.3,1.0,1.0,13.0,0.0
CCCCCC1(OCC)CC(C(F)(F)F)(C(F)(F)F)SS1,356.39699999999993,5.948000000000004,127.50072291680742,9.23,0.0,3.0,6.0,1.0
O=C(C(F)(F)C(F)(F)F)C(Cl)(C(F)(F)F)C(F)(F)F,332.496,3.8552999999999997,100.84963935892661,17.07,0.0,1.0,2.0,0.0
O=C(C=C(C(F)(F)F)C(F)(F)F)c1ccccc1,268.156,3.920300000000002,97.72124517689696,17.07,0.0,1.0,2.0,1.0
NS(=O)(=O)C(F)(F)C(F)(F)C(F)(F)C(F)(F)F,299.1139999999999,1.7006000000000001,87.42456258678328,60.160000000000004,1.0,2.0,3.0,0.0
FC(F)C(F)(F)Sc1ccccc1,210.19500000000002,3.6366000000000014,76.94653898536036,0.0,0.0,1.0,3.0,1.0
N#CC(F)(OC(F)(F)C(F)(F)C(F)(F)OC(F)=C(F)F)C(F)(F)F,389.06699999999995,4.62728,121.37587317494506,42.25,0.0,3.0,6.0,0.0
OCCOCCOCCOCCOCCOC(F)(F)C(F)(F)C(F)(F)C(F)(F)C(F)(F)C(F)(F)C(F)(F)F,606.3190000000002,4.393300000000004,203.4233158017992,66.38000000000001,1.0,6.0,20.0,0.0
O=C([O-])CCSCCC(F)(F)F.[Li+],208.12999999999997,-2.1839999999999984,90.43699921212873,40.129999999999995,0.0,3.0,5.0,0.0
CCCCCCN(CCC[N+](C)(C)CC(=O)[O-])S(=O)(=O)C(F)(F)C(F)(F)C(F)(F)C(F)(F)C(F)(F)C(F)(F)F,626.4760000000002,4.111200000000004,214.90633989666645,77.51,0.0,4.0,17.0,0.0
O=S(=O)(F)C(F)(F)C(O)(F)F,200.08399999999997,0.4636000000000002,57.64699933344731,54.370000000000005,1.0,3.0,2.0,0.0
COC(C(F)(F)F)(C(F)(F)F)C(F)(F)F,250.05999999999995,3.0585000000000004,76.80238334125897,9.23,0.0,1.0,1.0,0.0
CC(F)(F)C(F)(F)C(F)F,166.064,2.5420000000000007,52.827289788576785,0.0,0.0,0.0,2.0,0.0
FC(F)(SCl)C(F)(F)SCl,235.054,3.9459999999999997,71.62669376481661,0.0,0.0,2.0,3.0,0.0
O=C(OOC(=O)C(F)(F)C(F)(F)C(F)(F)C(F)(F)F)C(F)(F)C(F)(F)C(F)(F)C(F)(F)F,526.0699999999999,4.924200000000001,159.48279728491084,52.6,0.0,4.0,6.0,0.0
Nc1nc(N)nc(C(F)C(F)(F)F)n1,211.12199999999996,0.6089,75.16215429686008,90.71,2.0,5.0,1.0,1.0
CCP(=O)(OCC(C)C)C(F)(F)C(F)(F)C(F)(F)F,318.1689999999999,4.7474000000000025,105.30735115121354,26.3,0.0,2.0,6.0,0.0
O=C(C=C(C(F)(F)F)C(F)(F)F)c1cccc(Cl)c1,302.601,4.573700000000001,108.02451140377862,17.07,0.0,1.0,2.0,1.0
O=C(O)C(F)(C(F)(F)C(F)(F)F)C(F)(F)C(F)(F)C(F)(F)C(F)(F)F,414.06399999999996,4.4451,124.7326327247391,37.3,1.0,1.0,5.0,0.0
FC(F)(F)C(F)(/C=C\I)C(F)(F)F,321.96099999999996,3.768,81.930002394759,0.0,0.0,0.0,1.0,0.0
FC(F)(F)C(F)(F)N1C(F)(F)C(F)(F)C(F)(F)C(F)(F)C1(F)F,383.054,4.5486,114.16593727477684,3.24,0.0,1.0,1.0,1.0
CCN(CCC[N+](C)(C)CCC(=O)[O-])S(=O)(=O)C(F)(F)C(F)(F)C(F)(F)C(F)(F)C(F)(F)C(F)(F)F,584.3950000000001,2.940900000000001,195.81151355347663,77.51,0.0,4.0,14.0,0.0
CC(NC(=O)CCSCCC(F)(F)C(F)(F)C(F)(F)C(F)(F)C(F)(F)C(F)(F)F)C(=O)O,523.311,4.827900000000002,174.42570891428332,66.4,2.0,3.0,12.0,0.0
FC(F)C(F)(F)C(F)(F)C(F)CC1CCCO1,268.17199999999997,3.4293000000000022,92.9252498394637,9.23,0.0,1.0,5.0,1.0
FC(F)(F)C(F)(F)C(F)(I)C(F)(F)F,345.93,3.8470999999999997,84.58573411839912,0.0,0.0,0.0,1.0,0.0
FC(F)(F)C(F)(OC(F)(F)C(F)(F)C(F)(F)C(F)(F)C(F)(F)C(F)(F)C(F)(F)C(F)(F)OC(F)(C(F)(F)F)C(F)(F)F)C(F)(F)F,770.0920000000003,9.597800000000003,226.6766510617863,18.46,0.0,2.0,11.0,0.0
O=P([O-])(OCC(F)(F)C(F)(F)C(F)(F)F)OCC(F)(F)C(F)(F)C(F)(F)F.[NH4+],479.101,4.53,144.31802671920454,95.09,1.0,4.0,8.0,0.0
O=C(N=C(O)c1c(F)cccc1F)Nc1cc(Cl)c(S(=O)C(F)(F)C(F)F)cc1Cl,493.2120000000001,5.7738000000000005,176.323205379752,78.75999999999999,2.0,2.0,5.0,2.0
C[N+](C)(C)CCCNC(=O)C(F)(F)C(F)(F)C(F)(F)C(F)(F)C(F)(F)C(F)(F)C(F)(F)C(F)(F)C(F)(F)F.[I-],740.1830000000001,2.847600000000001,222.18353725646145,29.1,1.0,1.0,12.0,0.0
CCCCCc1ccc(-c2ccc(C(F)(F)C(F)(F)C(F)(F)C(F)(F)C(F)(F)C(F)(F)F)cc2)nc1,543.367,8.676600000000002,195.8744688029112,12.89,0.0,1.0,10.0,2.0
COC(=O)C(F)(F)C(F)(F)C(F)(F)C(F)(F)C(F)(F)C(F)(F)C(F)(F)C(=O)OC,468.13700000000006,3.7795000000000014,149.2563024718642,52.60000000000001,0.0,4.0,8.0,0.0
FC(F)(F)C(F)(OC(F)(F)C(F)(F)C(F)(F)CC[n+]1ccccc1)C(F)(F)F.[Cl-],477.648,2.0386000000000006,159.19915822230902,13.11,0.0,1.0,7.0,1.0
O=C1OC(=O)C(F)(F)C1(F)F,172.033,0.3403999999999998,56.9269772587895,43.370000000000005,0.0,3.0,0.0,1.0
Cc1cc(C(F)(C(F)(F)F)C(F)(F)F)cc(C)c1-c1cnn(-c2cnc(Cl)c(C(=O)O)c2)c1,495.7820000000002,6.192140000000003,185.97989555551715,68.01,1.0,4.0,4.0,3.0
COCCNS(=O)(=O)C(F)(F)C(F)(F)C(F)(F)C(F)(F)F,357.1939999999999,1.9779000000000002,111.8429056460753,55.4,1.0,3.0,7.0,0.0
O=P(OC(F)(F)C(F)(F)F)(OC(F)(F)C(F)(F)F)OC(F)(F)C(F)(F)F,452.006,5.609600000000001,129.93723900670182,44.760000000000005,0.0,4.0,6.0,0.0
C[N+](C)(CCC(CO)N(CCCS(=O)(=O)[O-])S(=O)(=O)C(F)(F)C(F)(F)C(F)(F)C(F)(F)C(F)(F)C(F)(F)C(F)(F)C(F)(F)F)CC(O)CO,810.5420000000003,2.701000000000002,264.98900503715686,155.26999999999998,3.0,8.0,20.0,0.0
O=C(N1CCOCC1)C(F)(F)C(F)(F)C(F)(F)C(F)(F)C(F)(F)C(F)(F)F,433.16399999999993,3.5840000000000014,140.56970225606145,29.540000000000003,0.0,2.0,5.0,1.0
O=C(OCC(F)(F)C(F)(F)C(F)(F)C(F)F)c1ccccc1C(=O)OCC(F)(F)C(F)(F)C(F)(F)C(F)F,594.2420000000003,6.342200000000004,199.00940959817734,52.60000000000001,0.0,4.0,12.0,1.0
Nc1ccc(-c2n[nH]c(C(F)(F)C(F)(F)C(F)(F)F)n2)cc1,328.191,3.343300000000001,117.6988721375592,67.59,2.0,3.0,3.0,2.0
O=C(O)C(F)(F)C(F)(Cl)C(F)(F)C(F)(F)C(F)(F)C(F)(F)C(F)(F)C(F)(F)C(F)(F)C(F)(F)F,580.5400000000002,6.620300000000003,174.95840230944177,37.3,1.0,1.0,9.0,0.0
CC(NC(=O)C(F)(OC(F)(F)C(F)(F)C(F)(F)F)C(F)(F)F)c1ccccc1,433.217,4.898900000000002,148.99675898001706,38.33,1.0,2.0,6.0,1.0
C[N+](C)(CCCN(CCC(=O)O)S(=O)(=O)C(F)(F)C(F)(F)C(F)(F)C(F)(F)C(F)(F)C(F)(F)C(F)(F)C(F)(F)C(F)(F)F)CCC(=O)[O-],778.4250000000002,4.301600000000003,255.2202502808602,114.81,1.0,5.0,19.0,0.0
O=C(O)[C@H]1O[C@@H](OCCC(F)(F)C(F)(F)C(F)(F)C(F)(F)C(F)(F)C(F)(F)C(F)(F)C(F)(F)F)[C@H](O)[C@@H](O)[C@@H]1O,640.2390000000003,3.294700000000002,207.58720100783694,116.45000000000002,4.0,6.0,11.0,1.0
C=CC(=O)OCC(F)(F)C(F)(F)C(F)(F)F,254.10099999999994,2.5485000000000007,84.67311583205922,26.3,0.0,2.0,4.0,0.0
N[C@@H](CSC(F)(F)C(F)(F)C(F)F)C(=O)O,271.18199999999996,1.6247,89.97593059198775,63.32000000000001,2.0,3.0,6.0,0.0
CC(O)C(F)(F)C(F)(F)F.CC(O)C(F)(F)C(F)(F)F.CC(O)C(F)(F)C(F)(F)F.OP(O)O,574.2140000000002,3.8846000000000047,180.77923745910448,121.38000000000001,6.0,6.0,3.0,0.0
FC(F)(F)C(F)(F)C(F)(F)CNc1n[nH]c2cc(Cl)c(-c3ccccc3)cc12,425.7350000000002,6.128100000000002,158.03906851622148,40.71,2.0,2.0,5.0,3.0
Cc1[nH]nc(C(F)(F)C(F)(F)C(F)(F)C(F)(F)F)c1Cl,334.56899999999996,4.296220000000001,109.44646051506332,28.68,1.0,1.0,3.0,1.0
COP(=O)(CC(=O)CCCC(F)(F)C(F)(F)F)OC,312.17099999999994,3.4093000000000018,106.33801793303894,52.60000000000001,0.0,4.0,8.0,0.0
COC1=C(F)C(F)(F)C(F)(F)C1=O,202.07799999999997,1.6671999999999998,68.97127175828092,26.3,0.0,2.0,1.0,1.0
FC(F)(F)C(F)(c1ccc(Cl)nc1)C(F)(F)F,281.558,4.0244,95.2078914909986,12.89,0.0,1.0,1.0,1.0
O=C(OS(=O)(=O)C(F)(F)F)C(F)(F)F,246.08399999999992,0.9415000000000001,72.57181726157543,60.440000000000005,0.0,4.0,1.0,0.0
Oc1ccc(C(F)(F)C(F)(F)F)cc1,212.117,3.0463000000000005,75.78319811511737,20.23,1.0,1.0,1.0,1.0
CCN(CCCP(=O)(O)O)S(=O)(=O)C(F)(F)C(F)(F)C(F)(F)C(F)(F)C(F)(F)C(F)(F)C(F)(F)F,599.2490000000001,4.537500000000002,184.80866281344404,94.91,2.0,3.0,12.0,0.0
O=C(Nc1ccccc1)C(F)(F)C(F)(F)C(F)(F)C(F)(F)C(F)(F)C(F)(F)F,439.17099999999994,5.363900000000002,145.84934244196606,29.1,1.0,1.0,6.0,1.0
CCC[Si](Cl)(CCC)CCC(F)(F)C(F)(F)C(F)(F)C(F)(F)F,396.7969999999999,6.849000000000004,133.6330462555583,0.0,0.0,0.0,9.0,0.0
O=C(O)C1C(F)(F)C1(F)F,158.05,0.9714,52.44614368143486,37.3,1.0,1.0,1.0,1.0
FC1(F)N(C2(F)C(F)(F)C(F)(F)C(F)(F)C2(F)F)C(F)(F)C(F)(F)C1(F)F,445.07199999999995,4.9788000000000014,134.22106115589327,3.24,0.0,1.0,1.0,2.0
C[N+](C)(CCO)CC(O)CNS(=O)(=O)C(F)(F)C(F)(F)C(F)(F)C(F)(F)C(F)(F)C(F)(F)C(F)(F)C(F)(F)C(F)(F)C(F)(F)C(F)(F)C(F)(F)F,845.3800000000005,5.843500000000004,265.31550489733814,86.63,3.0,4.0,18.0,0.0
FC(C(F)(F)F)C(F)(F)C1CCCO1,222.12799999999996,2.701100000000001,76.02983020774427,9.23,0.0,1.0,2.0,1.0
FC1=C(C(F)(F)F)C(F)(F)C(F)(F)C1(F)F,262.04599999999994,3.6918,80.52388144336145,0.0,0.0,0.0,0.0,1.0
FC(F)(F)c1ccc(-c2cc3nc(C(F)(F)C(F)(F)C(F)(F)F)[nH]c3cc2Cl)cc1,464.69000000000005,7.191500000000002,165.0173589729874,28.68,1.0,1.0,3.0,3.0
CCCCCC=C(C)C(F)(F)C(F)(F)C(F)(F)C(F)(F)F,330.2339999999999,5.981200000000003,115.55382988034407,0.0,0.0,0.0,7.0,0.0
C[N+](C)([O-])CCCNS(=O)(=O)CCC(F)(F)C(F)(F)C(F)(F)C(F)(F)C(F)(F)C(F)(F)F,528.331,3.9990000000000023,172.2992321231257,69.22999999999999,1.0,3.0,12.0,0.0
O=S(=O)(F)C(F)(F)C(F)(F)OC(F)(F)C(F)(F)S(=O)(=O)F,382.15299999999996,1.9727999999999999,108.44476747857652,77.51,0.0,5.0,6.0,0.0
NCC(F)(F)C(F)(F)C(F)(F)C(F)(F)C(F)(F)C(F)(F)F,349.0899999999999,3.6839000000000004,106.42075464926295,26.02,1.0,1.0,5.0,0.0
O=P(O)(CCC(F)(F)C(F)(F)C(F)(F)C(F)(F)C(F)(F)C(F)(F)C(F)(F)C(F)(F)F)CCC(F)(F)C(F)(F)C(F)(F)C(F)(F)C(F)(F)C(F)(F)C(F)(F)C(F)(F)F,958.1960000000004,12.055799999999996,287.47185881127365,37.3,1.0,1.0,18.0,0.0
N#COc1ccc(C(c2ccc(OC#N)cc2)(C(F)(F)F)C(F)(F)F)cc1,386.251,4.8170600000000015,148.31867013705258,66.03999999999999,0.0,4.0,4.0,2.0
CC(=NS(=O)(=O)C(F)(F)C(F)(F)C(F)(F)C(F)(F)F)N1CCOCC1,410.2580000000001,2.4925000000000015,135.03719480819137,58.97,0.0,3.0,4.0,1.0
C[N+](C)(CC(=O)O)CC(F)C(F)(F)C(F)(F)C(F)(F)C(F)(F)C(F)(F)C(F)(F)C(F)(F)C(F)(F)C(F)(F)F,618.2260000000001,6.130200000000003,196.0847096969452,37.3,1.0,1.0,12.0,0.0
O=S1(=O)CC(F)(C(F)(F)F)C(F)C1(F)F,260.12999999999994,1.6163,78.97733453415698,34.14,0.0,2.0,0.0,1.0
OCC(F)(F)C(F)(F)C(F)(F)C(F)(F)C(F)(F)C(F)(F)C(F)(F)C(F)(F)C(F)(F)C(F)(F)C(F)(F)F,600.1090000000002,6.894000000000005,179.35516230569164,20.23,1.0,1.0,10.0,0.0
FC(F)(F)C(F)(F)[I+]c1ccccc1.O=S(=O)([O-])O,420.09300000000013,-0.8951,115.01238413372788,77.43,1.0,3.0,2.0,1.0
CN(C)CCC(NS(=O)(=O)C(F)(F)C(F)(F)C(F)(F)C(F)(F)C(F)(F)C(F)(F)C(F)(F)F)C(=O)O,578.2940000000001,3.6423000000000023,184.6278150429486,86.71000000000001,2.0,4.0,12.0,0.0
FC(F)C(F)(F)CSCc1ccccc1,238.24900000000002,3.8202000000000025,89.6764232141536,0.0,0.0,1.0,5.0,1.0
FC1(F)C(F)(Cl)C(F)(F)C1(F)Cl,232.938,3.0797999999999996,72.42799108881088,0.0,0.0,0.0,0.0,1.0
CC(=O)SCC(F)(F)C(F)(F)F,208.15099999999995,2.4637000000000002,69.31132862545616,17.07,0.0,2.0,2.0,0.0
CC(=O)OC(C(CO)C(F)(F)C(F)(F)C(F)(F)C(F)(F)C(F)(F)C(F)(F)C(F)(F)C(F)(F)C(F)(F)C(F)(F)C(F)(F)C(F)(F)C(F)(F)C(F)(F)C(F)(F)C(F)(F)F)C(CO)[N+](C)(C)CC(=O)[O-],1081.3920000000005,7.805600000000007,345.4795101416882,106.89000000000001,2.0,6.0,23.0,0.0
C=C(CC(F)(F)C(F)(F)F)C(F)(F)F,228.08199999999997,3.6926000000000005,73.19864179103821,0.0,0.0,0.0,2.0,0.0
NS(=O)(=O)c1cc2c(cc1C(F)(F)C(F)(F)F)N=CNS2(=O)=O,379.288,0.9398000000000006,125.65470247509977,118.69,2.0,5.0,2.0,2.0
COC(=O)C(F)(Br)C(F)(F)C(F)(F)F,288.96899999999994,2.4177,82.33484683816539,26.3,0.0,2.0,2.0,0.0
C1=CCC=C1.O=[C](C(F)(F)C(F)(F)C(F)(F)F)[Mo]([C]#[O+])([C]#[O+])[C]#[O+],443.1020000000001,3.0439000000000016,132.282139067523,76.77,0.0,1.0,3.0,1.0
O=C(O)c1cnc(C(F)(F)C(F)(F)F)nc1C1CC1,282.16800000000006,2.7063000000000006,102.83795348111137,63.08,1.0,3.0,3.0,2.0
C[N+](C)(CCCNC(=O)CSCCC(F)(F)C(F)(F)C(F)(F)C(F)(F)C(F)(F)C(F)(F)C(F)(F)C(F)(F)C(F)(F)C(F)(F)C(F)(F)C(F)(F)C(F)(F)C(F)(F)F)CC(=O)O,981.4710000000005,9.598200000000002,317.05844377626437,66.4,2.0,3.0,23.0,0.0
NC(=S)NN=Cc1nccc2c(C(F)(F)C(F)(F)C(F)(F)F)cccc12,398.307,3.691300000000001,146.43016565856604,63.3,2.0,3.0,4.0,2.0
C[N+](C)([O-])CCC[N-]S(=O)(=O)C(F)(F)C(F)(F)C(F)(F)C(F)(F)C(F)(F)C(F)(F)C(F)(F)F.[K+],588.374,1.9898000000000002,223.18792550994414,71.3,0.0,3.0,11.0,0.0
C[N+](C)(C)CCCNS(=O)(=O)C(F)(F)C(F)(F)C(F)(F)C(F)(F)C(F)(F)F.C[N+](C)(C)CCCNS(=O)(=O)C(F)(F)C(F)(F)C(F)(F)C(F)(F)C(F)(F)F.O=S(=O)([O-])[O-],994.6750000000004,4.788200000000004,319.2492367055322,172.6,2.0,8.0,18.0,0.0
O=C(N(CC(O)CO)CC(O)CO)C(F)(F)C(F)(F)C(F)(F)C(F)(F)C(F)(F)C(F)(F)C(F)(F)C(F)(F)F,611.2450000000001,2.5308000000000006,197.76083325815918,101.23000000000002,4.0,5.0,13.0,0.0
CC(C=O)C(F)(F)C(F)(F)C(F)(F)C(F)(F)C(F)(F)C(F)(F)F,376.11199999999997,4.560200000000001,117.9722702810872,17.07,0.0,1.0,6.0,0.0
O=S(=O)(O)OC(F)C(F)C(F)C(F)C(F)C(F)C(F)C(F)C(F)C(F)(F)C(F)(F)F,504.23599999999993,4.003800000000002,157.65735292836845,63.60000000000001,1.0,3.0,11.0,0.0
O=S(=O)(CCCl)CCC(F)(F)C(F)(F)C(F)(F)C(F)(F)C(F)(F)C(F)(F)F,474.66599999999994,4.768900000000001,147.1043549041083,34.14,0.0,2.0,9.0,0.0
C[N+](C)(C)CCOCCCNS(=O)(=O)C(F)(F)C(F)(F)C(F)(F)C(F)(F)C(F)(F)C(F)(F)C(F)(F)C(F)(F)F.Cc1ccc(S(=O)(=O)[O-])cc1,814.5770000000002,5.884720000000006,272.4779765398838,112.6,1.0,6.0,16.0,1.0
C/N=C(\N(C)C)[N+](C)(C)C.[O-]C(F)(F)C(F)(F)F,279.25299999999993,0.7417999999999996,102.911491176221,38.66,0.0,2.0,0.0,0.0
FC(F)OC(F)(F)C(Cl)Cl,200.94600000000003,2.6221000000000005,63.85135455159793,9.23,0.0,1.0,3.0,0.0
FC(F)(F)C(F)(F)C(F)(F)C(F)(F)c1cc2ccccc2[nH]1,335.16900000000004,5.092600000000001,116.27181515616903,15.79,1.0,0.0,3.0,2.0
O=P(O)(OCCC(F)(F)C(F)(F)C(F)(F)C(F)(F)C(F)(F)C(F)(F)C(F)(F)C(F)(F)F)OCCC(F)(F)C(F)(F)C(F)(F)C(F)(F)C(F)(F)C(F)(F)C(F)(F)C(F)(F)C(F)(F)C(F)(F)C(F)(F)C(F)(F)F,1190.2220000000007,14.460199999999993,356.65634146753814,55.760000000000005,1.0,3.0,24.0,0.0
O=C(F)C(F)(F)OC(F)(F)OC(F)(F)OC(F)(F)OC(F)(F)F,380.037,3.3124,115.16608945299868,53.99000000000001,0.0,5.0,8.0,0.0
O=C(O)Cc1ccc(-c2ncn(-c3ccc(OC(F)(F)C(F)(F)F)cc3)n2)cc1,413.302,4.095300000000003,159.7292195234966,77.24,1.0,5.0,6.0,3.0
O=S(=O)([O-])C(F)(F)C(F)(F)C(F)(F)OC(F)(C(F)(F)F)C(F)(F)OC(F)(Cl)C(F)(F)Cl.[Na+],587.0160000000001,1.9042999999999997,196.65253541802898,75.66000000000001,0.0,5.0,9.0,0.0
O=C(C(F)(F)F)C(F)(F)C(F)(F)S(=O)(=O)O,278.101,1.2337,82.7829833015874,71.44,1.0,3.0,3.0,0.0
FC(F)C(F)(F)Oc1cccc(Br)c1,273.023,3.6858000000000013,85.80452179514336,9.23,0.0,1.0,3.0,1.0
FC(F)(I)C(F)(F)C(F)(F)C(F)(F)I,453.83599999999996,4.3126,99.68203683651652,0.0,0.0,0.0,3.0,0.0
O=C(F)C(F)(OC(F)(F)C(F)(OC(F)(F)F)C(F)(F)F)C(F)(F)F,398.04599999999994,4.0845,119.635011914234,35.53,0.0,3.0,5.0,0.0
[NH-]S(=O)(=O)C(F)(F)C(F)(F)C(F)(F)C(F)(F)F.[NH4+],316.1449999999999,3.1702999999999997,93.5603129507299,94.44,1.0,2.0,3.0,0.0
C[N+](C)(CCCNS(=O)(=O)C(F)(F)C(F)(F)C(F)(F)C(F)(F)F)CCCS(=O)(=O)[O-],506.40900000000016,1.7332999999999998,166.1525121553908,103.37,1.0,5.0,12.0,0.0
O=C(Nc1ccc(Cl)cc1)C(F)(F)C(F)(F)C(F)(F)F,323.5949999999999,4.111400000000001,112.06456990810051,29.1,1.0,1.0,3.0,1.0
O=C(O)C(F)(C(F)(F)F)C(F)(C(F)(F)F)C(F)(F)C(F)(F)C(F)(F)F,414.06399999999996,4.4451,124.7326327247391,37.3,1.0,1.0,4.0,0.0
FC1(F)c2c3c(c4c(c2C1(F)F)C(F)(F)C4(F)F)C(F)(F)C3(F)F,372.10799999999995,5.278200000000002,122.58998718040371,0.0,0.0,0.0,0.0,4.0
OC(c1c(F)c(F)c(F)c(F)c1F)(c1c(F)c(F)c(F)c(F)c1F)C(F)(F)OC(F)(F)C(F)(F)OC(F)(F)C(F)(F)F,664.1610000000003,7.280200000000006,213.17571768460135,38.69,1.0,3.0,8.0,2.0
O=S1(=O)CCC(F)(F)C1(F)F,192.13299999999998,1.0330000000000001,60.11578621098167,34.14,0.0,2.0,0.0,1.0
FC(F)=C(F)OC(F)(F)C(F)(F)C(F)(F)OC(F)=C(F)F,344.051,4.9107,105.76321294396925,18.46,0.0,2.0,6.0,0.0
O=C(O)C(F)(F)C(F)(C(F)(F)F)C(F)(C(F)(F)F)C(F)(F)C(F)(F)F,414.06399999999996,4.4451,124.7326327247391,37.3,1.0,1.0,4.0,0.0
CC(C)(C)C(=O)[CH-]C(=O)C(F)(F)C(F)(F)C(F)(F)F.CC(C)(C)C(=O)[CH-]C(=O)C(F)(F)C(F)(F)C(F)(F)F.CC(C)(C)C(=O)[CH-]C(=O)C(F)(F)C(F)(F)C(F)(F)F.[Gd+3],1042.7720000000004,9.623669999999995,345.96509136543875,102.41999999999999,0.0,6.0,12.0,0.0
C=CCOCC(F)(F)C(F)(F)C(F)(F)C(F)(F)C(F)(F)F,340.13199999999995,4.292500000000001,109.9036195725136,9.23,0.0,1.0,7.0,0.0
OC(F)(C(F)(F)F)C(F)(F)F,186.02599999999998,1.7691,55.42211682930242,20.23,1.0,1.0,0.0,0.0
O=C([O-])C(F)(F)C(F)(F)C(F)(F)C(F)(F)C(F)(F)C(F)(F)C(F)(F)C(F)(F)C(F)(F)C(F)(F)C(F)(F)Cl,629.5390000000001,5.9209000000000005,189.65441522969084,40.129999999999995,0.0,2.0,11.0,0.0
O=C(OC1C2CCC(C2)C1O)C(F)(C(F)(F)F)S(=O)(=O)O,336.259,0.8049000000000002,116.37214645383277,100.9,2.0,5.0,3.0,2.0
O=c1[nH]c(=O)n([C@H]2C[C@H](O)[C@@H](CO)O2)cc1C(F)(F)C(F)(F)C(F)(F)F,396.215,0.46670000000000017,138.178181084099,104.55000000000001,3.0,6.0,4.0,2.0
O=CC=C(Oc1ccccc1)C(F)(F)C(F)(F)C(F)(F)C(F)(F)C(F)(F)F,416.1859999999999,5.251700000000001,142.75729376422478,26.3,0.0,2.0,7.0,1.0
CCOC(=O)C(F)(F)C(F)(F)C(F)(F)F,242.08999999999995,2.3824000000000005,78.99777674984688,26.3,0.0,2.0,3.0,0.0
O=C(O)CC(CC(=O)O)C(F)(F)C(F)(F)C(F)(F)F,300.1259999999999,2.3849,100.36410535356899,74.6,2.0,2.0,6.0,0.0
O=S(O)C(F)(F)C(F)(F)C(F)(F)C(F)(F)F,284.09899999999993,2.6338,83.70138782918544,37.3,1.0,1.0,3.0,0.0
Cn1c(CC(O)(C(F)(F)F)C(F)(F)F)ccc1CC(O)(C(F)(F)F)C(F)(F)F,441.21200000000005,3.821500000000001,147.70990639618293,45.39,2.0,3.0,4.0,1.0
FC(F)(CC[SiH2]C(Cl)Cl)C(F)(F)CC[SiH2]C(Cl)Cl,384.17600000000004,3.7338000000000013,128.31772531380443,0.0,0.0,0.0,9.0,0.0
CN(C)CCCNS(=O)(=O)C(F)(F)C(F)(F)C(F)(F)C(F)(F)C(F)(F)C(F)(F)F.Cl,520.739,3.9756000000000022,166.76419740861257,49.410000000000004,1.0,3.0,10.0,0.0
CCCCCCCCC=CC(F)(F)C(F)(F)C(F)(F)C(F)(F)C(F)(F)C(F)(F)C(F)(F)F,508.30899999999997,8.667300000000003,172.37175286988452,0.0,0.0,0.0,13.0,0.0
C[N+](C)(CCCNS(=O)(=O)C(F)(F)C(F)(F)C(F)(F)C(F)(F)F)CCCS(=O)(=O)O,507.41700000000014,2.0759,166.1525121553908,100.54,2.0,4.0,12.0,0.0
CCC(F)(F)C(F)(F)C(O)(F)F,196.08999999999997,2.252100000000001,63.986465655169404,20.23,1.0,1.0,3.0,0.0
COCCNC(=O)C(F)(F)C(F)(F)C(F)(F)F,271.13199999999995,1.5818999999999996,90.91258104785152,38.33,1.0,2.0,5.0,0.0
C[C@]12CC[C@@H]3c4ccc(O)cc4CC(CCCCCCCCCS(=O)CCCC(F)(F)C(F)(F)F)[C@H]3[C@@H]1CC[C@@H]2O,606.7820000000003,8.682600000000003,243.6928033558202,57.53,2.0,3.0,14.0,4.0
CCCCCCCCCCCCCCCCOC[C@H](COC(=O)C(F)(F)C(F)(F)C(F)(F)F)OC(C)=O,554.5840000000001,7.792100000000008,214.32028948244002,61.830000000000005,0.0,5.0,22.0,0.0
OCC(F)(F)OC(F)(F)C(F)(F)OC(F)(F)C(F)(F)OC(F)(F)C(F)(F)C(F)(F)C(F)(F)F,548.0920000000001,5.418200000000002,165.3037721537141,47.92,1.0,4.0,11.0,0.0
CCCCCCC(F)(F)C(F)(F)C(F)(F)C(F)(F)C(F)(F)C(F)(F)F,404.2099999999999,6.695600000000004,132.90557452423326,0.0,0.0,0.0,9.0,0.0
OCC(F)(F)C(F)(F)C(F)(F)C(F)(F)C(F)(F)C(F)(F)C(F)F,382.09099999999995,4.0556,116.4055752217691,20.23,1.0,1.0,7.0,0.0
C[N+](C)(C)CC([O-])CS(=O)CCC(F)(F)C(F)(F)C(F)(F)C(F)(F)C(F)(F)C(F)(F)C(F)(F)C(F)(F)F,611.3580000000002,4.569700000000004,199.16577770609524,40.129999999999995,0.0,2.0,13.0,0.0
O=S(=O)([O-])C(F)(F)C(F)(F)OCc1ccc2ccccc2c1,337.27000000000004,3.087200000000001,122.61221684567447,66.43,0.0,4.0,5.0,2.0
O=C(NC(=O)c1c(F)cccc1F)Nc1cc(Cl)c(OC(F)(F)C(F)C(F)(F)F)c(Cl)c1F,529.142,6.244600000000001,186.945872774454,67.43,2.0,3.0,5.0,2.0
FC1(F)C2CN=NC2C1(F)F,168.093,1.7212,59.29627663455154,24.72,0.0,2.0,0.0,2.0
C[Si](C)(C)C(Br)CC(F)(F)C(F)(F)Br,360.0589999999999,4.640400000000002,98.70712778257396,0.0,0.0,0.0,4.0,0.0
O=C(O)c1ccc(OCCC(F)(F)C(F)(F)C(F)(F)C(F)(F)C(F)(F)C(F)(F)C(F)(F)C(F)(F)F)cc1,584.2220000000001,7.163100000000004,192.32916930935224,46.53,1.0,2.0,11.0,1.0
CCC(C(O)c1cccs1)C(O)(C(F)(F)F)C(F)(F)F,322.2699999999999,3.6634000000000015,114.20804111263413,40.46,2.0,3.0,4.0,1.0
O=Cc1ccccc1OC(F)(F)C(F)F,222.13699999999994,2.735800000000001,82.46343840394238,26.3,0.0,2.0,4.0,1.0
C[N+](C)(CCO)CCCN(CCCS(=O)(=O)[O-])S(=O)(=O)C(F)(F)C(F)(F)C(F)(F)C(F)(F)F,550.4620000000002,1.4380000000000002,183.88660162297532,114.81,1.0,6.0,14.0,0.0
O=P([O-])([O-])OCCC(F)(F)C(F)(F)C(F)(F)C(F)(F)C(F)(F)C(F)(F)C(F)(F)F.[NH4+].[NH4+],528.149,4.3483,160.66494312316317,145.42000000000002,2.0,4.0,9.0,0.0
FC(F)C(F)(F)COC(F)(F)C(F)F,232.06999999999996,2.7613000000000003,72.63684793833272,9.23,0.0,1.0,5.0,0.0
C=CC(=O)OC(CO)CC(F)(F)C(F)(F)C(F)(F)C(F)(F)C(F)(F)C(F)(F)C(F)(F)C(F)(F)F,548.189,5.476000000000003,175.67729841429383,46.53,1.0,3.0,11.0,0.0
COc1ccc(OC)c(C(=O)C=C(C(F)(F)F)C(F)(F)F)c1,328.2079999999999,3.9375000000000018,120.6782198647039,35.53,0.0,3.0,4.0,1.0
CC(C)(C)OC(=O)C(F)(F)C(F)(F)C(F)(F)F,270.14399999999995,3.1610000000000014,91.72766097864009,26.3,0.0,2.0,2.0,0.0
C=CC(=O)OCC1(F)C(F)(F)C(F)(F)C(F)(F)C(F)(F)C1(F)F,366.126,3.6140000000000008,119.42425263342474,26.3,0.0,2.0,3.0,1.0
CCOC(=O)CN(CC)S(=O)(=O)C(F)(F)C(F)(F)C(F)(F)C(F)(F)C(F)(F)C(F)(F)F,513.272,3.8975000000000026,164.70125141640236,63.68,0.0,4.0,10.0,0.0
FC(F)(F)C(F)(Cl)C(F)(Cl)C(F)(C(F)(F)F)C(F)(F)F,370.948,5.190800000000001,111.15691888869075,0.0,0.0,0.0,2.0,0.0
CC(C)N(C(C)C)P(OCCC#N)OCCCC(F)(F)C(F)(F)C(F)(F)C(F)(F)C(F)(F)C(F)(F)C(F)(F)C(F)(F)F,678.3640000000003,9.06858,228.59599213468266,45.489999999999995,0.0,4.0,17.0,0.0
NCC(F)(C(=O)O)C(F)(F)F,175.08099999999996,0.30029999999999973,58.7918655319768,63.32000000000001,2.0,2.0,2.0,0.0
CCCN(CCOCCCCS(=O)(=O)O)S(=O)(=O)C(F)(F)C(F)(F)C(F)(F)C(F)(F)C(F)(F)C(F)(F)C(F)(F)C(F)(F)F,721.4480000000003,5.679700000000004,230.65521751008717,100.97999999999999,1.0,5.0,18.0,0.0
CC[NH+](CCCNCC(O)CC(F)(F)C(F)(F)C(F)(F)C(F)(F)C(F)(F)C(F)(F)C(F)(F)C(F)(F)C(F)(F)C(F)(F)C(F)(F)C(F)(F)F)CCC(=O)[O-],850.3980000000003,5.312500000000005,277.96604807595793,76.83,3.0,4.0,22.0,0.0
C[N+](C)(CCCNS(=O)(=O)C(F)(F)C(F)(F)C(F)(F)C(F)(F)C(F)(F)F)CCCS(=O)(=O)O,557.4240000000002,2.7112,180.84852507563986,100.54,2.0,4.0,13.0,0.0
C[N+](C)(CCC(CO)N(CCCS(=O)(=O)[O-])S(=O)(=O)C(F)(F)C(F)(F)F)CC(O)CO,510.50000000000006,-1.1107999999999976,176.81292751566238,155.26999999999998,3.0,8.0,14.0,0.0
CCCc1ccc(C(F)(F)C(F)(F)c2ccc(Br)cc2)cc1,375.203,6.2854000000000045,134.84289711489035,0.0,0.0,0.0,5.0,2.0
FCC(F)(F)OC(F)F,150.046,1.7879,47.410357500760824,9.23,0.0,1.0,3.0,0.0
FC(F)(F)C(F)(c1ccnc(Cl)c1)C(F)(F)F,281.558,4.0244,95.20789149099862,12.89,0.0,1.0,1.0,1.0
O=C(O)C(F)(F)C(F)(F)C(C(F)(F)F)(C(F)(F)F)C(F)(F)C(F)(F)F,414.06399999999996,4.6502,124.73263272473909,37.3,1.0,1.0,4.0,0.0
O=C(Cl)C(F)(F)C(F)F,164.48499999999999,1.6522,52.596065195253146,17.07,0.0,1.0,2.0,0.0
Cc1ccc(S(=O)(=O)OCC(F)(F)C(F)(F)C(F)(F)C(F)(F)C(F)(F)C(F)(F)C(F)(F)C(F)F)cc1,586.2880000000001,6.412520000000003,189.6773381976342,43.370000000000005,0.0,3.0,11.0,1.0
C=C(C)C(=O)OCC(C)OC(=O)Nc1cc(NC(=O)OCCCCN(C)S(=O)(=O)C(F)(F)C(F)(F)C(F)(F)C(F)(F)C(F)(F)F)ccc1C,753.5840000000005,6.702620000000007,271.30706772592,140.33999999999997,2.0,8.0,16.0,1.0
O=S(=O)(O)C1(F)C(F)(F)C(F)(F)C(F)(F)C(F)(C(F)(F)F)C1(F)F,412.12299999999993,3.3654,121.70366880876163,54.370000000000005,1.0,2.0,1.0,1.0
O=C([O-])C(F)(F)C(F)(F)C(F)(F)C(F)(F)F,263.03499999999997,1.2044999999999995,80.64459396399187,40.129999999999995,0.0,2.0,3.0,0.0
O=C(Nc1ccc(-c2ccccc2)cc1)C(F)(F)C(F)(F)C(F)(F)F,365.248,5.125000000000002,136.81839788728286,29.1,1.0,1.0,4.0,2.0
C[N+](C)(CC(=O)O)CC(F)C(F)(F)C(F)(F)C(F)(F)C(F)(F)C(F)(F)F,418.1979999999999,3.589000000000002,137.30065801594887,37.3,1.0,1.0,8.0,0.0
[CH3][Sn]([CH3])([CH3])[O]C(=O)C(F)(F)C(F)(F)F,326.837,2.562100000000001,81.83344519490055,26.3,0.0,2.0,2.0,0.0
CN(C)CCCNC(=O)CSCCC(F)(F)C(F)(F)C(F)(F)C(F)(F)C(F)(F)C(F)(F)C(F)(F)C(F)(F)C(F)(F)C(F)(F)C(F)(F)C(F)(F)F,822.4130000000004,8.728200000000001,265.7708063681379,32.34,1.0,3.0,19.0,0.0
N=C(N)C(F)(F)F,112.05400000000002,0.4846700000000002,37.62604104728238,49.870000000000005,2.0,1.0,0.0,0.0
Fc1c(F)c(F)c2c(c1F)C(F)(F)C(F)(F)C2(F)Br,358.98499999999996,4.500900000000001,106.87776454113502,0.0,0.0,0.0,0.0,2.0
O=S(O)C(F)(F)C(F)(F)C(F)(F)C(F)(F)C(F)(F)C(F)(F)C(F)(F)F,434.11999999999995,4.5397,127.78942658993266,37.3,1.0,1.0,6.0,0.0
CCCCCCCCCCCCC(CCCCCCCCCC)COCC(O)CSCCC(F)(F)C(F)(F)C(F)(F)C(F)(F)C(F)(F)C(F)(F)C(F)(F)C(F)(F)F,890.9100000000009,14.954599999999965,328.72215800292156,29.46,1.0,3.0,35.0,0.0
CC#C[Si](C)(C)CCC(F)(F)C(F)(F)C(F)(F)C(F)(F)C(F)(F)C(F)(F)F,444.30699999999996,6.386200000000003,145.65072927586624,0.0,0.0,0.0,7.0,0.0
C[N+](C)(CC(=O)[O-])CC(O)CC(F)(F)C(F)(F)C(F)(F)C(F)(F)C(F)(F)C(F)(F)C(F)(F)C(F)(F)C(F)(F)C(F)(F)F,679.2610000000002,4.843700000000003,217.77436308086067,60.36,1.0,3.0,14.0,0.0
O=S(=O)(CCCC(CC(F)(C(F)(F)F)C(F)(F)F)CC(F)(C(F)(F)F)C(F)(F)F)NCCO,545.3329999999999,4.7405000000000035,176.9058659841719,66.4,2.0,3.0,11.0,0.0
OCCCC(F)(F)C(F)(F)C(F)(F)C(F)(F)C(F)(F)F,328.121,3.862400000000001,103.9089690129904,20.23,1.0,1.0,6.0,0.0
CC(COCCO)OC(=O)CN(C)S(=O)(=O)C(F)(F)C(F)(F)C(F)(F)C(F)(F)C(F)(F)C(F)(F)C(F)(F)C(F)(F)F,673.3380000000002,4.155500000000003,216.7309404673966,93.13999999999999,1.0,6.0,15.0,0.0
OC1C2CCC(C2)C1C(O)(C(F)(F)F)C(F)(F)F,278.19199999999995,2.2491000000000008,98.59374767228998,40.46,2.0,2.0,1.0,2.0
FC(F)(F)OC(F)(F)C(F)(F)OC(F)(F)OC(F)(Cl)C(F)(F)Cl,418.94500000000005,4.9856,126.49755457721137,27.69,0.0,3.0,7.0,0.0
CC(=O)C#CC(F)(F)C(F)(F)C(F)(F)C(F)(F)C(F)(F)C(F)(F)F,386.10699999999997,4.3176000000000005,123.33643778734309,17.07,0.0,1.0,4.0,0.0
CN(C)CCCNC(=O)CC(SCCC(F)(F)C(F)(F)C(F)(F)C(F)(F)C(F)(F)C(F)(F)C(F)(F)C(F)(F)C(F)(F)C(F)(F)C(F)(F)C(F)(F)F)C(=O)O,880.4490000000005,8.571500000000006,287.4564464491709,69.64,2.0,4.0,21.0,0.0
OCCOCCCC(F)(F)C(F)(F)F,222.15299999999996,1.9731,77.66435971054327,29.46,1.0,2.0,6.0,0.0
O=S(=O)(O)CCCC(F)(F)C(F)(F)C(F)(F)C(F)(F)C(F)(F)F,392.1859999999999,3.757900000000001,120.743371270835,54.370000000000005,1.0,2.0,7.0,0.0
FC(F)(F)C(F)(C1=NS1(F)C(F)(C(F)(F)F)C(F)(F)F)C(F)(F)F,415.121,5.6259000000000015,121.79149739296174,12.36,0.0,1.0,2.0,1.0
N=C(NN)C(F)(F)C(F)(F)C(F)(F)F,227.08299999999997,1.2598700000000003,72.53806509162355,61.900000000000006,3.0,2.0,2.0,0.0
FC(C(F)C(F)(C(F)(F)F)C(F)(F)F)C(F)(F)F,302.05799999999994,4.0578,90.5503864349274,0.0,0.0,0.0,2.0,0.0
Cl.O=C(Nc1ccc(OC(F)(F)C(F)(F)C(F)(F)C(F)(F)F)cc1)c1ccncc1,468.703,5.560200000000003,168.00069727053472,51.22,1.0,3.0,6.0,2.0
FC(F)(F)C(F)(F)C(F)(F)C(F)(F)C(F)(F)C(F)(F)CCOCCC(F)(F)C(F)(F)C(F)(F)C(F)(F)C(F)(F)C(F)(F)F,710.1870000000005,9.2608,217.63084844936765,9.23,0.0,1.0,14.0,0.0
O=S(=O)([O-])CCCCC(F)(F)C(F)(F)C(F)(F)C(F)(F)F.[Li+],362.1389999999999,0.17410000000000014,130.70986599091498,57.2,0.0,3.0,7.0,0.0
Cc1ccc(C(=O)C=C(C(F)(F)F)C(F)(F)F)o1,272.14399999999995,3.821720000000001,96.88051655537036,30.21,0.0,2.0,2.0,1.0
O=CC=C(F)C(F)(F)C(F)(F)C(F)(F)F,242.06499999999997,2.8716,77.36016389108197,17.07,0.0,1.0,3.0,0.0
CCN(CC(O)CS(=O)(=O)[O-])S(=O)(=O)C(F)(F)C(F)(F)C(F)(F)C(F)(F)F.[Na+],487.294,-2.0260999999999987,174.50548551690554,114.81,1.0,6.0,9.0,0.0
O=C(O)/C=C/C(F)(F)C(F)(F)C(F)(F)C(F)(F)C(F)(F)F,340.08799999999997,3.7306999999999997,107.3808880808499,37.3,1.0,1.0,5.0,0.0
CCCCCCCCOC(F)(F)C(F)F,230.24499999999998,4.221400000000004,87.79941689861083,9.23,0.0,1.0,9.0,0.0
COC(=O)c1ccc(OC(F)(F)C(F)F)cc1,252.16299999999995,2.709900000000001,93.94192574784587,35.53,0.0,3.0,4.0,1.0
FC(F)(F)I,195.909,1.9411999999999998,40.497695357651885,0.0,0.0,0.0,0.0,0.0
CC(F)(F)C(F)(F)C(F)(F)C(O)(F)F,232.06999999999996,2.4972999999999996,72.31753646102186,20.23,1.0,1.0,3.0,0.0
C[N+](C)(CC(O)CC(F)(F)C(F)(F)C(F)(F)C(F)(F)C(F)(F)C(F)(F)C(F)(F)C(F)(F)C(F)(F)C(F)(F)C(F)(F)C(F)(F)F)C(=O)O,766.2560000000003,8.042400000000006,240.8014468069622,57.53,2.0,2.0,14.0,0.0
O=C1OC(CC(F)(F)C(F)(F)OC(F)(C(F)(F)F)C(F)(F)F)CC(CO)(CO)CC(CC(F)(F)C(F)(F)OC(F)(C(F)(F)F)C(F)(F)F)OC(=O)c2ccc1cc2,890.4050000000005,8.352600000000006,300.09682785518066,111.52000000000001,2.0,8.0,12.0,3.0
CN(C)CCN(CC(=O)[O-])S(=O)(=O)C(F)(F)C(F)(F)C(F)(F)C(F)(F)C(F)(F)C(F)(F)C(F)(F)C(F)(F)F.[Na+],650.2830000000002,-0.09939999999999971,227.94719907250496,80.75,0.0,5.0,13.0,0.0
O=C(O)C=C(F)C(F)(F)F,158.05,1.4867000000000001,52.76237180277984,37.3,1.0,1.0,1.0,0.0
FC(F)(F)C(F)(F)C(F)(F)Sc1ccc(Cl)cc1,312.63700000000006,5.222500000000001,106.11135353541735,0.0,0.0,1.0,3.0,1.0
FC1(F)OC(F)(I)C(F)(F)C(F)(F)C1(F)F,373.94,3.5736,95.05839030877335,9.23,0.0,1.0,0.0,1.0
CCC(N)CC(F)(F)C(F)(F)C(F)(F)F,241.14999999999995,2.9467000000000008,81.42754223170556,26.02,1.0,1.0,4.0,0.0
COP(=O)(CCC(F)(F)C(F)(F)C(F)(F)C(F)(F)C(F)(F)C(F)(F)C(F)(F)C(F)(F)F)OC,556.149,6.871800000000005,171.2577470112998,35.53,0.0,3.0,11.0,0.0
FC(F)(F)C(F)(F)C(F)(F)C(F)(F)P(F)(F)(C(F)(F)C(F)(F)C(F)(F)C(F)(F)F)C(F)(F)C(F)(F)C(F)(F)C(F)(F)F,726.0480000000003,10.5858,206.4682980724421,0.0,0.0,0.0,9.0,0.0
OC(O)(C(F)=C(C(F)(F)F)C(F)(F)F)C(F)(F)F,296.05999999999995,2.5777999999999994,91.11818010128272,40.46,2.0,2.0,1.0,0.0
FC(F)(F)C(CBr)C(F)(F)F,244.95999999999995,3.1221000000000005,66.69483739421814,0.0,0.0,0.0,1.0,0.0
OC(c1ccccc1)C(F)(F)C(F)(F)C(F)(F)F,276.1509999999999,3.552900000000001,96.84415314976305,20.23,1.0,1.0,3.0,1.0
C#CCN(CC)S(=O)(=O)C(F)(F)C(F)(F)C(F)(F)C(F)(F)C(F)(F)C(F)(F)C(F)(F)C(F)(F)F,565.2450000000001,5.238200000000003,177.45249320481253,37.38,0.0,2.0,10.0,0.0
CCCCC(I)CC(C(F)(F)F)(C(F)(F)F)C(F)(F)C(F)(F)C(F)(F)F,530.106,7.314200000000005,152.1674126452769,0.0,0.0,0.0,7.0,0.0
O=C(CCC(F)(F)C(F)(F)C(F)(F)C(F)(F)C(F)(F)C(F)(F)C(F)(F)C(F)(F)F)SCC(O)C(=O)O,596.2550000000001,5.4813000000000045,190.3322220945762,74.6,2.0,4.0,12.0,0.0
C=C(C)C(=O)OCCN(C(=O)C(F)(F)C(F)(F)C(F)(F)C(F)(F)F)C(=O)C(F)(F)C(F)(F)C(F)(F)C(F)(F)F,621.2150000000001,5.397300000000001,201.86136216410816,63.68,0.0,4.0,10.0,0.0
FC(F)C(F)(F)C(F)(F)C(F)(F)C(F)(F)C(F)(F)CC1(I)OCCN2CCO[SiH]1OCC2,629.252,4.0881000000000025,188.04488744480628,30.930000000000003,0.0,4.0,7.0,3.0
CC(=O)C(=C(F)C(F)(F)F)c1ccccc1,232.17600000000002,3.518500000000002,89.39017437104448,17.07,0.0,1.0,2.0,1.0
C=C(C)C(=O)OCCOC(=O)C(F)(F)C(F)(F)C(F)(F)F,326.16399999999993,2.4818000000000007,113.04300950479968,52.6,0.0,4.0,6.0,0.0
CCCCCCCCCCCCCCCCCCN1CC(CN(C)S(=O)(=O)C(F)(F)C(F)(F)C(F)(F)C(F)(F)C(F)(F)C(F)(F)C(F)(F)C(F)(F)F)OC1=O,864.7440000000005,11.297199999999988,307.051295718317,66.92000000000002,0.0,4.0,27.0,1.0
C[N+](C)(CCCN(CCCS(=O)(=O)O)S(=O)(=O)C(F)(F)C(F)(F)C(F)(F)C(F)(F)C(F)(F)C(F)(F)C(F)(F)C(F)(F)C(F)(F)C(F)(F)C(F)(F)F)CCCS(=O)(=O)O,979.6110000000004,6.513300000000005,309.95803643695996,146.11999999999998,2.0,6.0,23.0,0.0
O=C(OC1CCCCC1)C(F)(F)C(F)(F)Oc1ccccc1,320.282,4.169400000000003,124.76080516629969,35.53,0.0,3.0,5.0,2.0
CC(C)(O)C(F)(F)C(F)C(F)(F)F,210.11699999999996,2.293,70.35140776956601,20.23,1.0,1.0,2.0,0.0
FC(F)(F)C(C1C(F)(F)C(F)(F)C(F)(F)C(F)(F)C1(F)F)(C(F)(F)F)C(F)(F)F,482.0799999999999,6.466000000000003,144.16307155946825,0.0,0.0,0.0,1.0,1.0
O=C(OCC(F)(F)C(F)(F)C(F)(F)F)C(F)F,278.06999999999994,2.6276,87.32884755569935,26.3,0.0,2.0,4.0,0.0
FC(F)(F)C(F)(F)C(F)(F)C(F)(F)C(F)(F)C(F)(F)CI,459.971,5.160200000000001,120.34270207329388,0.0,0.0,0.0,5.0,0.0
OC(F)(F)C(F)(F)C(F)(F)F,186.02599999999998,1.7691,55.42211682930242,20.23,1.0,1.0,1.0,0.0
NC(=O)OC(F)(C(F)(F)F)C(F)(F)C(F)(F)C(F)(F)C(F)(F)C(F)(F)C(F)(F)F,479.08599999999996,5.0486,145.08784781931175,52.32000000000001,1.0,2.0,6.0,0.0
O=C([O-])c1c(Cl)c(Cl)c(Cl)c(Cl)c1C(=O)Nc1cccc(OS(=O)(=O)C(F)(F)C(F)(F)C(F)(F)C(F)(F)C(F)(F)C(F)(F)F)c1.[K+],815.2120000000006,4.324900000000004,308.31071170490725,112.6,1.0,6.0,10.0,2.0
CCOP(=O)(CCC(F)(F)C(F)(F)C(F)(F)C(F)(F)F)OCC,384.175,5.110800000000003,125.20357955909675,35.53,0.0,3.0,9.0,0.0
F/C(=C(/C(F)(F)C(F)(F)F)C(F)(C(F)(F)F)C(F)(F)F)C(F)(F)F,400.0559999999999,5.802800000000001,119.2528092432413,0.0,0.0,0.0,2.0,0.0
CCN(CCOP(=O)(O)O)S(=O)(=O)C(F)(F)C(F)(F)C(F)(F)C(F)(F)C(F)(F)C(F)(F)C(F)(F)C(F)(F)F,651.2280000000003,4.714300000000003,198.33994910693062,104.13999999999999,2.0,4.0,13.0,0.0
C=C(CC(F)(F)C(F)(F)C(F)(F)F)OC(C)=O,268.128,3.286200000000001,91.03805794645585,26.3,0.0,2.0,4.0,0.0
CC(=O)SCCC(F)(C(F)(F)F)C(F)(F)F,272.18499999999995,3.4891000000000014,90.37228366010184,17.07,0.0,2.0,3.0,0.0
OCC(F)(F)C(F)(F)C(F)(F)C(F)(F)C(F)(F)C(F)(F)C(F)(F)C(F)(F)F,450.08799999999997,4.988100000000002,135.26712354494438,20.23,1.0,1.0,7.0,0.0
O=C(O)C=C(F)C(F)(F)C(F)(F)C(F)(F)C(F)(F)C(F)(F)C(F)(F)C(F)(F)C(F)(F)C(F)(F)C(F)(F)C(F)(F)F,658.1200000000002,7.839700000000005,199.72250100527057,37.3,1.0,1.0,11.0,0.0
FC(F)(F)c1cc(C(F)(F)C(F)(F)C(F)(F)F)n[nH]1,304.08699999999993,3.7179,96.94378757671127,28.68,1.0,1.0,2.0,1.0
CCCCCCCCCCCCCCCCC=CC(F)(F)C(F)(F)C(F)(F)C(F)(F)C(F)(F)C(F)(F)C(F)(F)C(F)(F)F,670.5320000000002,12.423399999999981,237.9873027053065,0.0,0.0,0.0,22.0,0.0
CCOC(=O)Cc1cnc(NC(N=C(O)CC)(C(F)(F)F)C(F)(F)F)s1,407.33599999999996,3.8480000000000025,147.4485336835933,83.81,2.0,6.0,7.0,1.0
C[N+](C)(CCCC(F)(F)C(F)(F)C(F)(F)C(F)(F)C(F)(F)C(F)(F)C(F)(F)C(F)(F)C(F)(F)F)CC(=O)[O-],613.255,5.237600000000005,198.28411640841557,40.129999999999995,0.0,2.0,13.0,0.0
N=C1N=C(N)C(F)(F)C(F)(F)C1(F)F,219.08799999999997,1.2403700000000002,73.1069649315818,62.230000000000004,2.0,2.0,0.0,1.0
C[Si](Cl)(Cl)C(F)(F)C(F)C(F)(F)F,265.056,3.610900000000001,80.22552922925962,0.0,0.0,0.0,2.0,0.0
COC(=O)C(F)(F)C(F)(F)OC(F)(C(F)(F)F)C(F)(F)OC(F)(C(=O)F)C(F)(F)F,488.09900000000005,3.9657999999999998,152.17044098990073,61.830000000000005,0.0,5.0,8.0,0.0
N#Cc1ccc(C(=O)Nc2c(Br)cc(C(F)(C(F)(F)F)C(F)(F)F)cc2C(F)(F)F)c(F)c1NC(=O)c1ccc(Cl)nc1,709.6969999999999,8.32108,245.12688582683174,94.88000000000001,2.0,4.0,5.0,3.0
Cc1ccc(OC(F)(F)C(F)(F)Br)cc1,287.04999999999995,3.954320000000002,92.16946390953997,9.23,0.0,1.0,3.0,1.0
FC(F)(F)C(F)(c1cccnc1Cl)C(F)(F)F,281.558,4.0244,95.20789149099862,12.89,0.0,1.0,1.0,1.0
O=C(OC(=O)C(F)(F)C(F)(F)C(F)(F)F)C(F)(F)C(F)(F)C(F)(F)F,410.05699999999996,3.7219999999999995,125.04793089916748,43.370000000000005,0.0,3.0,4.0,0.0
CN(CC(=O)[O-])CC(O)CC(F)(F)C(F)(F)C(F)(F)C(F)(F)C(F)(F)C(F)(F)C(F)(F)C(F)(F)F.[K+],603.3100000000001,0.4324999999999997,230.72998833473312,63.60000000000001,1.0,4.0,12.0,0.0
FC(F)(F)C(F)(F)C(F)(F)C(F)(F)C(F)(F)C(F)(F)C(F)(F)C(F)(F)C(F)(F)C(F)(F)C(F)(F)Br,648.979,8.254100000000005,182.06353404474038,0.0,0.0,0.0,9.0,0.0
O=CCC(F)(F)C(F)(F)F,162.057,1.7730000000000001,52.82327648569432,17.07,0.0,1.0,2.0,0.0
O=S(=O)(F)C(F)(F)C(F)(F)C(F)(F)C(F)(F)S(=O)(=O)F,366.154,2.0412,103.33122224906964,68.28,0.0,4.0,5.0,0.0
FC(F)(F)C(F)(F)C(F)(F)c1ccc(CC2CO2)cc1,302.1890000000001,3.9173000000000027,108.88751770233792,12.53,0.0,1.0,4.0,2.0
O=C(N(C1CCCCC1)C1CCCCC1)C(F)(F)C(F)(F)C(F)(F)F,377.34399999999994,5.313300000000004,141.281824027451,20.310000000000002,0.0,1.0,4.0,2.0
O=C([O-])C(F)(F)C(F)(F)C(F)(F)C(F)(F)C(F)(F)Cl,329.49699999999996,2.1090999999999998,101.47833770819638,40.129999999999995,0.0,2.0,5.0,0.0
CCCCCC(I)CC(F)(F)C(F)(F)C(F)(F)C(F)(F)C(F)(F)C(F)(F)C(F)(F)C(F)(F)C(F)(F)C(F)(F)F,744.1610000000003,10.040399999999996,217.3164064406698,0.0,0.0,0.0,14.0,0.0
CCCCCCCCCCCCCCC(I)CC(F)(F)C(F)(F)C(F)(F)C(F)(F)C(F)(F)C(F)(F)C(F)(F)C(F)(F)F,770.3900000000004,12.280699999999984,245.20885962974117,0.0,0.0,0.0,21.0,0.0
N[C@@H](CCC(F)(F)C(F)(F)F)C(=O)O,221.12499999999997,1.3761,75.68728516369627,63.32000000000001,2.0,2.0,4.0,0.0
O=P(O)(O)O.OCC(F)(F)C(F)F.OCC(F)(F)C(F)F.OCC(F)(F)C(F)F,494.162,1.7086999999999997,152.9777194263561,138.45000000000002,6.0,4.0,6.0,0.0
FC1=NC(F)=C1C(F)(C(F)(F)F)C(F)(F)F,257.05499999999995,3.3819999999999997,81.25366852629534,12.36,0.0,1.0,1.0,1.0
C=CC(F)(F)C(F)C(F)(F)F,178.07499999999996,2.708100000000001,58.50262887078914,0.0,0.0,0.0,2.0,0.0
O=C(O)C(F)(C(F)(F)C(F)(F)C(F)(F)F)C(F)(C(F)(F)F)C(F)(F)F,414.06399999999996,4.4451,124.73263272473912,37.3,1.0,1.0,4.0,0.0
CN(C)CCCN(O)S(=O)(=O)CCC(F)(F)C(F)(F)C(F)(F)C(F)(F)C(F)(F)C(F)(F)F,528.331,4.088000000000003,172.29923212312568,60.85,1.0,4.0,12.0,0.0
O=S(=O)(O)C(F)(Cl)C(F)(F)C(F)(F)C(F)(F)C(F)(F)C(F)(F)C(F)(F)C(F)(F)C(F)(F)C(F)(F)C(F)(F)C(F)(F)C(F)(F)C(F)(F)F,816.6230000000004,8.922200000000005,240.05039203384226,54.370000000000005,1.0,2.0,13.0,0.0
O=P(O)(O)C(F)(F)F,149.992,0.6839,42.28726515734813,57.53,2.0,1.0,0.0,0.0
CC(COCC(O)CC(F)(F)C(F)(F)C(F)(F)C(F)(F)C(F)(F)C(F)(F)C(F)(F)C(F)(F)C(F)(F)C(F)(F)C(F)(F)C(F)(F)F)OC(C)COCC(O)CC(F)(F)C(F)(F)C(F)(F)C(F)(F)C(F)(F)C(F)(F)C(F)(F)C(F)(F)C(F)(F)C(F)(F)C(F)(F)C(F)(F)F,1486.483000000001,16.416399999999992,464.71809837093514,68.15,2.0,5.0,34.0,0.0
CCCCC(I)CC(F)(F)C(F)(F)F,330.078,4.5679000000000025,93.38336096428061,0.0,0.0,0.0,5.0,0.0
FC(F)(F)C(F)(F)C(F)(F)COCC(F)(F)C(F)(F)C(F)(F)F,382.09099999999995,4.668800000000001,116.72488669907996,9.23,0.0,1.0,6.0,0.0
O=C(O)C(F)(F)C(F)(F)C(F)(F)C(F)(F)C(F)F,296.05999999999995,2.8773,91.17507148131472,37.3,1.0,1.0,5.0,0.0
C[N+](C)(CCCN(CCC(=O)[O-])S(=O)(=O)C(F)(F)C(F)(F)C(F)(F)C(F)(F)C(F)(F)F)CCC(=O)[O-],577.3889999999999,0.42569999999999997,196.4361985998639,117.64000000000001,0.0,6.0,15.0,0.0
O=P([O-])([O-])OCCC(F)(F)C(F)(F)C(F)(F)C(F)(F)C(F)(F)C(F)(F)C(F)(F)C(F)(F)C(F)(F)C(F)(F)C(F)(C(F)(F)F)C(F)(F)F.[NH4+].[NH4+],828.1910000000004,8.160100000000003,248.84102064465765,145.42000000000002,2.0,4.0,14.0,0.0
CC(C)(O)CCC(F)(F)C(F)(F)C(F)(F)C(F)(F)F,306.16799999999995,4.005700000000001,101.94284032153453,20.23,1.0,1.0,5.0,0.0
O=C(Br)C(F)(F)C(F)(F)C(F)(F)C(F)(F)C(F)(F)C(F)(F)F,426.95399999999995,4.6467,119.10993365793536,17.07,0.0,1.0,5.0,0.0
FC1=CC(F)(F)C(F)(F)C(F)(F)C=C1F,238.07699999999997,3.6127000000000002,77.86814971972133,0.0,0.0,0.0,0.0,1.0
F/C=C(\F)C(F)(F)F,132.031,2.3290999999999995,41.60720923906968,0.0,0.0,0.0,0.0,0.0
CCCCCCCCSSCCC(F)(F)C(F)(F)C(F)(F)C(F)(F)C(F)(F)C(F)(F)F,524.452,8.857200000000002,178.01152511889984,0.0,0.0,2.0,15.0,0.0
CCCCC(I)CC(F)(F)C(F)(F)C(F)(F)C(F)(F)C(F)(F)C(F)(F)C(F)(F)C(F)(F)C(F)(F)C(F)(F)F,730.1340000000004,9.650299999999996,210.9514643262732,0.0,0.0,0.0,13.0,0.0
O=S(=O)(Oc1ccccc1)C(F)(F)C(F)(F)C(F)(F)C(F)(F)F,376.19599999999997,3.820900000000001,122.32893769077099,43.370000000000005,0.0,3.0,5.0,1.0
CO[Si](CCC(F)(F)C(F)(F)C(F)(F)C(F)(F)C(F)(F)C(F)(F)F)(OC)OC,468.28200000000004,4.993400000000002,149.6322409304592,27.69,0.0,3.0,10.0,0.0
CCCCCCCCC(CCC(F)(F)C(F)(F)C(F)(F)C(F)(F)C(F)(F)C(F)(F)C(F)(F)C(F)(F)F)C(OCCC)(OCCC)OCCC,762.6259999999996,12.076399999999984,273.11236776920117,27.69,0.0,3.0,26.0,0.0
CCN(CC)S(=O)(=O)C(F)(F)C(F)(F)C(F)(F)C(F)(F)C(F)(F)C(F)(F)C(F)(F)C(F)(F)F,555.2500000000001,5.624900000000002,172.08832569855667,37.38,0.0,2.0,10.0,0.0
CCN(CC)CCCNC(=O)C(F)(F)C(F)(F)C(F)(F)C(F)(F)C(F)(F)C(F)(F)C(F)(F)C(F)(F)F,576.2910000000002,5.843900000000002,190.49870254737982,32.34,1.0,2.0,13.0,0.0
C=COC(F)(F)C(F)(OC(F)(F)C(F)(F)S(=O)(=O)F)C(F)(F)F,392.142,3.4689000000000005,119.20817599762124,52.6,0.0,4.0,7.0,0.0
O=S(=O)(O)CCC(F)(F)C(F)(F)C(F)(F)C(F)(F)C(F)(F)C(F)(F)F,428.16599999999994,4.003100000000001,129.07444207668746,54.370000000000005,1.0,2.0,7.0,0.0
FC(F)(F)N1C(Br)(Br)N(C(F)(F)F)C(F)(F)C1(F)F,437.857,4.2303,114.10330491283855,6.48,0.0,2.0,0.0,1.0
CN(C)CCC(CO)N(CCCS(=O)(=O)O)S(=O)(=O)C(F)(F)C(F)(F)C(F)(F)C(F)(F)C(F)(F)C(F)(F)C(F)(F)F,686.4560000000002,3.540300000000002,221.3997267827306,115.22,2.0,6.0,16.0,0.0
*C(F)(F)C(*)(F)F,100.01400000000001,1.2706,31.766334753931094,0.0,0.0,0.0,1.0,0.0
O=C(O)C(F)C(F)(F)C(F)(F)C(F)(F)C(F)(F)C(F)(F)C(F)(F)C(F)(F)C(F)(F)C(F)(F)C(F)(F)C(F)(F)C(F)(F)F,696.1160000000002,7.959700000000004,208.7431748433073,37.3,1.0,1.0,12.0,0.0
Nc1ncn(CC(F)(F)C(F)F)n1,198.123,0.7606999999999999,70.3551432093118,56.73,1.0,4.0,3.0,1.0
O=C(CO)SC(=O)CCC(F)(F)C(F)(F)C(F)(F)C(F)(F)C(F)(F)C(F)(F)F,466.2149999999999,4.2841000000000005,149.78102038748546,54.37,1.0,4.0,8.0,0.0
C=CCOC(=O)C(F)(F)C(F)(F)C(F)(F)C(F)(F)F,304.10799999999995,3.1838000000000006,99.3691287523083,26.3,0.0,2.0,5.0,0.0
O=C([O-])C(F)(F)C(F)(F)C(F)(F)C(F)(F)C(F)F,295.0519999999999,1.5425999999999995,91.17507148131472,40.129999999999995,0.0,2.0,5.0,0.0
CN(CCOCCOCCCCS(=O)(=O)[O-])S(=O)(=O)C(F)(F)C(F)(F)C(F)(F)C(F)(F)C(F)(F)C(F)(F)C(F)(F)C(F)(F)F.[Na+],759.4290000000003,1.5775000000000003,264.182162362306,113.03999999999999,0.0,7.0,19.0,0.0
COC(=O)C1CCC(C(F)(F)C(F)(F)C(F)(F)C(F)(F)C(F)(F)C(F)(F)F)CC1,460.23,5.704600000000003,153.9046949290479,26.3,0.0,2.0,6.0,1.0
C[N+](C)(CCCC(F)(F)C(F)(F)C(F)(F)F)CC(=O)[O-],313.213,1.4258,110.10803888692115,40.129999999999995,0.0,2.0,7.0,0.0
COC(=O)C(F)(F)C(F)(F)OC(F)(F)C(F)(OC(F)=C(F)F)C(F)(F)F,422.093,4.2767,132.62330293742363,44.760000000000005,0.0,4.0,7.0,0.0
