PREFERRED NAME,CASRN,SMILES,MOLECULAR FORMULA,AVERAGE MASS,Canonical SMILES
"Ethyl (2E)-4,4,5,5,6,6,6-heptafluorohex-2-enoate",37759-79-8,CCOC(=O)\C=C\C(F)(F)C(F)(F)C(F)(F)F,C8H7F7O2,268.131,CCOC(=O)/C=C/C(F)(F)C(F)(F)C(F)(F)F
"3-[(Perfluoro-1-oxoundecyl)amino]-N,N-dimethyl-N-[2-(1-methylethoxy)-2-oxoethyl]-1-propanaminium",1513863-86-9,CC(C)OC(=O)C[N+](C)(C)CCCNC(=O)C(F)(F)C(F)(F)C(F)(F)C(F)(F)C(F)(F)C(F)(F)C(F)(F)C(F)(F)C(F)(F)C(F)(F)F,C21H22F21N2O3,749.384,CC(C)OC(=O)C[N+](C)(C)CCCNC(=O)C(F)(F)C(F)(F)C(F)(F)C(F)(F)C(F)(F)C(F)(F)C(F)(F)C(F)(F)C(F)(F)C(F)(F)F
2-[Methyl[(perfluorododecyl)ethylsulfonyl]amino]ethyl 2-propenoate,72276-06-3,CN(CCOC(=O)C=C)S(=O)(=O)CCC(F)(F)C(F)(F)C(F)(F)C(F)(F)C(F)(F)C(F)(F)C(F)(F)C(F)(F)C(F)(F)C(F)(F)C(F)(F)C(F)(F)F,C20H14F25NO4S,839.36,C=CC(=O)OCCN(C)S(=O)(=O)CCC(F)(F)C(F)(F)C(F)(F)C(F)(F)C(F)(F)C(F)(F)C(F)(F)C(F)(F)C(F)(F)C(F)(F)C(F)(F)C(F)(F)F
8:2 Fluorotelomer diammonium phosphate,93857-44-4,[NH4+].[NH4+].[O-]P([O-])(=O)OCCC(F)(F)C(F)(F)C(F)(F)C(F)(F)C(F)(F)C(F)(F)C(F)(F)C(F)(F)F,C10H12F17N2O4P,578.163,O=P([O-])([O-])OCCC(F)(F)C(F)(F)C(F)(F)C(F)(F)C(F)(F)C(F)(F)C(F)(F)C(F)(F)F.[NH4+].[NH4+]
"3-[2,3,3,3-Tetrafluoro-2-[1,1,2,3,3,3-hexafluoro-2-(1,1,2,2,3,3,3-heptafluoropropoxy)propoxy]propoxy]-1-propene",125034-27-7,FC(F)(F)C(F)(F)C(F)(F)OC(F)(C(F)(F)F)C(F)(F)OC(F)(COCC=C)C(F)(F)F,C12H7F17O3,522.158,C=CCOCC(F)(OC(F)(F)C(F)(OC(F)(F)C(F)(F)C(F)(F)F)C(F)(F)F)C(F)(F)F
"2,2,3,3,4,4,5,5,6,6,7,7,8,8,9,9,10,10,11,11-icosafluorododecane-1,12-diol",183162-43-8,OCC(F)(F)C(F)(F)C(F)(F)C(F)(F)C(F)(F)C(F)(F)C(F)(F)C(F)(F)C(F)(F)C(F)(F)CO,C12H6F20O2,562.146,OCC(F)(F)C(F)(F)C(F)(F)C(F)(F)C(F)(F)C(F)(F)C(F)(F)C(F)(F)C(F)(F)C(F)(F)CO
12:2 Fluorotelomer sulfate,NOCAS_1034667,OS(=O)(=O)OCCC(F)(F)C(F)(F)C(F)(F)C(F)(F)C(F)(F)C(F)(F)C(F)(F)C(F)(F)C(F)(F)C(F)(F)C(F)(F)C(F)(F)F,C14H5F25O4S,744.21,O=S(=O)(O)OCCC(F)(F)C(F)(F)C(F)(F)C(F)(F)C(F)(F)C(F)(F)C(F)(F)C(F)(F)C(F)(F)C(F)(F)C(F)(F)C(F)(F)F
"2-Ethyl-4-(1,1,1,2,3,3,3-heptafluoropropan-2-yl)-3-(methylsulfanyl)benzoic acid",1355554-62-9,CCC1=C(SC)C(=CC=C1C(O)=O)C(F)(C(F)(F)F)C(F)(F)F,C13H11F7O2S,364.28,CCc1c(C(=O)O)ccc(C(F)(C(F)(F)F)C(F)(F)F)c1SC
"4-[(4,4,5,5,6,6,6-Heptafluorohexyl)(dimethyl)silyl]morpholine",197018-78-3,C[Si](C)(CCCC(F)(F)C(F)(F)C(F)(F)F)N1CCOCC1,C12H20F7NOSi,355.372,C[Si](C)(CCCC(F)(F)C(F)(F)C(F)(F)F)N1CCOCC1
"1-Methyl-3-((perfluorobutyl)ethyl)-1H-imidazolium N,N-bis(perfluoromethansulfonyl)amide",872672-61-2,FC(F)(F)S(=O)(=O)[N-]S(=O)(=O)C(F)(F)F.C[NH+]1CN(CCC(F)(F)C(F)(F)C(F)(F)C(F)(F)F)C=C1,C12H12F15N3O4S2,611.34,C[NH+]1C=CN(CCC(F)(F)C(F)(F)C(F)(F)C(F)(F)F)C1.O=S(=O)([N-]S(=O)(=O)C(F)(F)F)C(F)(F)F
Bis(2-hydroxyethyl)ammonium bis((perfluorohexadecyl)ethyl) phosphate,94291-76-6,OCC[NH2+]CCO.[O-]P(=O)(OCCC(F)(F)C(F)(F)C(F)(F)C(F)(F)C(F)(F)C(F)(F)C(F)(F)C(F)(F)C(F)(F)C(F)(F)C(F)(F)C(F)(F)C(F)(F)C(F)(F)C(F)(F)C(F)(F)F)OCCC(F)(F)C(F)(F)C(F)(F)C(F)(F)C(F)(F)C(F)(F)C(F)(F)C(F)(F)C(F)(F)C(F)(F)C(F)(F)C(F)(F)C(F)(F)C(F)(F)C(F)(F)C(F)(F)F,C40H20F66NO6P,1895.469,O=P([O-])(OCCC(F)(F)C(F)(F)C(F)(F)C(F)(F)C(F)(F)C(F)(F)C(F)(F)C(F)(F)C(F)(F)C(F)(F)C(F)(F)C(F)(F)C(F)(F)C(F)(F)C(F)(F)C(F)(F)F)OCCC(F)(F)C(F)(F)C(F)(F)C(F)(F)C(F)(F)C(F)(F)C(F)(F)C(F)(F)C(F)(F)C(F)(F)C(F)(F)C(F)(F)C(F)(F)C(F)(F)C(F)(F)C(F)(F)F.OCC[NH2+]CCO
Bis[2-iodo-3-(perfluorooctyl)propyl] adipate,238742-84-2,FC(F)(F)C(F)(F)C(F)(F)C(F)(F)C(F)(F)C(F)(F)C(F)(F)C(F)(F)CC(I)COC(=O)CCCCC(=O)OCC(I)CC(F)(F)C(F)(F)C(F)(F)C(F)(F)C(F)(F)C(F)(F)C(F)(F)C(F)(F)F,C28H18F34I2O4,1318.203,O=C(CCCCC(=O)OCC(I)CC(F)(F)C(F)(F)C(F)(F)C(F)(F)C(F)(F)C(F)(F)C(F)(F)C(F)(F)F)OCC(I)CC(F)(F)C(F)(F)C(F)(F)C(F)(F)C(F)(F)C(F)(F)C(F)(F)C(F)(F)F
"1-Chloro-1,1,2,2-tetrafluoro-2-(2,2,2-trifluoroethoxy)ethane",51410-32-3,FC(F)(F)COC(F)(F)C(F)(F)Cl,C4H2ClF7O,234.5,FC(F)(F)COC(F)(F)C(F)(F)Cl
"3-Benzamido-2-fluoro-N-[4-(1,1,1,2,3,3,3-heptafluoropropan-2-yl)-2,6-dimethylphenyl]benzamide",NOCAS_1026730,CC1=CC(=CC(C)=C1NC(=O)C1=C(F)C(NC(=O)C2=CC=CC=C2)=CC=C1)C(F)(C(F)(F)F)C(F)(F)F,C25H18F8N2O2,530.418,Cc1cc(C(F)(C(F)(F)F)C(F)(F)F)cc(C)c1NC(=O)c1cccc(NC(=O)c2ccccc2)c1F
"3-[4-(2,2,3,3-Tetrafluoropropoxy)phenyl]prop-2-enenitrile",123632-23-5,FC(F)C(F)(F)COC1=CC=C(C=CC#N)C=C1,C12H9F4NO,259.204,N#CC=Cc1ccc(OCC(F)(F)C(F)F)cc1
Perfluoro-5-pentylcyclohexane-1-carboxylic acid,NOCAS_1034901,OC(=O)C1(F)C(F)(F)C(F)(F)C(F)(F)C(F)(C(F)(F)C(F)(F)C(F)(F)C(F)(F)C(F)(F)F)C1(F)F,C12HF21O2,576.104,O=C(O)C1(F)C(F)(F)C(F)(F)C(F)(F)C(F)(C(F)(F)C(F)(F)C(F)(F)C(F)(F)C(F)(F)F)C1(F)F
"3,3,4,4-Tetrafluoropyrrolidine Hydrochloride",1810-13-5,Cl.FC1(F)CNCC1(F)F,C4H6ClF4N,179.54,Cl.FC1(F)CNCC1(F)F
[Ethyl(3-{[(tridecafluorohexyl)sulfonyl]amino}propyl)amino]oxidanide,NOCAS_700459,CCN([O-])CCCNS(=O)(=O)C(F)(F)C(F)(F)C(F)(F)C(F)(F)C(F)(F)C(F)(F)F,C11H12F13N2O3S,499.27,CCN([O-])CCCNS(=O)(=O)C(F)(F)C(F)(F)C(F)(F)C(F)(F)C(F)(F)C(F)(F)F
"2-bromo-3,3,4,4,4-pentafluorobut-1-ene",68318-95-6,FC(F)(F)C(F)(F)C(Br)=C,C4H2BrF5,224.956,C=C(Br)C(F)(F)C(F)(F)F
3-(Perfluoroundecyl)propanoic acid,NOCAS_1036397,OC(=O)CCC(F)(F)C(F)(F)C(F)(F)C(F)(F)C(F)(F)C(F)(F)C(F)(F)C(F)(F)C(F)(F)C(F)(F)C(F)(F)F,C14H5F23O2,642.155,O=C(O)CCC(F)(F)C(F)(F)C(F)(F)C(F)(F)C(F)(F)C(F)(F)C(F)(F)C(F)(F)C(F)(F)C(F)(F)C(F)(F)F
2-(Perfluorotridecanyl)ethanol,176676-70-3,OCCC(F)(F)C(F)(F)C(F)(F)C(F)(F)C(F)(F)C(F)(F)C(F)(F)C(F)(F)C(F)(F)C(F)(F)C(F)(F)C(F)(F)C(F)(F)F,C15H5F27O,714.161,OCCC(F)(F)C(F)(F)C(F)(F)C(F)(F)C(F)(F)C(F)(F)C(F)(F)C(F)(F)C(F)(F)C(F)(F)C(F)(F)C(F)(F)C(F)(F)F
"Perfluoro-3,3,4-trimethylpentanoic acid",1882109-74-1,OC(=O)C(F)(F)C(C(F)(F)F)(C(F)(F)F)C(F)(C(F)(F)F)C(F)(F)F,C8HF15O2,414.07,O=C(O)C(F)(F)C(C(F)(F)F)(C(F)(F)F)C(F)(C(F)(F)F)C(F)(F)F
"1,1,1,2,2-Pentafluoro-3-[(trifluorovinyl)oxy]propane",1682-32-2,FC(F)=C(F)OCC(F)(F)C(F)(F)F,C5H2F8O,230.057,FC(F)=C(F)OCC(F)(F)C(F)(F)F
Bis(perfluoroheptyl) phosphinic acid,158986-67-5,OP(=O)(C(F)(F)C(F)(F)C(F)(F)C(F)(F)C(F)(F)C(F)(F)C(F)(F)F)C(F)(F)C(F)(F)C(F)(F)C(F)(F)C(F)(F)C(F)(F)C(F)(F)F,C14HF30O2P,802.086,O=P(O)(C(F)(F)C(F)(F)C(F)(F)C(F)(F)C(F)(F)C(F)(F)C(F)(F)F)C(F)(F)C(F)(F)C(F)(F)C(F)(F)C(F)(F)C(F)(F)C(F)(F)F
3-[(3-{Ethyl[(perfluoroundecyl)sulfonyl]amino}propyl)(dimethyl)azaniumyl]propanoate,NOCAS_1034906,CCN(CCC[N+](C)(C)CCC([O-])=O)S(=O)(=O)C(F)(F)C(F)(F)C(F)(F)C(F)(F)C(F)(F)C(F)(F)C(F)(F)C(F)(F)C(F)(F)C(F)(F)C(F)(F)F,C21H21F23N2O4S,834.43,CCN(CCC[N+](C)(C)CCC(=O)[O-])S(=O)(=O)C(F)(F)C(F)(F)C(F)(F)C(F)(F)C(F)(F)C(F)(F)C(F)(F)C(F)(F)C(F)(F)C(F)(F)C(F)(F)F
4-(Heptafluoropropyl)benzoic acid,88950-94-1,OC(=O)C1=CC=C(C=C1)C(F)(F)C(F)(F)C(F)(F)F,C10H5F7O2,290.137,O=C(O)c1ccc(C(F)(F)C(F)(F)C(F)(F)F)cc1
"4-[(1,2,3,3,4,4,5,5,6,6,7,7,8,8,9,9,10,10,10-Nonadecafluoro-1-decen-1-yl)oxy]benzenesulfonic acid",NOCAS_1035104,OS(=O)(=O)C1=CC=C(OC(F)=C(F)C(F)(F)C(F)(F)C(F)(F)C(F)(F)C(F)(F)C(F)(F)C(F)(F)C(F)(F)F)C=C1,C16H5F19O4S,654.24,O=S(=O)(O)c1ccc(OC(F)=C(F)C(F)(F)C(F)(F)C(F)(F)C(F)(F)C(F)(F)C(F)(F)C(F)(F)C(F)(F)F)cc1
Bis(perfluorobutyl) phosphinic acid erbium(3+) salt,500776-85-2,[Er+3].[O-]P(=O)(C(F)(F)C(F)(F)C(F)(F)C(F)(F)F)C(F)(F)C(F)(F)C(F)(F)C(F)(F)F.[O-]P(=O)(C(F)(F)C(F)(F)C(F)(F)C(F)(F)F)C(F)(F)C(F)(F)C(F)(F)C(F)(F)F.[O-]P(=O)(C(F)(F)C(F)(F)C(F)(F)C(F)(F)F)C(F)(F)C(F)(F)C(F)(F)C(F)(F)F,C24ErF54O6P3,1670.352,O=P([O-])(C(F)(F)C(F)(F)C(F)(F)C(F)(F)F)C(F)(F)C(F)(F)C(F)(F)C(F)(F)F.O=P([O-])(C(F)(F)C(F)(F)C(F)(F)C(F)(F)F)C(F)(F)C(F)(F)C(F)(F)C(F)(F)F.O=P([O-])(C(F)(F)C(F)(F)C(F)(F)C(F)(F)F)C(F)(F)C(F)(F)C(F)(F)C(F)(F)F.[Er+3]
Perfluorohexane sulfonic anhydride,109065-55-6,FC(F)(F)C(F)(F)C(F)(F)C(F)(F)C(F)(F)C(F)(F)S(=O)(=O)OS(=O)(=O)C(F)(F)C(F)(F)C(F)(F)C(F)(F)C(F)(F)C(F)(F)F,C12F26O5S2,782.21,O=S(=O)(OS(=O)(=O)C(F)(F)C(F)(F)C(F)(F)C(F)(F)C(F)(F)C(F)(F)F)C(F)(F)C(F)(F)C(F)(F)C(F)(F)C(F)(F)C(F)(F)F
"3-(Butane-2-sulfonyl)-2-ethyl-4-(1,1,1,2,3,3,3-heptafluoropropan-2-yl)benzoic acid",1355555-25-7,CCC(C)S(=O)(=O)C1=C(CC)C(=CC=C1C(F)(C(F)(F)F)C(F)(F)F)C(O)=O,C16H17F7O4S,438.36,CCc1c(C(=O)O)ccc(C(F)(C(F)(F)F)C(F)(F)F)c1S(=O)(=O)C(C)CC
"1,1,1,2,2,3,3,4,4,5,5,6,6,9,9,10,10,11,11,12,12,13,13,14,14,14-Hexacosafluorotetradecane",53749-64-7,FC(F)(F)C(F)(F)C(F)(F)C(F)(F)C(F)(F)C(F)(F)CCC(F)(F)C(F)(F)C(F)(F)C(F)(F)C(F)(F)C(F)(F)F,C14H4F26,666.144,FC(F)(F)C(F)(F)C(F)(F)C(F)(F)C(F)(F)C(F)(F)CCC(F)(F)C(F)(F)C(F)(F)C(F)(F)C(F)(F)C(F)(F)F
"[(1,1,2,2,3,3,4,4,4-Nonafluorobutane-1-sulfonyl)methyl]benzene",879081-10-4,FC(F)(F)C(F)(F)C(F)(F)C(F)(F)S(=O)(=O)CC1=CC=CC=C1,C11H7F9O2S,374.22,O=S(=O)(Cc1ccccc1)C(F)(F)C(F)(F)C(F)(F)C(F)(F)F
Perfluorodecanonitrile,379215-40-4,FC(F)(F)C(F)(F)C(F)(F)C(F)(F)C(F)(F)C(F)(F)C(F)(F)C(F)(F)C(F)(F)C#N,C10F19N,495.087,N#CC(F)(F)C(F)(F)C(F)(F)C(F)(F)C(F)(F)C(F)(F)C(F)(F)C(F)(F)C(F)(F)F
Perfluoro-2-methyl-3-pentanone,756-13-8,FC(F)(F)C(F)(F)C(=O)C(F)(C(F)(F)F)C(F)(F)F,C6F12O,316.046,O=C(C(F)(F)C(F)(F)F)C(F)(C(F)(F)F)C(F)(F)F
"3,3,4,4,5,5,5-Heptafluoro-1-(pyrrolidin-1-yl)-2-(trifluoromethyl)pentan-1-one",89810-85-5,FC(F)(F)C(C(=O)N1CCCC1)C(F)(F)C(F)(F)C(F)(F)F,C10H9F10NO,349.172,O=C(C(C(F)(F)F)C(F)(F)C(F)(F)C(F)(F)F)N1CCCC1
10-Chloro-perfluorodecanoic acid,574715-86-9,OC(=O)C(F)(F)C(F)(F)C(F)(F)C(F)(F)C(F)(F)C(F)(F)C(F)(F)C(F)(F)C(F)(F)Cl,C10HClF18O2,530.54,O=C(O)C(F)(F)C(F)(F)C(F)(F)C(F)(F)C(F)(F)C(F)(F)C(F)(F)C(F)(F)C(F)(F)Cl
"2-[(1,1,1,3,3,3-hexafluoro-2-phenylpropan-2-yl)oxymethyl]oxirane",25056-11-5,FC(F)(F)C(OCC1CO1)(C1=CC=CC=C1)C(F)(F)F,C12H10F6O2,300.2,FC(F)(F)C(OCC1CO1)(c1ccccc1)C(F)(F)F
3-Fluoro-3-(perfluorodecyl)acrylic acid,NOCAS_1036292,OC(=O)C=C(F)C(F)(F)C(F)(F)C(F)(F)C(F)(F)C(F)(F)C(F)(F)C(F)(F)C(F)(F)C(F)(F)C(F)(F)F,C13H2F22O2,608.122,O=C(O)C=C(F)C(F)(F)C(F)(F)C(F)(F)C(F)(F)C(F)(F)C(F)(F)C(F)(F)C(F)(F)C(F)(F)C(F)(F)F
"4-{3-[(2,2,3,3,3-Pentafluoropropyl)amino]propyl}benzene-1,2-diol",675589-36-3,OC1=C(O)C=C(CCCNCC(F)(F)C(F)(F)F)C=C1,C12H14F5NO2,299.241,Oc1ccc(CCCNCC(F)(F)C(F)(F)F)cc1O
"6-Amino-1,1,1,2,2,3,3-heptafluoro-7,7-dimethyl-5-octen-4-one",188838-46-2,CC(C)(C)C(N)=CC(=O)C(F)(F)C(F)(F)C(F)(F)F,C10H12F7NO,295.201,CC(C)(C)C(N)=CC(=O)C(F)(F)C(F)(F)C(F)(F)F
"Iron(6+) 5,5-bis(trifluoromethyl)oxolan-3-ide cyclopenta-1,3-diene-1,2,3,4,5-pentaide--carbon monooxide (1/1/1/2)",54657-44-2,[Fe+6].[C-]#[O+].[C-]#[O+].[CH-]1[C-]=[C-][C-]=[C-]1.FC(F)(F)C1(C[CH-]CO1)C(F)(F)F,C13H6F6FeO3,380.023,FC(F)(F)C1(C(F)(F)F)C[CH-]CO1.[C-]#[O+].[C-]#[O+].[Fe+6].[c-]1[c-][c-][cH-][c-]1
Sevoflurane,28523-86-6,FCOC(C(F)(F)F)C(F)(F)F,C4H3F7O,200.056,FCOC(C(F)(F)F)C(F)(F)F
"4-Bromo-2-[4,4,5,5,6,6,7,7,8,9,9,9-dodecafluoro-8-(trifluoromethyl)nonyl]phenol",610778-18-2,OC1=CC=C(Br)C=C1CCCC(F)(F)C(F)(F)C(F)(F)C(F)(F)C(F)(C(F)(F)F)C(F)(F)F,C16H10BrF15O,583.135,Oc1ccc(Br)cc1CCCC(F)(F)C(F)(F)C(F)(F)C(F)(F)C(F)(C(F)(F)F)C(F)(F)F
"1,8-Divinylperfluorooctane",35192-44-0,FC(F)(C=C)C(F)(F)C(F)(F)C(F)(F)C(F)(F)C(F)(F)C(F)(F)C(F)(F)C=C,C12H6F16,454.154,C=CC(F)(F)C(F)(F)C(F)(F)C(F)(F)C(F)(F)C(F)(F)C(F)(F)C(F)(F)C=C
(Carboxylatomethyl)dimethyl[(tridecafluorohexyl)butyl]azanium,2089109-29-3,C[N+](C)(CCCCC(F)(F)C(F)(F)C(F)(F)C(F)(F)C(F)(F)C(F)(F)F)CC([O-])=O,C14H16F13NO2,477.266,C[N+](C)(CCCCC(F)(F)C(F)(F)C(F)(F)C(F)(F)C(F)(F)C(F)(F)F)CC(=O)[O-]
Perfluoro-2-cyclohexylethane-1-sulfonic acid,558-68-9,OS(=O)(=O)C1(F)C(F)(F)C(F)(F)C(F)(F)C(F)(F)C1(F)C(F)(F)C(F)(F)F,C8HF15O3S,462.13,O=S(=O)(O)C1(F)C(F)(F)C(F)(F)C(F)(F)C(F)(F)C1(F)C(F)(F)C(F)(F)F
1-(Perfluoroethyl)-2-(perfluorohexyl)ethene,86563-87-3,FC(F)(F)C(F)(F)C=CC(F)(F)C(F)(F)C(F)(F)C(F)(F)C(F)(F)C(F)(F)F,C10H2F18,464.097,FC(F)(F)C(F)(F)C=CC(F)(F)C(F)(F)C(F)(F)C(F)(F)C(F)(F)C(F)(F)F
"3,3,3-Trifluoro-2-({[1,1,1-trifluoro-2-(trifluoromethyl)butan-2-yl]oxy}carbonyl)propanoate",62935-41-5,CCC(OC(=O)C(C([O-])=O)C(F)(F)F)(C(F)(F)F)C(F)(F)F,C9H6F9O4,349.129,CCC(OC(=O)C(C(=O)[O-])C(F)(F)F)(C(F)(F)F)C(F)(F)F
"6-Isocyanato-2,2,4,4-tetrefluoro-1,3-benzodioxene",26030-46-6,FC1(F)OC2=C(C=C(C=C2)N=C=O)C(F)(F)O1,C9H3F4NO3,249.121,O=C=Nc1ccc2c(c1)C(F)(F)OC(F)(F)O2
(Perfluorohexyl)ethylene,25291-17-2,FC(F)(F)C(F)(F)C(F)(F)C(F)(F)C(F)(F)C(F)(F)C=C,C8H3F13,346.091,C=CC(F)(F)C(F)(F)C(F)(F)C(F)(F)C(F)(F)C(F)(F)F
"2-Chloro-2,3,3,3-tetrafluoropropanoic acid",6189-02-2,OC(=O)C(F)(Cl)C(F)(F)F,C3HClF4O2,180.48,O=C(O)C(F)(Cl)C(F)(F)F
"1,1,1,3,5,7,7,7-Octachloro-2,2,3,4,4,5,6,6-octafluoroheptane",53281-10-0,FC(F)(C(F)(Cl)C(F)(F)C(Cl)(Cl)Cl)C(F)(Cl)C(F)(F)C(Cl)(Cl)Cl,C7Cl8F8,519.66,FC(F)(C(Cl)(Cl)Cl)C(F)(Cl)C(F)(F)C(F)(Cl)C(F)(F)C(Cl)(Cl)Cl
"(Perfluoropropyl)chloromethyl-2,4-difluorophenylmethanol",92737-03-6,OC(CCl)(C1=C(F)C=C(F)C=C1)C(F)(F)C(F)(F)C(F)(F)F,C11H6ClF9O,360.6,OC(CCl)(c1ccc(F)cc1F)C(F)(F)C(F)(F)C(F)(F)F
"1,2-Dichloro-1,1,2,2-tetrafluoroethane",76-14-2,FC(F)(Cl)C(F)(F)Cl,C2Cl2F4,170.92,FC(F)(Cl)C(F)(F)Cl
Perfluoro-5-methylheptanoic acid,909009-42-3,OC(=O)C(F)(F)C(F)(F)C(F)(F)C(F)(C(F)(F)F)C(F)(F)C(F)(F)F,C8HF15O2,414.07,O=C(O)C(F)(F)C(F)(F)C(F)(F)C(F)(C(F)(F)F)C(F)(F)C(F)(F)F
Methyl difluoro[(heptadecafluorooctyl)oxy]acetate,121591-26-2,COC(=O)C(F)(F)OC(F)(F)C(F)(F)C(F)(F)C(F)(F)C(F)(F)C(F)(F)C(F)(F)C(F)(F)F,C11H3F19O3,544.112,COC(=O)C(F)(F)OC(F)(F)C(F)(F)C(F)(F)C(F)(F)C(F)(F)C(F)(F)C(F)(F)C(F)(F)F
"2-(2-Amino-3-bromo-5-methylphenyl)-1,1,1,3,3,3-hexafluoro-2-propanol",80360-40-3,CC1=CC(=C(N)C(Br)=C1)C(O)(C(F)(F)F)C(F)(F)F,C10H8BrF6NO,352.074,Cc1cc(Br)c(N)c(C(O)(C(F)(F)F)C(F)(F)F)c1
"N-(1-Chloro-2,2,2-trifluoroethylidene)-2,2,2-trifluoroethanehydrazonoyl fluoride",88579-79-7,FC(=NN=C(Cl)C(F)(F)F)C(F)(F)F,C4ClF7N2,244.5,FC(=NN=C(Cl)C(F)(F)F)C(F)(F)F
"1,1,1,2-Tetrafluoro-2-(1,1,2,2-tetrafluoroethoxy)ethane",51410-38-9,FC(F)C(F)(F)OC(F)C(F)(F)F,C4H2F8O,218.046,FC(OC(F)(F)C(F)F)C(F)(F)F
"2-Ethyl-4-(1,1,1,2,3,3,3-heptafluoropropan-2-yl)-3-(propylsulfanyl)benzoic acid",1355554-68-5,CCCSC1=C(CC)C(=CC=C1C(F)(C(F)(F)F)C(F)(F)F)C(O)=O,C15H15F7O2S,392.33,CCCSc1c(C(F)(C(F)(F)F)C(F)(F)F)ccc(C(=O)O)c1CC
"(1Z)-1,2,3,3,4,4,5,5,6,6,7,7,8,8,8-Pentadecafluorooct-1-ene",1516885-18-9,F\C=C(/F)C(F)(F)C(F)(F)C(F)(F)C(F)(F)C(F)(F)C(F)(F)F,C8HF15,382.072,F/C=C(\F)C(F)(F)C(F)(F)C(F)(F)C(F)(F)C(F)(F)C(F)(F)F
"5,6,6,6-Tetrafluoro-4-methylhex-4-en-3-one",64435-53-6,CCC(=O)C(C)=C(F)C(F)(F)F,C7H8F4O,184.134,CCC(=O)C(C)=C(F)C(F)(F)F
"1,1,1,2,2,5-Hexafluoropentan-3-one",370862-40-1,FCCC(=O)C(F)(F)C(F)(F)F,C5H4F6O,194.076,O=C(CCF)C(F)(F)C(F)(F)F
(Perfluorododecyl)methane-1-sulfonic acid,NOCAS_1035567,OS(=O)(=O)CC(F)(F)C(F)(F)C(F)(F)C(F)(F)C(F)(F)C(F)(F)C(F)(F)C(F)(F)C(F)(F)C(F)(F)C(F)(F)C(F)(F)F,C13H3F25O3S,714.18,O=S(=O)(O)CC(F)(F)C(F)(F)C(F)(F)C(F)(F)C(F)(F)C(F)(F)C(F)(F)C(F)(F)C(F)(F)C(F)(F)C(F)(F)C(F)(F)F
"2,3,3,3-tetrafluoropropanamide",1647-57-0,NC(=O)C(F)C(F)(F)F,C3H3F4NO,145.057,NC(=O)C(F)C(F)(F)F
5-Methylperfluoro-3-oxa2-methylpentanoic acid,1643531-85-4,CC(F)(F)C(F)(F)OC(F)(C(O)=O)C(F)(F)F,C6H4F8O3,276.082,CC(F)(F)C(F)(F)OC(F)(C(=O)O)C(F)(F)F
(Perfluoro(1-[2-(2-propoxypropoxy)propoxy]-ethyl))(1-ethylphosphoric acid),646029-85-8,OP(O)(=O)CCC(F)(OC(F)(F)C(F)(OC(F)(F)C(F)(OC(F)(F)C(F)(F)C(F)(F)F)C(F)(F)F)C(F)(F)F)C(F)(F)F,C13H6F23O6P,726.122,O=P(O)(O)CCC(F)(OC(F)(F)C(F)(OC(F)(F)C(F)(OC(F)(F)C(F)(F)C(F)(F)F)C(F)(F)F)C(F)(F)F)C(F)(F)F
11:1:2 Fluorotelomer betaine acid,NOCAS_892615,C[N+](C)(CCC(F)C(F)(F)C(F)(F)C(F)(F)C(F)(F)C(F)(F)C(F)(F)C(F)(F)C(F)(F)C(F)(F)C(F)(F)C(F)(F)F)CC(O)=O,C18H14F24NO2,732.276,C[N+](C)(CCC(F)C(F)(F)C(F)(F)C(F)(F)C(F)(F)C(F)(F)C(F)(F)C(F)(F)C(F)(F)C(F)(F)C(F)(F)C(F)(F)F)CC(=O)O
"2-[(2,2,3,3,4,4,4-Heptafluorobutoxy)methyl]oxirane",648-43-1,FC(F)(F)C(F)(F)C(F)(F)COCC1CO1,C7H7F7O2,256.12,FC(F)(F)C(F)(F)C(F)(F)COCC1CO1
"1H,1H,2H,2H-Perfluorododecyl acetate",37858-05-2,CC(=O)OCCC(F)(F)C(F)(F)C(F)(F)C(F)(F)C(F)(F)C(F)(F)C(F)(F)C(F)(F)C(F)(F)C(F)(F)F,C14H7F21O2,606.174,CC(=O)OCCC(F)(F)C(F)(F)C(F)(F)C(F)(F)C(F)(F)C(F)(F)C(F)(F)C(F)(F)C(F)(F)C(F)(F)F
"2-[Decyl(1,1,2,2,3,3,4,4,5,5,6,6,7,7,8,8,8-heptadecafluorooctylsulfonyl)amino]acetic acid",NOCAS_1026974,CCCCCCCCCCN(CC(O)=O)S(=O)(=O)C(F)(F)C(F)(F)C(F)(F)C(F)(F)C(F)(F)C(F)(F)C(F)(F)C(F)(F)F,C20H24F17NO4S,697.45,CCCCCCCCCCN(CC(=O)O)S(=O)(=O)C(F)(F)C(F)(F)C(F)(F)C(F)(F)C(F)(F)C(F)(F)C(F)(F)C(F)(F)F
"1,3,3,4,4,5,5,6,6-Nonafluoro-2-iodocyclohex-1-ene",14315-34-5,FC1=C(I)C(F)(F)C(F)(F)C(F)(F)C1(F)F,C6F9I,369.956,FC1=C(I)C(F)(F)C(F)(F)C(F)(F)C1(F)F
N-(Methyl)nonafluorobutanesulfonamide,68298-12-4,CNS(=O)(=O)C(F)(F)C(F)(F)C(F)(F)C(F)(F)F,C5H4F9NO2S,313.14,CNS(=O)(=O)C(F)(F)C(F)(F)C(F)(F)C(F)(F)F
"3-(2-Chloro-4-fluorobenzamido)-2-fluoro-N-[4-(1,1,1,2,3,3,3-heptafluoropropan-2-yl)-2,6-dimethylphenyl]benzamide",862133-15-1,CC1=CC(=CC(C)=C1NC(=O)C1=C(F)C(NC(=O)C2=CC=C(F)C=C2Cl)=CC=C1)C(F)(C(F)(F)F)C(F)(F)F,C25H16ClF9N2O2,582.85,Cc1cc(C(F)(C(F)(F)F)C(F)(F)F)cc(C)c1NC(=O)c1cccc(NC(=O)c2ccc(F)cc2Cl)c1F
"1,1,2,2,3,3,4,4-Octafluoro-1-[(trifluoroethenyl)oxy]-4-(trifluoromethoxy)butane",609818-38-4,FC(F)=C(F)OC(F)(F)C(F)(F)C(F)(F)C(F)(F)OC(F)(F)F,C7F14O2,382.053,FC(F)=C(F)OC(F)(F)C(F)(F)C(F)(F)C(F)(F)OC(F)(F)F
"Poly(oxy-1,2-ethanediyl), αlpha-[2-[[(3,3,4,4,5,5,6,6,7,7,8,8,9,9,10,10,10-heptadecafluorodecyl)sulfonyl]propylamino]ethyl]-omega-(4-sulfobutoxy)-, lithium salt",441765-16-8,"[Li+].CCCN(CCOCCOCCCCS([O-])(=O)=O)S(=O)(=O)CCC(F)(F)C(F)(F)C(F)(F)C(F)(F)C(F)(F)C(F)(F)C(F)(F)C(F)(F)F |lp:4:1,7:2,10:2,16:3,17:2,18:2,20:2,21:2,25:3,26:3,28:3,29:3,31:3,32:3,34:3,35:3,37:3,38:3,40:3,41:3,43:3,44:3,46:3,47:3,48:3,Sg:n:7,8,9::ht|",(C2H4O)nC19H23F17LiNO6S2,,CCCN(CCOCCOCCCCS(=O)(=O)[O-])S(=O)(=O)CCC(F)(F)C(F)(F)C(F)(F)C(F)(F)C(F)(F)C(F)(F)C(F)(F)C(F)(F)F.[Li+]
"Ammonium 2,2,3,3,4,4,5,5,6,6,7,7,8,8,9,9,10,10,11,11-icosafluoroundecanoate",5081-02-7,[NH4+].[O-]C(=O)C(F)(F)C(F)(F)C(F)(F)C(F)(F)C(F)(F)C(F)(F)C(F)(F)C(F)(F)C(F)(F)C(F)F,C11H5F20NO2,563.134,O=C([O-])C(F)(F)C(F)(F)C(F)(F)C(F)(F)C(F)(F)C(F)(F)C(F)(F)C(F)(F)C(F)(F)C(F)F.[NH4+]
"2,2,3,3,4,4,4-Heptafluorobutyl butanoate",2926-44-5,CCCC(=O)OCC(F)(F)C(F)(F)C(F)(F)F,C8H9F7O2,270.147,CCCC(=O)OCC(F)(F)C(F)(F)C(F)(F)F
3-Chloro-perfluorododecanoic acid,NOCAS_1035250,OC(=O)C(F)(F)C(F)(Cl)C(F)(F)C(F)(F)C(F)(F)C(F)(F)C(F)(F)C(F)(F)C(F)(F)C(F)(F)C(F)(F)F,C12HClF22O2,630.55,O=C(O)C(F)(F)C(F)(Cl)C(F)(F)C(F)(F)C(F)(F)C(F)(F)C(F)(F)C(F)(F)C(F)(F)C(F)(F)C(F)(F)F
Perfluoro dimethylethylpentane,50285-18-2,FC(F)(F)C(F)(F)C(F)(C(F)(C(F)(F)F)C(F)(F)F)C(F)(C(F)(F)F)C(F)(F)F,C9F20,488.067,FC(F)(F)C(F)(F)C(F)(C(F)(C(F)(F)F)C(F)(F)F)C(F)(C(F)(F)F)C(F)(F)F
"Perfluoro-3,5-dimethylhexanoic acid",1144512-35-5,OC(=O)C(F)(F)C(F)(C(F)(F)F)C(F)(F)C(F)(C(F)(F)F)C(F)(F)F,C8HF15O2,414.07,O=C(O)C(F)(F)C(F)(C(F)(F)F)C(F)(F)C(F)(C(F)(F)F)C(F)(F)F
Perfluorotridecanedioic acid,344760-77-6,OC(=O)C(F)(F)C(F)(F)C(F)(F)C(F)(F)C(F)(F)C(F)(F)C(F)(F)C(F)(F)C(F)(F)C(F)(F)C(F)(F)C(O)=O,C13H2F22O4,640.12,O=C(O)C(F)(F)C(F)(F)C(F)(F)C(F)(F)C(F)(F)C(F)(F)C(F)(F)C(F)(F)C(F)(F)C(F)(F)C(F)(F)C(=O)O
"Ethane, 1-chloro-1,1,2,2-tetrafluoro-2-methoxy-",404582-64-5,COC(F)(F)C(F)(F)Cl,C3H3ClF4O,166.5,COC(F)(F)C(F)(F)Cl
"Bis[4-(1H,1H,2H,2H-perfluorodecyl)phenyl]phenylphosphine",892154-91-5,FC(F)(F)C(F)(F)C(F)(F)C(F)(F)C(F)(F)C(F)(F)C(F)(F)C(F)(F)CCC1=CC=C(C=C1)P(C1=CC=CC=C1)C1=CC=C(CCC(F)(F)C(F)(F)C(F)(F)C(F)(F)C(F)(F)C(F)(F)C(F)(F)C(F)(F)F)C=C1,C38H21F34P,1154.505,FC(F)(F)C(F)(F)C(F)(F)C(F)(F)C(F)(F)C(F)(F)C(F)(F)C(F)(F)CCc1ccc(P(c2ccccc2)c2ccc(CCC(F)(F)C(F)(F)C(F)(F)C(F)(F)C(F)(F)C(F)(F)C(F)(F)C(F)(F)F)cc2)cc1
3-(Perfluorohexyl)-5-phenyl-1H-pyrazole,510768-12-4,FC(F)(F)C(F)(F)C(F)(F)C(F)(F)C(F)(F)C(F)(F)C1=NNC(=C1)C1=CC=CC=C1,C15H7F13N2,462.214,FC(F)(F)C(F)(F)C(F)(F)C(F)(F)C(F)(F)C(F)(F)c1cc(-c2ccccc2)[nH]n1
Pentafluoroethyl ethyl ether,22052-81-9,CCOC(F)(F)C(F)(F)F,C4H5F5O,164.075,CCOC(F)(F)C(F)(F)F
"1,1,1,2,2-Pentafluoro-2-{fluoro[bis(pentafluoroethoxy)]methoxy}ethane",130085-22-2,FC(F)(F)C(F)(F)OC(F)(OC(F)(F)C(F)(F)F)OC(F)(F)C(F)(F)F,C7F16O3,436.048,FC(OC(F)(F)C(F)(F)F)(OC(F)(F)C(F)(F)F)OC(F)(F)C(F)(F)F
2(Perfluoro-2-propyl)ethanol,90999-87-4,OCCC(F)(C(F)(F)F)C(F)(F)F,C5H5F7O,214.083,OCCC(F)(C(F)(F)F)C(F)(F)F
"2-Propenoic acid, 2-methyl-, 2-(ethyl((undecafluoropentyl)sulfonyl)amino)ethyl ester",67906-73-4,CCN(CCOC(=O)C(C)=C)S(=O)(=O)C(F)(F)C(F)(F)C(F)(F)C(F)(F)C(F)(F)F,C13H14F11NO4S,489.3,C=C(C)C(=O)OCCN(CC)S(=O)(=O)C(F)(F)C(F)(F)C(F)(F)C(F)(F)C(F)(F)F
"[N(E),S(S)]-N-(2-Fluorophenyl)methyleneperfluorobutanesulfinamide",1612778-40-1,[H]\C(=N/[S@@](=O)C(F)(F)C(F)(F)C(F)(F)C(F)(F)F)C1=C(F)C=CC=C1,C11H5F10NOS,389.21,O=[S@](/N=C/c1ccccc1F)C(F)(F)C(F)(F)C(F)(F)C(F)(F)F
9:1:2 Fluorotelomer betaine,171184-04-6,C[N+](C)(CCC(F)C(F)(F)C(F)(F)C(F)(F)C(F)(F)C(F)(F)C(F)(F)C(F)(F)C(F)(F)C(F)(F)F)CC([O-])=O,C16H13F20NO2,631.253,C[N+](C)(CCC(F)C(F)(F)C(F)(F)C(F)(F)C(F)(F)C(F)(F)C(F)(F)C(F)(F)C(F)(F)C(F)(F)F)CC(=O)[O-]
"Sulfonamides, C4-8-alkane, perfluoro, N-methyl-N-(oxiranylmethyl)",129813-71-4,"CN(CC1CO1)S(=O)(=O)C(F)(F)C(F)(F)C(F)(F)C(F)(F)F |lp:1:1,5:2,7:2,8:2,10:3,11:3,13:3,14:3,16:3,17:3,19:3,20:3,21:3,Sg:n:11,10,9:1-5:ht|",(CF2)1-5C7H8F7NO3S,,CN(CC1CO1)S(=O)(=O)C(F)(F)C(F)(F)C(F)(F)C(F)(F)F
"2,2'-(2,2,3,3-Tetrafluorobutane-1,4-diyl)bis(oxirane)",194877-37-7,FC(F)(CC1CO1)C(F)(F)CC1CO1,C8H10F4O2,214.16,FC(F)(CC1CO1)C(F)(F)CC1CO1
"2,4,6-Heptanetriol, 2,6-bis(trifluoromethyl)-1,1,1,7,7,7-hexafluoro-",68325-20-2,OC(CC(O)(C(F)(F)F)C(F)(F)F)CC(O)(C(F)(F)F)C(F)(F)F,C9H8F12O3,392.141,OC(CC(O)(C(F)(F)F)C(F)(F)F)CC(O)(C(F)(F)F)C(F)(F)F
"N-[3-(N,N-Dimethyl-N-oxidoamino)propyl]-3,3,4,4,5,5,6,6,7,7,8,8,8-tridecafluoro-N-methyloctanesulfonamide",80475-34-9,CN(CCC[N+](C)(C)[O-])S(=O)(=O)CCC(F)(F)C(F)(F)C(F)(F)C(F)(F)C(F)(F)C(F)(F)F,C14H19F13N2O3S,542.36,CN(CCC[N+](C)(C)[O-])S(=O)(=O)CCC(F)(F)C(F)(F)C(F)(F)C(F)(F)C(F)(F)C(F)(F)F
[(Perfluorohexanoyl)amino]-3-betaine,NOCAS_1034808,C[N+](C)(CCCNC(=O)C(F)(F)C(F)(F)C(F)(F)C(F)(F)C(F)(F)F)CC([O-])=O,C13H15F11N2O3,456.256,C[N+](C)(CCCNC(=O)C(F)(F)C(F)(F)C(F)(F)C(F)(F)C(F)(F)F)CC(=O)[O-]
(2‐Carboxyethyl)dimethyl[3-(perfluorooctadecyl)‐2‐hydroxypropyl]azanium,NOCAS_1036786,C[N+](C)(CCC(O)=O)CC(O)CC(F)(F)C(F)(F)C(F)(F)C(F)(F)C(F)(F)C(F)(F)C(F)(F)C(F)(F)C(F)(F)C(F)(F)C(F)(F)C(F)(F)C(F)(F)C(F)(F)C(F)(F)C(F)(F)C(F)(F)C(F)(F)F,C26H17F37NO3,1094.366,C[N+](C)(CCC(=O)O)CC(O)CC(F)(F)C(F)(F)C(F)(F)C(F)(F)C(F)(F)C(F)(F)C(F)(F)C(F)(F)C(F)(F)C(F)(F)C(F)(F)C(F)(F)C(F)(F)C(F)(F)C(F)(F)C(F)(F)C(F)(F)C(F)(F)F
Nonafluoro-tert-butanol,2378-02-1,OC(C(F)(F)F)(C(F)(F)F)C(F)(F)F,C4HF9O,236.037,OC(C(F)(F)F)(C(F)(F)F)C(F)(F)F
Perfluorooctylperfluorodecyl phosphinic acid,500776-81-8,OP(=O)(C(F)(F)C(F)(F)C(F)(F)C(F)(F)C(F)(F)C(F)(F)C(F)(F)C(F)(F)F)C(F)(F)C(F)(F)C(F)(F)C(F)(F)C(F)(F)C(F)(F)C(F)(F)C(F)(F)C(F)(F)C(F)(F)F,C18HF38O2P,1002.117,O=P(O)(C(F)(F)C(F)(F)C(F)(F)C(F)(F)C(F)(F)C(F)(F)C(F)(F)C(F)(F)F)C(F)(F)C(F)(F)C(F)(F)C(F)(F)C(F)(F)C(F)(F)C(F)(F)C(F)(F)C(F)(F)C(F)(F)F
"2,2,3,3,4,4,5,5-Octafluorohexane-1,6-diyl bis(4-methylbenzene-1-sulfonate)",58191-47-2,CC1=CC=C(C=C1)S(=O)(=O)OCC(F)(F)C(F)(F)C(F)(F)C(F)(F)COS(=O)(=O)C1=CC=C(C)C=C1,C20H18F8O6S2,570.47,Cc1ccc(S(=O)(=O)OCC(F)(F)C(F)(F)C(F)(F)C(F)(F)COS(=O)(=O)c2ccc(C)cc2)cc1
"1,2,2,3,3,4,4,5,5,6,6-Undecafluorocyclohexane-1-carbonitrile",51579-56-7,FC1(F)C(F)(F)C(F)(F)C(F)(C#N)C(F)(F)C1(F)F,C7F11N,307.066,N#CC1(F)C(F)(F)C(F)(F)C(F)(F)C(F)(F)C1(F)F
Perfluorononadecanoic acid,133921-38-7,OC(=O)C(F)(F)C(F)(F)C(F)(F)C(F)(F)C(F)(F)C(F)(F)C(F)(F)C(F)(F)C(F)(F)C(F)(F)C(F)(F)C(F)(F)C(F)(F)C(F)(F)C(F)(F)C(F)(F)C(F)(F)C(F)(F)F,C19HF37O2,964.156,O=C(O)C(F)(F)C(F)(F)C(F)(F)C(F)(F)C(F)(F)C(F)(F)C(F)(F)C(F)(F)C(F)(F)C(F)(F)C(F)(F)C(F)(F)C(F)(F)C(F)(F)C(F)(F)C(F)(F)C(F)(F)C(F)(F)F
"2-Hydroxy-N-(2-hydroxyethyl)-N,N-dimethyl-3-{[(perfluorohexyl)sulfonyl]amino}-1-propanaminium",2089109-06-6,C[N+](C)(CCO)CC(O)CNS(=O)(=O)C(F)(F)C(F)(F)C(F)(F)C(F)(F)C(F)(F)C(F)(F)F,C13H18F13N2O4S,545.34,C[N+](C)(CCO)CC(O)CNS(=O)(=O)C(F)(F)C(F)(F)C(F)(F)C(F)(F)C(F)(F)C(F)(F)F
"1,4-Bis(perfluorohexyl)butane",76597-99-4,FC(F)(F)C(F)(F)C(F)(F)C(F)(F)C(F)(F)C(F)(F)CCCCC(F)(F)C(F)(F)C(F)(F)C(F)(F)C(F)(F)C(F)(F)F,C16H8F26,694.198,FC(F)(F)C(F)(F)C(F)(F)C(F)(F)C(F)(F)C(F)(F)CCCCC(F)(F)C(F)(F)C(F)(F)C(F)(F)C(F)(F)C(F)(F)F
(Perfluorodecyl)ethylene,30389-25-4,FC(F)(F)C(F)(F)C(F)(F)C(F)(F)C(F)(F)C(F)(F)C(F)(F)C(F)(F)C(F)(F)C(F)(F)C=C,C12H3F21,546.122,C=CC(F)(F)C(F)(F)C(F)(F)C(F)(F)C(F)(F)C(F)(F)C(F)(F)C(F)(F)C(F)(F)C(F)(F)F
"N,N,N-Trimethyl-3-[[[4-[[3,4,4,4-tetrafluoro-2-[1,2,2,2-tetrafluoro-1-(trifluoromethyl)ethyl]-1,3-bis(trifluoromethyl)-1-buten-1-yl]oxy]phenyl]sulfonyl]amino]-1-propanaminium",170778-68-4,C[N+](C)(C)CCCNS(=O)(=O)C1=CC=C(OC(=C(C(F)(C(F)(F)F)C(F)(F)F)C(F)(C(F)(F)F)C(F)(F)F)C(F)(F)F)C=C1,C21H20F17N2O3S,703.43,C[N+](C)(C)CCCNS(=O)(=O)c1ccc(OC(=C(C(F)(C(F)(F)F)C(F)(F)F)C(F)(C(F)(F)F)C(F)(F)F)C(F)(F)F)cc1
B-(4-(Perfluoro-1-methylethyl)phenyl)boronic acid,1184850-50-7,OB(O)C1=CC=C(C=C1)C(F)(C(F)(F)F)C(F)(F)F,C9H6BF7O2,289.94,OB(O)c1ccc(C(F)(C(F)(F)F)C(F)(F)F)cc1
"2,2,3,3,4,4,5,5,6,6,7,7,7-Tridecafluoro-N-[(4-sulfamoylphenyl)methyl]heptanamide",165618-99-5,NS(=O)(=O)C1=CC=C(CNC(=O)C(F)(F)C(F)(F)C(F)(F)C(F)(F)C(F)(F)C(F)(F)F)C=C1,C14H9F13N2O3S,532.28,NS(=O)(=O)c1ccc(CNC(=O)C(F)(F)C(F)(F)C(F)(F)C(F)(F)C(F)(F)C(F)(F)F)cc1
5:2/7:2 diperfluorinated phosphate ester,1361054-89-8,OP(=O)(OCCC(F)(F)C(F)(F)C(F)(F)C(F)(F)C(F)(F)F)OCCC(F)(F)C(F)(F)C(F)(F)C(F)(F)C(F)(F)C(F)(F)C(F)(F)F,C16H9F26O4P,790.176,O=P(O)(OCCC(F)(F)C(F)(F)C(F)(F)C(F)(F)C(F)(F)F)OCCC(F)(F)C(F)(F)C(F)(F)C(F)(F)C(F)(F)C(F)(F)C(F)(F)F
"3-(1,1,1,2,3,3,3-Heptafluoropropan-2-yl)benzoic acid",2396-20-5,OC(=O)C1=CC(=CC=C1)C(F)(C(F)(F)F)C(F)(F)F,C10H5F7O2,290.137,O=C(O)c1cccc(C(F)(C(F)(F)F)C(F)(F)F)c1
"Cyclopropane, pentafluoro(heptafluoropropoxy)-",131393-36-7,FC(F)(F)C(F)(F)C(F)(F)OC1(F)C(F)(F)C1(F)F,C6F12O,316.046,FC(F)(F)C(F)(F)C(F)(F)OC1(F)C(F)(F)C1(F)F
"1-Chloro-1,2,2,3,3,4,5,6,7-nonafluoro-2,3-dihydro-1H-indene",52514-15-5,FC1=C(F)C(F)=C(F)C2=C1C(F)(F)C(F)(F)C2(F)Cl,C9ClF9,314.53,Fc1c(F)c(F)c2c(c1F)C(F)(F)C(F)(F)C2(F)Cl
"Octadecyl 2,2,3,3,4,4,4-heptafluorobutanoate",400-57-7,CCCCCCCCCCCCCCCCCCOC(=O)C(F)(F)C(F)(F)C(F)(F)F,C22H37F7O2,466.525,CCCCCCCCCCCCCCCCCCOC(=O)C(F)(F)C(F)(F)C(F)(F)F
"2-Chloro-4-fluoro-N-(3-{[4-(1,1,1,2,3,3,3-heptafluoropropan-2-yl)-2,6-dimethylphenyl]carbamoyl}phenyl)benzamide",862130-87-8,CC1=CC(=CC(C)=C1NC(=O)C1=CC=CC(NC(=O)C2=CC=C(F)C=C2Cl)=C1)C(F)(C(F)(F)F)C(F)(F)F,C25H17ClF8N2O2,564.86,Cc1cc(C(F)(C(F)(F)F)C(F)(F)F)cc(C)c1NC(=O)c1cccc(NC(=O)c2ccc(F)cc2Cl)c1
Propan-2-yl nonadecafluorodecanoate,71356-37-1,CC(C)OC(=O)C(F)(F)C(F)(F)C(F)(F)C(F)(F)C(F)(F)C(F)(F)C(F)(F)C(F)(F)C(F)(F)F,C13H7F19O2,556.167,CC(C)OC(=O)C(F)(F)C(F)(F)C(F)(F)C(F)(F)C(F)(F)C(F)(F)C(F)(F)C(F)(F)C(F)(F)F
Ethyl perfluoropropionate,426-65-3,CCOC(=O)C(F)(F)C(F)(F)F,C5H5F5O2,192.085,CCOC(=O)C(F)(F)C(F)(F)F
2‐[Dimethyl(3-(perfluorododecyl)propyl)azaniumyl]acetate,NOCAS_1036376,C[N+](C)(CCCC(F)(F)C(F)(F)C(F)(F)C(F)(F)C(F)(F)C(F)(F)C(F)(F)C(F)(F)C(F)(F)C(F)(F)C(F)(F)C(F)(F)F)CC([O-])=O,C19H14F25NO2,763.286,C[N+](C)(CCCC(F)(F)C(F)(F)C(F)(F)C(F)(F)C(F)(F)C(F)(F)C(F)(F)C(F)(F)C(F)(F)C(F)(F)C(F)(F)C(F)(F)F)CC(=O)[O-]
Perfluoro-4-methylheptanesulfonic acid,775554-63-7,OS(=O)(=O)C(F)(F)C(F)(F)C(F)(F)C(F)(C(F)(F)F)C(F)(F)C(F)(F)C(F)(F)F,C8HF17O3S,500.13,O=S(=O)(O)C(F)(F)C(F)(F)C(F)(F)C(F)(C(F)(F)F)C(F)(F)C(F)(F)C(F)(F)F
{2‐Hydroxy‐3‐[2-(perfluorododecyl)ethylsulfanyl]propyl}trimethylazanium,NOCAS_1036096,C[N+](C)(C)CC(O)CSCCC(F)(F)C(F)(F)C(F)(F)C(F)(F)C(F)(F)C(F)(F)C(F)(F)C(F)(F)C(F)(F)C(F)(F)C(F)(F)C(F)(F)F,C20H19F25NOS,796.4,C[N+](C)(C)CC(O)CSCCC(F)(F)C(F)(F)C(F)(F)C(F)(F)C(F)(F)C(F)(F)C(F)(F)C(F)(F)C(F)(F)C(F)(F)C(F)(F)C(F)(F)F
"5-Chloro-2,2,3,3,4-pentafluoropent-4-enoic acid",77569-70-1,OC(=O)C(F)(F)C(F)(F)C(F)=CCl,C5H2ClF5O2,224.51,O=C(O)C(F)(F)C(F)(F)C(F)=CCl
"1,1,1,2,2,3,3,4,4-Nonafluoro-6-[(prop-2-en-1-yl)oxy]hexane",188298-09-1,FC(F)(F)C(F)(F)C(F)(F)C(F)(F)CCOCC=C,C9H9F9O,304.156,C=CCOCCC(F)(F)C(F)(F)C(F)(F)C(F)(F)F
"1-Undecanaminium, N-(3-carboxypropyl)-N,N-dimethyl-4,4,5,5,6,6,7,7,8,8,9,9,10,10,11,11,11-heptadecafluoro-, hydroxide, inner salt",145441-33-4,C[N+](C)(CCCC([O-])=O)CCCC(F)(F)C(F)(F)C(F)(F)C(F)(F)C(F)(F)C(F)(F)C(F)(F)C(F)(F)F,C17H18F17NO2,591.309,C[N+](C)(CCCC(=O)[O-])CCCC(F)(F)C(F)(F)C(F)(F)C(F)(F)C(F)(F)C(F)(F)C(F)(F)C(F)(F)F
"2,4,4,5,5,7,7,9,9,11,11,13,13,13-Tetradecafluoro-3,6,8,10,12-pentaoxatridecanoic acid",919005-10-0,OC(=O)C(F)OC(F)(F)C(F)(F)OC(F)(F)OC(F)(F)OC(F)(F)OC(F)(F)F,C8H2F14O7,476.075,O=C(O)C(F)OC(F)(F)C(F)(F)OC(F)(F)OC(F)(F)OC(F)(F)OC(F)(F)F
"2-(1,1,1,2,3,3,3-Heptafluoropropan-2-yl)-5-methylcyclohexan-1-ol",52450-55-2,CC1CCC(C(O)C1)C(F)(C(F)(F)F)C(F)(F)F,C10H13F7O,282.202,CC1CCC(C(F)(C(F)(F)F)C(F)(F)F)C(O)C1
"Tetraethyl (3,3,4,4,5,5-hexafluorocyclopent-1-ene-1,2-diyl)bis(phosphonate)",4655-86-1,CCOP(=O)(OCC)C1=C(C(F)(F)C(F)(F)C1(F)F)P(=O)(OCC)OCC,C13H20F6O6P2,448.235,CCOP(=O)(OCC)C1=C(P(=O)(OCC)OCC)C(F)(F)C(F)(F)C1(F)F
"3-[2-(1,1,1,3,3,3-Hexafluoro-2-propanyl)-4-(1,1,1,3,3,3-hexafluoro-2-propanylidene)-1,3-dithietan-2-yl]-2,5-dimethyl-7λ4-[1,2]dithiolo[1,5-b][1,2]dithiole",66172-14-3,CC1=CC2=S(S1)SC(C)=C2C1(SC(S1)=C(C(F)(F)F)C(F)(F)F)C(C(F)(F)F)C(F)(F)F,C15H8F12S5,576.51,CC1=CC2=S(S1)SC(C)=C2C1(C(C(F)(F)F)C(F)(F)F)SC(=C(C(F)(F)F)C(F)(F)F)S1
"Tributyl(2-methoxypropyl)phosphonium salt with 4,4′-[2,2,2-trifluoro-1-(trifluoromethyl)ethylidene]bis[phenol] (1:1)",126049-00-1,CCCC[P+](CCCC)(CCCC)CC(C)OC.OC1=CC=C(C=C1)C(C1=CC=C([O-])C=C1)(C(F)(F)F)C(F)(F)F,C31H45F6O3P,610.662,CCCC[P+](CCCC)(CCCC)CC(C)OC.[O-]c1ccc(C(c2ccc(O)cc2)(C(F)(F)F)C(F)(F)F)cc1
"3-(1,1,2,2,2-Pentafluoroethylsulfanyl)propan-1-amine",1208080-59-4,NCCCSC(F)(F)C(F)(F)F,C5H8F5NS,209.18,NCCCSC(F)(F)C(F)(F)F
((Perfluorohexyl)ethyl)-2-chloropropenoate,96383-55-0,FC(F)(F)C(F)(F)C(F)(F)C(F)(F)C(F)(F)C(F)(F)CCOC(=O)C(Cl)=C,C11H6ClF13O2,452.6,C=C(Cl)C(=O)OCCC(F)(F)C(F)(F)C(F)(F)C(F)(F)C(F)(F)C(F)(F)F
2-[(Pentafluoroethyl)sulfanyl]propanoic acid,77758-95-3,CC(SC(F)(F)C(F)(F)F)C(O)=O,C5H5F5O2S,224.15,CC(SC(F)(F)C(F)(F)F)C(=O)O
"2,2,3,3,4,4,4-Heptafluoro-N-hydroxy-N-methylbutanamide",193008-44-5,CN(O)C(=O)C(F)(F)C(F)(F)C(F)(F)F,C5H4F7NO2,243.081,CN(O)C(=O)C(F)(F)C(F)(F)C(F)(F)F
"3,4,5-Tris(1,1,2,2-tetrafluoroethoxy)benzeneethanamine, hydrochloride",70126-64-6,Cl.NCCC1=CC(OC(F)(F)C(F)F)=C(OC(F)(F)C(F)F)C(OC(F)(F)C(F)F)=C1,C14H12ClF12NO3,505.68,Cl.NCCc1cc(OC(F)(F)C(F)F)c(OC(F)(F)C(F)F)c(OC(F)(F)C(F)F)c1
2-(((4-(4-(((2-(Methyl((nonafluorobutyl)sulfonyl)amino)ethoxy)carbonyl)amino)benzyl)phenyl)carbamoyl)oxy)ethyl prop-2-enoate,856220-62-7,CN(CCOC(=O)NC1=CC=C(CC2=CC=C(NC(=O)OCCOC(=O)C=C)C=C2)C=C1)S(=O)(=O)C(F)(F)C(F)(F)C(F)(F)C(F)(F)F,C27H26F9N3O8S,723.56,C=CC(=O)OCCOC(=O)Nc1ccc(Cc2ccc(NC(=O)OCCN(C)S(=O)(=O)C(F)(F)C(F)(F)C(F)(F)C(F)(F)F)cc2)cc1
Perfluoro-2-butyltetrahydrofuran,335-36-4,FC(F)(F)C(F)(F)C(F)(F)C(F)(F)C1(F)OC(F)(F)C(F)(F)C1(F)F,C8F16O,416.061,FC(F)(F)C(F)(F)C(F)(F)C(F)(F)C1(F)OC(F)(F)C(F)(F)C1(F)F
"Methyl 2,2,3,3,3-pentafluoropropyl carbonate",156783-97-0,COC(=O)OCC(F)(F)C(F)(F)F,C5H5F5O3,208.084,COC(=O)OCC(F)(F)C(F)(F)F
"6-[2,4-Bis(1,1-dimethylpropyl)phenoxy]-N-[3-hydroxy-4-[(octafluoro-1-oxopentyl)amino]phenyl]-hexanamide",97331-50-5,CCC(C)(C)C1=CC(=C(OCCCCCC(=O)NC2=CC(O)=C(NC(=O)C(F)(F)C(F)(F)C(F)C(F)(F)F)C=C2)C=C1)C(C)(C)CC,C33H42F8N2O4,682.696,CCC(C)(C)c1ccc(OCCCCCC(=O)Nc2ccc(NC(=O)C(F)(F)C(F)(F)C(F)C(F)(F)F)c(O)c2)c(C(C)(C)CC)c1
"2‐{[3‐(Acetyloxy)‐1,5‐dihydroxy‐4‐(1,1,2,2,2‐pentafluoroethyl)pentan‐2‐yl]dimethylazaniumyl}acetate",NOCAS_1036348,CC(=O)OC(C(CO)C(F)(F)C(F)(F)F)C(CO)[N+](C)(C)CC([O-])=O,C13H20F5NO6,381.296,CC(=O)OC(C(CO)C(F)(F)C(F)(F)F)C(CO)[N+](C)(C)CC(=O)[O-]
"1,1,1,3,3,3-Hexafluoro-2-(propyldisulfanyl)propane",109746-35-2,CCCSSC(C(F)(F)F)C(F)(F)F,C6H8F6S2,258.24,CCCSSC(C(F)(F)F)C(F)(F)F
"1,1,1,2-Tetrafluoro-3-oxo-3-[2-oxo-2-[(5-oxo-4-oxatricyclo[4.2.1.03,7]nonan-2-yl)oxy]ethoxy]propane-2-sulfonic acid",NOCAS_1026868,OS(=O)(=O)C(F)(C(=O)OCC(=O)OC1C2CC3C1OC(=O)C3C2)C(F)(F)F,C13H12F4O9S,420.28,O=C(COC(=O)C(F)(C(F)(F)F)S(=O)(=O)O)OC1C2CC3C(=O)OC1C3C2
1-Nitro-3-(nonafluorobutyl)benzene,2398-76-7,[O-][N+](=O)C1=CC(=CC=C1)C(F)(F)C(F)(F)C(F)(F)C(F)(F)F,C10H4F9NO2,341.133,O=[N+]([O-])c1cccc(C(F)(F)C(F)(F)C(F)(F)C(F)(F)F)c1
"Perfluoro-2,5,8,11-tetramethyl-3,6,9,12-tetraoxapentadecanoyl fluoride",34761-47-2,FC(=O)C(F)(OC(F)(F)C(F)(OC(F)(F)C(F)(OC(F)(F)C(F)(OC(F)(F)C(F)(F)C(F)(F)F)C(F)(F)F)C(F)(F)F)C(F)(F)F)C(F)(F)F,C15F30O5,830.112,O=C(F)C(F)(OC(F)(F)C(F)(OC(F)(F)C(F)(OC(F)(F)C(F)(OC(F)(F)C(F)(F)C(F)(F)F)C(F)(F)F)C(F)(F)F)C(F)(F)F)C(F)(F)F
Undecafluorohexanoic acid--hexan-1-amine (1/1),565225-91-4,CCCCCCN.OC(=O)C(F)(F)C(F)(F)C(F)(F)C(F)(F)C(F)(F)F,C12H16F11NO2,415.247,CCCCCCN.O=C(O)C(F)(F)C(F)(F)C(F)(F)C(F)(F)C(F)(F)F
3-(Perfluorodecyl)-2-hydroxypropyl dihydrogen phosphate,94158-70-0,OC(COP(O)(O)=O)CC(F)(F)C(F)(F)C(F)(F)C(F)(F)C(F)(F)C(F)(F)C(F)(F)C(F)(F)C(F)(F)C(F)(F)F,C13H8F21O5P,674.142,O=P(O)(O)OCC(O)CC(F)(F)C(F)(F)C(F)(F)C(F)(F)C(F)(F)C(F)(F)C(F)(F)C(F)(F)C(F)(F)C(F)(F)F
Perfluoropentanesulfonyl fluoride,375-81-5,FC(F)(F)C(F)(F)C(F)(F)C(F)(F)C(F)(F)S(F)(=O)=O,C5F12O2S,352.09,O=S(=O)(F)C(F)(F)C(F)(F)C(F)(F)C(F)(F)C(F)(F)F
"3-[(3,3,4,4,5,5,6,6,7,7,8,8,9,9,10,10,10-Heptadecafluorodecyl)thio]-1-propanol",36880-07-6,OCCCSCCC(F)(F)C(F)(F)C(F)(F)C(F)(F)C(F)(F)C(F)(F)C(F)(F)C(F)(F)F,C13H11F17OS,538.26,OCCCSCCC(F)(F)C(F)(F)C(F)(F)C(F)(F)C(F)(F)C(F)(F)C(F)(F)C(F)(F)F
"3-[(Perfluorooctane-1-sulfonyl)amino]-N,N-dimethylpropan-1-amine N-oxide potassium",178094-69-4,[K+].CN(C)(=O)CCC[N-]S(=O)(=O)C(F)(F)C(F)(F)C(F)(F)C(F)(F)C(F)(F)C(F)(F)C(F)(F)C(F)(F)F,C13H12F17KN2O3S,638.38,C[N+](C)([O-])CCC[N-]S(=O)(=O)C(F)(F)C(F)(F)C(F)(F)C(F)(F)C(F)(F)C(F)(F)C(F)(F)C(F)(F)F.[K+]
1-Bromopentadecafluoroheptane,375-88-2,FC(F)(F)C(F)(F)C(F)(F)C(F)(F)C(F)(F)C(F)(F)C(F)(F)Br,C7BrF15,448.957,FC(F)(F)C(F)(F)C(F)(F)C(F)(F)C(F)(F)C(F)(F)C(F)(F)Br
"3‐[(1,4‐Dihydroxy-3-(perfluorotetradecyl)-butan‐2‐yl)sulfanyl]propanoic  acid",NOCAS_1034591,OCC(SCCC(O)=O)C(CO)C(F)(F)C(F)(F)C(F)(F)C(F)(F)C(F)(F)C(F)(F)C(F)(F)C(F)(F)C(F)(F)C(F)(F)C(F)(F)C(F)(F)C(F)(F)C(F)(F)F,C21H13F29O4S,912.34,O=C(O)CCSC(CO)C(CO)C(F)(F)C(F)(F)C(F)(F)C(F)(F)C(F)(F)C(F)(F)C(F)(F)C(F)(F)C(F)(F)C(F)(F)C(F)(F)C(F)(F)C(F)(F)C(F)(F)F
2-(Perfluorododecyl)ethane-1-thiol,79840-60-1,FC(F)(F)C(F)(F)C(F)(F)C(F)(F)C(F)(F)C(F)(F)C(F)(F)C(F)(F)C(F)(F)C(F)(F)C(F)(F)C(F)(F)CCS,C14H5F25S,680.21,FC(F)(F)C(F)(F)C(F)(F)C(F)(F)C(F)(F)C(F)(F)C(F)(F)C(F)(F)C(F)(F)C(F)(F)C(F)(F)C(F)(F)CCS
Ethyl 9H-perfluorononanoate,1799-47-9,CCOC(=O)C(F)(F)C(F)(F)C(F)(F)C(F)(F)C(F)(F)C(F)(F)C(F)(F)C(F)F,C11H6F16O2,474.141,CCOC(=O)C(F)(F)C(F)(F)C(F)(F)C(F)(F)C(F)(F)C(F)(F)C(F)(F)C(F)F
"[2‐Hydroxy‐3‐(3,3,4,4,5,5,6,6,6‐nonafluorohexanesulfonyl)propyl]trimethylazanium",NOCAS_1035890,C[N+](C)(C)CC(O)CS(=O)(=O)CCC(F)(F)C(F)(F)C(F)(F)C(F)(F)F,C12H19F9NO3S,428.33,C[N+](C)(C)CC(O)CS(=O)(=O)CCC(F)(F)C(F)(F)C(F)(F)C(F)(F)F
"1,1,2,2,3,9,9,9‐Octafluorononane‐1‐sulfonate",NOCAS_1026807,[O-]S(=O)(=O)C(F)(F)C(F)(F)C(F)CCCCCC(F)(F)F,C9H11F8O3S,351.23,O=S(=O)([O-])C(F)(F)C(F)(F)C(F)CCCCCC(F)(F)F
"1H,1H,2H,2H-Perfluorohexyl bromide",38436-14-5,FC(F)(F)C(F)(F)C(F)(F)C(F)(F)CCBr,C6H4BrF9,326.988,FC(F)(F)C(F)(F)C(F)(F)C(F)(F)CCBr
[2‐Hydroxy‐3‐(2-(perfluorotetradecyl)ethanesulfonyl)propyl]trimethylazanium,NOCAS_1035897,C[N+](C)(C)CC(O)CS(=O)(=O)CCC(F)(F)C(F)(F)C(F)(F)C(F)(F)C(F)(F)C(F)(F)C(F)(F)C(F)(F)C(F)(F)C(F)(F)C(F)(F)C(F)(F)C(F)(F)C(F)(F)F,C22H19F29NO3S,928.41,C[N+](C)(C)CC(O)CS(=O)(=O)CCC(F)(F)C(F)(F)C(F)(F)C(F)(F)C(F)(F)C(F)(F)C(F)(F)C(F)(F)C(F)(F)C(F)(F)C(F)(F)C(F)(F)C(F)(F)C(F)(F)F
"1-Chloro-3,3-bis(trifluoromethyl)-1,3-dihydro-1lambda~3~,2-benziodoxole",76215-48-0,FC(F)(F)C1(O[I](Cl)C2=CC=CC=C12)C(F)(F)F,C9H4ClF6IO,404.47,FC(F)(F)C1(C(F)(F)F)OI(Cl)c2ccccc21
"2-[(2,2,3,4,4,4-Hexafluorobutoxy)methyl]oxirane",93858-69-6,FC(C(F)(F)F)C(F)(F)COCC1CO1,C7H8F6O2,238.129,FC(C(F)(F)F)C(F)(F)COCC1CO1
Chloropentafluoroethane,76-15-3,FC(F)(F)C(F)(F)Cl,C2ClF5,154.46,FC(F)(F)C(F)(F)Cl
"4,4,4-Trifluoro-2-pentyl-3-(trifluoromethyl)butane-1,3-diol",34844-47-8,CCCCCC(CO)C(O)(C(F)(F)F)C(F)(F)F,C10H16F6O2,282.226,CCCCCC(CO)C(O)(C(F)(F)F)C(F)(F)F
"Tris(1H,1H-heptafluorobutyl)phosphate",563-09-7,FC(F)(F)C(F)(F)C(F)(F)COP(=O)(OCC(F)(F)C(F)(F)C(F)(F)F)OCC(F)(F)C(F)(F)C(F)(F)F,C12H6F21O4P,644.116,O=P(OCC(F)(F)C(F)(F)C(F)(F)F)(OCC(F)(F)C(F)(F)C(F)(F)F)OCC(F)(F)C(F)(F)C(F)(F)F
"1,1,1,3,3,3-Hexafluoro-2-(trifluoromethyl)propan-2-yl 2-methylbutanoate",914637-47-1,CCC(C)C(=O)OC(C(F)(F)F)(C(F)(F)F)C(F)(F)F,C9H9F9O2,320.155,CCC(C)C(=O)OC(C(F)(F)F)(C(F)(F)F)C(F)(F)F
Potassium perfluorobutanesulfonate,29420-49-3,[K+].[O-]S(=O)(=O)C(F)(F)C(F)(F)C(F)(F)C(F)(F)F,C4F9KO3S,338.18,O=S(=O)([O-])C(F)(F)C(F)(F)C(F)(F)C(F)(F)F.[K+]
2-[(Pentafluoroethyl)sulfanyl]ethan-1-amine,1208078-70-9,NCCSC(F)(F)C(F)(F)F,C4H6F5NS,195.15,NCCSC(F)(F)C(F)(F)F
"2,2,3-Trifluoro-3-(trifluoroethenyl)-4,4-bis(trifluoromethyl)oxetane",400629-07-4,FC(F)=C(F)C1(F)C(F)(F)OC1(C(F)(F)F)C(F)(F)F,C7F12O,328.057,FC(F)=C(F)C1(F)C(F)(F)OC1(C(F)(F)F)C(F)(F)F
"{[(2,3,3,4,4,5,5-Heptafluorocyclopent-1-en-1-yl)oxy]methyl}benzene",66463-33-0,FC1=C(OCC2=CC=CC=C2)C(F)(F)C(F)(F)C1(F)F,C12H7F7O,300.176,FC1=C(OCc2ccccc2)C(F)(F)C(F)(F)C1(F)F
"2H,3H-Perfluoropentane",138495-42-8,FC(C(F)C(F)(F)C(F)(F)F)C(F)(F)F,C5H2F10,252.055,FC(C(F)C(F)(F)C(F)(F)F)C(F)(F)F
"Sodium perfluoro{[1-(1,2-dichloro-1,2,2-trifluoroethoxy)propan-2-yl]oxy}acetate",1383434-26-1,[Na+].[O-]C(=O)C(F)(F)OC(F)(C(F)(F)F)C(F)(F)OC(F)(Cl)C(F)(F)Cl,C7Cl2F11NaO4,450.95,O=C([O-])C(F)(F)OC(F)(C(F)(F)F)C(F)(F)OC(F)(Cl)C(F)(F)Cl.[Na+]
Perfluoroethyl vinyl ether,10493-43-3,FC(F)=C(F)OC(F)(F)C(F)(F)F,C4F8O,216.03,FC(F)=C(F)OC(F)(F)C(F)(F)F
Perfluorotributylamine,311-89-7,FC(F)(F)C(F)(F)C(F)(F)C(F)(F)N(C(F)(F)C(F)(F)C(F)(F)C(F)(F)F)C(F)(F)C(F)(F)C(F)(F)C(F)(F)F,C12F27N,671.096,FC(F)(F)C(F)(F)C(F)(F)C(F)(F)N(C(F)(F)C(F)(F)C(F)(F)C(F)(F)F)C(F)(F)C(F)(F)C(F)(F)C(F)(F)F
Dimethyl[3-(perfluorobutyl)‐2‐(formyloxy)propyl](2‐oxoethyl)azanium,NOCAS_1036626,C[N+](C)(CC=O)CC(CC(F)(F)C(F)(F)C(F)(F)C(F)(F)F)OC=O,C12H15F9NO3,392.241,C[N+](C)(CC=O)CC(CC(F)(F)C(F)(F)C(F)(F)C(F)(F)F)OC=O
"1-Chloro-4-(1,1,2,2,2-pentafluoroethoxy)benzene",57076-54-7,FC(F)(F)C(F)(F)OC1=CC=C(Cl)C=C1,C8H4ClF5O,246.56,FC(F)(F)C(F)(F)Oc1ccc(Cl)cc1
Bis(pentafluoropropionyl) peroxide,356-45-6,FC(F)(F)C(F)(F)C(=O)OOC(=O)C(F)(F)C(F)(F)F,C6F10O4,326.046,O=C(OOC(=O)C(F)(F)C(F)(F)F)C(F)(F)C(F)(F)F
"1,1,1,2,2-Pentafluoro-2-[(trifluoromethyl)sulfonyl]ethane",84416-69-3,FC(F)(F)C(F)(F)S(=O)(=O)C(F)(F)F,C3F8O2S,252.08,O=S(=O)(C(F)(F)F)C(F)(F)C(F)(F)F
"1-Chloro-2,3,3,4,4-pentafluorocyclobut-1-ene",377-94-6,FC1=C(Cl)C(F)(F)C1(F)F,C4ClF5,178.49,FC1=C(Cl)C(F)(F)C1(F)F
Perfluorooct-1-enyl methylketone,92604-91-6,CC(=O)C(F)=C(F)C(F)(F)C(F)(F)C(F)(F)C(F)(F)C(F)(F)C(F)(F)F,C10H3F15O,424.109,CC(=O)C(F)=C(F)C(F)(F)C(F)(F)C(F)(F)C(F)(F)C(F)(F)C(F)(F)F
2‐[3‐(2-(Perfluorodecyl)ethanesulfonyl)propanamido]‐2‐methylpropane‐1‐sulfonic acid,NOCAS_1035913,CC(C)(CS(O)(=O)=O)NC(=O)CCS(=O)(=O)CCC(F)(F)C(F)(F)C(F)(F)C(F)(F)C(F)(F)C(F)(F)C(F)(F)C(F)(F)C(F)(F)C(F)(F)F,C19H18F21NO6S2,819.44,CC(C)(CS(=O)(=O)O)NC(=O)CCS(=O)(=O)CCC(F)(F)C(F)(F)C(F)(F)C(F)(F)C(F)(F)C(F)(F)C(F)(F)C(F)(F)C(F)(F)C(F)(F)F
"5-Methyl-3,3-bis(trifluoromethyl)-3H-2,1-benzoxathiole",57565-50-1,CC1=CC2=C(SOC2(C(F)(F)F)C(F)(F)F)C=C1,C10H6F6OS,288.21,Cc1ccc2c(c1)C(C(F)(F)F)(C(F)(F)F)OS2
"2,2,3,3-Tetrafluorocyclobutanemethanol",378-17-6,OCC1CC(F)(F)C1(F)F,C5H6F4O,158.096,OCC1CC(F)(F)C1(F)F
"1,1,2,2-Tetrafluoro-5-methyl-2,3-dihydro-1H-indene",922141-50-2,CC1=CC2=C(C=C1)C(F)(F)C(F)(F)C2,C10H8F4,204.168,Cc1ccc2c(c1)CC(F)(F)C2(F)F
7:3 Fluorotelomer alcohol,25600-66-2,OCCCC(F)(F)C(F)(F)C(F)(F)C(F)(F)C(F)(F)C(F)(F)C(F)(F)F,C10H7F15O,428.141,OCCCC(F)(F)C(F)(F)C(F)(F)C(F)(F)C(F)(F)C(F)(F)C(F)(F)F
"9H,9H-Triacontafluoro-8,10-heptadecanedione",36554-97-9,FC(F)(F)C(F)(F)C(F)(F)C(F)(F)C(F)(F)C(F)(F)C(F)(F)C(=O)CC(=O)C(F)(F)C(F)(F)C(F)(F)C(F)(F)C(F)(F)C(F)(F)C(F)(F)F,C17H2F30O2,808.153,O=C(CC(=O)C(F)(F)C(F)(F)C(F)(F)C(F)(F)C(F)(F)C(F)(F)C(F)(F)F)C(F)(F)C(F)(F)C(F)(F)C(F)(F)C(F)(F)C(F)(F)C(F)(F)F
"Poly(oxy-1,2-ethanediyl), αlpha-(4,4,5,5,6,6,7,7,8,8,9,9,10,10,11,11,12,12,12-nonadecafluoro-2-hydroxydodecyl)-omega-(3-hydroxypropoxy)-",94817-10-4,"OCCCOCCOCC(O)CC(F)(F)C(F)(F)C(F)(F)C(F)(F)C(F)(F)C(F)(F)C(F)(F)C(F)(F)C(F)(F)F |lp:0:2,4:2,7:2,10:2,13:3,14:3,16:3,17:3,19:3,20:3,22:3,23:3,25:3,26:3,28:3,29:3,31:3,32:3,34:3,35:3,37:3,38:3,39:3,Sg:n:7,6,5::ht|",(C2H4O)nC15H13F19O3,,OCCCOCCOCC(O)CC(F)(F)C(F)(F)C(F)(F)C(F)(F)C(F)(F)C(F)(F)C(F)(F)C(F)(F)C(F)(F)F
"2,3,3,4,4,5,5,6,6,7,7-Undecafluoro-1-iodohept-1-ene",110680-45-0,FC(F)C(F)(F)C(F)(F)C(F)(F)C(F)(F)C(F)=CI,C7H2F11I,421.98,FC(=CI)C(F)(F)C(F)(F)C(F)(F)C(F)(F)C(F)F
"2,2,3,3-Tetrafluorooctahydro-2H-cyclohepta[b]thiophene",101564-09-4,FC1(F)SC2CCCCCC2C1(F)F,C9H12F4S,228.25,FC1(F)SC2CCCCCC2C1(F)F
"1-(Perfluoropropyl)-1-hydroxy-4,4-dimethyl-penten-3-one",62773-05-1,CC(C)(C)C(=O)C=C(O)C(F)(F)C(F)(F)C(F)(F)F,C10H11F7O2,296.185,CC(C)(C)C(=O)C=C(O)C(F)(F)C(F)(F)C(F)(F)F
(Perfluorobutanamido)-3-betaine,2024609-79-6,C[N+](C)(CCCNC(=O)C(F)(F)C(F)(F)C(F)(F)F)CC([O-])=O,C11H15F7N2O3,356.241,C[N+](C)(CCCNC(=O)C(F)(F)C(F)(F)C(F)(F)F)CC(=O)[O-]
Ethyl 6-(heptafluoropropyl)pyridine-3-carboxylate,1574401-92-5,CCOC(=O)C1=CC=C(N=C1)C(F)(F)C(F)(F)C(F)(F)F,C11H8F7NO2,319.179,CCOC(=O)c1ccc(C(F)(F)C(F)(F)C(F)(F)F)nc1
"Ethyl 5,5,5-trifluoro-2-oxo-4-(trifluoromethyl)pentanoate",201930-83-8,CCOC(=O)C(=O)CC(C(F)(F)F)C(F)(F)F,C8H8F6O3,266.139,CCOC(=O)C(=O)CC(C(F)(F)F)C(F)(F)F
(Pentafluoroethyl)Benzene,309-11-5,FC(F)(F)C(F)(F)C1=CC=CC=C1,C8H5F5,196.12,FC(F)(F)C(F)(F)c1ccccc1
"2,2,3,3,4,4,4-Heptafluorobutyl 4-methylbenzene-1-sulfonate",312-66-3,CC1=CC=C(C=C1)S(=O)(=O)OCC(F)(F)C(F)(F)C(F)(F)F,C11H9F7O3S,354.24,Cc1ccc(S(=O)(=O)OCC(F)(F)C(F)(F)C(F)(F)F)cc1
1-(Pentafluoroethyl)naphthalene,117081-47-7,FC(F)(F)C(F)(F)C1=CC=CC2=CC=CC=C12,C12H7F5,246.18,FC(F)(F)C(F)(F)c1cccc2ccccc12
Triphenylsulfonium nonafluorobutanesulfonate,144317-44-2,[O-]S(=O)(=O)C(F)(F)C(F)(F)C(F)(F)C(F)(F)F.C1=CC=C(C=C1)[S+](C1=CC=CC=C1)C1=CC=CC=C1,C22H15F9O3S2,562.46,O=S(=O)([O-])C(F)(F)C(F)(F)C(F)(F)C(F)(F)F.c1ccc([S+](c2ccccc2)c2ccccc2)cc1
Perfluoroheptane sulfonamido amine,67584-54-7,CN(C)CCCNS(=O)(=O)C(F)(F)C(F)(F)C(F)(F)C(F)(F)C(F)(F)C(F)(F)C(F)(F)F,C12H13F15N2O2S,534.28,CN(C)CCCNS(=O)(=O)C(F)(F)C(F)(F)C(F)(F)C(F)(F)C(F)(F)C(F)(F)C(F)(F)F
"2-Oxetanone, 4,4-bis(trifluoromethyl)-",1718-33-8,FC(F)(F)C1(CC(=O)O1)C(F)(F)F,C5H2F6O2,208.059,O=C1CC(C(F)(F)F)(C(F)(F)F)O1
"1,1,2,2-Tetrafluorotetrachloropropane",2268-46-4,FC(F)(Cl)C(F)(F)C(Cl)(Cl)Cl,C3Cl4F4,253.83,FC(F)(Cl)C(F)(F)C(Cl)(Cl)Cl
2-(o-Cyanophenoxy)-3'-hydroxy-4'-(perfluorobutyryl)aminotetradecananilide,117844-18-5,CCCCCCCCCCCCC(OC1=CC=CC=C1C#N)C(\O)=N/C1=CC(O)=C(NC(=O)C(F)(F)C(F)(F)C(F)(F)F)C=C1,C31H36F7N3O4,647.635,CCCCCCCCCCCCC(Oc1ccccc1C#N)/C(O)=N\c1ccc(NC(=O)C(F)(F)C(F)(F)C(F)(F)F)c(O)c1
Perfluoro(pentadecaoxypropylene)oxyethylene,122998-72-5,OOOOOOOOOOOOOOOC(F)(F)C(F)(F)C(F)(F)C(F)(F)C(F)(F)C(F)(F)C(F)(F)C(F)(F)C(F)(F)C(F)(F)C(F)(F)C(F)(F)C(F)(F)C(F)(F)C(F)(F)C(F)(F)C(F)(F)C(F)(F)C(F)(F)C(F)(F)C(F)(F)C(F)(F)C(F)(F)C(F)(F)C(F)(F)C(F)(F)C(F)(F)C(F)(F)C(F)(F)C(F)(F)C(F)(F)C(F)(F)C(F)(F)C(F)(F)C(F)(F)C(F)(F)C(F)(F)C(F)(F)C(F)(F)C(F)(F)C(F)(F)C(F)(F)C(F)(F)C(F)(F)C(F)(F)C(F)(F)C(F)(F)F,C47HF95O15,2610.358,OOOOOOOOOOOOOOOC(F)(F)C(F)(F)C(F)(F)C(F)(F)C(F)(F)C(F)(F)C(F)(F)C(F)(F)C(F)(F)C(F)(F)C(F)(F)C(F)(F)C(F)(F)C(F)(F)C(F)(F)C(F)(F)C(F)(F)C(F)(F)C(F)(F)C(F)(F)C(F)(F)C(F)(F)C(F)(F)C(F)(F)C(F)(F)C(F)(F)C(F)(F)C(F)(F)C(F)(F)C(F)(F)C(F)(F)C(F)(F)C(F)(F)C(F)(F)C(F)(F)C(F)(F)C(F)(F)C(F)(F)C(F)(F)C(F)(F)C(F)(F)C(F)(F)C(F)(F)C(F)(F)C(F)(F)C(F)(F)C(F)(F)F
Sodium perfluoroheptanesulfinate,68555-66-8,[Na+].[O-]S(=O)C(F)(F)C(F)(F)C(F)(F)C(F)(F)C(F)(F)C(F)(F)C(F)(F)F,C7F15NaO2S,456.1,O=S([O-])C(F)(F)C(F)(F)C(F)(F)C(F)(F)C(F)(F)C(F)(F)C(F)(F)F.[Na+]
10-Hydrido-perfluoroundecane-1-sulfonic acid,NOCAS_1036883,OS(=O)(=O)C(F)(F)C(F)(F)C(F)(F)C(F)(F)C(F)(F)C(F)(F)C(F)(F)C(F)(F)C(F)(F)C(F)C(F)(F)F,C11H2F22O3S,632.16,O=S(=O)(O)C(F)(F)C(F)(F)C(F)(F)C(F)(F)C(F)(F)C(F)(F)C(F)(F)C(F)(F)C(F)(F)C(F)C(F)(F)F
"11-Azido-1,1,1,2,2,3,3,4,4,5,5,6,6,7,7,8,8-heptadecafluoroundecane",852527-61-8,FC(F)(F)C(F)(F)C(F)(F)C(F)(F)C(F)(F)C(F)(F)C(F)(F)C(F)(F)CCCN=[N+]=[N-],C11H6F17N3,503.163,[N-]=[N+]=NCCCC(F)(F)C(F)(F)C(F)(F)C(F)(F)C(F)(F)C(F)(F)C(F)(F)C(F)(F)F
"2,2,3,4,4-Pentafluoro-4-(trifluoromethoxy)butanoic acid",919005-24-6,OC(=O)C(F)(F)C(F)C(F)(F)OC(F)(F)F,C5H2F8O3,262.055,O=C(O)C(F)(F)C(F)C(F)(F)OC(F)(F)F
"2‐Hydroxy‐3‐[(4,4,5,5,6,6,7,7,7‐nonafluoroheptanoyl)sulfanyl]‐3‐oxopropanoic acid",NOCAS_1036478,OC(C(O)=O)C(=O)SC(=O)CCC(F)(F)C(F)(F)C(F)(F)C(F)(F)F,C10H7F9O5S,410.21,O=C(CCC(F)(F)C(F)(F)C(F)(F)C(F)(F)F)SC(=O)C(O)C(=O)O
Cyclopent-1-en-1-yl nonafluorobutane-1-sulfonate,36839-94-8,FC(F)(F)C(F)(F)C(F)(F)C(F)(F)S(=O)(=O)OC1=CCCC1,C9H7F9O3S,366.2,O=S(=O)(OC1=CCCC1)C(F)(F)C(F)(F)C(F)(F)C(F)(F)F
"4,4,4-Trifluoro-3-(trifluoromethyl)-3',4',5'-trimethoxycrotonophenone",35443-96-0,COC1=CC(=CC(OC)=C1OC)C(=O)C=C(C(F)(F)F)C(F)(F)F,C14H12F6O4,358.236,COc1cc(C(=O)C=C(C(F)(F)F)C(F)(F)F)cc(OC)c1OC
2‐[Dimethyl(3-(perfluoropentadecyl)propyl)azaniumyl]acetate,NOCAS_1036383,C[N+](C)(CCCC(F)(F)C(F)(F)C(F)(F)C(F)(F)C(F)(F)C(F)(F)C(F)(F)C(F)(F)C(F)(F)C(F)(F)C(F)(F)C(F)(F)C(F)(F)C(F)(F)C(F)(F)F)CC([O-])=O,C22H14F31NO2,913.309,C[N+](C)(CCCC(F)(F)C(F)(F)C(F)(F)C(F)(F)C(F)(F)C(F)(F)C(F)(F)C(F)(F)C(F)(F)C(F)(F)C(F)(F)C(F)(F)C(F)(F)C(F)(F)C(F)(F)F)CC(=O)[O-]
"2-Chloro-1,1,1,2,3,3,3-heptafluoropropane",76-18-6,FC(F)(F)C(F)(Cl)C(F)(F)F,C3ClF7,204.47,FC(F)(F)C(F)(Cl)C(F)(F)F
"2,2,3,3,4,4,5,5,6,6,7,7,8,8,9,9,10-Heptadecafluoropentadecanoic acid",NOCAS_1026828,CCCCCC(F)C(F)(F)C(F)(F)C(F)(F)C(F)(F)C(F)(F)C(F)(F)C(F)(F)C(F)(F)C(O)=O,C15H13F17O2,548.24,CCCCCC(F)C(F)(F)C(F)(F)C(F)(F)C(F)(F)C(F)(F)C(F)(F)C(F)(F)C(F)(F)C(=O)O
"3,4,4,4-Tetrafluoro-1-phenyl-3-(trifluoromethyl)butan-1-one",82959-21-5,FC(F)(F)C(F)(CC(=O)C1=CC=CC=C1)C(F)(F)F,C11H7F7O,288.165,O=C(CC(F)(C(F)(F)F)C(F)(F)F)c1ccccc1
"1H,1H-Perfluorohexadecan-1-ol",216144-94-4,OCC(F)(F)C(F)(F)C(F)(F)C(F)(F)C(F)(F)C(F)(F)C(F)(F)C(F)(F)C(F)(F)C(F)(F)C(F)(F)C(F)(F)C(F)(F)C(F)(F)C(F)(F)F,C16H3F31O,800.149,OCC(F)(F)C(F)(F)C(F)(F)C(F)(F)C(F)(F)C(F)(F)C(F)(F)C(F)(F)C(F)(F)C(F)(F)C(F)(F)C(F)(F)C(F)(F)C(F)(F)C(F)(F)F
"2-Bromo-1,1,1,2,4,4,5,5,5-nonafluoropentan-3-one",813468-14-3,FC(F)(F)C(F)(F)C(=O)C(F)(Br)C(F)(F)F,C5BrF9O,326.944,O=C(C(F)(F)C(F)(F)F)C(F)(Br)C(F)(F)F
"1,1,1,2,2,3,3,4,4,5,6,7,7,7-Tetradecafluoroheptane",142347-10-2,FC(C(F)C(F)(F)C(F)(F)C(F)(F)C(F)(F)F)C(F)(F)F,C7H2F14,352.071,FC(C(F)C(F)(F)C(F)(F)C(F)(F)C(F)(F)F)C(F)(F)F
"N-(2,2,3,3,4,4,4-Heptafluorobutyl)-N'-methylthiourea",105412-23-5,CNC(=S)NCC(F)(F)C(F)(F)C(F)(F)F,C6H7F7N2S,272.18,CNC(=S)NCC(F)(F)C(F)(F)C(F)(F)F
"Methyl 2,2,3,3,4-pentafluoro-4-oxobutanoate",63425-24-1,COC(=O)C(F)(F)C(F)(F)C(F)=O,C5H3F5O3,206.068,COC(=O)C(F)(F)C(F)(F)C(=O)F
"1-(3-(Perfluorooctyl)propyl)-2H-3,1-benzoxazine-2,4(1H)-dione",544418-04-4,FC(F)(F)C(F)(F)C(F)(F)C(F)(F)C(F)(F)C(F)(F)C(F)(F)C(F)(F)CCCN1C(=O)OC(=O)C2=CC=CC=C12,C19H10F17NO3,623.266,O=c1oc(=O)n(CCCC(F)(F)C(F)(F)C(F)(F)C(F)(F)C(F)(F)C(F)(F)C(F)(F)C(F)(F)F)c2ccccc12
"Ammonium 3-[(3,3,4,4,5,5,6,6,7,7,8,8,8-tridecafluorooctyl)sulfanyl]propanoate",2196185-58-5,[NH4+].[O-]C(=O)CCSCCC(F)(F)C(F)(F)C(F)(F)C(F)(F)C(F)(F)C(F)(F)F,C11H12F13NO2S,469.26,O=C([O-])CCSCCC(F)(F)C(F)(F)C(F)(F)C(F)(F)C(F)(F)C(F)(F)F.[NH4+]
{(2-Carboxyethyl)[(perfluorooctyl)sulfonyl]amino}-3-betaine,NOCAS_1035205,C[N+](C)(CCCN(CCC(O)=O)S(=O)(=O)C(F)(F)C(F)(F)C(F)(F)C(F)(F)C(F)(F)C(F)(F)C(F)(F)C(F)(F)F)CC([O-])=O,C18H19F17N2O6S,714.39,C[N+](C)(CCCN(CCC(=O)O)S(=O)(=O)C(F)(F)C(F)(F)C(F)(F)C(F)(F)C(F)(F)C(F)(F)C(F)(F)C(F)(F)F)CC(=O)[O-]
"Disodium perfluoro-3,5,7,10,13-pentaoxapentadecanedioate",88707-87-3,[Na+].[Na+].[O-]C(=O)C(F)(F)OC(F)(F)OC(F)(F)OC(F)(F)C(F)(F)OC(F)(F)C(F)(F)OC(F)(F)C([O-])=O,C10F16Na2O9,614.055,O=C([O-])C(F)(F)OC(F)(F)OC(F)(F)OC(F)(F)C(F)(F)OC(F)(F)C(F)(F)OC(F)(F)C(=O)[O-].[Na+].[Na+]
(Perfluorohexyl)methane-1-sulfonic acid,1881287-99-5,OS(=O)(=O)CC(F)(F)C(F)(F)C(F)(F)C(F)(F)C(F)(F)C(F)(F)F,C7H3F13O3S,414.14,O=S(=O)(O)CC(F)(F)C(F)(F)C(F)(F)C(F)(F)C(F)(F)C(F)(F)F
"4-Nitrophenyl 3,3,4,4-tetrafluoropyrrolidine-1-carboxylate",920966-49-0,[O-][N+](=O)C1=CC=C(OC(=O)N2CC(F)(F)C(F)(F)C2)C=C1,C11H8F4N2O4,308.189,O=C(Oc1ccc([N+](=O)[O-])cc1)N1CC(F)(F)C(F)(F)C1
"5-[(1,2,3,3,4,4,5,5,6,6,7,7,8,8,9,9,9-Heptadecafluoronon-1-en-1-yl)oxy]benzene-1,3-dicarbonyl dichloride",121699-18-1,FC(OC1=CC(=CC(=C1)C(Cl)=O)C(Cl)=O)=C(F)C(F)(F)C(F)(F)C(F)(F)C(F)(F)C(F)(F)C(F)(F)C(F)(F)F,C17H3Cl2F17O3,649.08,O=C(Cl)c1cc(OC(F)=C(F)C(F)(F)C(F)(F)C(F)(F)C(F)(F)C(F)(F)C(F)(F)C(F)(F)F)cc(C(=O)Cl)c1
"3,3,4,4,5,5,6,6,7,7,8,8,8-Tridecafluorooctyl [3-(trimethoxysilyl)propyl]carbamate",1421688-36-9,CO[Si](CCCNC(=O)OCCC(F)(F)C(F)(F)C(F)(F)C(F)(F)C(F)(F)C(F)(F)F)(OC)OC,C15H20F13NO5Si,569.391,CO[Si](CCCNC(=O)OCCC(F)(F)C(F)(F)C(F)(F)C(F)(F)C(F)(F)C(F)(F)F)(OC)OC
Perfluoro-1-methylheptanesulfonic acid,927670-12-0,OS(=O)(=O)C(F)(C(F)(F)F)C(F)(F)C(F)(F)C(F)(F)C(F)(F)C(F)(F)C(F)(F)F,C8HF17O3S,500.13,O=S(=O)(O)C(F)(C(F)(F)F)C(F)(F)C(F)(F)C(F)(F)C(F)(F)C(F)(F)C(F)(F)F
(N-Methylperfluorohexanesulfonamido)ethyl acrylate,67584-57-0,CN(CCOC(=O)C=C)S(=O)(=O)C(F)(F)C(F)(F)C(F)(F)C(F)(F)C(F)(F)C(F)(F)F,C12H10F13NO4S,511.25,C=CC(=O)OCCN(C)S(=O)(=O)C(F)(F)C(F)(F)C(F)(F)C(F)(F)C(F)(F)C(F)(F)F
"1-[3,5-Bis(nonafluorobutyl)-1H-pyrazol-1-yl]ethan-1-one",247170-28-1,CC(=O)N1N=C(C=C1C(F)(F)C(F)(F)C(F)(F)C(F)(F)F)C(F)(F)C(F)(F)C(F)(F)C(F)(F)F,C13H4F18N2O,546.159,CC(=O)n1nc(C(F)(F)C(F)(F)C(F)(F)C(F)(F)F)cc1C(F)(F)C(F)(F)C(F)(F)C(F)(F)F
Perfluorononyl hydrogen sulfate,NOCAS_1034831,OS(=O)(=O)OC(F)(F)C(F)(F)C(F)(F)C(F)(F)C(F)(F)C(F)(F)C(F)(F)C(F)(F)C(F)(F)F,C9HF19O4S,566.13,O=S(=O)(O)OC(F)(F)C(F)(F)C(F)(F)C(F)(F)C(F)(F)C(F)(F)C(F)(F)C(F)(F)C(F)(F)F
"1,2-Dichloroperfluorocyclobutane",356-18-3,FC1(F)C(F)(F)C(F)(Cl)C1(F)Cl,C4Cl2F6,232.93,FC1(F)C(F)(F)C(F)(Cl)C1(F)Cl
"2,2,3,3-Tetrafluoropropyl 2-nitrobenzene-1-sulfonate",85459-27-4,[O-][N+](=O)C1=CC=CC=C1S(=O)(=O)OCC(F)(F)C(F)F,C9H7F4NO5S,317.21,O=[N+]([O-])c1ccccc1S(=O)(=O)OCC(F)(F)C(F)F
"5-[4-[5-(3,3,4,4,5,5,5-Heptafluoropentylsulfanyl)pentoxy]phenyl]-6-phenyl-8,9-dihydro-7H-benzo[7]annulen-2-ol",NOCAS_1026960,OC1=CC2=C(C=C1)C(C1=CC=C(OCCCCCSCCC(F)(F)C(F)(F)C(F)(F)F)C=C1)=C(CCC2)C1=CC=CC=C1,C33H33F7O2S,626.67,Oc1ccc2c(c1)CCCC(c1ccccc1)=C2c1ccc(OCCCCCSCCC(F)(F)C(F)(F)C(F)(F)F)cc1
6:2 Fluorotelomer sulfonamido propyl amine,NOCAS_1034724,NCCCNS(=O)(=O)CCC(F)(F)C(F)(F)C(F)(F)C(F)(F)C(F)(F)C(F)(F)F,C11H13F13N2O2S,484.28,NCCCNS(=O)(=O)CCC(F)(F)C(F)(F)C(F)(F)C(F)(F)C(F)(F)C(F)(F)F
"N-(2-Hydroxyethyl)-3-[[(perfluorooctyl)sulfonyl](2-hydroxyethyl)amino]-N,N-dimethyl-1-propanaminium",2089109-03-3,C[N+](C)(CC[O-])CCCN(CCO)S(=O)(=O)C(F)(F)C(F)(F)C(F)(F)C(F)(F)C(F)(F)C(F)(F)C(F)(F)C(F)(F)F,C17H21F17N2O4S,672.4,C[N+](C)(CC[O-])CCCN(CCO)S(=O)(=O)C(F)(F)C(F)(F)C(F)(F)C(F)(F)C(F)(F)C(F)(F)C(F)(F)C(F)(F)F
8:3 Fluorotelomer carboxylic acid,34598-33-9,OC(=O)CCC(F)(F)C(F)(F)C(F)(F)C(F)(F)C(F)(F)C(F)(F)C(F)(F)C(F)(F)F,C11H5F17O2,492.132,O=C(O)CCC(F)(F)C(F)(F)C(F)(F)C(F)(F)C(F)(F)C(F)(F)C(F)(F)C(F)(F)F
"Perfluoro-2,2,9,9-tetramethyldeca-3,7-diene",96288-56-1,FC(=C(F)C(C(F)(F)F)(C(F)(F)F)C(F)(F)F)C(F)(F)C(F)(F)C(F)=C(F)C(C(F)(F)F)(C(F)(F)F)C(F)(F)F,C14F26,662.112,FC(=C(F)C(C(F)(F)F)(C(F)(F)F)C(F)(F)F)C(F)(F)C(F)(F)C(F)=C(F)C(C(F)(F)F)(C(F)(F)F)C(F)(F)F
1-(Perfluoro-n-octyl)tetradecane,133310-72-2,CCCCCCCCCCCCCCC(F)(F)C(F)(F)C(F)(F)C(F)(F)C(F)(F)C(F)(F)C(F)(F)C(F)(F)F,C22H29F17,616.447,CCCCCCCCCCCCCCC(F)(F)C(F)(F)C(F)(F)C(F)(F)C(F)(F)C(F)(F)C(F)(F)C(F)(F)F
"4,4,5,5-Tetrafluoro-5-[(1,1,1,2,3,3,3-heptafluoropropan-2-yl)oxy]pentanoic acid",28793-36-4,OC(=O)CCC(F)(F)C(F)(F)OC(F)(C(F)(F)F)C(F)(F)F,C8H5F11O3,358.107,O=C(O)CCC(F)(F)C(F)(F)OC(F)(C(F)(F)F)C(F)(F)F
"N-(2-Methylsulfinyl-1,1-dimethyl-ethyl)-N'-{2-methyl-4-[perfluoroisopropyl]phenyl}phthalamide",371771-07-2,CC1=CC(=CC=C1NC(=O)C1=CC=CC=C1\C(O)=N\C(C)(C)CS(C)=O)C(F)(C(F)(F)F)C(F)(F)F,C23H23F7N2O3S,540.5,Cc1cc(C(F)(C(F)(F)F)C(F)(F)F)ccc1NC(=O)c1ccccc1/C(O)=N/C(C)(C)CS(C)=O
Tris(heptafluoropropyl)(oxo)-lambda~5~-phosphane,58431-33-7,FC(F)(F)C(F)(F)C(F)(F)P(=O)(C(F)(F)C(F)(F)C(F)(F)F)C(F)(F)C(F)(F)C(F)(F)F,C9F21OP,554.038,O=P(C(F)(F)C(F)(F)C(F)(F)F)(C(F)(F)C(F)(F)C(F)(F)F)C(F)(F)C(F)(F)C(F)(F)F
11-(Perfluoropentyl)undecanoic acid,2803-40-9,OC(=O)CCCCCCCCCCC(F)(F)C(F)(F)C(F)(F)C(F)(F)C(F)(F)F,C16H21F11O2,454.324,O=C(O)CCCCCCCCCCC(F)(F)C(F)(F)C(F)(F)C(F)(F)C(F)(F)F
Diammonium 2‐{[3-(perfluoro‐7‐methyloctyl)-1‐(phosphonatooxy)propan‐2‐yl]oxy}acetic acid,63295-24-9,[NH4+].[NH4+].OC(=O)COC(COP([O-])([O-])=O)CC(F)(F)C(F)(F)C(F)(F)C(F)(F)C(F)(F)C(F)(F)C(F)(C(F)(F)F)C(F)(F)F,C14H16F19N2O7P,716.232,O=C(O)COC(COP(=O)([O-])[O-])CC(F)(F)C(F)(F)C(F)(F)C(F)(F)C(F)(F)C(F)(F)C(F)(C(F)(F)F)C(F)(F)F.[NH4+].[NH4+]
"2-[1,2,2,2-Tetrafluoro-1-(heptafluoropropoxy)ethyl]-1-benzothiophene",141734-25-0,FC(F)(F)C(F)(F)C(F)(F)OC(F)(C1=CC2=CC=CC=C2S1)C(F)(F)F,C13H5F11OS,418.22,FC(F)(F)C(F)(OC(F)(F)C(F)(F)C(F)(F)F)c1cc2ccccc2s1
"2-chloro-1,1,1,3,4,4,4-heptafluorobutane",507453-83-0,FC(C(Cl)C(F)(F)F)C(F)(F)F,C4H2ClF7,218.5,FC(C(Cl)C(F)(F)F)C(F)(F)F
"{2-[Ethyl(1,1,2,2,3,3,4,4,5,5,6,6,7,7,8,8,8-heptadecafluorooctane-1-sulfonyl)amino]ethyl}phosphonic acid",57670-47-0,CCN(CCP(O)(O)=O)S(=O)(=O)C(F)(F)C(F)(F)C(F)(F)C(F)(F)C(F)(F)C(F)(F)C(F)(F)C(F)(F)F,C12H11F17NO5PS,635.23,CCN(CCP(=O)(O)O)S(=O)(=O)C(F)(F)C(F)(F)C(F)(F)C(F)(F)C(F)(F)C(F)(F)C(F)(F)C(F)(F)F
1‐(Dimethylamino)‐3-(perfluorohexadecyl)‐2‐(hydroxymethoxy)propan‐3‐yl formate,NOCAS_1036681,CN(C)CC(OCO)C(OC=O)C(F)(F)C(F)(F)C(F)(F)C(F)(F)C(F)(F)C(F)(F)C(F)(F)C(F)(F)C(F)(F)C(F)(F)C(F)(F)C(F)(F)C(F)(F)C(F)(F)C(F)(F)C(F)(F)F,C23H14F33NO4,995.315,CN(C)CC(OCO)C(OC=O)C(F)(F)C(F)(F)C(F)(F)C(F)(F)C(F)(F)C(F)(F)C(F)(F)C(F)(F)C(F)(F)C(F)(F)C(F)(F)C(F)(F)C(F)(F)C(F)(F)C(F)(F)C(F)(F)F
2-(N-(Perfluorobutylsulfonyl)-N-methylamino)ethanol,34454-97-2,CN(CCO)S(=O)(=O)C(F)(F)C(F)(F)C(F)(F)C(F)(F)F,C7H8F9NO3S,357.19,CN(CCO)S(=O)(=O)C(F)(F)C(F)(F)C(F)(F)C(F)(F)F
"N-(Carboxymethyl)-3-[(carboxymethyl)(1,1,2,2,3,3,3-heptafluoropropane-1-sulfonyl)amino]-N,N-dimethylpropan-1-aminium",2089109-87-3,C[N+](C)(CCCN(CC(O)=O)S(=O)(=O)C(F)(F)C(F)(F)C(F)(F)F)CC(O)=O,C12H18F7N2O6S,451.33,C[N+](C)(CCCN(CC(=O)O)S(=O)(=O)C(F)(F)C(F)(F)C(F)(F)F)CC(=O)O
"1,1,1,2,2,3,3,4,4,15,15,16,16,17,17,18,18,18-Octadecafluorooctadecane",1835251-99-4,FC(F)(F)C(F)(F)C(F)(F)C(F)(F)CCCCCCCCCCC(F)(F)C(F)(F)C(F)(F)C(F)(F)F,C18H20F18,578.329,FC(F)(F)C(F)(F)C(F)(F)C(F)(F)CCCCCCCCCCC(F)(F)C(F)(F)C(F)(F)C(F)(F)F
"[4-(3,3,4,4,5,5,6,6,7,7,8,8,9,9,10,10,10-Heptadecafluorodecyl)phenyl](diphenyl)methanol",649561-66-0,OC(C1=CC=CC=C1)(C1=CC=CC=C1)C1=CC=C(CCC(F)(F)C(F)(F)C(F)(F)C(F)(F)C(F)(F)C(F)(F)C(F)(F)C(F)(F)F)C=C1,C29H19F17O,706.443,OC(c1ccccc1)(c1ccccc1)c1ccc(CCC(F)(F)C(F)(F)C(F)(F)C(F)(F)C(F)(F)C(F)(F)C(F)(F)C(F)(F)F)cc1
{Ethyl[(perfluorotetradecyl)sulfonyl]amino}acetic acid,NOCAS_1035530,CCN(CC(O)=O)S(=O)(=O)C(F)(F)C(F)(F)C(F)(F)C(F)(F)C(F)(F)C(F)(F)C(F)(F)C(F)(F)C(F)(F)C(F)(F)C(F)(F)C(F)(F)C(F)(F)C(F)(F)F,C18H8F29NO4S,885.28,CCN(CC(=O)O)S(=O)(=O)C(F)(F)C(F)(F)C(F)(F)C(F)(F)C(F)(F)C(F)(F)C(F)(F)C(F)(F)C(F)(F)C(F)(F)C(F)(F)C(F)(F)C(F)(F)C(F)(F)F
"6-Methyl-beta,beta,beta',beta'-tetrakis(trifluoromethyl)-2,4-pyridinediethanol",102206-53-1,CC1=CC(=CC(=N1)C(CO)(C(F)(F)F)C(F)(F)F)C(CO)(C(F)(F)F)C(F)(F)F,C14H11F12NO2,453.228,Cc1cc(C(CO)(C(F)(F)F)C(F)(F)F)cc(C(CO)(C(F)(F)F)C(F)(F)F)n1
2-(Perfluorohexyl)ethane-1-sulfonate,425670-75-3,[O-]S(=O)(=O)CCC(F)(F)C(F)(F)C(F)(F)C(F)(F)C(F)(F)C(F)(F)F,C8H4F13O3S,427.16,O=S(=O)([O-])CCC(F)(F)C(F)(F)C(F)(F)C(F)(F)C(F)(F)C(F)(F)F
"2-[(2,2,3,3,3-Pentafluoropropoxy)methyl]oxirane",706-89-8,FC(F)(F)C(F)(F)COCC1CO1,C6H7F5O2,206.112,FC(F)(F)C(F)(F)COCC1CO1
5:1 Fluorotelomer alcohol,423-46-1,OCC(F)(F)C(F)(F)C(F)(F)C(F)(F)C(F)(F)F,C6H3F11O,300.071,OCC(F)(F)C(F)(F)C(F)(F)C(F)(F)C(F)(F)F
"3-Benzamido-2,6-difluoro-N-[4-(1,1,1,2,3,3,3-heptafluoropropan-2-yl)-2,6-dimethylphenyl]benzamide",862133-36-6,CC1=CC(=CC(C)=C1NC(=O)C1=C(F)C(NC(=O)C2=CC=CC=C2)=CC=C1F)C(F)(C(F)(F)F)C(F)(F)F,C25H17F9N2O2,548.409,Cc1cc(C(F)(C(F)(F)F)C(F)(F)F)cc(C)c1NC(=O)c1c(F)ccc(NC(=O)c2ccccc2)c1F
"6,6,7,7,8,8,8-Heptafluoro-2,2-dimethyloctane-3,5-dione;terbium",17631-66-2,[Tb].CC(C)(C)C(=O)CC(=O)C(F)(F)C(F)(F)C(F)(F)F.CC(C)(C)C(=O)CC(=O)C(F)(F)C(F)(F)C(F)(F)F.CC(C)(C)C(=O)CC(=O)C(F)(F)C(F)(F)C(F)(F)F,C30H33F21O6Tb,1047.48,CC(C)(C)C(=O)CC(=O)C(F)(F)C(F)(F)C(F)(F)F.CC(C)(C)C(=O)CC(=O)C(F)(F)C(F)(F)C(F)(F)F.CC(C)(C)C(=O)CC(=O)C(F)(F)C(F)(F)C(F)(F)F.[Tb]
"1,1,2,3,4,4,5,6-octafluoro-2,3,5,6-tetrakis(trifluoromethyl)cyclohexane",84808-59-3,FC(F)(F)C1(F)C(F)(F)C(F)(C(F)(F)F)C(F)(C(F)(F)F)C(F)(F)C1(F)C(F)(F)F,C10F20,500.078,FC(F)(F)C1(F)C(F)(F)C(F)(C(F)(F)F)C(F)(C(F)(F)F)C(F)(F)C1(F)C(F)(F)F
"Diethylmethoxy(3,3,4,4,5,5,6,6,7,7,7-undecafluoroheptyl)silane",608299-46-3,CC[Si](CC)(CCC(F)(F)C(F)(F)C(F)(F)C(F)(F)C(F)(F)F)OC,C12H17F11OSi,414.334,CC[Si](CC)(CCC(F)(F)C(F)(F)C(F)(F)C(F)(F)C(F)(F)F)OC
"15,15,16,16,16-Pentafluorohexadecane-1-thiol",220414-16-4,FC(F)(F)C(F)(F)CCCCCCCCCCCCCCS,C16H29F5S,348.46,FC(F)(F)C(F)(F)CCCCCCCCCCCCCCS
"N,N,N-Trimethyl-3-[[2-[(perfluorohexyl)ethylsulfinyl]acetyl]amino]-1-propanaminium",1513864-03-3,C[N+](C)(C)CCCNC(=O)CS(=O)CCC(F)(F)C(F)(F)C(F)(F)C(F)(F)C(F)(F)C(F)(F)F,C16H22F13N2O2S,553.4,C[N+](C)(C)CCCNC(=O)CS(=O)CCC(F)(F)C(F)(F)C(F)(F)C(F)(F)C(F)(F)C(F)(F)F
"3-Chloro-1,1,1,7,7,7-hexafluoro-2,6-dihydroxy-2,6-bis(trifluoromethyl)heptan-4-one",101913-81-9,OC(CC(=O)C(Cl)C(O)(C(F)(F)F)C(F)(F)F)(C(F)(F)F)C(F)(F)F,C9H5ClF12O3,424.57,O=C(CC(O)(C(F)(F)F)C(F)(F)F)C(Cl)C(O)(C(F)(F)F)C(F)(F)F
"1-Piperazinemethanol, alpha,alpha-bis(trifluoromethyl)-, hydrate",30192-64-4,O.OC(N1CCNCC1)(C(F)(F)F)C(F)(F)F,C7H12F6N2O2,270.175,O.OC(N1CCNCC1)(C(F)(F)F)C(F)(F)F
Undecafluoropentan-1-amine,134380-80-6,NC(F)(F)C(F)(F)C(F)(F)C(F)(F)C(F)(F)F,C5H2F11N,285.06,NC(F)(F)C(F)(F)C(F)(F)C(F)(F)C(F)(F)F
"Cadmium bis(1,1,2,2,3,3,4,4,5,5,6,6,6-tridecafluorohexan-1-ide)",104698-09-1,FC(F)(F)C(F)(F)C(F)(F)C(F)(F)C(F)(F)C(F)(F)[Cd]C(F)(F)C(F)(F)C(F)(F)C(F)(F)C(F)(F)C(F)(F)F,C12CdF26,750.504,FC(F)(F)C(F)(F)C(F)(F)C(F)(F)C(F)(F)[C](F)(F)[Cd][C](F)(F)C(F)(F)C(F)(F)C(F)(F)C(F)(F)C(F)(F)F
"2,3,3,3-Tetrafluoro-2-(1,1,2,3,3,3-hexafluoro-2-((1,1,2-trifluoro-2-propen-1-yl)oxy)propoxy)propanoic acid",174082-84-9,OC(=O)C(F)(OC(F)(F)C(F)(OC(F)(F)C(F)=C)C(F)(F)F)C(F)(F)F,C9H3F13O4,422.098,C=C(F)C(F)(F)OC(F)(C(F)(F)F)C(F)(F)OC(F)(C(=O)O)C(F)(F)F
(E)-Perfluoro-2-but-2-eneoxyacetic acid,NOCAS_1035127,OC(=O)C(F)(F)OC(F)(F)C(\F)=C(/F)C(F)(F)F,C6HF9O3,292.057,O=C(O)C(F)(F)OC(F)(F)/C(F)=C(\F)C(F)(F)F
3-{(Perfluoroethanesulfonyl)[3-(trimethylazaniumyl)propyl]amino}propanoate,NOCAS_1035167,C[N+](C)(C)CCCN(CCC([O-])=O)S(=O)(=O)C(F)(F)C(F)(F)F,C11H19F5N2O4S,370.34,C[N+](C)(C)CCCN(CCC(=O)[O-])S(=O)(=O)C(F)(F)C(F)(F)F
"2-[(Bicyclo[2.2.1]hept-5-en-2-yl)methyl]-1,1,1,3,3,3-hexafluoropropan-2-ol",196314-61-1,[H]C12CC(CC(O)(C(F)(F)F)C(F)(F)F)C([H])(C1)C=C2,C11H12F6O,274.206,OC(CC1CC2C=CC1C2)(C(F)(F)F)C(F)(F)F
"2-(2-Chloro-1,1,2-trifluoroethoxy)-1,1,1,2-tetrafluoroethane",51410-31-2,FC(Cl)C(F)(F)OC(F)C(F)(F)F,C4H2ClF7O,234.5,FC(OC(F)(F)C(F)Cl)C(F)(F)F
"3,3,4,4,5,5,6,6,6-Nonafluoro-N,N,N-tripropylhexan-1-aminium iodide",649724-86-7,[I-].CCC[N+](CCC)(CCC)CCC(F)(F)C(F)(F)C(F)(F)C(F)(F)F,C15H25F9IN,517.262,CCC[N+](CCC)(CCC)CCC(F)(F)C(F)(F)C(F)(F)C(F)(F)F.[I-]
Perfluoro-3-ethylcyclopentane-1-sulfonic acid,NOCAS_1034841,OS(=O)(=O)C1(F)C(F)(F)C(F)(F)C(F)(C(F)(F)C(F)(F)F)C1(F)F,C7HF13O3S,412.12,O=S(=O)(O)C1(F)C(F)(F)C(F)(F)C(F)(C(F)(F)C(F)(F)F)C1(F)F
N-[(Perfluorobutyl)sulfonyl]-N-propylglycine,864069-46-5,CCCN(CC(O)=O)S(=O)(=O)C(F)(F)C(F)(F)C(F)(F)C(F)(F)F,C9H10F9NO4S,399.23,CCCN(CC(=O)O)S(=O)(=O)C(F)(F)C(F)(F)C(F)(F)C(F)(F)F
3-[(3-{Ethyl[(perfluoropropyl)sulfonyl]amino}propyl)(dimethyl)azaniumyl]propanoate,NOCAS_1034875,CCN(CCC[N+](C)(C)CCC([O-])=O)S(=O)(=O)C(F)(F)C(F)(F)C(F)(F)F,C13H21F7N2O4S,434.37,CCN(CCC[N+](C)(C)CCC(=O)[O-])S(=O)(=O)C(F)(F)C(F)(F)C(F)(F)F
5‐({[(2-(Perfluorododecyl)ethyl)sulfanyl]carbonyl}amino)pentanoic acid,NOCAS_1035951,OC(=O)CCCCNC(=O)SCCC(F)(F)C(F)(F)C(F)(F)C(F)(F)C(F)(F)C(F)(F)C(F)(F)C(F)(F)C(F)(F)C(F)(F)C(F)(F)C(F)(F)F,C20H14F25NO3S,823.36,O=C(O)CCCCNC(=O)SCCC(F)(F)C(F)(F)C(F)(F)C(F)(F)C(F)(F)C(F)(F)C(F)(F)C(F)(F)C(F)(F)C(F)(F)C(F)(F)C(F)(F)F
"Phosphonic acid, [3-[ethyl[(heptadecafluorooctyl)sulfonyl]amino]propyl]-, diethyl ester",71463-80-4,CCOP(=O)(CCCN(CC)S(=O)(=O)C(F)(F)C(F)(F)C(F)(F)C(F)(F)C(F)(F)C(F)(F)C(F)(F)C(F)(F)F)OCC,C17H21F17NO5PS,705.36,CCOP(=O)(CCCN(CC)S(=O)(=O)C(F)(F)C(F)(F)C(F)(F)C(F)(F)C(F)(F)C(F)(F)C(F)(F)C(F)(F)F)OCC
"1-Ethyl-3-methyl-1H-imidazol-3-ium 1,1,2,2-tetrafluoroethane-1-sulfonate",880084-63-9,CCN1C=C[N+](C)=C1.[O-]S(=O)(=O)C(F)(F)C(F)F,C8H12F4N2O3S,292.25,CCn1cc[n+](C)c1.O=S(=O)([O-])C(F)(F)C(F)F
"2-Chloro-1,1,2,2-tetrafluoroethyl sulfurofluoridate",649-61-6,FC(F)(Cl)C(F)(F)OS(F)(=O)=O,C2ClF5O3S,234.52,O=S(=O)(F)OC(F)(F)C(F)(F)Cl
Perfluorobutanesulfonyl fluoride,375-72-4,FC(F)(F)C(F)(F)C(F)(F)C(F)(F)S(F)(=O)=O,C4F10O2S,302.09,O=S(=O)(F)C(F)(F)C(F)(F)C(F)(F)C(F)(F)F
"2,2-Bis(trifluoromethyl)-1,3-oxazol-5(2H)-one",72681-60-8,FC(F)(F)C1(OC(=O)C=N1)C(F)(F)F,C5HF6NO2,221.058,O=C1C=NC(C(F)(F)F)(C(F)(F)F)O1
Perfluoroalkyl symmetric diacyl fluorides,NOCAS_893648,"FC(=O)C(F)(F)C(F)=O |lp:0:3,2:2,4:3,5:3,7:3,8:2,Sg:n:3,5,4::ht|",(CF2)nC2F2O2,,O=C(F)C(F)(F)C(=O)F
"2-Ethyl-3,3,4,4,5,5,5-heptafluoropentan-1-amine--hydrogen chloride (1/1)",308-38-3,Cl.CCC(CN)C(F)(F)C(F)(F)C(F)(F)F,C7H11ClF7N,277.61,CCC(CN)C(F)(F)C(F)(F)C(F)(F)F.Cl
Perfluoroheptanesulphonyl fluoride,335-71-7,FC(F)(F)C(F)(F)C(F)(F)C(F)(F)C(F)(F)C(F)(F)C(F)(F)S(F)(=O)=O,C7F16O2S,452.11,O=S(=O)(F)C(F)(F)C(F)(F)C(F)(F)C(F)(F)C(F)(F)C(F)(F)C(F)(F)F
"Poly[oxy(methyl-1,2-ethanediyl)], αlpha-[2-[ethyl[(1,1,2,2,3,3,4,4,5,5,6,6,6-tridecafluorohexyl)sulfonyl]amino]ethyl]-omega-hydroxy-",68259-38-1,"CCN(CCOCCCO)S(=O)(=O)C(F)(F)C(F)(F)C(F)(F)C(F)(F)C(F)(F)C(F)(F)F |lp:2:1,5:2,9:2,11:2,12:2,14:3,15:3,17:3,18:3,20:3,21:3,23:3,24:3,26:3,27:3,29:3,30:3,31:3,Sg:n:8,7,6,5::ht|",(C3H6O)nC10H10F13NO3S,,CCN(CCOCCCO)S(=O)(=O)C(F)(F)C(F)(F)C(F)(F)C(F)(F)C(F)(F)C(F)(F)F
"Dichloro(pentafluorophenyl)(3,3,4,4,5,5,6,6,7,7,8,8,8-tridecafluorooctyl)silane",2400991-08-2,FC1=C(F)C(F)=C(C(F)=C1F)[Si](Cl)(Cl)CCC(F)(F)C(F)(F)C(F)(F)C(F)(F)C(F)(F)C(F)(F)F,C14H4Cl2F18Si,613.14,Fc1c(F)c(F)c([Si](Cl)(Cl)CCC(F)(F)C(F)(F)C(F)(F)C(F)(F)C(F)(F)C(F)(F)F)c(F)c1F
"N-(2-Hydroxyethyl)-3-[(2-hydroxyethyl)[(perfluoroethyl)sulfonyl]amino]-N,N-dimethyl-1-propanaminium",2089108-97-2,C[N+](C)(CCO)CCCN(CC[O-])S(=O)(=O)C(F)(F)C(F)(F)F,C11H21F5N2O4S,372.35,C[N+](C)(CCO)CCCN(CC[O-])S(=O)(=O)C(F)(F)C(F)(F)F
"Poly(difluoromethylene), .alpha.-fluoro-.omega.-(2-hydroxyethyl)-",65530-60-1,"OCCC(F)(F)F |lp:0:2,4:3,5:3,6:3,Sg:n:6,4,3::ht|",(CF2)nC2H5FO,,OCCC(F)(F)F
4-(Nonafluorobutyl)phenol,123068-23-5,OC1=CC=C(C=C1)C(F)(F)C(F)(F)C(F)(F)C(F)(F)F,C10H5F9O,312.135,Oc1ccc(C(F)(F)C(F)(F)C(F)(F)C(F)(F)F)cc1
"1-Iodo-1H,1H-nonafluoropentane",2253-14-7,FC(F)(F)C(F)(F)C(F)(F)C(F)(F)CI,C5H2F9I,359.961,FC(F)(F)C(F)(F)C(F)(F)C(F)(F)CI
"1,1,1,2,2,3,3,4,4,5,5,6,6,7,7,8,8,9,9,10,10,11,11,12,12,13,13-Heptacosafluorodocosane",1309378-06-0,CCCCCCCCCC(F)(F)C(F)(F)C(F)(F)C(F)(F)C(F)(F)C(F)(F)C(F)(F)C(F)(F)C(F)(F)C(F)(F)C(F)(F)C(F)(F)C(F)(F)F,C22H19F27,796.351,CCCCCCCCCC(F)(F)C(F)(F)C(F)(F)C(F)(F)C(F)(F)C(F)(F)C(F)(F)C(F)(F)C(F)(F)C(F)(F)C(F)(F)C(F)(F)C(F)(F)F
"Bis{4-[3,3,4,4,5,5,5-heptafluoro-2,2-bis(trifluoromethyl)pentyl]phenyl}(phenyl)phosphane",322647-83-6,FC(F)(F)C(F)(F)C(F)(F)C(CC1=CC=C(C=C1)P(C1=CC=CC=C1)C1=CC=C(CC(C(F)(F)F)(C(F)(F)F)C(F)(F)C(F)(F)C(F)(F)F)C=C1)(C(F)(F)F)C(F)(F)F,C32H17F26P,926.42,FC(F)(F)C(F)(F)C(F)(F)C(Cc1ccc(P(c2ccccc2)c2ccc(CC(C(F)(F)F)(C(F)(F)F)C(F)(F)C(F)(F)C(F)(F)F)cc2)cc1)(C(F)(F)F)C(F)(F)F
3-[(3-{Ethyl[(perfluorooctyl)sulfonyl]amino}propyl)(dimethyl)azaniumyl]propanoate,NOCAS_1034891,CCN(CCC[N+](C)(C)CCC([O-])=O)S(=O)(=O)C(F)(F)C(F)(F)C(F)(F)C(F)(F)C(F)(F)C(F)(F)C(F)(F)C(F)(F)F,C18H21F17N2O4S,684.41,CCN(CCC[N+](C)(C)CCC(=O)[O-])S(=O)(=O)C(F)(F)C(F)(F)C(F)(F)C(F)(F)C(F)(F)C(F)(F)C(F)(F)C(F)(F)F
"4,4,4-Trifluoro-1-(4-methoxyphenyl)-2-methyl-3-(trifluoromethyl)butane-1,3-diol",34848-35-6,COC1=CC=C(C=C1)C(O)C(C)C(O)(C(F)(F)F)C(F)(F)F,C13H14F6O3,332.242,COc1ccc(C(O)C(C)C(O)(C(F)(F)F)C(F)(F)F)cc1
2-(Pentafluoroethyl)-2-phenylpiperidine,887361-05-9,FC(F)(F)C(F)(F)C1(CCCCN1)C1=CC=CC=C1,C13H14F5N,279.254,FC(F)(F)C(F)(F)C1(c2ccccc2)CCCCN1
"Cyclopentene, 1-methoxyheptafluoro-",1759-60-0,COC1=C(F)C(F)(F)C(F)(F)C1(F)F,C6H3F7O,224.078,COC1=C(F)C(F)(F)C(F)(F)C1(F)F
"1‐(Dimethylamino)‐4,5,5,6,6,7,7,7‐octafluorohept‐3‐en‐2‐ol",NOCAS_1036825,CN(C)CC(O)C=C(F)C(F)(F)C(F)(F)C(F)(F)F,C9H11F8NO,301.18,CN(C)CC(O)C=C(F)C(F)(F)C(F)(F)C(F)(F)F
1-[(2-Dodecylhexadecyl)oxy]-3-[(perfluorooctyl)ethylthio]-2-propanol,160819-50-1,CCCCCCCCCCCCCCC(CCCCCCCCCCCC)COCC(O)CSCCC(F)(F)C(F)(F)C(F)(F)C(F)(F)C(F)(F)C(F)(F)C(F)(F)C(F)(F)F,C41H67F17O2S,947.02,CCCCCCCCCCCCCCC(CCCCCCCCCCCC)COCC(O)CSCCC(F)(F)C(F)(F)C(F)(F)C(F)(F)C(F)(F)C(F)(F)C(F)(F)C(F)(F)F
"1,2-Dibromo-1,2,3,3,4,4,5,5,6,6-decafluorocyclohexane",336-12-9,FC1(F)C(F)(F)C(F)(F)C(F)(Br)C(F)(Br)C1(F)F,C6Br2F10,421.858,FC1(F)C(F)(F)C(F)(F)C(F)(Br)C(F)(Br)C1(F)F
"2,2,3,3,4,4,5,5,6,6,7,7,8,8-Tetradecafluorooctanoyl fluoride",14042-24-1,FC(F)C(F)(F)C(F)(F)C(F)(F)C(F)(F)C(F)(F)C(F)(F)C(F)=O,C8HF15O,398.071,O=C(F)C(F)(F)C(F)(F)C(F)(F)C(F)(F)C(F)(F)C(F)(F)C(F)F
"5-(Heptafluoropropyl)dihydropyrimidine-2,4(1H,3H)-dione",90715-84-7,FC(F)(F)C(F)(F)C(F)(F)C1CNC(=O)NC1=O,C7H5F7N2O2,282.118,O=C1NCC(C(F)(F)C(F)(F)C(F)(F)F)C(=O)N1
"3,4,4-Trifluoro-3-(trifluoromethyl)-1,2lambda~6~-oxathietane-2,2-dione",773-15-9,FC(F)(F)C1(F)C(F)(F)OS1(=O)=O,C3F6O3S,230.08,O=S1(=O)OC(F)(F)C1(F)C(F)(F)F
"(E)-1-(1,3,3,4,4,4-Hexafluorobut-1-en-1-yl)-2-phenyldiazene",137731-01-2,FC(=CC(F)(F)C(F)(F)F)\N=N\C1=CC=CC=C1,C10H6F6N2,268.162,FC(=CC(F)(F)C(F)(F)F)/N=N/c1ccccc1
4-[Ethyl[(perfluorooctyl)sulfonyl]amino]butanesulfonic acid  potassium salt (1:1),60511-72-0,[K+].CCN(CCCCS([O-])(=O)=O)S(=O)(=O)C(F)(F)C(F)(F)C(F)(F)C(F)(F)C(F)(F)C(F)(F)C(F)(F)C(F)(F)F,C14H13F17KNO5S2,701.45,CCN(CCCCS(=O)(=O)[O-])S(=O)(=O)C(F)(F)C(F)(F)C(F)(F)C(F)(F)C(F)(F)C(F)(F)C(F)(F)C(F)(F)F.[K+]
"1,1,2,7,8,8-Hexachloro-1,2,3,4,4,5,5,6,8-nonafluorooctane",93958-59-9,FC(C(Cl)C(F)(Cl)Cl)C(F)(F)C(F)(F)C(F)C(F)(Cl)C(F)(Cl)Cl,C8H3Cl6F9,482.8,FC(C(Cl)C(F)(Cl)Cl)C(F)(F)C(F)(F)C(F)C(F)(Cl)C(F)(Cl)Cl
"(3,3,4,4,4-Pentafluorobut-1-yn-1-yl)benzene",55009-90-0,FC(F)(F)C(F)(F)C#CC1=CC=CC=C1,C10H5F5,220.142,FC(F)(F)C(F)(F)C#Cc1ccccc1
"Ethyl-difluoro-methyl-(1,1,2,2,2-pentafluoroethyl)-lambda5-phosphane",NOCAS_1026802,CCP(C)(F)(F)C(F)(F)C(F)(F)F,C5H8F7P,232.082,CCP(C)(F)(F)C(F)(F)C(F)(F)F
"2-(Perfluoro-1,4-dimethyl-2,5-dioxaoctyl)ethylphosphonic acid",1198297-65-2,OP(O)(=O)CCC(F)(OC(F)(F)C(F)(OC(F)(F)C(F)(F)C(F)(F)F)C(F)(F)F)C(F)(F)F,C10H6F17O5P,560.1,O=P(O)(O)CCC(F)(OC(F)(F)C(F)(OC(F)(F)C(F)(F)C(F)(F)F)C(F)(F)F)C(F)(F)F
"Chlorodiethyl(3,3,4,4,5,5,6,6,7,7,8,8,8-tridecafluorooctyl)silane",608295-89-2,CC[Si](Cl)(CC)CCC(F)(F)C(F)(F)C(F)(F)C(F)(F)C(F)(F)C(F)(F)F,C12H14ClF13Si,468.76,CC[Si](Cl)(CC)CCC(F)(F)C(F)(F)C(F)(F)C(F)(F)C(F)(F)C(F)(F)F
"5-(6,6,6-Trifluorohexyl)perfluoropentylsulfonate",NOCAS_1026876,[O-]S(=O)(=O)C(F)(F)C(F)(F)C(F)(F)C(F)(F)C(F)(F)CCCCCC(F)(F)F,C11H10F13O3S,469.24,O=S(=O)([O-])C(F)(F)C(F)(F)C(F)(F)C(F)(F)C(F)(F)CCCCCC(F)(F)F
"2,3-Dibromo-1,1,1,2,3,4,4-heptafluorobutane",140427-86-7,FC(F)C(F)(Br)C(F)(Br)C(F)(F)F,C4HBr2F7,341.849,FC(F)C(F)(Br)C(F)(Br)C(F)(F)F
"3,3,4,4,5,5,6,6,6-Nonafluorohexyl 3,3,4,4,5,5,6,6,7,7,8,8,8-tridecafluorooctyl hydrogen phosphate",1158182-59-2,OP(=O)(OCCC(F)(F)C(F)(F)C(F)(F)C(F)(F)F)OCCC(F)(F)C(F)(F)C(F)(F)C(F)(F)C(F)(F)C(F)(F)F,C14H9F22O4P,690.161,O=P(O)(OCCC(F)(F)C(F)(F)C(F)(F)C(F)(F)F)OCCC(F)(F)C(F)(F)C(F)(F)C(F)(F)C(F)(F)C(F)(F)F
"1,1,1,2,2,3,3,4,4,5,5-Undecafluorodecane",1287702-46-8,CCCCCC(F)(F)C(F)(F)C(F)(F)C(F)(F)C(F)(F)F,C10H11F11,340.18,CCCCCC(F)(F)C(F)(F)C(F)(F)C(F)(F)C(F)(F)F
"2,4,6-Tribromophenyl 2,3,3,3-tetrafluoro-2-(heptafluoropropoxy)propanoate",189575-10-8,FC(F)(F)C(F)(F)C(F)(F)OC(F)(C(=O)OC1=C(Br)C=C(Br)C=C1Br)C(F)(F)F,C12H2Br3F11O3,642.839,O=C(Oc1c(Br)cc(Br)cc1Br)C(F)(OC(F)(F)C(F)(F)C(F)(F)F)C(F)(F)F
2‐(N‐Methyl perfluorohexanesulfonamido)acetic acid,715646-50-7,CN(CC(O)=O)S(=O)(=O)C(F)(F)C(F)(F)C(F)(F)C(F)(F)C(F)(F)C(F)(F)F,C9H6F13NO4S,471.19,CN(CC(=O)O)S(=O)(=O)C(F)(F)C(F)(F)C(F)(F)C(F)(F)C(F)(F)C(F)(F)F
"(1z,6z)-2,2,3,3,4,4,5,5-octafluorohexanediimidamide",678-57-9,NC(=N)C(F)(F)C(F)(F)C(F)(F)C(F)(F)C(N)=N,C6H6F8N4,286.129,N=C(N)C(F)(F)C(F)(F)C(F)(F)C(F)(F)C(=N)N
Perfluoro-11-(pentafluoro-lambda6-sulfanyl)undecanoic acid,NOCAS_1035811,OC(=O)C(F)(F)C(F)(F)C(F)(F)C(F)(F)C(F)(F)C(F)(F)C(F)(F)C(F)(F)C(F)(F)C(F)(F)S(F)(F)(F)(F)F,C11HF25O2S,672.15,O=C(O)C(F)(F)C(F)(F)C(F)(F)C(F)(F)C(F)(F)C(F)(F)C(F)(F)C(F)(F)C(F)(F)C(F)(F)S(F)(F)(F)(F)F
Perfluorooctylsulfonylpropylaminoethyl acrylate,2357-60-0,CCCN(CCOC(=O)C=C)S(=O)(=O)C(F)(F)C(F)(F)C(F)(F)C(F)(F)C(F)(F)C(F)(F)C(F)(F)C(F)(F)F,C16H14F17NO4S,639.32,C=CC(=O)OCCN(CCC)S(=O)(=O)C(F)(F)C(F)(F)C(F)(F)C(F)(F)C(F)(F)C(F)(F)C(F)(F)C(F)(F)F
"1,1,1,6,6,6-Hexafluoro-2,5-bis(trifluoromethyl)-2,5-hexanediol",54841-08-6,OC(CCC(O)(C(F)(F)F)C(F)(F)F)(C(F)(F)F)C(F)(F)F,C8H6F12O2,362.115,OC(CCC(O)(C(F)(F)F)C(F)(F)F)(C(F)(F)F)C(F)(F)F
14:2 Fluorotelomer ketone sulfonate,NOCAS_1034659,OS(=O)(=O)CC(=O)CC(F)(F)C(F)(F)C(F)(F)C(F)(F)C(F)(F)C(F)(F)C(F)(F)C(F)(F)C(F)(F)C(F)(F)C(F)(F)C(F)(F)C(F)(F)C(F)(F)F,C17H5F29O4S,856.24,O=C(CC(F)(F)C(F)(F)C(F)(F)C(F)(F)C(F)(F)C(F)(F)C(F)(F)C(F)(F)C(F)(F)C(F)(F)C(F)(F)C(F)(F)C(F)(F)C(F)(F)F)CS(=O)(=O)O
N-[3-(Dimethylamino)propyl]-2-[(perfluorodecyl)ethylthio]acetamide,1513863-92-7,CN(C)CCCNC(=O)CSCCC(F)(F)C(F)(F)C(F)(F)C(F)(F)C(F)(F)C(F)(F)C(F)(F)C(F)(F)C(F)(F)C(F)(F)F,C19H19F21N2OS,722.4,CN(C)CCCNC(=O)CSCCC(F)(F)C(F)(F)C(F)(F)C(F)(F)C(F)(F)C(F)(F)C(F)(F)C(F)(F)C(F)(F)C(F)(F)F
4-(Nonafluorobutoxy)butanesulfonic acid ammonium salt,484023-69-0,[NH4+].[O-]S(=O)(=O)CCCCOC(F)(F)C(F)(F)C(F)(F)C(F)(F)F,C8H12F9NO4S,389.23,O=S(=O)([O-])CCCCOC(F)(F)C(F)(F)C(F)(F)C(F)(F)F.[NH4+]
"3,3,4,4,5,5,6,6,7,7,8,8,9,9,10,10,10-Heptadecafluorodecan-2-one",55118-65-5,CC(=O)C(F)(F)C(F)(F)C(F)(F)C(F)(F)C(F)(F)C(F)(F)C(F)(F)C(F)(F)F,C10H3F17O,462.106,CC(=O)C(F)(F)C(F)(F)C(F)(F)C(F)(F)C(F)(F)C(F)(F)C(F)(F)C(F)(F)F
"Triethyl(fluoro)(1,2,3,3,3-pentafluoroprop-1-en-1-yl)-lambda~5~-phosphane",120154-83-8,CCP(F)(CC)(CC)C(F)=C(F)C(F)(F)F,C9H15F6P,268.183,CCP(F)(CC)(CC)C(F)=C(F)C(F)(F)F
"N,N-dimethyl-2-[(perfluorododecanoyl)amino]ethan-1-amine N-oxide",200636-70-0,C[N+](C)([O-])CCNC(=O)C(F)(F)C(F)(F)C(F)(F)C(F)(F)C(F)(F)C(F)(F)C(F)(F)C(F)(F)C(F)(F)C(F)(F)C(F)(F)F,C16H11F23N2O2,700.239,C[N+](C)([O-])CCNC(=O)C(F)(F)C(F)(F)C(F)(F)C(F)(F)C(F)(F)C(F)(F)C(F)(F)C(F)(F)C(F)(F)C(F)(F)C(F)(F)F
1-Butylpyridinium perfluoro-1-butanesulfonate,334529-64-5,CCCC[N+]1=CC=CC=C1.[O-]S(=O)(=O)C(F)(F)C(F)(F)C(F)(F)C(F)(F)F,C13H14F9NO3S,435.3,CCCC[n+]1ccccc1.O=S(=O)([O-])C(F)(F)C(F)(F)C(F)(F)C(F)(F)F
6-Nitro-2-(pentafluoroethyl)-1H-benzimidazole,4229-01-0,[O-][N+](=O)C1=CC2=C(C=C1)N=C(N2)C(F)(F)C(F)(F)F,C9H4F5N3O2,281.142,O=[N+]([O-])c1ccc2nc(C(F)(F)C(F)(F)F)[nH]c2c1
2-(N-Ethylperfluorooctanesulfonamido)ethyl methacrylate,376-14-7,CCN(CCOC(=O)C(C)=C)S(=O)(=O)C(F)(F)C(F)(F)C(F)(F)C(F)(F)C(F)(F)C(F)(F)C(F)(F)C(F)(F)F,C16H14F17NO4S,639.32,C=C(C)C(=O)OCCN(CC)S(=O)(=O)C(F)(F)C(F)(F)C(F)(F)C(F)(F)C(F)(F)C(F)(F)C(F)(F)C(F)(F)F
Perfluoroisononyl iodide,865-77-0,FC(F)(F)C(F)(C(F)(F)F)C(F)(F)C(F)(F)C(F)(F)C(F)(F)C(F)(F)C(F)(F)I,C9F19I,595.973,FC(F)(F)C(F)(C(F)(F)F)C(F)(F)C(F)(F)C(F)(F)C(F)(F)C(F)(F)C(F)(F)I
"[2‐Hydroxy‐3‐(3,3,4,4,4‐pentafluorobutanesulfonyl)propyl]trimethylazanium",NOCAS_1035889,C[N+](C)(C)CC(O)CS(=O)(=O)CCC(F)(F)C(F)(F)F,C10H19F5NO3S,328.32,C[N+](C)(C)CC(O)CS(=O)(=O)CCC(F)(F)C(F)(F)F
"4,4,5,5-Tetrafluoro-3-hydroxy-1-phenylpentan-1-one",105602-59-3,OC(CC(=O)C1=CC=CC=C1)C(F)(F)C(F)F,C11H10F4O2,250.193,O=C(CC(O)C(F)(F)C(F)F)c1ccccc1
"4-[(1,2,3,3,3-Pentafluoroprop-1-en-1-yl)oxy]benzoic acid",96210-33-2,OC(=O)C1=CC=C(OC(F)=C(F)C(F)(F)F)C=C1,C10H5F5O3,268.139,O=C(O)c1ccc(OC(F)=C(F)C(F)(F)F)cc1
1-Hydroxy-2:2 fluorotelomer sulfonate,NOCAS_1034479,OC(CC(F)(F)C(F)(F)F)S([O-])(=O)=O,C4H4F5O4S,243.12,O=S(=O)([O-])C(O)CC(F)(F)C(F)(F)F
Sodium perfluorononanoate,21049-39-8,[Na+].[O-]C(=O)C(F)(F)C(F)(F)C(F)(F)C(F)(F)C(F)(F)C(F)(F)C(F)(F)C(F)(F)F,C9F17NaO2,486.06,O=C([O-])C(F)(F)C(F)(F)C(F)(F)C(F)(F)C(F)(F)C(F)(F)C(F)(F)C(F)(F)F.[Na+]
3-[(Perfluoroheptanesulfonyl)amino]propane-1-sulfonic acid,NOCAS_1034989,OS(=O)(=O)CCCNS(=O)(=O)C(F)(F)C(F)(F)C(F)(F)C(F)(F)C(F)(F)C(F)(F)C(F)(F)F,C10H8F15NO5S2,571.27,O=S(=O)(O)CCCNS(=O)(=O)C(F)(F)C(F)(F)C(F)(F)C(F)(F)C(F)(F)C(F)(F)C(F)(F)F
"1H,1H,11H-Eicosafluoro-1-undecanol",307-70-0,OCC(F)(F)C(F)(F)C(F)(F)C(F)(F)C(F)(F)C(F)(F)C(F)(F)C(F)(F)C(F)(F)C(F)F,C11H4F20O,532.12,OCC(F)(F)C(F)(F)C(F)(F)C(F)(F)C(F)(F)C(F)(F)C(F)(F)C(F)(F)C(F)(F)C(F)F
"1,2,2,3,3,4-Hexafluorobutane-1,4-disulfonyl difluoride",90127-84-7,FC(C(F)(F)C(F)(F)C(F)S(F)(=O)=O)S(F)(=O)=O,C4H2F8O4S2,330.16,O=S(=O)(F)C(F)C(F)(F)C(F)(F)C(F)S(=O)(=O)F
3-(Perfluoroisopropyl)-(2E)-difluoropropenoic acid,103229-89-6,OC(=O)C(\F)=C(/F)C(F)(C(F)(F)F)C(F)(F)F,C6HF9O2,276.058,O=C(O)/C(F)=C(\F)C(F)(C(F)(F)F)C(F)(F)F
6-fluoro-2-(pentafluoroethyl)-1h-benzimidazole,5847-95-0,FC1=CC2=C(C=C1)N=C(N2)C(F)(F)C(F)(F)F,C9H4F6N2,254.135,Fc1ccc2nc(C(F)(F)C(F)(F)F)[nH]c2c1
Sodium perfluoro-1-ethanesulfinate,146542-36-1,[Na+].[O-]S(=O)C(F)(F)C(F)(F)F,C2F5NaO2S,206.06,O=S([O-])C(F)(F)C(F)(F)F.[Na+]
"1,1,1,2,2,3,3,4,4,7,7,7-Dodecafluoroheptane",503189-11-5,FC(F)(F)CCC(F)(F)C(F)(F)C(F)(F)C(F)(F)F,C7H4F12,316.09,FC(F)(F)CCC(F)(F)C(F)(F)C(F)(F)C(F)(F)F
4-(Tridecafluorohexyl)aniline,139613-90-4,NC1=CC=C(C=C1)C(F)(F)C(F)(F)C(F)(F)C(F)(F)C(F)(F)C(F)(F)F,C12H6F13N,411.166,Nc1ccc(C(F)(F)C(F)(F)C(F)(F)C(F)(F)C(F)(F)C(F)(F)F)cc1
"4,4-Bis(trifluoromethyl)-3-[(trimethylsilyl)oxy]cyclobut-2-en-1-one",73774-99-9,C[Si](C)(C)OC1=CC(=O)C1(C(F)(F)F)C(F)(F)F,C9H10F6O2Si,292.252,C[Si](C)(C)OC1=CC(=O)C1(C(F)(F)F)C(F)(F)F
Bis(perfluorobutanoylpivaloylmethano)lead,21600-78-2,[Pb++].CC(C)(C)C(=O)[CH-]C(=O)C(F)(F)C(F)(F)C(F)(F)F.CC(C)(C)C(=O)[CH-]C(=O)C(F)(F)C(F)(F)C(F)(F)F,C20H20F14O4Pb,797.6,CC(C)(C)C(=O)[CH-]C(=O)C(F)(F)C(F)(F)C(F)(F)F.CC(C)(C)C(=O)[CH-]C(=O)C(F)(F)C(F)(F)C(F)(F)F.[Pb+2]
Perfluoro-1-octanesulfinic acid ammonium,183475-14-1,[NH4+].[O-]S(=O)C(F)(F)C(F)(F)C(F)(F)C(F)(F)C(F)(F)C(F)(F)C(F)(F)C(F)(F)F,C8H4F17NO2S,501.16,O=S([O-])C(F)(F)C(F)(F)C(F)(F)C(F)(F)C(F)(F)C(F)(F)C(F)(F)C(F)(F)F.[NH4+]
2‐[Dimethyl[3-(perfluorotetradecyl)‐2‐hydroxypropyl]azaniumyl]acetate,NOCAS_1036821,C[N+](C)(CC(O)CC(F)(F)C(F)(F)C(F)(F)C(F)(F)C(F)(F)C(F)(F)C(F)(F)C(F)(F)C(F)(F)C(F)(F)C(F)(F)C(F)(F)C(F)(F)C(F)(F)F)CC([O-])=O,C21H14F29NO3,879.301,C[N+](C)(CC(=O)[O-])CC(O)CC(F)(F)C(F)(F)C(F)(F)C(F)(F)C(F)(F)C(F)(F)C(F)(F)C(F)(F)C(F)(F)C(F)(F)C(F)(F)C(F)(F)C(F)(F)C(F)(F)F
"Benzenesulfonic acid, 4-[2-[4-[[2-(acetyloxy)ethyl]ethylamino]phenyl]diazenyl]-, 2,2,3,3,4,4,5,5-octafluoropentyl ester",302929-37-9,CCN(CCOC(C)=O)C1=CC=C(C=C1)N=NC1=CC=C(C=C1)S(=O)(=O)OCC(F)(F)C(F)(F)C(F)(F)C(F)F,C23H23F8N3O5S,605.5,CCN(CCOC(C)=O)c1ccc(N=Nc2ccc(S(=O)(=O)OCC(F)(F)C(F)(F)C(F)(F)C(F)F)cc2)cc1
"1,1,1,4,5,5,5-Heptafluoro-3-(1,1,1,2,3,3,3-heptafluoropropan-2-yl)-2-methyl-4-(trifluoromethyl)pent-2-ene",NOCAS_1026820,CC(=C(C(F)(C(F)(F)F)C(F)(F)F)C(F)(C(F)(F)F)C(F)(F)F)C(F)(F)F,C10H3F17,446.107,CC(=C(C(F)(C(F)(F)F)C(F)(F)F)C(F)(C(F)(F)F)C(F)(F)F)C(F)(F)F
"4,4,4-Trifluoro-1-(3-nitrophenyl)-3-(trifluoromethyl)but-2-en-1-ol",100482-54-0,OC(C=C(C(F)(F)F)C(F)(F)F)C1=CC(=CC=C1)N(=O)=O,C11H7F6NO3,315.171,O=[N+]([O-])c1cccc(C(O)C=C(C(F)(F)F)C(F)(F)F)c1
"2-Perfluoropropyl-5-phenyl-1,3,4-oxadiazole",5756-67-2,FC(F)(F)C(F)(F)C(F)(F)C1=NN=C(O1)C1=CC=CC=C1,C11H5F7N2O,314.163,FC(F)(F)C(F)(F)C(F)(F)c1nnc(-c2ccccc2)o1
"5-(1,2,3,4,4,4-Hexafluorobut-2-enyl)perfluoropentylsulfonic acid",2089109-53-3,OS(=O)(=O)C(F)(F)C(F)(F)C(F)(F)C(F)(F)C(F)(F)C(F)C(F)=C(F)C(F)(F)F,C9H2F16O3S,494.15,O=S(=O)(O)C(F)(F)C(F)(F)C(F)(F)C(F)(F)C(F)(F)C(F)C(F)=C(F)C(F)(F)F
"1,1,1,2,2,3,3-heptafluoro-6-iodo-4,4-bis(trifluoromethyl)hexane",115347-68-7,FC(F)(F)C(F)(F)C(F)(F)C(CCI)(C(F)(F)F)C(F)(F)F,C8H4F13I,474.004,FC(F)(F)C(F)(F)C(F)(F)C(CCI)(C(F)(F)F)C(F)(F)F
"[3,4,6-triacetyloxy-5-(1,1,2,2,3,3,4,4,4-nonafluorobutylsulfonyloxy)oxan-2-yl]methyl Acetate",480438-48-0,CC(=O)OCC1OC(OC(C)=O)C(OS(=O)(=O)C(F)(F)C(F)(F)C(F)(F)C(F)(F)F)C(OC(C)=O)C1OC(C)=O,C18H19F9O12S,630.38,CC(=O)OCC1OC(OC(C)=O)C(OS(=O)(=O)C(F)(F)C(F)(F)C(F)(F)C(F)(F)F)C(OC(C)=O)C1OC(C)=O
"1-(Prop-1-en-2-yl)-4-(1,1,2,2-tetrafluoro-2-phenylethyl)benzene",40396-68-7,CC(=C)C1=CC=C(C=C1)C(F)(F)C(F)(F)C1=CC=CC=C1,C17H14F4,294.293,C=C(C)c1ccc(C(F)(F)C(F)(F)c2ccccc2)cc1
Fluorotelomer alcohol 4:2,2043-47-2,OCCC(F)(F)C(F)(F)C(F)(F)C(F)(F)F,C6H5F9O,264.091,OCCC(F)(F)C(F)(F)C(F)(F)C(F)(F)F
"4-[(1,2,3,3,4,4,5,5,6,6,7,7,8,8,9,9,9-Heptadecafluoronon-1-en-1-yl)oxy]-N-(prop-2-en-1-yl)benzamide",143906-91-6,FC(OC1=CC=C(C=C1)C(=O)NCC=C)=C(F)C(F)(F)C(F)(F)C(F)(F)C(F)(F)C(F)(F)C(F)(F)C(F)(F)F,C19H10F17NO2,607.267,C=CCNC(=O)c1ccc(OC(F)=C(F)C(F)(F)C(F)(F)C(F)(F)C(F)(F)C(F)(F)C(F)(F)C(F)(F)F)cc1
Pentafluoroethyl prop-2-enoate,19089-73-7,FC(F)(F)C(F)(F)OC(=O)C=C,C5H3F5O2,190.069,C=CC(=O)OC(F)(F)C(F)(F)F
"Perfluoro-1,2-dimethylcyclobutane",2994-71-0,FC(F)(F)C1(F)C(F)(F)C(F)(F)C1(F)C(F)(F)F,C6F12,300.047,FC(F)(F)C1(F)C(F)(F)C(F)(F)C1(F)C(F)(F)F
"1,1,1,2,2,3,3-Heptafluorooctane",2708-54-5,CCCCCC(F)(F)C(F)(F)C(F)(F)F,C8H11F7,240.165,CCCCCC(F)(F)C(F)(F)C(F)(F)F
"Diethyl 4,4,5,5,6,6-hexafluoro-3,7-dioxo-2,8-bis(triphenyl-lambda5-phosphanylidene)nonanedioate",60521-76-8,CCOC(=O)C(C(=O)C(F)(F)C(F)(F)C(F)(F)C(=O)C(C(=O)OCC)=P(C1=CC=CC=C1)(C1=CC=CC=C1)C1=CC=CC=C1)=P(C1=CC=CC=C1)(C1=CC=CC=C1)C1=CC=CC=C1,C49H40F6O6P2,900.791,CCOC(=O)C(C(=O)C(F)(F)C(F)(F)C(F)(F)C(=O)C(C(=O)OCC)=P(c1ccccc1)(c1ccccc1)c1ccccc1)=P(c1ccccc1)(c1ccccc1)c1ccccc1
perfluorooctyl methacrylate,15498-46-1,CC(=C)C(=O)OC(F)(F)C(F)(F)C(F)(F)C(F)(F)C(F)(F)C(F)(F)C(F)(F)C(F)(F)F,C12H5F17O2,504.143,C=C(C)C(=O)OC(F)(F)C(F)(F)C(F)(F)C(F)(F)C(F)(F)C(F)(F)C(F)(F)C(F)(F)F
"Sodium bis(1H,1H,2H,2H-perfluorodecyl)phosphate",114519-85-6,[Na+].[O-]P(=O)(OCCC(F)(F)C(F)(F)C(F)(F)C(F)(F)C(F)(F)C(F)(F)C(F)(F)C(F)(F)F)OCCC(F)(F)C(F)(F)C(F)(F)C(F)(F)C(F)(F)C(F)(F)C(F)(F)C(F)(F)F,C20H8F34NaO4P,1012.189,O=P([O-])(OCCC(F)(F)C(F)(F)C(F)(F)C(F)(F)C(F)(F)C(F)(F)C(F)(F)C(F)(F)F)OCCC(F)(F)C(F)(F)C(F)(F)C(F)(F)C(F)(F)C(F)(F)C(F)(F)C(F)(F)F.[Na+]
"2,3-Difluoro-2,3-bis(trifluoromethyl)oxirane",773-29-5,FC(F)(F)C1(F)OC1(F)C(F)(F)F,C4F8O,216.03,FC(F)(F)C1(F)OC1(F)C(F)(F)F
"N-[4-(4-Morpholinylcarbonyl)benzoyl]valyl-N-[(3R)-5,5,6,6,6-pentafluoro-2-methyl-4-oxo-3-hexanyl]-L-prolinamide",163660-53-5,[H][C@]1(CCCN1C(=O)[C@@H](NC(=O)C1=CC=C(C=C1)C(=O)N1CCOCC1)C(C)C)C(=O)N[C@H](C(C)C)C(=O)C(F)(F)C(F)(F)F,C29H37F5N4O6,632.629,CC(C)[C@H](NC(=O)c1ccc(C(=O)N2CCOCC2)cc1)C(=O)N1CCC[C@H]1C(=O)N[C@@H](C(=O)C(F)(F)C(F)(F)F)C(C)C
"4-Heptanone, 2-chloro-6-methyl-1,1,1-trifluoro-2-trifluoromethyl-",101913-92-2,CC(C)CC(=O)CC(Cl)(C(F)(F)F)C(F)(F)F,C9H11ClF6O,284.63,CC(C)CC(=O)CC(Cl)(C(F)(F)F)C(F)(F)F
"1,1,1,2,2,3,3,4,4,5,5,6,6-Tridecafluorotetracosane",154628-01-0,CCCCCCCCCCCCCCCCCCC(F)(F)C(F)(F)C(F)(F)C(F)(F)C(F)(F)C(F)(F)F,C24H37F13,572.539,CCCCCCCCCCCCCCCCCCC(F)(F)C(F)(F)C(F)(F)C(F)(F)C(F)(F)C(F)(F)F
cis-Perfluorodecahydronaphthalene,60433-11-6,FC1(F)C(F)(F)C(F)(F)[C@]2(F)C(F)(F)C(F)(F)C(F)(F)C(F)(F)[C@]2(F)C1(F)F,C10F18,462.081,FC1(F)C(F)(F)C(F)(F)[C@]2(F)C(F)(F)C(F)(F)C(F)(F)C(F)(F)[C@]2(F)C1(F)F
"2‐[(3,4,4,5,5,5‐Hexafluoropentyl)dimethylazaniumyl]acetate",NOCAS_1036198,C[N+](C)(CCC(F)C(F)(F)C(F)(F)F)CC([O-])=O,C9H13F6NO2,281.198,C[N+](C)(CCC(F)C(F)(F)C(F)(F)F)CC(=O)[O-]
"1-Chloro-1,1,2,2,3,3,4,4,5,5,6,6,7,7,8,8-hexadecafluorooctane",423-53-0,FC(F)C(F)(F)C(F)(F)C(F)(F)C(F)(F)C(F)(F)C(F)(F)C(F)(F)Cl,C8HClF16,436.52,FC(F)C(F)(F)C(F)(F)C(F)(F)C(F)(F)C(F)(F)C(F)(F)C(F)(F)Cl
"1,1,1,2,2,3,3,4,4,5,5,6,6,7,7,8,8,9,9,10,10,11,11,12,12,13,13,14,14,15,15-Hentriacontafluoropentadecane",66826-88-8,FC(F)C(F)(F)C(F)(F)C(F)(F)C(F)(F)C(F)(F)C(F)(F)C(F)(F)C(F)(F)C(F)(F)C(F)(F)C(F)(F)C(F)(F)C(F)(F)C(F)(F)F,C15HF31,770.123,FC(F)C(F)(F)C(F)(F)C(F)(F)C(F)(F)C(F)(F)C(F)(F)C(F)(F)C(F)(F)C(F)(F)C(F)(F)C(F)(F)C(F)(F)C(F)(F)C(F)(F)F
"3-[3-(3-Cyclopropylphenoxy)-N-[[3-(1,1,2,2,3,3,3-heptafluoropropyl)phenyl]methyl]anilino]-1,1,1-trifluoropropan-2-ol",NOCAS_1026720,OC(CN(CC1=CC(=CC=C1)C(F)(F)C(F)(F)C(F)(F)F)C1=CC(OC2=CC=CC(=C2)C2CC2)=CC=C1)C(F)(F)F,C28H23F10NO2,595.481,OC(CN(Cc1cccc(C(F)(F)C(F)(F)C(F)(F)F)c1)c1cccc(Oc2cccc(C3CC3)c2)c1)C(F)(F)F
"3-Chloro-3,4,4,4-tetrafluoro-2-methylbutan-2-ol",94083-43-9,CC(C)(O)C(F)(Cl)C(F)(F)F,C5H7ClF4O,194.55,CC(C)(O)C(F)(Cl)C(F)(F)F
"2,2,3,3,4,4,5,5,6,6-Decafluorocyclohexan-1-one",1898-91-5,FC1(F)C(=O)C(F)(F)C(F)(F)C(F)(F)C1(F)F,C6F10O,278.049,O=C1C(F)(F)C(F)(F)C(F)(F)C(F)(F)C1(F)F
1-Chloro-perfluorododecane-1-sulfonic acid,NOCAS_1036871,OS(=O)(=O)C(F)(Cl)C(F)(F)C(F)(F)C(F)(F)C(F)(F)C(F)(F)C(F)(F)C(F)(F)C(F)(F)C(F)(F)C(F)(F)C(F)(F)F,C12HClF24O3S,716.61,O=S(=O)(O)C(F)(Cl)C(F)(F)C(F)(F)C(F)(F)C(F)(F)C(F)(F)C(F)(F)C(F)(F)C(F)(F)C(F)(F)C(F)(F)C(F)(F)F
"3,3,4,4,5,5-Hexafluoro-1,2-dimethoxycyclopent-1-ene",1759-61-1,COC1=C(OC)C(F)(F)C(F)(F)C1(F)F,C7H6F6O2,236.113,COC1=C(OC)C(F)(F)C(F)(F)C1(F)F
"2‐[Dimethyl(3-(perfluorotetradecyl)propyl)azaniumyl]acetate,16,16,17,17,17‐nonacosafluoroheptadecyl)azaniumyl]acetate",NOCAS_1036379,C[N+](C)(CCCC(F)(F)C(F)(F)C(F)(F)C(F)(F)C(F)(F)C(F)(F)C(F)(F)C(F)(F)C(F)(F)C(F)(F)C(F)(F)C(F)(F)C(F)(F)C(F)(F)F)CC([O-])=O,C21H14F29NO2,863.302,C[N+](C)(CCCC(F)(F)C(F)(F)C(F)(F)C(F)(F)C(F)(F)C(F)(F)C(F)(F)C(F)(F)C(F)(F)C(F)(F)C(F)(F)C(F)(F)C(F)(F)C(F)(F)F)CC(=O)[O-]
Perfluoroheptanoate,120885-29-2,[O-]C(=O)C(F)(F)C(F)(F)C(F)(F)C(F)(F)C(F)(F)C(F)(F)F,C7F13O2,363.055,O=C([O-])C(F)(F)C(F)(F)C(F)(F)C(F)(F)C(F)(F)C(F)(F)F
"4-[Tris(3,3,4,4,5,5,6,6,7,7,8,8,8-tridecafluorooctyl)silyl]benzoic acid",189077-31-4,OC(=O)C1=CC=C(C=C1)[Si](CCC(F)(F)C(F)(F)C(F)(F)C(F)(F)C(F)(F)C(F)(F)F)(CCC(F)(F)C(F)(F)C(F)(F)C(F)(F)C(F)(F)C(F)(F)F)CCC(F)(F)C(F)(F)C(F)(F)C(F)(F)C(F)(F)C(F)(F)F,C31H17F39O2Si,1190.498,O=C(O)c1ccc([Si](CCC(F)(F)C(F)(F)C(F)(F)C(F)(F)C(F)(F)C(F)(F)F)(CCC(F)(F)C(F)(F)C(F)(F)C(F)(F)C(F)(F)C(F)(F)F)CCC(F)(F)C(F)(F)C(F)(F)C(F)(F)C(F)(F)C(F)(F)F)cc1
"2,5-Dimethoxyphenyl heptafluorobutanoate",87461-68-5,COC1=CC(OC(=O)C(F)(F)C(F)(F)C(F)(F)F)=C(OC)C=C1,C12H9F7O4,350.189,COc1ccc(OC)c(OC(=O)C(F)(F)C(F)(F)C(F)(F)F)c1
2-(Methylamino)-2-((nonafluorobutyl)sulfonyl)ethyl prop-2-enoate,479401-24-6,CNC(COC(=O)C=C)S(=O)(=O)C(F)(F)C(F)(F)C(F)(F)C(F)(F)F,C10H10F9NO4S,411.24,C=CC(=O)OCC(NC)S(=O)(=O)C(F)(F)C(F)(F)C(F)(F)C(F)(F)F
"1-Ethoxy-2,2,3,3-tetrafluoro-4,4-dimethylcyclobutan-1-ol",144193-99-7,CCOC1(O)C(C)(C)C(F)(F)C1(F)F,C8H12F4O2,216.176,CCOC1(O)C(C)(C)C(F)(F)C1(F)F
Diaquatetrachloro(mu-(N-ethyl-N-((perfluoropentyl)sulfonyl)glycinato-O1:O1'))-mu-hydroxybis(2-propanol)dichromium,68891-99-6,[H]O[H].[H]O[H].[H]OC(C)C.[H]OC(C)C.CCN(CC(=O)O[Cr](Cl)(Cl)O[Cr](Cl)Cl)S(=O)(=O)C(F)(F)C(F)(F)C(F)(F)C(F)(F)C(F)(F)F,C15H27Cl4Cr2F11NO9S,852.21,CC(C)O.CC(C)O.CCN(CC(=O)[O][Cr]([Cl])([Cl])[O][Cr]([Cl])[Cl])S(=O)(=O)C(F)(F)C(F)(F)C(F)(F)C(F)(F)C(F)(F)F.O.O
3-(Perfluoro-7-(methyl)octyl)-2-hydroxypropyltrimethylammonium iodide,80909-29-1,[I-].C[N+](C)(C)CC(O)CC(F)(F)C(F)(F)C(F)(F)C(F)(F)C(F)(F)C(F)(F)C(F)(C(F)(F)F)C(F)(F)F,C15H15F19INO,713.165,C[N+](C)(C)CC(O)CC(F)(F)C(F)(F)C(F)(F)C(F)(F)C(F)(F)C(F)(F)C(F)(C(F)(F)F)C(F)(F)F.[I-]
"N-Carboxymethyl-N,N-dimethyl-2-(perfluoroethyl)-2-fluoroethan-1-aminium",NOCAS_1035414,C[N+](C)(CC(F)C(F)(F)C(F)(F)F)CC(O)=O,C8H12F6NO2,268.179,C[N+](C)(CC(=O)O)CC(F)C(F)(F)C(F)(F)F
"3-Bromo-1,1,1,2,2-pentafluoropropane",422-01-5,FC(F)(F)C(F)(F)CBr,C3H2BrF5,212.945,FC(F)(F)C(F)(F)CBr
1-Iodo-8H-perfluorooctane,79162-64-4,FC(F)C(F)(F)C(F)(F)C(F)(F)C(F)(F)C(F)(F)C(F)(F)C(F)(F)I,C8HF16I,527.975,FC(F)C(F)(F)C(F)(F)C(F)(F)C(F)(F)C(F)(F)C(F)(F)C(F)(F)I
"4,4,5,5,6,6,7,7,8,9,9,9-dodecafluoro-2-iodo-8-(trifluoromethyl)nonan-1-ol",16083-62-8,OCC(I)CC(F)(F)C(F)(F)C(F)(F)C(F)(F)C(F)(C(F)(F)F)C(F)(F)F,C10H6F15IO,554.038,OCC(I)CC(F)(F)C(F)(F)C(F)(F)C(F)(F)C(F)(C(F)(F)F)C(F)(F)F
2-C-(Nonafluorobutyl)-β-L-ribofuranose,467220-84-4,[H][C@@]1(CO)O[C@]([H])(O)[C@@](O)([C@@]1([H])O)C(F)(F)C(F)(F)C(F)(F)C(F)(F)F,C9H9F9O5,368.152,OC[C@@H]1O[C@H](O)[C@](O)(C(F)(F)C(F)(F)C(F)(F)C(F)(F)F)[C@H]1O
N-[3-(Dimethylamino)propyl]-2-[(perfluorooctyl)ethylthio]acetamide,1513863-91-6,CN(C)CCCNC(=O)CSCCC(F)(F)C(F)(F)C(F)(F)C(F)(F)C(F)(F)C(F)(F)C(F)(F)C(F)(F)F,C17H19F17N2OS,622.38,CN(C)CCCNC(=O)CSCCC(F)(F)C(F)(F)C(F)(F)C(F)(F)C(F)(F)C(F)(F)C(F)(F)C(F)(F)F
"1-Bromo-1,1,2,2,3,3-hexafluoropropane",63905-11-3,FC(F)C(F)(F)C(F)(F)Br,C3HBrF6,230.935,FC(F)C(F)(F)C(F)(F)Br
5-(Perfluoropropyl)-1-phenyl-1H-tetrazole,2712-85-8,FC(F)(F)C(F)(F)C(F)(F)C1=NN=NN1C1=CC=CC=C1,C10H5F7N4,314.167,FC(F)(F)C(F)(F)C(F)(F)c1nnnn1-c1ccccc1
3-Fluoro-4-(pentafluoroethyl)benzoic acid,1355157-51-5,OC(=O)C1=CC=C(C(F)=C1)C(F)(F)C(F)(F)F,C9H4F6O2,258.119,O=C(O)c1ccc(C(F)(F)C(F)(F)F)c(F)c1
Undecafluoro(heptafluoropropyl)cyclohexane,374-59-4,FC(F)(F)C(F)(F)C(F)(F)C1(F)C(F)(F)C(F)(F)C(F)(F)C(F)(F)C1(F)F,C9F18,450.07,FC(F)(F)C(F)(F)C(F)(F)C1(F)C(F)(F)C(F)(F)C(F)(F)C(F)(F)C1(F)F
2-(Perfluorodecyl)ethyl(trimethoxy)silane,123445-18-1,CO[Si](CCC(F)(F)C(F)(F)C(F)(F)C(F)(F)C(F)(F)C(F)(F)C(F)(F)C(F)(F)C(F)(F)C(F)(F)F)(OC)OC,C15H13F21O3Si,668.317,CO[Si](CCC(F)(F)C(F)(F)C(F)(F)C(F)(F)C(F)(F)C(F)(F)C(F)(F)C(F)(F)C(F)(F)C(F)(F)F)(OC)OC
"N-(3-{(Carboxymethyl)[(perfluorooctyl)sulfonyl]amino}propyl)-2-hydroxy-N,N-dimethyl-3-sulfo-1-propanaminium",NOCAS_1034971,C[N+](C)(CCCN(CC(O)=O)S(=O)(=O)C(F)(F)C(F)(F)C(F)(F)C(F)(F)C(F)(F)C(F)(F)C(F)(F)C(F)(F)F)CC(O)CS(O)(=O)=O,C18H22F17N2O8S2,781.47,C[N+](C)(CCCN(CC(=O)O)S(=O)(=O)C(F)(F)C(F)(F)C(F)(F)C(F)(F)C(F)(F)C(F)(F)C(F)(F)C(F)(F)F)CC(O)CS(=O)(=O)O
N-Ethyl-N-(2-oxiranylmethyl)perfluoropentanamide,141187-87-3,CCN(CC1CO1)C(=O)C(F)(F)C(F)(F)C(F)(F)C(F)(F)F,C10H10F9NO2,347.181,CCN(CC1CO1)C(=O)C(F)(F)C(F)(F)C(F)(F)C(F)(F)F
"1,4-Bis(heptafluoroisopropyl)benzene",51114-12-6,FC(F)(F)C(F)(C1=CC=C(C=C1)C(F)(C(F)(F)F)C(F)(F)F)C(F)(F)F,C12H4F14,414.142,FC(F)(F)C(F)(c1ccc(C(F)(C(F)(F)F)C(F)(F)F)cc1)C(F)(F)F
{Ethyl[(perfluoropropyl)sulfonyl]amino}acetic acid,1003194-08-8,CCN(CC(O)=O)S(=O)(=O)C(F)(F)C(F)(F)C(F)(F)F,C7H8F7NO4S,335.19,CCN(CC(=O)O)S(=O)(=O)C(F)(F)C(F)(F)C(F)(F)F
N-(4-Hydroxybutyl)-N-methylperfluorooctanesulfonamide,68239-73-6,CN(CCCCO)S(=O)(=O)C(F)(F)C(F)(F)C(F)(F)C(F)(F)C(F)(F)C(F)(F)C(F)(F)C(F)(F)F,C13H12F17NO3S,585.28,CN(CCCCO)S(=O)(=O)C(F)(F)C(F)(F)C(F)(F)C(F)(F)C(F)(F)C(F)(F)C(F)(F)C(F)(F)F
3-Fluoro-3-(perfluorotridecyl)prop‐2‐ene‐1‐sulfonic acid,NOCAS_1036346,OS(=O)(=O)CC=C(F)C(F)(F)C(F)(F)C(F)(F)C(F)(F)C(F)(F)C(F)(F)C(F)(F)C(F)(F)C(F)(F)C(F)(F)C(F)(F)C(F)(F)C(F)(F)F,C16H4F28O3S,808.22,O=S(=O)(O)CC=C(F)C(F)(F)C(F)(F)C(F)(F)C(F)(F)C(F)(F)C(F)(F)C(F)(F)C(F)(F)C(F)(F)C(F)(F)C(F)(F)C(F)(F)C(F)(F)F
"6,7-Dichloro-5,5,6,7,7-pentafluoro-4-(trifluoromethyl)hept-1-en-4-ol",594840-40-1,OC(CC=C)(C(F)(F)F)C(F)(F)C(F)(Cl)C(F)(F)Cl,C8H6Cl2F8O,341.02,C=CCC(O)(C(F)(F)F)C(F)(F)C(F)(Cl)C(F)(F)Cl
"6-(2,2,3,3-Tetrafluoropropoxy)-1,3-benzothiazol-2-amine",1855907-41-3,NC1=NC2=C(S1)C=C(OCC(F)(F)C(F)F)C=C2,C10H8F4N2OS,280.24,Nc1nc2ccc(OCC(F)(F)C(F)F)cc2s1
"(1,1,2,2-Tetrafluoroethoxy)cyclohexane",456-63-3,FC(F)C(F)(F)OC1CCCCC1,C8H12F4O,200.177,FC(F)C(F)(F)OC1CCCCC1
"4-(2,2,3,3,4,4,5,5,6,6,7,7,7-Tridecafluoroheptyl)-1,3-dioxolan-2-one",114810-52-5,FC(F)(F)C(F)(F)C(F)(F)C(F)(F)C(F)(F)C(F)(F)CC1COC(=O)O1,C10H5F13O3,420.126,O=C1OCC(CC(F)(F)C(F)(F)C(F)(F)C(F)(F)C(F)(F)C(F)(F)F)O1
"2-Methylpropyl 2,3,3,3-tetrafluoro-2-[1,1,2,3,3,3-hexafluoro-2-(heptafluoropropoxy)propoxy]propanoate",340036-47-7,CC(C)COC(=O)C(F)(OC(F)(F)C(F)(OC(F)(F)C(F)(F)C(F)(F)F)C(F)(F)F)C(F)(F)F,C13H9F17O4,552.184,CC(C)COC(=O)C(F)(OC(F)(F)C(F)(OC(F)(F)C(F)(F)C(F)(F)F)C(F)(F)F)C(F)(F)F
"2,3-Difluoro-4-[(5,5,6,6,7,7,8,8,8-nonafluorooctyl)oxy]benzoic acid",668989-63-7,OC(=O)C1=C(F)C(F)=C(OCCCCC(F)(F)C(F)(F)C(F)(F)C(F)(F)F)C=C1,C15H11F11O3,448.232,O=C(O)c1ccc(OCCCCC(F)(F)C(F)(F)C(F)(F)C(F)(F)F)c(F)c1F
"Methyl 3,3,4,4,4-pentafluoro-2-oxobutanoate",74067-14-4,COC(=O)C(=O)C(F)(F)C(F)(F)F,C5H3F5O3,206.068,COC(=O)C(=O)C(F)(F)C(F)(F)F
Tetradecyl perfluorodecanoate,250237-67-3,CCCCCCCCCCCCCCOC(=O)C(F)(F)C(F)(F)C(F)(F)C(F)(F)C(F)(F)C(F)(F)C(F)(F)C(F)(F)C(F)(F)F,C24H29F19O2,710.464,CCCCCCCCCCCCCCOC(=O)C(F)(F)C(F)(F)C(F)(F)C(F)(F)C(F)(F)C(F)(F)C(F)(F)C(F)(F)C(F)(F)F
"(2‐Carboxyethyl)dimethyl(4,4,5,5,5‐pentafluoro‐2‐hydroxypentyl)azanium",NOCAS_1036715,C[N+](C)(CCC(O)=O)CC(O)CC(F)(F)C(F)(F)F,C10H17F5NO3,294.241,C[N+](C)(CCC(=O)O)CC(O)CC(F)(F)C(F)(F)F
"1-(2,3-Dihydro-1H-indol-1-yl)-2,2,3,3,4,4,4-heptafluorobutan-1-one",543708-46-9,FC(F)(F)C(F)(F)C(F)(F)C(=O)N1CCC2=CC=CC=C12,C12H8F7NO,315.191,O=C(N1CCc2ccccc21)C(F)(F)C(F)(F)C(F)(F)F
"3-(Perfluorooctyl)-1,2-propenoxide",38565-53-6,FC(F)(F)C(F)(F)C(F)(F)C(F)(F)C(F)(F)C(F)(F)C(F)(F)C(F)(F)CC1CO1,C11H5F17O,476.133,FC(F)(F)C(F)(F)C(F)(F)C(F)(F)C(F)(F)C(F)(F)C(F)(F)C(F)(F)CC1CO1
1-[4-(Tridecafluorohexyl)phenyl]pyridin-4(1H)-one,821789-63-3,FC(F)(F)C(F)(F)C(F)(F)C(F)(F)C(F)(F)C(F)(F)C1=CC=C(C=C1)N1C=CC(=O)C=C1,C17H8F13NO,489.236,O=c1ccn(-c2ccc(C(F)(F)C(F)(F)C(F)(F)C(F)(F)C(F)(F)C(F)(F)F)cc2)cc1
Perfluorodocosanoic acid,2153498-16-7,OC(=O)C(F)(F)C(F)(F)C(F)(F)C(F)(F)C(F)(F)C(F)(F)C(F)(F)C(F)(F)C(F)(F)C(F)(F)C(F)(F)C(F)(F)C(F)(F)C(F)(F)C(F)(F)C(F)(F)C(F)(F)C(F)(F)C(F)(F)C(F)(F)C(F)(F)F,C22HF43O2,1114.179,O=C(O)C(F)(F)C(F)(F)C(F)(F)C(F)(F)C(F)(F)C(F)(F)C(F)(F)C(F)(F)C(F)(F)C(F)(F)C(F)(F)C(F)(F)C(F)(F)C(F)(F)C(F)(F)C(F)(F)C(F)(F)C(F)(F)C(F)(F)C(F)(F)C(F)(F)F
"Tris(3,3,4,4,5,5,6,6,7,7,8,8,8-tridecafluorooctyl)tin bromide",175354-31-1,FC(F)(F)C(F)(F)C(F)(F)C(F)(F)C(F)(F)C(F)(F)CC[Sn](Br)(CCC(F)(F)C(F)(F)C(F)(F)C(F)(F)C(F)(F)C(F)(F)F)CCC(F)(F)C(F)(F)C(F)(F)C(F)(F)C(F)(F)C(F)(F)F,C24H12BrF39Sn,1239.912,FC(F)(F)C(F)(F)C(F)(F)C(F)(F)C(F)(F)C(F)(F)C[CH2][Sn]([Br])([CH2]CC(F)(F)C(F)(F)C(F)(F)C(F)(F)C(F)(F)C(F)(F)F)[CH2]CC(F)(F)C(F)(F)C(F)(F)C(F)(F)C(F)(F)C(F)(F)F
2-Chloro-4-methoxyphenyl nonafluorobutane-1-sulfonate,1131890-97-5,COC1=CC=C(OS(=O)(=O)C(F)(F)C(F)(F)C(F)(F)C(F)(F)F)C(Cl)=C1,C11H6ClF9O4S,440.66,COc1ccc(OS(=O)(=O)C(F)(F)C(F)(F)C(F)(F)C(F)(F)F)c(Cl)c1
3-[(3-{(2-Carboxyethyl)[(heptadecafluorooctyl)sulfonyl]amino}propyl)(dimethyl)ammonio]propanoate,NOCAS_1034866,C[N+](C)(CCCN(CCC(O)=O)S(=O)(=O)C(F)(F)C(F)(F)C(F)(F)C(F)(F)C(F)(F)C(F)(F)C(F)(F)C(F)(F)F)CCC([O-])=O,C19H21F17N2O6S,728.42,C[N+](C)(CCCN(CCC(=O)O)S(=O)(=O)C(F)(F)C(F)(F)C(F)(F)C(F)(F)C(F)(F)C(F)(F)C(F)(F)C(F)(F)F)CCC(=O)[O-]
"1,1,1,2,2,3,3,4,4-Nonafluorododecan-5-ol",131294-52-5,CCCCCCCC(O)C(F)(F)C(F)(F)C(F)(F)C(F)(F)F,C12H17F9O,348.253,CCCCCCCC(O)C(F)(F)C(F)(F)C(F)(F)C(F)(F)F
"2,3,3,4,4,5-Hexafluoro-2,5-bis(trifluoromethyl)oxolane",59663-83-1,FC(F)(F)C1(F)OC(F)(C(F)(F)F)C(F)(F)C1(F)F,C6F12O,316.046,FC(F)(F)C1(F)OC(F)(C(F)(F)F)C(F)(F)C1(F)F
"3:3 Fluorotelomer carboxylate, ion(1-)",1169706-83-5,[O-]C(=O)CCC(F)(F)C(F)(F)C(F)(F)F,C6H4F7O2,241.085,O=C([O-])CCC(F)(F)C(F)(F)C(F)(F)F
4-[4-(Heptadecafluorooctyl)phenoxy]butyl prop-2-enoate,649721-94-8,FC(F)(F)C(F)(F)C(F)(F)C(F)(F)C(F)(F)C(F)(F)C(F)(F)C(F)(F)C1=CC=C(OCCCCOC(=O)C=C)C=C1,C21H15F17O3,638.321,C=CC(=O)OCCCCOc1ccc(C(F)(F)C(F)(F)C(F)(F)C(F)(F)C(F)(F)C(F)(F)C(F)(F)C(F)(F)F)cc1
"Trichloro(1,1,1,2,3,3-hexafluoropropan-2-yl)silane",60002-07-5,FC(F)C(F)(C(F)(F)F)[Si](Cl)(Cl)Cl,C3HCl3F6Si,285.47,FC(F)C(F)(C(F)(F)F)[Si](Cl)(Cl)Cl
1-Hydroxy-4:2 fluorotelomer sulfonic acid,2089109-99-7,OC(CC(F)(F)C(F)(F)C(F)(F)C(F)(F)F)S(O)(=O)=O,C6H5F9O4S,344.15,O=S(=O)(O)C(O)CC(F)(F)C(F)(F)C(F)(F)C(F)(F)F
"4,4,4-trifluoro-1-(2-methoxyphenyl)-3-(trifluoromethyl)but-2-en-1-one",35443-94-8,COC1=CC=CC=C1C(=O)C=C(C(F)(F)F)C(F)(F)F,C12H8F6O2,298.184,COc1ccccc1C(=O)C=C(C(F)(F)F)C(F)(F)F
"2-[3-(2,4-Difluorophenyl)-3-hydroxy-4-(1H-1,2,4-triazol-1-yl)butan-2-yl]-4-[4-(2,2,3,3-tetrafluoropropoxy)phenyl]-2,4-dihydro-3H-1,2,4-triazol-3-one",155432-64-7,[H][C@](C)(N1N=CN(C1=O)C1=CC=C(OCC(F)(F)C(F)F)C=C1)[C@](O)(CN1C=NC=N1)C1=C(F)C=C(F)C=C1,C23H20F6N6O3,542.442,C[C@@H](n1ncn(-c2ccc(OCC(F)(F)C(F)F)cc2)c1=O)[C@](O)(Cn1cncn1)c1ccc(F)cc1F
1-(Perfluorobutanyl)hept-1-ene,383145-46-8,CCCCCC=CC(F)(F)C(F)(F)C(F)(F)C(F)(F)F,C11H13F9,316.211,CCCCCC=CC(F)(F)C(F)(F)C(F)(F)C(F)(F)F
"Glycine, N-(ethylsulfonyl)-N-(heptadecafluorooctyl)-, potassium salt",95640-78-1,[K+].CCS(=O)(=O)N(CC([O-])=O)C(F)(F)C(F)(F)C(F)(F)C(F)(F)C(F)(F)C(F)(F)C(F)(F)C(F)(F)F,C12H7F17KNO4S,623.32,CCS(=O)(=O)N(CC(=O)[O-])C(F)(F)C(F)(F)C(F)(F)C(F)(F)C(F)(F)C(F)(F)C(F)(F)C(F)(F)F.[K+]
"3-(Chloromethyl)-1,1,2,2-tetrafluorocyclobutane",356-80-9,FC1(F)CC(CCl)C1(F)F,C5H5ClF4,176.54,FC1(F)CC(CCl)C1(F)F
3-(Perfluorobutyl)-2-propen-1-ol,72016-05-8,OCC=CC(F)(F)C(F)(F)C(F)(F)C(F)(F)F,C7H5F9O,276.102,OCC=CC(F)(F)C(F)(F)C(F)(F)C(F)(F)F
3-{(Perfluorobutanesulfonyl)[3-(trimethylazaniumyl)propyl]amino}propanoate,NOCAS_1035168,C[N+](C)(C)CCCN(CCC([O-])=O)S(=O)(=O)C(F)(F)C(F)(F)C(F)(F)C(F)(F)F,C13H19F9N2O4S,470.35,C[N+](C)(C)CCCN(CCC(=O)[O-])S(=O)(=O)C(F)(F)C(F)(F)C(F)(F)C(F)(F)F
"4-[Ethyl(1,1,2,2,3,3,4,4,5,5,6,6,7,7,8,8,8-heptadecafluorooctylsulfonyl)amino]-2-methylidenebutanoate",NOCAS_1026886,CCN(CCC(=C)C([O-])=O)S(=O)(=O)C(F)(F)C(F)(F)C(F)(F)C(F)(F)C(F)(F)C(F)(F)C(F)(F)C(F)(F)F,C15H11F17NO4S,624.29,C=C(CCN(CC)S(=O)(=O)C(F)(F)C(F)(F)C(F)(F)C(F)(F)C(F)(F)C(F)(F)C(F)(F)C(F)(F)F)C(=O)[O-]
"1,1,1,3,3,3-Hexafluoro-2-(trifluoromethyl)propan-2-yl 2-methylprop-2-enoate",17526-97-5,CC(=C)C(=O)OC(C(F)(F)F)(C(F)(F)F)C(F)(F)F,C8H5F9O2,304.112,C=C(C)C(=O)OC(C(F)(F)F)(C(F)(F)F)C(F)(F)F
13:2 Fluorotelomer carboxylic acid,NOCAS_1034607,OC(=O)CC(F)(F)C(F)(F)C(F)(F)C(F)(F)C(F)(F)C(F)(F)C(F)(F)C(F)(F)C(F)(F)C(F)(F)C(F)(F)C(F)(F)C(F)(F)F,C15H3F27O2,728.144,O=C(O)CC(F)(F)C(F)(F)C(F)(F)C(F)(F)C(F)(F)C(F)(F)C(F)(F)C(F)(F)C(F)(F)C(F)(F)C(F)(F)C(F)(F)C(F)(F)F
"Triethoxy(1,1,1,3,3,3-hexafluoropropan-2-ylidene)-lambda~5~-phosphane",1540-04-1,CCOP(OCC)(OCC)=C(C(F)(F)F)C(F)(F)F,C9H15F6O3P,316.18,CCOP(OCC)(OCC)=C(C(F)(F)F)C(F)(F)F
"(2-Chloro-1,1,2,2-tetrafluoroethoxy)trifluoroethylene",56672-52-7,FC(F)=C(F)OC(F)(F)C(F)(F)Cl,C4ClF7O,232.48,FC(F)=C(F)OC(F)(F)C(F)(F)Cl
"Poly(oxy-1,2-ethanediyl), αlpha-[2-[ethyl[(1,1,2,2,3,3,4,4,5,5,6,6,6-tridecafluorohexyl)sulfonyl]amino]ethyl]-omega-hydroxy-",56372-23-7,"CCN(CCOCCO)S(=O)(=O)C(F)(F)C(F)(F)C(F)(F)C(F)(F)C(F)(F)C(F)(F)F |lp:2:1,5:2,8:2,10:2,11:2,13:3,14:3,16:3,17:3,19:3,20:3,22:3,23:3,25:3,26:3,28:3,29:3,30:3,Sg:n:7,6,5::ht|",(C2H4O)nC10H10F13NO3S,,CCN(CCOCCO)S(=O)(=O)C(F)(F)C(F)(F)C(F)(F)C(F)(F)C(F)(F)C(F)(F)F
"4-Bromo-2,3,3,4,5,5,6,6-octafluoro-1-nitrocyclohex-1-ene",79150-80-4,[O-][N+](=O)C1=C(F)C(F)(F)C(F)(Br)C(F)(F)C1(F)F,C6BrF8NO2,349.962,O=[N+]([O-])C1=C(F)C(F)(F)C(F)(Br)C(F)(F)C1(F)F
"7,7,8,8,9,9,10,10,10-nonafluorodecan-1-ol",181042-39-7,OCCCCCCC(F)(F)C(F)(F)C(F)(F)C(F)(F)F,C10H13F9O,320.199,OCCCCCCC(F)(F)C(F)(F)C(F)(F)C(F)(F)F
"5,5,6,6,7,7,8,8,9,9,10,10,11,11,12,12,12-Heptadecafluorododecane-2,4-dione",203201-14-3,CC(=O)CC(=O)C(F)(F)C(F)(F)C(F)(F)C(F)(F)C(F)(F)C(F)(F)C(F)(F)C(F)(F)F,C12H5F17O2,504.143,CC(=O)CC(=O)C(F)(F)C(F)(F)C(F)(F)C(F)(F)C(F)(F)C(F)(F)C(F)(F)C(F)(F)F
"2,4,6-Tris[(2,2,3,3,4,4,5,5,5-nonafluoropentyl)oxy]-1,3,5-triazine",54862-46-3,FC(F)(F)C(F)(F)C(F)(F)C(F)(F)COC1=NC(OCC(F)(F)C(F)(F)C(F)(F)C(F)(F)F)=NC(OCC(F)(F)C(F)(F)C(F)(F)C(F)(F)F)=N1,C18H6F27N3O3,825.221,FC(F)(F)C(F)(F)C(F)(F)C(F)(F)COc1nc(OCC(F)(F)C(F)(F)C(F)(F)C(F)(F)F)nc(OCC(F)(F)C(F)(F)C(F)(F)C(F)(F)F)n1
N-(3-(Dimethylamino)propyl)perfluoroheptanesulfonamide hydrochloride,67940-02-7,[Cl-].CN(C)CCC[NH2+]S(=O)(=O)C(F)(F)C(F)(F)C(F)(F)C(F)(F)C(F)(F)C(F)(F)C(F)(F)F,C12H14ClF15N2O2S,570.74,CN(C)CCC[NH2+]S(=O)(=O)C(F)(F)C(F)(F)C(F)(F)C(F)(F)C(F)(F)C(F)(F)C(F)(F)F.[Cl-]
1-(Dimethylamino)-3-(perfluorododecyl)propan-2-ol,80234-00-0,CN(C)CC(O)CC(F)(F)C(F)(F)C(F)(F)C(F)(F)C(F)(F)C(F)(F)C(F)(F)C(F)(F)C(F)(F)C(F)(F)C(F)(F)C(F)(F)F,C17H12F25NO,721.249,CN(C)CC(O)CC(F)(F)C(F)(F)C(F)(F)C(F)(F)C(F)(F)C(F)(F)C(F)(F)C(F)(F)C(F)(F)C(F)(F)C(F)(F)C(F)(F)F
Perfluoro-5-methylhexanoic acid ethanamine (1:1),68015-84-9,CC[NH3+].[O-]C(=O)C(F)(F)C(F)(F)C(F)(F)C(F)(C(F)(F)F)C(F)(F)F,C9H8F13NO2,409.147,CC[NH3+].O=C([O-])C(F)(F)C(F)(F)C(F)(F)C(F)(C(F)(F)F)C(F)(F)F
"1,2,2,3,3,4,4,5,5,6,6-Undecafluorocyclohexane-1-carbonyl chloride",58816-79-8,FC1(F)C(F)(F)C(F)(F)C(F)(C(Cl)=O)C(F)(F)C1(F)F,C7ClF11O,344.51,O=C(Cl)C1(F)C(F)(F)C(F)(F)C(F)(F)C(F)(F)C1(F)F
"3,3,4,4,5,5,6,6,7,7,8,8,8-Tridecafluoro-N-(prop-2-en-1-yl)octan-1-amine",26577-69-5,FC(F)(F)C(F)(F)C(F)(F)C(F)(F)C(F)(F)C(F)(F)CCNCC=C,C11H10F13N,403.187,C=CCNCCC(F)(F)C(F)(F)C(F)(F)C(F)(F)C(F)(F)C(F)(F)F
{[(Perfluoroundecyl)sulfonyl]amino}acetic acid,NOCAS_1035836,OC(=O)CNS(=O)(=O)C(F)(F)C(F)(F)C(F)(F)C(F)(F)C(F)(F)C(F)(F)C(F)(F)C(F)(F)C(F)(F)C(F)(F)C(F)(F)F,C13H4F23NO4S,707.2,O=C(O)CNS(=O)(=O)C(F)(F)C(F)(F)C(F)(F)C(F)(F)C(F)(F)C(F)(F)C(F)(F)C(F)(F)C(F)(F)C(F)(F)C(F)(F)F
"Tetraethyl (3,3,4,4-tetrafluorocyclobut-1-ene-1,2-diyl)bis(phosphonate)",4545-92-0,CCOP(=O)(OCC)C1=C(C(F)(F)C1(F)F)P(=O)(OCC)OCC,C12H20F4O6P2,398.227,CCOP(=O)(OCC)C1=C(P(=O)(OCC)OCC)C(F)(F)C1(F)F
"3H,3H-Perfluoro-2,4-hexanedione",20825-07-4,FC(F)(F)C(=O)CC(=O)C(F)(F)C(F)(F)F,C6H2F8O2,258.067,O=C(CC(=O)C(F)(F)C(F)(F)F)C(F)(F)F
2-Chloroperfluorohexane,1426-23-9,FC(F)(F)C(F)(F)C(F)(F)C(F)(F)C(F)(Cl)C(F)(F)F,C6ClF13,354.5,FC(F)(F)C(F)(F)C(F)(F)C(F)(F)C(F)(Cl)C(F)(F)F
Perfluorooctanesulfonyl fluoride,307-35-7,FC(F)(F)C(F)(F)C(F)(F)C(F)(F)C(F)(F)C(F)(F)C(F)(F)C(F)(F)S(F)(=O)=O,C8F18O2S,502.12,O=S(=O)(F)C(F)(F)C(F)(F)C(F)(F)C(F)(F)C(F)(F)C(F)(F)C(F)(F)C(F)(F)F
"4-(2,2,3,3-Tetrafluoropropoxy)phenol",111915-33-4,OC1=CC=C(OCC(F)(F)C(F)F)C=C1,C9H8F4O2,224.155,Oc1ccc(OCC(F)(F)C(F)F)cc1
"1,1,1,2,2,3,3,4,4-Nonafluoro-6-iodohexadecane",1789721-11-4,CCCCCCCCCCC(I)CC(F)(F)C(F)(F)C(F)(F)C(F)(F)F,C16H24F9I,514.258,CCCCCCCCCCC(I)CC(F)(F)C(F)(F)C(F)(F)C(F)(F)F
(Carboxymethyl)dimethyl[3‐(perfluorobutanesulfonamido)propyl]azanium,2089109-22-6,C[N+](C)(CCCNS(=O)(=O)C(F)(F)C(F)(F)C(F)(F)C(F)(F)F)CC(O)=O,C11H16F9N2O4S,443.3,C[N+](C)(CCCNS(=O)(=O)C(F)(F)C(F)(F)C(F)(F)C(F)(F)F)CC(=O)O
4-(Perfluorooctyl)-4-oxobutyl prop-2-enoate,NOCAS_1027655,FC(F)(F)C(F)(F)C(F)(F)C(F)(F)C(F)(F)C(F)(F)C(F)(F)C(F)(F)C(=O)CCCOC(=O)C=C,C15H9F17O3,560.207,C=CC(=O)OCCCC(=O)C(F)(F)C(F)(F)C(F)(F)C(F)(F)C(F)(F)C(F)(F)C(F)(F)C(F)(F)F
"1-Bromo-2-(1,1,2,3,3,3-hexafluoropropoxy)benzene",52328-77-5,FC(C(F)(F)F)C(F)(F)OC1=CC=CC=C1Br,C9H5BrF6O,323.032,FC(C(F)(F)F)C(F)(F)Oc1ccccc1Br
"Methyl 2-methoxy-6-[(1,1,2,2,3,3,4,4,4-nonafluorobutane-1-sulfonyl)oxy]benzoate",475630-76-3,COC(=O)C1=C(OC)C=CC=C1OS(=O)(=O)C(F)(F)C(F)(F)C(F)(F)C(F)(F)F,C13H9F9O6S,464.25,COC(=O)c1c(OC)cccc1OS(=O)(=O)C(F)(F)C(F)(F)C(F)(F)C(F)(F)F
Ethenyl perfluoroheptanoate,240408-96-2,FC(F)(F)C(F)(F)C(F)(F)C(F)(F)C(F)(F)C(F)(F)C(=O)OC=C,C9H3F13O2,390.1,C=COC(=O)C(F)(F)C(F)(F)C(F)(F)C(F)(F)C(F)(F)C(F)(F)F
Perfluoro-3-methylcyclopentane-1-sulfonic acid,NOCAS_1034843,OS(=O)(=O)C1(F)C(F)(F)C(F)(F)C(F)(C(F)(F)F)C1(F)F,C6HF11O3S,362.11,O=S(=O)(O)C1(F)C(F)(F)C(F)(F)C(F)(C(F)(F)F)C1(F)F
"2,2,3,3,6,6,7,7,8,8,9,9-Dodecafluoro-1,4-dioxaspiro[4.4]nonane",87901-77-7,FC1(F)OC2(OC1(F)F)C(F)(F)C(F)(F)C(F)(F)C2(F)F,C7F12O2,344.056,FC1(F)OC2(OC1(F)F)C(F)(F)C(F)(F)C(F)(F)C2(F)F
"4-(1,1,1,2,3,3,3-Heptafluoropropan-2-yl)-2-methyl-3-(propane-2-sulfinyl)benzoic acid",1355554-27-6,CC(C)S(=O)C1=C(C)C(=CC=C1C(F)(C(F)(F)F)C(F)(F)F)C(O)=O,C14H13F7O3S,394.3,Cc1c(C(=O)O)ccc(C(F)(C(F)(F)F)C(F)(F)F)c1S(=O)C(C)C
1-Methoxy-1-(2-(perfluorohexyl)ethyl)silanediol,1531633-11-0,CO[Si](O)(O)CCC(F)(F)C(F)(F)C(F)(F)C(F)(F)C(F)(F)C(F)(F)F,C9H9F13O3Si,440.232,CO[Si](O)(O)CCC(F)(F)C(F)(F)C(F)(F)C(F)(F)C(F)(F)C(F)(F)F
"1,1,2-Trichloro-1,2,3,3,4,4,5,5,6,6,7,7,8,8,8-pentadecafluorooctane",135941-33-2,FC(F)(F)C(F)(F)C(F)(F)C(F)(F)C(F)(F)C(F)(F)C(F)(Cl)C(F)(Cl)Cl,C8Cl3F15,487.41,FC(F)(F)C(F)(F)C(F)(F)C(F)(F)C(F)(F)C(F)(F)C(F)(Cl)C(F)(Cl)Cl
"4,4,4,4',4',4'-Hexafluorovaline",16063-80-2,NC(C(C(F)(F)F)C(F)(F)F)C(O)=O,C5H5F6NO2,225.09,NC(C(=O)O)C(C(F)(F)F)C(F)(F)F
"1,1,2,2,3,3‐Hexafluoro‐3‐(trifluoromethoxy)propane‐1‐ sulfonic acid",NOCAS_1035637,OS(=O)(=O)C(F)(F)C(F)(F)C(F)(F)OC(F)(F)F,C4HF9O4S,316.09,O=S(=O)(O)C(F)(F)C(F)(F)C(F)(F)OC(F)(F)F
"1,1,2,2-Tetrafluoro-2-(1,1,2,2-tetrafluoroethoxy)ethane-1-sulfonyl azide",144951-88-2,FC(F)C(F)(F)OC(F)(F)C(F)(F)S(=O)(=O)N=[N+]=[N-],C4HF8N3O3S,323.12,[N-]=[N+]=NS(=O)(=O)C(F)(F)C(F)(F)OC(F)(F)C(F)F
12:2 Fluorotelomer thioether amido amine carboxylate,1513863-98-3,C[N+](C)(CCCNC(=O)CSCCC(F)(F)C(F)(F)C(F)(F)C(F)(F)C(F)(F)C(F)(F)C(F)(F)C(F)(F)C(F)(F)C(F)(F)C(F)(F)C(F)(F)F)CC([O-])=O,C23H21F25N2O3S,880.45,C[N+](C)(CCCNC(=O)CSCCC(F)(F)C(F)(F)C(F)(F)C(F)(F)C(F)(F)C(F)(F)C(F)(F)C(F)(F)C(F)(F)C(F)(F)C(F)(F)C(F)(F)F)CC(=O)[O-]
"11-Chloroperfluoro-5,7-dimethyl-3,6,8-trioxaundecanoic acid",NOCAS_1015806,OC(=O)C(F)(F)OC(F)(F)C(F)(OC(F)(OC(F)(F)C(F)(F)C(F)(F)Cl)C(F)(F)F)C(F)(F)F,C10HClF18O5,578.53,O=C(O)C(F)(F)OC(F)(F)C(F)(OC(F)(OC(F)(F)C(F)(F)C(F)(F)Cl)C(F)(F)F)C(F)(F)F
"1,1,1,3,3,5,5,5-Octafluoro-2,2,4,4-tetrakis(trifluoromethyl)pentane",62375-54-6,FC(F)(F)C(C(F)(F)F)(C(F)(F)F)C(F)(F)C(C(F)(F)F)(C(F)(F)F)C(F)(F)F,C9F20,488.067,FC(F)(F)C(C(F)(F)F)(C(F)(F)F)C(F)(F)C(C(F)(F)F)(C(F)(F)F)C(F)(F)F
4-(Methylsulfanyl)phenyl pentafluoroethane-1-sulfonate,57728-78-6,CSC1=CC=C(OS(=O)(=O)C(F)(F)C(F)(F)F)C=C1,C9H7F5O3S2,322.26,CSc1ccc(OS(=O)(=O)C(F)(F)C(F)(F)F)cc1
"2,2,3,3,4,4,5,5-Octafluoropentanal hydrate (1:1)",1208950-63-3,O.FC(F)C(F)(F)C(F)(F)C(F)(F)C=O,C5H4F8O2,248.072,O.O=CC(F)(F)C(F)(F)C(F)(F)C(F)F
2-(Heptafluoropropyl)-6-methylquinoline,200617-36-3,CC1=CC2=C(C=C1)N=C(C=C2)C(F)(F)C(F)(F)C(F)(F)F,C13H8F7N,311.203,Cc1ccc2nc(C(F)(F)C(F)(F)C(F)(F)F)ccc2c1
Potassium perfluoroheptanesulfonate,60270-55-5,[K+].[O-]S(=O)(=O)C(F)(F)C(F)(F)C(F)(F)C(F)(F)C(F)(F)C(F)(F)C(F)(F)F,C7F15KO3S,488.21,O=S(=O)([O-])C(F)(F)C(F)(F)C(F)(F)C(F)(F)C(F)(F)C(F)(F)C(F)(F)F.[K+]
(Z)-Octadec-9-enyl (5-(((2-(((perfluorooctyl)sulphonyl)methylamino)ethoxy)carbonyl)amino)-o-tolyl)carbamate,94313-84-5,CCCCCCCC\C=C/CCCCCCCCOC(=O)NC1=CC(NC(=O)OCCN(C)S(=O)(=O)C(F)(F)C(F)(F)C(F)(F)C(F)(F)C(F)(F)C(F)(F)C(F)(F)C(F)(F)F)=CC=C1C,C38H50F17N3O6S,999.87,CCCCCCCC/C=C\CCCCCCCCOC(=O)Nc1cc(NC(=O)OCCN(C)S(=O)(=O)C(F)(F)C(F)(F)C(F)(F)C(F)(F)C(F)(F)C(F)(F)C(F)(F)C(F)(F)F)ccc1C
"Poly[oxy(1,1,2,2,3,3,4,4,5,5-decafluoro-1,5-pentanediyl)], αlpha-[5-[[2-(carboxymethyl)-1-oxooctadecyl]oxy]-1,1,2,2,3,3,4,4-octafluoropentyl]-omega-(nonafluorobutoxy)-",219795-01-4,"CCCCCCCCCCCCCCCCC(CC(O)=O)C(=O)OCC(F)(F)C(F)(F)C(F)(F)C(F)(F)OC(F)(F)C(F)(F)C(F)(F)C(F)(F)C(F)(F)OC(F)(F)C(F)(F)C(F)(F)C(F)(F)F |lp:19:2,20:2,22:2,23:2,26:3,27:3,29:3,30:3,32:3,33:3,35:3,36:3,37:2,39:3,40:3,42:3,43:3,45:3,46:3,48:3,49:3,51:3,52:3,53:2,55:3,56:3,58:3,59:3,61:3,62:3,64:3,65:3,66:3,Sg:n:52,51,49,48,50,46,45,47,43,42,44,40,39,41,38,37::ht|",(C5F10O)nC29H39F17O5,,CCCCCCCCCCCCCCCCC(CC(=O)O)C(=O)OCC(F)(F)C(F)(F)C(F)(F)C(F)(F)OC(F)(F)C(F)(F)C(F)(F)C(F)(F)C(F)(F)OC(F)(F)C(F)(F)C(F)(F)C(F)(F)F
"5-(Heptafluoropropyl)-3-methoxy-1-methyl-1H-1,2,4-triazole",714975-34-5,COC1=NN(C)C(=N1)C(F)(F)C(F)(F)C(F)(F)F,C7H6F7N3O,281.134,COc1nc(C(F)(F)C(F)(F)C(F)(F)F)n(C)n1
N-[(Perfluorooctyl)sulfonyl]glycine potassium salt (1:1),75260-69-4,[K+].[O-]C(=O)CNS(=O)(=O)C(F)(F)C(F)(F)C(F)(F)C(F)(F)C(F)(F)C(F)(F)C(F)(F)C(F)(F)F,C10H3F17KNO4S,595.27,O=C([O-])CNS(=O)(=O)C(F)(F)C(F)(F)C(F)(F)C(F)(F)C(F)(F)C(F)(F)C(F)(F)C(F)(F)F.[K+]
Methyl pentafluoropropionylacetate,104857-88-7,COC(=O)CC(=O)C(F)(F)C(F)(F)F,C6H5F5O3,220.095,COC(=O)CC(=O)C(F)(F)C(F)(F)F
"Ethenyl 2,2,3,3,4,4,5,5,6,6,7,7-dodecafluoroheptanoate",45271-27-0,FC(F)C(F)(F)C(F)(F)C(F)(F)C(F)(F)C(F)(F)C(=O)OC=C,C9H4F12O2,372.11,C=COC(=O)C(F)(F)C(F)(F)C(F)(F)C(F)(F)C(F)(F)C(F)F
1-[4-(Nonafluorobutyl)phenyl]butyl diphenyl phosphate,846543-02-0,CCCC(OP(=O)(OC1=CC=CC=C1)OC1=CC=CC=C1)C1=CC=C(C=C1)C(F)(F)C(F)(F)C(F)(F)C(F)(F)F,C26H22F9O4P,600.417,CCCC(OP(=O)(Oc1ccccc1)Oc1ccccc1)c1ccc(C(F)(F)C(F)(F)C(F)(F)C(F)(F)F)cc1
"[2-[Ethyl(1,1,2,2,3,3,4,4,5,5,6,6,7,7,8,8,8-heptadecafluorooctylsulfonyl)amino]-1,1,2,2-tetrafluoroethyl] prop-2-enoate",NOCAS_1026757,CCN(C(F)(F)C(F)(F)OC(=O)C=C)S(=O)(=O)C(F)(F)C(F)(F)C(F)(F)C(F)(F)C(F)(F)C(F)(F)C(F)(F)C(F)(F)F,C15H8F21NO4S,697.26,C=CC(=O)OC(F)(F)C(F)(F)N(CC)S(=O)(=O)C(F)(F)C(F)(F)C(F)(F)C(F)(F)C(F)(F)C(F)(F)C(F)(F)C(F)(F)F
"1-[Chloro(difluoro)methoxy]-1,1,2,2-tetrafluoro-2-(trifluoromethoxy)ethane",87136-79-6,FC(F)(F)OC(F)(F)C(F)(F)OC(F)(F)Cl,C4ClF9O2,286.48,FC(F)(F)OC(F)(F)C(F)(F)OC(F)(F)Cl
"1,1,1,2-Tetrafluorononan-3-one",113487-28-8,CCCCCCC(=O)C(F)C(F)(F)F,C9H14F4O,214.204,CCCCCCC(=O)C(F)C(F)(F)F
"1,2,3,4,5,6,7,8,9,10,11,12,12,13,13,13-Hexadecafluorotridecyl hydrogen sulfate",NOCAS_1035216,OS(=O)(=O)OC(F)C(F)C(F)C(F)C(F)C(F)C(F)C(F)C(F)C(F)C(F)C(F)(F)C(F)(F)F,C13H12F16O4S,568.27,O=S(=O)(O)OC(F)C(F)C(F)C(F)C(F)C(F)C(F)C(F)C(F)C(F)C(F)C(F)(F)C(F)(F)F
Pentafluoro(prop-1-en-1-yl)cyclopropane,499784-17-7,CC=CC1(F)C(F)(F)C1(F)F,C6H5F5,172.098,CC=CC1(F)C(F)(F)C1(F)F
"Perfluorohexane-1,6-disulfonyl difluoride",144368-88-7,FC(F)(C(F)(F)C(F)(F)C(F)(F)S(F)(=O)=O)C(F)(F)C(F)(F)S(F)(=O)=O,C6F14O4S2,466.16,O=S(=O)(F)C(F)(F)C(F)(F)C(F)(F)C(F)(F)C(F)(F)C(F)(F)S(=O)(=O)F
"Diethyl [1,1,1-trifluoro-2-(trifluoromethyl)butan-2-yl]phosphonate",87579-48-4,CCOP(=O)(OCC)C(CC)(C(F)(F)F)C(F)(F)F,C9H15F6O3P,316.18,CCOP(=O)(OCC)C(CC)(C(F)(F)F)C(F)(F)F
14:2 fluorotelomer dimethyl ethyl betaine,NOCAS_1034572,CC[N+](C)(C)CCC(F)(F)C(F)(F)C(F)(F)C(F)(F)C(F)(F)C(F)(F)C(F)(F)C(F)(F)C(F)(F)C(F)(F)C(F)(F)C(F)(F)C(F)(F)C(F)(F)F,C20H15F29N,820.3,CC[N+](C)(C)CCC(F)(F)C(F)(F)C(F)(F)C(F)(F)C(F)(F)C(F)(F)C(F)(F)C(F)(F)C(F)(F)C(F)(F)C(F)(F)C(F)(F)C(F)(F)C(F)(F)F
15-H-Perfluoropentadecanoate,1696259-82-1,[O-]C(=O)C(F)(F)C(F)(F)C(F)(F)C(F)(F)C(F)(F)C(F)(F)C(F)(F)C(F)(F)C(F)(F)C(F)(F)C(F)(F)C(F)(F)C(F)(F)C(F)F,C15HF28O2,745.127,O=C([O-])C(F)(F)C(F)(F)C(F)(F)C(F)(F)C(F)(F)C(F)(F)C(F)(F)C(F)(F)C(F)(F)C(F)(F)C(F)(F)C(F)(F)C(F)(F)C(F)F
3-Trifluoromethylperfluoro-2-pentanone,93830-92-3,FC(F)(F)C(=O)C(F)(C(F)(F)F)C(F)(F)C(F)(F)F,C6F12O,316.046,O=C(C(F)(F)F)C(F)(C(F)(F)F)C(F)(F)C(F)(F)F
"2,2,3,3-Tetrafluorobutanediimidic acid",377-37-7,OC(=N)C(F)(F)C(F)(F)C(O)=N,C4H4F4N2O2,188.082,N=C(O)C(F)(F)C(F)(F)C(=N)O
"(Perfluoro-3-(pentyloxy)propanamido)-3-N,N-dimethylpropane-3-amine N-oxide",200636-96-0,C[N+](C)([O-])CCCNC(=O)C(F)(F)C(F)(F)OC(F)(F)C(F)(F)C(F)(F)C(F)(F)C(F)(F)F,C13H13F15N2O3,530.234,C[N+](C)([O-])CCCNC(=O)C(F)(F)C(F)(F)OC(F)(F)C(F)(F)C(F)(F)C(F)(F)C(F)(F)F
"(1,1,1,2,3,3,4,5,5,5-Decafluoropentan-2-yl)benzene",89185-51-3,FC(C(F)(F)F)C(F)(F)C(F)(C1=CC=CC=C1)C(F)(F)F,C11H6F10,328.153,FC(C(F)(F)F)C(F)(F)C(F)(c1ccccc1)C(F)(F)F
(Perfluorooctyl)propyl acetate,150225-00-6,CC(=O)OCCCC(F)(F)C(F)(F)C(F)(F)C(F)(F)C(F)(F)C(F)(F)C(F)(F)C(F)(F)F,C13H9F17O2,520.186,CC(=O)OCCCC(F)(F)C(F)(F)C(F)(F)C(F)(F)C(F)(F)C(F)(F)C(F)(F)C(F)(F)F
Perfluorotetradecanedioic acid dihydrazide,5102-53-4,NNC(=O)C(F)(F)C(F)(F)C(F)(F)C(F)(F)C(F)(F)C(F)(F)C(F)(F)C(F)(F)C(F)(F)C(F)(F)C(F)(F)C(F)(F)C(=O)NN,C14H6F24N4O2,718.19,NNC(=O)C(F)(F)C(F)(F)C(F)(F)C(F)(F)C(F)(F)C(F)(F)C(F)(F)C(F)(F)C(F)(F)C(F)(F)C(F)(F)C(F)(F)C(=O)NN
1-Hydroxy-7:2 fluorotelomer sulfonic acid,2089110-02-9,OC(CC(F)(F)C(F)(F)C(F)(F)C(F)(F)C(F)(F)C(F)(F)C(F)(F)F)S(O)(=O)=O,C9H5F15O4S,494.17,O=S(=O)(O)C(O)CC(F)(F)C(F)(F)C(F)(F)C(F)(F)C(F)(F)C(F)(F)C(F)(F)F
Bis(pentadecafluoroheptyl)diazene,847335-91-5,FC(F)(F)C(F)(F)C(F)(F)C(F)(F)C(F)(F)C(F)(F)C(F)(F)N=NC(F)(F)C(F)(F)C(F)(F)C(F)(F)C(F)(F)C(F)(F)C(F)(F)F,C14F30N2,766.12,FC(F)(F)C(F)(F)C(F)(F)C(F)(F)C(F)(F)C(F)(F)C(F)(F)N=NC(F)(F)C(F)(F)C(F)(F)C(F)(F)C(F)(F)C(F)(F)C(F)(F)F
"1,1,1,2,2,3,3,4,4-Nonafluoro-8-iodooctane",99324-98-8,FC(F)(F)C(F)(F)C(F)(F)C(F)(F)CCCCI,C8H8F9I,402.042,FC(F)(F)C(F)(F)C(F)(F)C(F)(F)CCCCI
Octafluoroadipoyl difluoride,37881-62-2,FC(=O)C(F)(F)C(F)(F)C(F)(F)C(F)(F)C(F)=O,C6F10O2,294.048,O=C(F)C(F)(F)C(F)(F)C(F)(F)C(F)(F)C(=O)F
pentadecafluorooctanoic acid- 1-phenylpiperazine(1:1),1514-68-7,C1CN(CCN1)C1=CC=CC=C1.OC(=O)C(F)(F)C(F)(F)C(F)(F)C(F)(F)C(F)(F)C(F)(F)C(F)(F)F,C18H15F15N2O2,576.306,O=C(O)C(F)(F)C(F)(F)C(F)(F)C(F)(F)C(F)(F)C(F)(F)C(F)(F)F.c1ccc(N2CCNCC2)cc1
"Difluoro(1,1,2,2-tetrafluoro-2-iodoethoxy)acetonitrile",98296-50-5,FC(F)(I)C(F)(F)OC(F)(F)C#N,C4F6INO,318.945,N#CC(F)(F)OC(F)(F)C(F)(F)I
"N-Ethyl-3-{ethyl[(perfluoroheptyl)sulfonyl]amino}-N,N-dimethyl-1-propanaminium",NOCAS_1035509,CCN(CCC[N+](C)(C)CC)S(=O)(=O)C(F)(F)C(F)(F)C(F)(F)C(F)(F)C(F)(F)C(F)(F)C(F)(F)F,C16H22F15N2O2S,591.4,CCN(CCC[N+](C)(C)CC)S(=O)(=O)C(F)(F)C(F)(F)C(F)(F)C(F)(F)C(F)(F)C(F)(F)C(F)(F)F
"2,2,3,3-Tetrafluorocyclobutanol",374-32-3,OC1CC(F)(F)C1(F)F,C4H4F4O,144.069,OC1CC(F)(F)C1(F)F
"[1-(Difluoromethoxy)-1,2,2,2-tetrafluoroethoxy](difluoro)acetic acid",267901-01-9,OC(=O)C(F)(F)OC(F)(OC(F)F)C(F)(F)F,C5H2F8O4,278.054,O=C(O)C(F)(F)OC(F)(OC(F)F)C(F)(F)F
"1-Bromo-1,1,2,2,4,5,5,7,8,8,10,11,11,13,14,14,16,16,17,17,17-henicosafluoro-4,7,10,13-tetrakis(trifluoromethyl)-3,6,9,12,15-pentaoxaheptadecane",1482416-52-3,FC(F)(F)C(F)(F)OC(F)(F)C(F)(OC(F)(F)C(F)(OC(F)(F)C(F)(OC(F)(F)C(F)(OC(F)(F)C(F)(F)Br)C(F)(F)F)C(F)(F)F)C(F)(F)F)C(F)(F)F,C16BrF33O5,979.022,FC(F)(F)C(F)(F)OC(F)(F)C(F)(OC(F)(F)C(F)(OC(F)(F)C(F)(OC(F)(F)C(F)(OC(F)(F)C(F)(F)Br)C(F)(F)F)C(F)(F)F)C(F)(F)F)C(F)(F)F
"1,1,2,2-Tetrafluoro-3-(methylsulfonyl)propane",1866059-82-6,CS(=O)(=O)CC(F)(F)C(F)F,C4H6F4O2S,194.14,CS(=O)(=O)CC(F)(F)C(F)F
"2,2,3,3,4,4,4-Heptafluoro-1-(4-methylpiperazin-1-yl)butan-1-one",499975-92-7,CN1CCN(CC1)C(=O)C(F)(F)C(F)(F)C(F)(F)F,C9H11F7N2O,296.189,CN1CCN(C(=O)C(F)(F)C(F)(F)C(F)(F)F)CC1
"4-Methyl-5-(1,2,3,3,4,4,5,5,6,6,6-undecafluorohex-1-enoxy)benzene-1,3-dicarboxylic acid",NOCAS_1026908,CC1=C(C=C(C=C1OC(F)=C(F)C(F)(F)C(F)(F)C(F)(F)C(F)(F)F)C(O)=O)C(O)=O,C15H7F11O5,476.198,Cc1c(OC(F)=C(F)C(F)(F)C(F)(F)C(F)(F)C(F)(F)F)cc(C(=O)O)cc1C(=O)O
